2.36326459567694,2.26040416291036,2.15988183149867,2.06172834851543,1.96597156825527,1.87263643158562,1.78174494928863,1.69331618799328,1.60736625897543,1.52390830983487,1.44295251964399,1.36450609843623,1.28857328927022,1.21515536968558,1.14425065882329,1.07585452762052,1.00995941181881,0.946554828125007,0.885627394128392,0.827160851659365,0.771136093045781,0.717531187177462,0.666321409531212,0.617479276076933,0.570974581214414,0.526774437433723,0.484843317122722,0.445143098423763,0.407633115328205,0.372270204650488,0.339008760161653,0.307800788281826,0.278595965088784,0.25134169646706,0.225983187521645,0.202463508190278,0.180723660699571,0.160702652232992,0.142337572152263,0.125563669913633,0.11031444371931,0.096521730533741,0.0841158056382024,0.0730255019443322,0.0631783387433492,0.0545006983789458,0.0469180815825409,0.0403555232444181,0.0347384101521479,0.0299944286138001,0.0260620890177389,0.0229272839075197,0.0206089625174351,0.0191292380125699,0.0185121697127036,0.0187856343335023,0.019981491251871,0.0221351690846301,0.0252916308893278,0.0295106250909377,0.0348575483187872,0.041399250769717,0.0492023189795574,0.0583328607500642,0.0688588491149517,0.080855383731918,0.0944062260811428,0.109596926372079,0.126511503124796,0.145232186959089,0.165839285965167,0.188411069498053,0.213023652607192,0.239750895369171,0.268664309082221,0.299832963616578,0.333323401775453,0.369199556686255,0.407522672254926,0.44835122790694,0.491740865927238,0.537744325127293,0.58641137383405,0.637788747517091,0.691920087690701,0.748845888520062,0.808603445040345,0.87122680253162,0.936746712835385,1.00519059435678,1.07658249150293,1.15094304029633,1.22828943570147,1.30863540338805,1.39199117555928,1.47836347113791,1.56775547877219,1.66016684564795,1.75559366680665,1.85402847704167
2.3774236119271,2.27394691192506,2.17282232153375,2.07408077204153,1.97775028462635,1.88385594958372,1.7924199095689,1.70346134544468,1.61699646501433,1.53303849464878,1.45159767440628,1.37268125751768,1.29629351246303,1.22243572443609,1.1511062025073,1.08230028987975,1.01601037697527,0.952225917692214,0.890933449441873,0.832116616647157,0.775756197156212,0.721830128463101,0.670313537912706,0.621178776809989,0.574395458584064,0.529930498686212,0.487748156647878,0.447810082212104,0.410075365728179,0.374500585407149,0.341039861779667,0.309644913722145,0.280265115806878,0.252847558811518,0.227337119548654,0.203676526871206,0.181806429532699,0.161665469290622,0.143190358590481,0.12631595894889,0.110975370136143,0.097100020731809,0.0846197682757782,0.0734630192966412,0.0635568588322812,0.0548272281612665,0.0471991816678927,0.0405973051043278,0.0349465382283476,0.0301741340953336,0.026218234691224,0.0230646480376356,0.0207324368993207,0.0192438469278681,0.0186230815895486,0.0188981846176661,0.020101206268063,0.0222677874208684,0.0254431605205888,0.0296874319626605,0.0350663901869342,0.0416472859095254,0.0494971046058692,0.0586823501490886,0.0692714028194203,0.0813398122187948,0.0949718416671608,0.110253553930546,0.12726947090879,0.146102315889621,0.166832878112737,0.189539895867988,0.214299940232561,0.241187313800578,0.270273956315583,0.301629351465805,0.335320440732044,0.37141154028396,0.409964260957826,0.451037432546627,0.494687030704668,0.540966110217222,0.58992473758798,0.641609928292526,0.696065585314347,0.753332445431132,0.813448027123624,0.87644657964722,0.942359039086784,1.01121298811922,1.08303261520881,1.15783868001453,1.235648480521,1.31647582463247,1.40033100585627,1.48722078337023,1.57714836492672,1.67011339559776,1.76611194702905,1.86513650928771
2.39048703027787,2.28644174863354,2.18476150092344,2.08547738839654,1.98861758620097,1.89420732249788,1.80226886161156,1.71282148979938,1.62588150392293,1.54146220302913,1.45957388344309,1.38022383825056,1.30341635938595,1.22915273910488,1.1574312771865,1.08824729124582,1.02159312989174,0.957458189074082,0.895828932230202,0.836688913912717,0.780018806348286,0.725796425802371,0.673996762950099,0.624592017172951,0.577551634932537,0.53284234988784,0.490428225184315,0.450270699838799,0.412328639411076,0.376558383519038,0.342913800595773,0.311346344223571,0.281805110799165,0.254236900375704,0.228586286876018,0.204795684460709,0.182805415761292,0.162553785385247,0.143977158026929,0.127010037281354,0.11158515531681,0.0976335639280338,0.0850847352375708,0.0738666823836772,0.0639060897526026,0.0551284916865763,0.0474585307602667,0.0408203783411843,0.0351385617476304,0.0303399343065716,0.026362298107803,0.0231913831911511,0.0208463570670553,0.0193495876220531,0.0187254113151239,0.0190020259737005,0.0202116579627116,0.022390144001061,0.0255829650755611,0.0298505578530331,0.0352590722662932,0.0418761285593085,0.0497690802779264,0.0590047967193834,0.0696520338984737,0.0817867565455258,0.0954936909888456,0.110859372890376,0.127968788579155,0.146905115889127,0.167749587979046,0.190581375788294,0.21547747113524,0.24251258489037,0.271759052090251,0.303286738220652,0.337162952591046,0.373452364774258,0.412216924144516,0.453515783751543,0.497405226823516,0.54393859967005,0.593166243899232,0.645135433326313,0.699890312171992,0.757471841053563,0.817917744607548,0.881262460281447,0.947537094147088,1.0167693804421,1.08898364054103,1.16420074817262,1.24243809637009,1.32370956890907,1.40802551585746,1.49539273353328,1.58581444731478,1.67929030032373,1.77581634262039,1.87538502300646
2.40256091958315,2.29799012527241,2.19579631022652,2.09601073278087,1.99866171039082,1.90377459864011,1.81137177430585,1.72147262105658,1.63409351806616,1.54924783155249,1.46694590984539,1.3871950828666,1.30999966422827,1.23536095271293,1.16327723951226,1.09374381859144,1.02675299991367,0.962294125869762,0.900353591526496,0.840914868373706,0.783958531017194,0.729462283676651,0.677400990709926,0.627746711082934,0.580468736937249,0.535533633909978,0.492905283636447,0.452544930369402,0.414411231906492,0.378460307345438,0.344645792117671,0.31291889460688,0.283228454105511,0.255521001964031,0.229740832158837,0.205830067995553,0.183728730686808,0.163374813228543,0.144704358905448,0.12765154050282,0.112148750432091,0.0981266922439028,0.0855144818380818,0.0742397687611195,0.0642288670962289,0.0554069350739532,0.0476982346531274,0.0410265542054532,0.0353160398512612,0.0304931754677689,0.0264954489951139,0.0233085183983033,0.0209516479991783,0.0194473186601606,0.0188199897589939,0.0190980015449028,0.0203137431519751,0.0225032323034756,0.0257121797019159,0.0300013272680743,0.0354371590453294,0.0420876368144694,0.0500204543111214,0.0593028185764557,0.0700038328986465,0.0821998456912361,0.0959760112188859,0.111419302218492,0.128615134268659,0.147647105318545,0.16859685881993,0.191543965589356,0.216565806316028,0.243737469220642,0.273131654690092,0.304818581087255,0.338865897687951,0.375338600698557,0.41429895238765,0.455806404575609,0.499917524766349,0.546685928711414,0.596162212284652,0.648393888072245,0.703425323258842,0.761297685345924,0.822048889509879,0.885713547135118,0.952322921404244,1.02190488663517,1.09448388704503,1.17008090179175,1.24871341175739,1.33039537084187,1.41513718138928,1.50294567404453,1.59382409047665,1.68777207200487,1.78478564873908,1.88485723134132
2.41373948863695,2.30868215022416,2.20601285061967,2.10576299359677,2.00796102836551,1.91263242848338,1.81979967484154,1.72948224129631,1.64169658323016,1.55645612905092,1.47377127523685,1.39364938581414,1.3160947944652,1.24110880601551,1.16868970370603,1.09883275960585,1.03153024789817,0.966771461386383,0.904542731836601,0.844827453835267,0.787606111606245,0.732856305632037,0.680552783320069,0.630667473632984,0.583169525835682,0.538025350002792,0.495198659719109,0.454650518915708,0.416339393034385,0.380221197005008,0.346249350535226,0.314374834992445,0.284546251629982,0.256709883020851,0.230809763954002,0.206787748447974,0.184583578647751,0.164134959044801,0.145377635347775,0.128245474062923,0.112670553038961,0.0985832534059228,0.0859123612560541,0.0745851895056548,0.0645277093941411,0.055664730930339,0.047920163681219,0.0412174414231245,0.0354803573455507,0.0306350532719309,0.0266187262880178,0.0234169676285947,0.0210491312480069,0.0195378026070115,0.0189075548872692,0.019186860198733,0.0204082583747587,0.0226079347208785,0.0258318126210975,0.0301409166145245,0.0356020400796581,0.0422834610079817,0.0502531880986651,0.0595787410919425,0.0703295447978576,0.0825823028617416,0.0964225657516651,0.111937710868871,0.129213551211208,0.148334073690061,0.169381301625609,0.192435176059287,0.217573437715033,0.244871524181942,0.27440247410526,0.306236832557921,0.340442563572426,0.377084965767706,0.416226591104501,0.457927168018974,0.502243527210762,0.549229533893296,0.598936019351506,0.651410717236822,0.706698201164307,0.764839830178451,0.825873695866329,0.889834570651245,0.956753863176274,1.02665957745219,1.09957627142949,1.17552502187736,1.25452339101242,1.33658539765891,1.42172149256066,1.50993853814402,1.60123979116077,1.69562489126127,1.79308985008441,1.89362704298079
2.42410650900176,2.3185979489174,2.21548768427718,2.11480725373373,2.01658522868655,1.92084719210217,1.82761572142725,1.73691037415841,1.64874767635405,1.56314111409705,1.4801011285186,1.39963511527341,1.32174742665706,1.24643937309927,1.17370923046751,1.10355225052439,1.0359606742707,0.970923748522377,0.908427746340418,0.84845599099095,0.790988882877506,0.736003926276572,0.683475760135595,0.633376192852003,0.58567424118667,0.540336170945367,0.497325539862596,0.456603244638869,0.418127572324892,0.381854248504989,0.347736492824275,0.315725076114941,0.285768378872489,0.257812452953378,0.231801092775762,0.207675902620968,0.18537636582626,0.164839919323657,0.146002032849383,0.12879628886608,0.113154473496561,0.0990066688575486,0.08628135517728,0.0749055331807524,0.0648048561535709,0.0559038111632611,0.0481259809680916,0.0413944704921812,0.035632745616482,0.0307666309432754,0.0267330538195565,0.0235175435944065,0.0211395373474791,0.0196217175441719,0.0189887629080551,0.0192692678369033,0.0204959119227813,0.0227050358872475,0.0259427603554174,0.0302703719670295,0.0357549509783993,0.0424650686352455,0.0504690257343619,0.059834632013526,0.0706316104626071,0.0829369941693871,0.0968367010415258,0.112418483766539,0.129768523909431,0.148971169105693,0.170108794965978,0.193261685878803,0.218507916464812,0.245923248317834,0.275581033784378,0.307552120928736,0.341904765689191,0.37870454714249,0.418014285910286,0.459893966962605,0.504400665087156,0.551588476848669,0.601508451852637,0.654208528766708,0.709733472649789,0.768124820183629,0.829420826558814,0.893656413546338,0.96086312468952,1.03106908427646,1.10429895573417,1.18057390635661,1.25991157379021,1.34232603707011,1.42782779182612,1.51642372995873,1.60811712220749,1.70290760667506,1.80079117787031,1.90176017839592
2.43373657450642,2.32780886850536,2.22428898547626,2.12320858936299,2.0245963650685,1.92847799719085,1.83487615286842,1.74381046729243,1.65529753217309,1.56935088716844,1.48598101488838,1.40519534036776,1.3269982331922,1.25139100899727,1.17837193680111,1.10793624950336,1.04007615728122,0.974780864232263,0.912036588885508,0.851826588256676,0.794131184887458,0.738927793687273,0.686190952853619,0.635892358789272,0.588000905170319,0.542482723789238,0.499301227609086,0.458417157987637,0.419788636265706,0.383371212141976,0.349117919420766,0.316979333365256,0.28690362940603,0.258836645083815,0.232721951533079,0.208500921050873,0.18611279656447,0.165494766466295,0.146582044138051,0.129307948190426,0.113603993758098,0.0993999852002738,0.0866241186239781,0.0752031047554806,0.0650623015287892,0.0561258960268855,0.0483171674310122,0.041558915190007,0.0357743011434869,0.0308888552227126,0.026839254210697,0.0236109699700555,0.0212235167966652,0.0196996672648475,0.0190641981374801,0.01934581740715,0.0205773344896782,0.0227952344746726,0.0260458212071857,0.0303906247957772,0.035896991981449,0.0426337664177476,0.0506695202349021,0.0600723325533323,0.0709122033461826,0.0832664717247855,0.0972213969164069,0.11286508021706,0.130284045558769,0.149562975658527,0.170784573374377,0.194029442034584,0.219375966420963,0.246900209099725,0.276675813818726,0.308773910095031,0.343263025022152,0.380208998197901,0.419674899806686,0.46172095311631,0.506404459651194,0.553779730881421,0.603898019213411,0.656807453757149,0.712552977406322,0.771176291852328,0.832715804259271,0.897206575129238,0.964680273316206,1.03516513483552,1.10868592109274,1.18526388347152,1.26491672968606,1.34765859470221,1.43350001584499,1.52244791239383,1.61450556808168,1.70967261957353,1.80794504546594,1.90931515794162
2.44269620924313,2.33637853763765,2.23247755323972,2.13102503656183,2.03204977810847,1.93557755703377,1.84163112392363,1.75023018625488,1.66139139681899,1.57512834511933,1.49145155235679,1.41036847090099,1.33188348642387,1.25599791940444,1.18271003248834,1.11201504102545,1.04390512651528,0.978369453311021,0.91539418920615,0.854962529578239,0.797054724527758,0.741648105818662,0.688717117912567,0.638233353014486,0.590165590284708,0.544479836832217,0.5011393709274,0.460104789400023,0.42133405941748,0.384782567037711,0.350403173162199,0.318146271100336,0.287959845494098,0.259789534488822,0.233578701479968,0.209268502930708,0.186797958095307,0.166104024129555,0.147121675907649,0.129783986557304,0.11402221909085,0.0997659194470437,0.0869430193917892,0.0754799598419074,0.0653018239417462,0.056332519674218,0.0484950437781193,0.0417119114937388,0.0359060017862615,0.0310025704304838,0.0269380610893264,0.0236978921410607,0.0213016497221093,0.0197721902424682,0.0191343816789731,0.0194170377107222,0.0206530885391566,0.0228791535712462,0.0261417071164818,0.0305025058023096,0.0360291443021518,0.0427907197127567,0.0508560566079608,0.0602934847368093,0.0711732617725596,0.083573011545193,0.0975793108394205,0.113280585290151,0.130763677361346,0.150113581523629,0.171413305099958,0.194743748154238,0.220183584036498,0.247809155332083,0.27769437690327,0.309910640125575,0.34452672437032,0.38160871161929,0.421219904245465,0.463420747224488,0.508268753032425,0.55581843308332,0.606121228465821,0.65922544547394,0.715176192455554,0.774015324623985,0.835781390536685,0.900509579768579,0.968231677760366,1.03897602447636,1.11276747247951,1.18962735138902,1.26957343410882,1.35261990764166,1.43877734810501,1.52805270025115,1.62044925990187,1.71596666238457,1.81460087149128,1.91634417110254
2.45104483844479,2.34436379508049,2.24010769865957,2.13830843831372,2.03899490294739,1.94219295982254,1.84792543728184,1.7562121101582,1.66706968815887,1.58051180723332,1.49654902454173,1.41518881792438,1.33643558804253,1.26029065988829,1.18675229016941,1.11581567788282,1.04747297780601,0.981713317258173,0.918522816757185,0.857884614245894,0.799778892323712,0.744182905279261,0.691071010230627,0.640414702290868,0.592182653913917,0.546340756028103,0.502852161396554,0.46167733217717,0.42277409187784,0.386097674075298,0.351600778559362,0.31923362909404,0.288944032543598,0.260677441255825,0.234377025054011,0.209983739286316,0.187436394787461,0.166671733245865,0.147624507293326,0.130227561315385,0.1144119233956,0.100106898675355,0.0872401726062694,0.0757379346954699,0.0655250120370235,0.056525052547105,0.0486607897833286,0.0418544741591395,0.036028721056015,0.0311085307884863,0.0270301297970911,0.0237788866231409,0.0213744543444118,0.0198397674893705,0.0191997790284414,0.0194834011199043,0.0207236765138012,0.0229573497746428,0.0262310540514745,0.0306067570430908,0.0361522844474936,0.0429369695209819,0.0510298720655164,0.0604995553670576,0.0714165172250239,0.0838586467715536,0.0979128166928581,0.113667754844333,0.131210600499477,0.150626638622392,0.171999160237857,0.195409341909422,0.220936125876314,0.248656115647008,0.278643478709454,0.310969850440091,0.34570424528387,0.382912971077089,0.422659546547115,0.465004623257986,0.510005910251487,0.557718105250373,0.608192825158269,0.661478541370082,0.717620516404672,0.776660748527802,0.838637918047899,0.903587334810565,0.971540892892539,1.04252702911826,1.11657068099158,1.19369325103194,1.27391257288733,1.35724288204878,1.44369479078071,1.53327526757112,1.62598761950624,1.72183148066711,1.82080280105083,1.92289383816583
2.45883563719425,2.35181550148607,2.24722802056622,2.14510518492801,2.04547597530106,1.94836634116802,1.85379918343289,1.76179433978411,1.67236857304178,1.58553556249808,1.50130589886978,1.41968708376595,1.34068353183562,1.26429657228247,1.19052445627309,1.11936236754411,1.05080243593651,0.984833754209981,0.9214423987656,0.860611453949115,0.802321039369097,0.746548337015507,0.693267622498932,0.642450300327871,0.594064943379699,0.548077334164936,0.504450508325473,0.463144802345713,0.424117905672938,0.387324909591015,0.352718363543098,0.320248333076326,0.289862459155831,0.261506020746291,0.235122007032737,0.210651185686226,0.188032173047903,0.167201509735701,0.148093740988593,0.130641497733816,0.114775588823394,0.100425094690695,0.0875174709310421,0.0759786724403111,0.0657332873708033,0.0567047209488371,0.0488154611358251,0.0419875112133067,0.0361432405909272,0.0312074111920444,0.0271160467489631,0.0238544692959918,0.0214423943794388,0.0199028294265987,0.0192608067224675,0.0195453303244212,0.0207895480109421,0.0230303211414289,0.0263144310912968,0.0307040425275325,0.0362671967363452,0.0430734473541096,0.05119207369367,0.0606918569736636,0.0716435190751575,0.0841251967057498,0.098224038681898,0.114029054886016,0.131627661569211,0.151105414779159,0.172545870286352,0.196030462679104,0.22163838511947,0.249446484604949,0.279529164369474,0.31195828748699,0.346803087769162,0.38413008381588,0.424002996252741,0.466482669428561,0.511626995816909,0.559490847000659,0.610126003950982,0.663581092132135,0.719901517932714,0.779129413112585,0.841303580927948,0.906459443458946,0.974628996159633,1.04584076624266,1.1201197704773,1.19748747941222,1.27796178338079,1.36155696312242,1.44828366463328,1.53814887855114,1.63115592247402,1.72730442931985,1.82659033621254,1.92900587605056
2.46611627140488,2.35877924812216,2.25388208274025,2.1514568604766,2.05153264787303,1.95413547124884,1.85928829931781,1.76701102850795,1.67732047127421,1.5902303474133,1.50575127900117,1.42389078985923,1.34465330770833,1.26804016568794,1.19404960978632,1.12267680947913,1.05391387130371,0.987749855723323,0.924170797911153,0.863159732125541,0.804696719109043,0.748758873287288,0.695320394100715,0.644352601386323,0.595823974965494,0.54970019603046,0.505944190771313,0.464516178228439,0.425373722567192,0.388471782096334,0.353762765757497,0.32119659124146,0.290720744477787,0.262280342401684,0.23581820538865,0.211274925722289,0.188588937986186,0.16769659489448,0.148532247874012,0.131028328371595,0.115115440363648,0.100722454290072,0.0877766109415616,0.0762036459657796,0.0659279242198752,0.0568726241323599,0.0489600041508103,0.042111836607788,0.0362502610480692,0.0312998166143968,0.0271963376047777,0.023925102591933,0.0215058855000795,0.0199617618817086,0.0193178381426351,0.0196032042215071,0.020851106047674,0.0230985141273478,0.0263923483560128,0.0307949574707881,0.0363745842287372,0.0432009882151709,0.0513436538795959,0.06087156610245,0.0718556561729196,0.0843742921620896,0.0985148809348392,0.114366695932636,0.132017412246885,0.151552839257482,0.173056780144297,0.196610910624187,0.222294658350864,0.250185097866471,0.280356852713579,0.312881998753335,0.347829974799336,0.385267496413638,0.42525847289918,0.467863928765433,0.513141927906098,0.561147504379293,0.611932592480108,0.66554596165323,0.722033152735976,0.78143642224073,0.843794688320477,0.909143477940456,0.977514881293545,1.04893751006172,1.12343645508915,1.20103325049896,1.28174583959798,1.365588545411,1.45257204545708,1.54270335107334,1.63598578968124,1.73241899311177,1.83199888645863,1.93471767962182
2.47292954445354,2.36529597536057,2.26010900489605,2.15740080692098,2.05720052828089,1.95953426719941,1.86442505584722,1.77189284562128,1.68195449542522,1.59462376296017,1.50991129964827,1.4278246500974,1.34836825426111,1.271543448962,1.19734847534244,1.12577848953253,1.05682557626191,0.990478765770611,0.926724054650413,0.865544430287493,0.806919898337135,0.750827509997756,0.697241393429189,0.646132789232193,0.597470090145645,0.551218882547346,0.507341990201566,0.465799522243677,0.426548925599255,0.38954503413794,0.354740125318967,0.322083978468007,0.291523934431158,0.263004958515206,0.236469713122404,0.21185862640744,0.189109962863786,0.168159899363776,0.148942605963381,0.131390327434111,0.11543347602823,0.10100072567215,0.0880191161407548,0.0764141779075571,0.0661100668683989,0.0570297492126736,0.0490952686071584,0.0422281812605994,0.0363504116084743,0.031386290313727,0.0272714744003024,0.0239912017692371,0.0215653009752394,0.0200169113228803,0.019371208580802,0.0196573630560026,0.0209087125281618,0.0231623296439123,0.0264652639268761,0.0308800363684066,0.03647507826353,0.0433203419261434,0.051485503774207,0.0610397392764258,0.0720541756877021,0.0846073975908374,0.0987870533343922,0.114682663000408,0.132382143905017,0.151971542498336,0.173534893487823,0.197154098240262,0.222908803848448,0.250876297792539,0.281131409781609,0.313746414804692,0.34879094351776,0.386331895801565,0.42643335752474,0.469156521792476,0.514559612914739,0.562697816995223,0.613623211810706,0.667384701543864,0.724027952850153,0.783595338986313,0.84612588562662,0.911655217888583,0.980215514622396,1.05183546655708,1.12654023385663,1.20435141013768,1.28528698827998,1.36936133087934,1.45658514495417,1.5469654612122,1.64050561626771,1.73720524093456,1.83706024904846,1.94006282898731
2.47931396155468,2.37140251248704,2.26594397848584,2.16297061647605,2.06251164855227,1.96459324031647,1.86923848340202,1.77646738071483,1.68629683468354,1.59874063852784,1.51380947116889,1.43151089669264,1.35184936651538,1.274826220911,1.20043969648101,1.12868493684996,1.05955400631247,0.993035906787703,0.929116598714523,0.867779025557268,0.809003141351377,0.752765938047834,0.699041477012572,0.647800924597568,0.599012591940531,0.55264197657285,0.508651806280085,0.467002087210473,0.427650156429375,0.39055073120003,0.35565596577533,0.322915509825116,0.292276568244178,0.263683964255015,0.237080212230131,0.212405586526257,0.189598192252938,0.168594041508922,0.149327134395553,0.131729540759164,0.115731493195784,0.101261481487719,0.0882463570468197,0.076611458086969,0.0662807446956013,0.0571769841822116,0.0492220189519807,0.0423372026935775,0.0364442582730617,0.0314673209961699,0.0273418817711573,0.0240531403874221,0.0216209765914924,0.0200685894271953,0.0194212196600139,0.0197081129065754,0.0209626930154454,0.0232221283445314,0.0265335898862549,0.0309597600438006,0.0365692467827882,0.0434321830145565,0.0516184250422205,0.0611973269263286,0.0722401995525959,0.0848258303873857,0.0990420940629459,0.114978741777301,0.132723917824669,0.152363890803199,0.173982912374618,0.197663095352286,0.223484292455666,0.251523990699719,0.28185721298304,0.314556420888607,0.349691424839402,0.387329297433084,0.427534289990197,0.470367753599529,0.51588806289004,0.564150546440612,0.615207416478375,0.669107703443022,0.725897191888624,0.785618364467899,0.848310347608574,0.914008858402316,0.982746158776166,1.05455101353064,1.12944864778629,1.20746071090847,1.28860524222954,1.37289664142554,1.46034564315743,1.55095929628428,1.64474094603459,1.74169022226906,1.84180302827408,1.9450715322601
2.4853042226193,2.37713204910861,2.27141871714315,2.16819656158374,2.06749487512834,1.96933988659757,1.87375474341638,1.78075949681964,1.69037109007388,1.60260334972452,1.51746698049405,1.43496956474397,1.3551155646456,1.27790632371109,1.20334007428138,1.13141194824758,1.06211399073086,0.995435177077969,0.931361433806842,0.869875663171582,0.810957770774652,0.754584692977376,0.70073042847545,0.649366073955984,0.600459863993348,0.553977212757647,0.509880757981183,0.468130409183201,0.428683400351307,0.391494339341292,0.356515264806118,0.323695704764387,0.292982736552833,0.264321050081552,0.237653020832243,0.212918778858735,0.190056279726564,0.169001380933552,0.149687923118939,0.132047812003268,0.116011111617812,0.101506138969308,0.0884595687355808,0.0767965587404556,0.0664408853516218,0.0573151292769636,0.0493409440853934,0.0424394934485254,0.0365323111073325,0.0315433490711512,0.0274079423880647,0.0241112550887382,0.0216732149510804,0.0201170770700399,0.0194681431952179,0.0197557296034649,0.0210133408985804,0.0232782352408006,0.026597697592203,0.0310345618026889,0.0366576016013236,0.0435371193473073,0.0517431401233043,0.0613451855559455,0.0724147388249069,0.0850307777546504,0.0992813892909901,0.11525654147948,0.133044591579433,0.15273201662223,0.17440327182972,0.19814066840772,0.224024252007546,0.252131696860241,0.282538207126942,0.315316419464783,0.350536312965443,0.388265122280433,0.428567253967665,0.471504207346062,0.517134498083303,0.565513588437442,0.616693816785372,0.670724332029043,0.727651029342417,0.787516494020387,0.850359947023893,0.916217191740531,0.985120568045265,1.05709891023714,1.13217750438301,1.21037805215519,1.2917186364708,1.37621369179689,1.46387397873039,1.55470656316109,1.64871479839988,1.74589831341317,1.8462530015893,1.94977101221636
2.49093165304297,2.38251454719174,2.27656185039719,2.17310597073538,2.07217626723125,1.97379902809483,1.87799745316339,1.78479163907347,1.69419856745592,1.60623209616339,1.52090295415685,1.43821874096641,1.35818392886704,1.28079986441295,1.20606477594262,1.13397378432435,1.06451891666728,0.99768912335517,0.933470299039654,0.871845307260701,0.812794008121388,0.756293285760446,0.702317079999279,0.650836422079736,0.601819474650297,0.55523157356898,0.511035271969367,0.469190388594538,0.42965406059777,0.392380793054224,0.357322516018833,0.324428643227383,0.293646132184757,0.264919547563393,0.238191134366811,0.213400887086378,0.190486620801516,0.169384047773311,0.150026858837532,0.13234680553005,0.116273793527359,0.101735977525661,0.0886598661735513,0.076970447831037,0.0665913262739849,0.0574449069111439,0.0494526659129878,0.0425355884434254,0.0366150305736665,0.0316147721189262,0.0274700017075803,0.0241658497774706,0.0217222892286213,0.0201626278120815,0.0195122245677566,0.0198004621528247,0.0210609210349676,0.0233309437374149,0.0266579222887483,0.0311048328124447,0.0367406047607086,0.0436356996771294,0.0518603012009286,0.0614840883753274,0.0725787062381019,0.0852233114418064,0.0995061903859693,0.115517514829199,0.133345842096591,0.153077845027939,0.174798170075557,0.198589314821071,0.224531506161751,0.252702594205029,0.283177953395494,0.316030384860179,0.351330026143183,0.38914426413425,0.429537651225923,0.472571825988947,0.518305436586992,0.566794070860322,0.618090185694693,0.672243041279045,0.729298636706969,0.789299653698491,0.852285402021878,0.918291766133705,0.987351159135544,1.05949248061543,1.13474107389502,1.21311868978532,1.29464345214831,1.37932982813473,1.46718860270655,1.55822685775271,1.65244795417696,1.74985152010558,1.85043343962839,1.95418584425723
2.49622458066381,2.38757710161329,2.28139926818977,2.17772355733254,2.0765793904509,1.97799311161415,1.8819879699564,1.7885841048171,1.69779853391101,1.60964514453702,1.52413468845386,1.44127478133973,1.36106990497261,1.28352140876799,1.20862751729977,1.13638334106873,1.06678089024252,0.999809091725867,0.935453810198212,0.873697872786641,0.814521096799385,0.75790031725678,0.703809418605509,0.652219370532322,0.603098268035191,0.556411373315037,0.512121159935392,0.470187361259039,0.430567023360905,0.393214554644954,0.358081783023319,0.325118014742106,0.294270094597333,0.265482469468089,0.238697261635533,0.213854338086606,0.190891381765314,0.169743968329097,0.150345647714793,0.132628026438566,0.116520861234973,0.101952154137661,0.0888482576350177,0.0771340006964138,0.0667328247650065,0.0575669703704505,0.0495577468296059,0.0426259714094397,0.0366928330723518,0.0316819496749103,0.0275283721291873,0.0242171992770091,0.0217684464583894,0.0202054709505212,0.0195536856781939,0.019842535733168,0.0211056729375459,0.0233805191628897,0.0267145671400929,0.0311709268092564,0.0368186740893097,0.0437284202460754,0.0519704980504953,0.0616147346053057,0.0727329271852978,0.0854044006413108,0.0997176289707633,0.115762975536314,0.133629185836631,0.15340311688078,0.17516959498452,0.199011293026831,0.225008608377407,0.253239556565715,0.283779672197898,0.316701911094553,0.352076559833552,0.389971148493606,0.430450366633263,0.473575983797754,0.519406772770982,0.56799843951063,0.619403552366973,0.673671476200876,0.730848307848427,0.790976819723129,0.854096405121738,0.920243024750947,0.989449160586234,1.06174377362376,1.13715226103666,1.21569641985378,1.2973944124481,1.38226073671131,1.47030620052211,1.5615379008176,1.65595920564304,1.75356974233453,1.85436538623606,1.95833825213992
2.5012086660456,2.39234425606815,2.28595442273423,2.18207170782819,2.08072559150357,1.98194247042955,1.88574564016061,1.79215528024738,1.70118844238304,1.61285904159457,1.52717785110816,1.44415250180786,1.36378748442019,1.28608415105496,1.21104072274117,1.13865230021695,1.06891087769711,1.00180535997723,0.937321583513509,0.875442341144812,0.816147409881615,0.759413578491909,0.705214679278771,0.653521623965596,0.604302443847248,0.557522331765445,0.513143686356577,0.471126160585072,0.431426714761926,0.39399966626067,0.358796746810662,0.325767161440358,0.294857648813464,0.266012544888966,0.239173856386505,0.214281330228477,0.191272524933575,0.170082887526412,0.150645835266344,0.132892838111726,0.116753512545938,0.10215571684793,0.0890256564578266,0.0772880102548037,0.0668660668214198,0.0576819114289273,0.0496566962764791,0.0427110805308833,0.0367660957965271,0.0317452074216148,0.02758333663766,0.0242655525340996,0.0218119104145646,0.0202458141925423,0.0195927275335237,0.0198821543207949,0.0211478135673497,0.0234272018631087,0.0267679067652994,0.0312331642224485,0.0368921880738794,0.0438157305713585,0.0520742649157142,0.0617377576299279,0.072878149342778,0.0855749232890222,0.0999167301176353,0.115994113615232,0.13389599647413,0.153709409126394,0.175519347256194,0.19940864881127,0.225457871686677,0.253745187181545,0.284346280718144,0.317334253784268,0.352779533295447,0.390749784164284,0.431309825111696,0.474521549015042,0.52044384600687,0.569132533270131,0.620640284115668,0.675016561968668,0.732307555704438,0.792556123137996,0.855801736220703,0.922080427460176,0.991424743687011,1.06386370372232,1.1394227554485,1.21812373941542,1.29998485425995,1.38502062682097,1.47324188655675,1.56465574457448,1.65926557564421,1.75707100635798,1.85806790382428,1.96224836709139
2.50590719227852,2.39683828025649,2.29024859337592,2.18617073455096,2.08463423931369,1.98566555391949,1.8892880176836,1.79552184806398,1.70438412878545,1.6158888010144,1.53004665821457,1.44686534560461,1.36634936234692,1.28850006309121,1.2133156655247,1.14079126118225,1.07091882923977,1.00368725365049,0.939082344264342,0.877086861596509,0.817680544668534,0.760840138646052,0.706539426676064,0.654749265839568,0.605437627378145,0.558569638748183,0.514107627951828,0.472011172161504,0.432237150838055,0.394739795540093,0.359470747324918,0.326379115802514,0.295411539585048,0.266512250066472,0.23962314502592,0.214683858200242,0.191631830811664,0.170402388621887,0.150928823814436,0.133142477613824,0.116972834287834,0.102347616597027,0.0891928913582761,0.0774331959598598,0.0669916748817617,0.0577902670322374,0.0497499764946642,0.0427913133939127,0.0368351609920571,0.0318048408667825,0.0276351519989862,0.024311135430355,0.0218528841384543,0.0202838460010762,0.0196295325172663,0.0199195029934232,0.0211875397837842,0.0234712099157002,0.0268181903397346,0.0312918357932888,0.0369614901340425,0.0438980385220299,0.0521720865421494,0.0618537321496563,0.0730150511139663,0.0857356759792762,0.100104423925008,0.11621200882449,0.13414752041152,0.153998152605029,0.175849060753777,0.199783238416779,0.225881394817281,0.254221848099378,0.28488042586058,0.317930366909994,0.353442230460273,0.391483808532712,0.432120041610348,0.47541293883645,0.521421500968816,0.570201650043105,0.621806158317093,0.676284582133126,0.733683197132419,0.794044941638497,0.85740936175087,0.923812557664302,0.993287137348689,1.06586217413706,1.14156316371572,1.22041198766207,1.30242687879914,1.38762239125454,1.47600937482968,1.56759495398998,1.66238250984502,1.76037166828537,1.86155828865589,1.9659344551629
2.51034131964557,2.40107941346591,2.29430111934198,2.19003909787782,2.08832293686774,1.98917912936298,1.89263105597698,1.7986989699419,1.7073999852117,1.61874806762123,1.53275402973294,1.44942553029348,1.36876707642636,1.29078002517832,1.21546259108282,1.14280985698935,1.0728137878812,1.00546324804209,0.940744022212931,0.878638840404134,0.819127405786054,0.762186422375601,0.707789626929841,0.655907824962255,0.606508931040497,0.559558010915042,0.515017325928567,0.472846381726521,0.433001981469251,0.395438275729488,0.36010681999484,0.326956633826276,0.295934261414592,0.266983835472873,0.240047150970119,0.215063734826896,0.191970917569553,0.170703910520674,0.15119588782631,0.133378069221336,0.11717981419807,0.102528717624672,0.0893507154954736,0.0775702116699317,0.0671102146345001,0.0578925251706818,0.049838007580957,0.0428670313352542,0.0369003397009606,0.0318611185756007,0.0276840515688302,0.0243541532529097,0.0218915521593235,0.0203197376561781,0.0196642663843486,0.0199547499545371,0.0212250304978399,0.0235127415153323,0.0268656443205072,0.031347205755067,0.0370268923785611,0.0439757147801812,0.0522644034792832,0.0619631804673453,0.0731442490496876,0.0858873826778977,0.100281555690725,0.116417642476964,0.134384890412018,0.154270647701833,0.176160220374996,0.200136748845127,0.226281085148014,0.254671686009351,0.2853845132013,0.318492935126837,0.354067635851017,0.39217652735108,0.432884665020289,0.47625416772523,0.522344140623765,0.571210604703911,0.622906425602367,0.677481247349936,0.734981427471187,0.795449980267717,0.858926521814667,0.925447216185012,0.995044729047468,1.06774818517946,1.14358312538112,1.22257146994866,1.30473148396755,1.39007774731847,1.47862112900123,1.57036876608779,1.6653240456705,1.76348659297794,1.86485226002822,1.96941311702091
2.51453030976858,2.4050860789615,2.29812960459731,2.19369360178062,2.09180770767868,1.99249845955151,1.89578927702762,1.80170044713562,1.7102491123874,1.62144926192252,1.53531172634627,1.4518441771854,1.37105112908444,1.29293394135463,1.21749082555002,1.14471685631488,1.07460398522452,1.00714105798058,0.942313835603043,0.880105019284011,0.820494278324649,0.763458277868013,0.70897071084587,0.65700233405505,0.607521008522456,0.560491741704011,0.51587673196814,0.473635417387629,0.433724529040541,0.396098140990967,0.360707727887476,0.327502224220312,0.296428084978912,0.267429349650984,0.240447716079175,0.215422610273018,0.192291258182724,0.170988763018433,0.151448187414333,0.13360063633212,0.117375351386758,0.10269980662444,0.089499814449375,0.0776996525742351,0.06722220101024,0.0579891300483684,0.0499211719378805,0.0429385632697608,0.0369619150562054,0.0319142850155492,0.0277302477644149,0.0243947928689779,0.0219280824490714,0.0203536450693565,0.0196970800169075,0.0199880483151275,0.0212604485672555,0.0235519770731434,0.0269104748452754,0.0313995146320569,0.0370886789114305,0.0440490967674929,0.0523516167471549,0.0620665780208718,0.0732663043791467,0.0860307023910032,0.100448894866087,0.116611907834692,0.13460913759873,0.154528078121528,0.176454177781283,0.20047071572748,0.226658678913169,0.255096654984268,0.285860732469852,0.319024402202271,0.354658466196616,0.392830949754397,0.433607016826389,0.477048889936521,0.523215772871046,0.572163780099836,0.623945865476135,0.678611755871412,0.736207886166735,0.796777342441383,0.860359806877585,0.926991503895065,0.996705153671527,1.06952992958472,1.14549141505455,1.22461156695547,1.30690868085179,1.39239736095354,1.48108849439755,1.57298923016538,1.66810296100138,1.76642931150878,1.86796412678395,1.97269946379406
2.51849172321197,2.40887507298901,2.3017500984426,2.19714956621701,2.09510316017014,1.99563745936906,1.89877592033778,1.80453886206524,1.71294345406984,1.62400370752972,1.53773047011281,1.45413142543168,1.37321109524323,1.29497084100019,1.21940887143907,1.1465202534447,1.07629692591283,1.00872771697251,0.943798365211515,0.881491544569246,0.82178689231771,0.764661036838015,0.71008762961754,0.658037381383115,0.608478102529617,0.561374745385402,0.51668944876587,0.474381586842185,0.434407822526165,0.396722157529774,0.361275990054306,0.32801817414095,0.296895080423855,0.267850660230041,0.240826519552415,0.215761988971708,0.192594195543333,0.171258140238449,0.151686780237521,0.13381111196439,0.11756026556063,0.102861600814399,0.0896408132541073,0.0778220612988619,0.0673281034643649,0.0580804866402742,0.0499998181967292,0.0430062090647293,0.0370201451863527,0.0319645630643784,0.0277739342436972,0.0244332246429139,0.0219626281454442,0.0203857103830599,0.0197281109721803,0.0200195376644486,0.0212939424672652,0.0235890810675688,0.0269528698470003,0.0314489817070395,0.0371471087464842,0.0441184921068238,0.0524340919504006,0.0621643582606255,0.0733817287675455,0.0861662359257045,0.100607142949616,0.116795619272793,0.134821202032877,0.154771523031964,0.176732165264389,0.200786539078347,0.227015759014458,0.255498536526317,0.286311080013545,0.319526996086602,0.355217198302706,0.393449819131033,0.434290125182225,0.47780043700613,0.524040051659173,0.573065172014463,0.624928835349213,0.679680846875051,0.73736771462697,0.798032592562439,0.861715225379354,0.92845189456571,0.998275371846871,1.07121487656058,1.14729603243111,1.22654083092395,1.3089675964264,1.39459095615611,1.4834218144016,1.57546733140699,1.67073090526159,1.76921215997723,1.87090693410461,1.97580727209738
2.522241593975,2.41246173167235,2.30517725498967,2.20042097935862,2.09822263283445,1.99860883405873,1.90160307448071,1.80722570334299,1.71549391572827,1.62642174367642,1.54002005100686,1.45629653277254,1.37525571746297,1.29689896855799,1.22122449212705,1.14822734770988,1.07789946219977,1.01022964709159,0.945203619738769,0.882804028283355,0.823010479678565,0.765799567506684,0.711144904023863,0.659017156347107,0.60938408694306,0.562210595956369,0.517458765829585,0.47508791024465,0.435054627587268,0.397312851080939,0.361813906562033,0.328506571918721,0.29733713793451,0.26824947248358,0.241185094613952,0.216083244573527,0.192880955803984,0.171513132497145,0.151912632011068,0.134010348027744,0.117735305168129,0.103014755063816,0.0897742826086807,0.0779379332986359,0.0674283506418259,0.0581669647163176,0.0500742646817759,0.0430702425195602,0.0370752657804757,0.0320121562247542,0.0278152878296688,0.0244696041290524,0.0219953290737032,0.0204160633830894,0.0197574848493554,0.0200493454570593,0.0213256477659372,0.0236242036786962,0.0269930009213601,0.0314958072002279,0.0372024183811102,0.0441841816789336,0.0525121629111183,0.0622569169565287,0.0734909894002922,0.0862945318600845,0.100756940457554,0.116969520371583,0.135021942054803,0.155001967787378,0.176995307991166,0.20108549720696,0.227353770749668,0.255878957269132,0.286737378634333,0.320002751051202,0.35574609366264,0.394035640382649,0.43493675499962,0.478511850854655,0.52482031329365,0.573918428872145,0.625859313836416,0.680692847554821,0.738465607309798,0.799220811312261,0.862998263437379,0.929834299193932,0.999761739102254,1.07280984600579,1.14900428178087,1.22836707063685,1.31091656424486,1.39666741160151,1.48563053323112,1.57781310003894,1.67321851517382,1.77184640208775,1.87369259313532,1.97874912092488
2.52579458383163,2.41586007863587,2.30842447421891,2.20352063223829,2.10117832262612,2.00142420152066,1.90428179346271,1.80977147636013,1.71791046951767,1.62871282474165,1.54218942115495,1.45834796465026,1.37719299009621,1.29872586289333,1.222944786584,1.14984481374853,1.07941785990791,1.01165272079617,0.9465350936473,0.884047602160411,0.824169824561778,0.766878321461922,0.71214666794554,0.659945489809471,0.61024250410852,0.563002561543447,0.518187691143723,0.475757149277953,0.435667473193571,0.397872531221483,0.36232358063254,0.328969327160191,0.297755985929724,0.268627345744039,0.241524843271171,0.216387633168971,0.193152660180419,0.171754736799246,0.152126625802115,0.134199123523464,0.117901154603817,0.103159868196793,0.0899007443704157,0.0780477216262565,0.0675233345031866,0.0582489024006861,0.0501448024743957,0.0431309140012932,0.0371274923568531,0.0320572505831325,0.027854470212417,0.0245040735690436,0.0220263130925533,0.0204448227478885,0.0197853164985639,0.0200775882396743,0.0213556884291233,0.0236574822338679,0.0270310249784937,0.0315401741965443,0.0372548240727244,0.0442464223261834,0.0525861348821693,0.062344616007635,0.0735945134800303,0.0864160918236956,0.100898873089339,0.117134291074123,0.13521214254618,0.155220313413198,0.177244634834188,0.201368759022006,0.227674035724788,0.256239404635425,0.287141295134735,0.320453527269982,0.356247220226146,0.39459070403586,0.435549434563101,0.479185913068374,0.525559608551545,0.574726886856975,0.626740939053863,0.681651714773815,0.739505856910992,0.800346644556225,0.864213937654953,0.931144122900464,1.00117006704616,1.074321074157,1.15062284225824,1.23009742658396,1.31276320465662,1.39863484610833,1.48772328684675,1.58003570787853,1.67557551714641,1.77434233757195,1.87633199563894,1.98153651273234
2.52916411907305,2.41908295579516,2.31150402695364,2.20646023804513,2.10398139871627,2.00409420066596,1.90682219981789,1.81218580126506,1.72020224728364,1.63088560842574,1.54424677832754,1.46029347316175,1.37903023384677,1.30045842760463,1.22457625558115,1.15137876375653,1.08085785686667,1.01300231569855,0.947797818405557,0.885226965505962,0.82526930798238,0.767901375176021,0.713096706919437,0.66082588982282,0.61105659787393,0.563753634882613,0.518878979223186,0.476391832910228,0.436248675209705,0.398403312910589,0.362806938258513,0.32940818855783,0.298153207182139,0.268985707945814,0.2418470493905,0.216676305003346,0.193410335408491,0.171983866136299,0.152329570265642,0.134378151809839,0.118058440591357,0.103297488577173,0.0900206764220261,0.0781518411576764,0.0676134139802283,0.0583266093253383,0.050211698127824,0.0431884527796451,0.0371770222729922,0.0321000165452872,0.0278916294571205,0.0245367632184623,0.0220556972866121,0.0204720971553935,0.0198117110920242,0.0201043727381323,0.0213841779766215,0.0236890424884589,0.0270670857064165,0.0315822503531549,0.0373045238556874,0.0443054492479643,0.0526562873941072,0.0624277868173653,0.0736926922109266,0.0865313751759877,0.101033477190112,0.117290554027682,0.135392522250172,0.155427385009431,0.17748108796749,0.201637394933409,0.227977764179921,0.256581240709381,0.287524355863195,0.320881028168227,0.35672247168598,0.395117107604738,0.436130479109848,0.479825170841594,0.526260731134439,0.575493601027576,0.627577042549728,0.682561071967786,0.740492394399845,0.80141434667319,0.865366841908406,0.932386315340431,1.00250567756855,1.07575427175079,1.15215783019486,1.23173843755761,1.31451449587802,1.40050069435822,1.48970798349492,1.58214355387458,1.67781081798632,1.77670939824864,1.87883511557766,1.98417998071447
2.53236251185998,2.4221421394276,2.31442716576896,2.20925053799316,2.10664210344427,2.00662858757562,1.90923357609983,1.81447749991429,1.72237762309982,1.63294803400223,1.54619964003382,1.46214016712524,1.38077416193734,1.30210299342114,1.22612486044763,1.15283480273212,1.08222471477322,1.01428336317002,0.948996407964456,0.886346427671317,0.826312947413299,0.768872466850508,0.713998492353842,0.661661573337184,0.611829342908666,0.564466560368871,0.519535156009787,0.47699428025267,0.436800357326962,0.398907135605484,0.363265745611355,0.329824759695423,0.298530253123943,0.269325868531517,0.242152890301527,0.216950314873166,0.193654923024227,0.172201357738671,0.152522206953432,0.134548087049798,0.118207737848097,0.103428119064883,0.0901345169909208,0.0782506723419238,0.0676989182201246,0.0584003694285857,0.0502751960763758,0.0432430690992456,0.0372240365094275,0.0321406103765078,0.0279269013423251,0.0245677925241133,0.0220835890246691,0.0204979862653099,0.0198367650746328,0.0201297968220289,0.0214112205082148,0.0237189997625056,0.0271013148697332,0.0316221894148247,0.0373516993312212,0.0443614781265285,0.052722876781691,0.0625067332888716,0.0737858843345377,0.086640803158189,0.101161244598422,0.117438880211479,0.135563740267739,0.15562393920825,0.177705531382329,0.201892386527141,0.228266065927931,0.256905714547738,0.287887960509855,0.321286815818865,0.357173584593907,0.395616774549017,0.436682011755764,0.480431959999259,0.52692624291907,0.57622137292999,0.628370679416154,0.683424241895258,0.741428824548908,0.802427819008345,0.866461188868471,0.933565415440395,1.0037734509423,1.0771146756397,1.15361485438152,1.23329609975294,1.31617683706427,1.40227177409368,1.4915918751859,1.58414434002066,1.67993258540252,1.77895623327251,1.88121109926183,1.98668918400833
2.53540106809472,2.42504844334922,2.31720422358018,2.2119013954296,2.10916984205508,2.00903632097754,1.91152444620988,1.81665467316431,1.72444428663663,1.63490739187713,1.54805490938581,1.46389457436357,1.38243093892676,1.30366537366899,1.2275960753001,1.15421807758359,1.08352326529237,1.01550039154669,0.950135099182109,0.887409945809549,0.827304431984111,0.769795029168077,0.714855211942911,0.662455494385034,0.61256347076587,0.565143858101041,0.520158541003076,0.477566620878236,0.437324469669834,0.399385780253831,0.363701624515354,0.33022051309773,0.298888456563474,0.269649029924552,0.24244344711207,0.217210631367665,0.19388728761302,0.172407980410875,0.152705216811106,0.1347095299423,0.118349574120413,0.103552221421698,0.0902426684886962,0.0783445645343742,0.0677801494692367,0.0584704434427948,0.0503355207770358,0.0432949560216769,0.0372687012553665,0.0321791755707052,0.0279604105495548,0.0245972711705546,0.0221100869003887,0.0205225815922721,0.0198605670089578,0.020153950362192,0.0214369116157336,0.0237474599510737,0.0271338334640821,0.0316601325609392,0.0373965172584924,0.0444147070166706,0.0527861384297404,0.0625817344876568,0.0738744192728929,0.0867447625839768,0.10128262695543,0.117579793939271,0.135726401832292,0.15581067080317,0.177918758456968,0.202134635165302,0.228539960077982,0.257213973123287,0.288233394369824,0.321672324628435,0.35760215357535,0.396091471126322,0.437205982096979,0.481008425462078,0.527558496402989,0.576912775143184,0.629124655056185,0.684244275749597,0.742318457516898,0.803390644054506,0.86750084690924,0.934685591165765,1.0049778685813,1.07840709467445,1.15499906520909,1.23477591930312,1.31775610437515,1.40395434585109,1.49338162123167,1.58604513883543,1.68194831956673,1.78109078491297,1.88346834548458,1.98907299232104
2.53829018346646,2.42781181077974,2.31984470142254,2.21442187962547,2.11157326259827,2.01132563835235,1.91370264780903,1.81872476968963,1.7264093084862,1.63677038552207,1.54981893374128,1.46556269715906,1.38400623307895,1.30515091365636,1.22899493354626,1.15553332085309,1.08475795110235,1.01665756459838,0.951217787816589,0.888421158492124,0.828247153820758,0.770672218453767,0.715669796746626,0.663210369176248,0.613261493087397,0.565787845290376,0.520751266964843,0.478110812912692,0.43782280536262,0.39984088442315,0.36411606622532,0.330596802739815,0.299229043007631,0.269956297743885,0.242719713892361,0.217458145097105,0.194108224154412,0.172604441062676,0.152879225962867,0.134863032825364,0.118484434666988,0.103670220233978,0.0903455009296849,0.0784338389645764,0.0678573856407421,0.0585370711093478,0.0503928786162555,0.0433442910655621,0.0373111693204931,0.0322158440694138,0.0279922717225012,0.024625300011883,0.0221352815698783,0.0205459672832746,0.0198831983275919,0.0201769159941488,0.0214613391951218,0.0237745204238517,0.0271647527440104,0.0316962096048453,0.0374391309712579,0.0444653180282331,0.0528462887727655,0.06265304701228,0.0739585999269856,0.0868436091255172,0.101398039541671,0.11771377731348,0.135881063451244,0.155988218651423,0.178121498696549,0.202364969643332,0.228800383693017,0.257507071068589,0.288561839261957,0.322038873522589,0.358009644875982,0.396542821396796,0.437704182771968,0.481556539467955,0.528159654689396,0.577570173133502,0.629841549016092,0.685023979079366,0.743164336968999,0.804306115885948,0.868489372970596,0.935750674928315,1.00612305111077,1.07963595055584,1.15631519842195,1.23618295905474,1.31925770089385,1.40555416614495,1.49508334481776,1.58785245344476,1.68386491682848,1.78312035602498,1.88561457687084,1.99133956127928
2.54103942910439,2.43044139626763,2.322357346733,2.21682034049994,2.11386032718181,2.01350412380438,1.91577539689463,1.82069464735462,1.72827919841902,1.63854318670611,1.5514975570015,1.46715006170805,1.38550526306533,1.30656453471497,1.23032606935654,1.15678488970937,1.08593286249929,1.01775871583512,0.952248060624209,0.889383415688144,0.829144235994262,0.771506940680822,0.716444945340636,0.663928698477745,0.613925722297974,0.566400655352753,0.521315297491563,0.478628659168178,0.438297015303497,0.400273955793211,0.364510443713478,0.330954875202832,0.299553140759176,0.270248689913559,0.242982605865471,0.217693676030776,0.194318464572162,0.172791390533532,0.153044810870317,0.135009104226942,0.118612766257005,0.103782506410955,0.09044335497961,0.0785187913829579,0.067930882604442,0.0586004731539416,0.0504474596104307,0.043391237669192,0.0373515813940095,0.0322507373488965,0.0280225904116054,0.024651971902702,0.0221592564986303,0.0205682208109835,0.0199047340040982,0.0201987697989837,0.0214845841706374,0.0238002708274087,0.0271941751396346,0.0317305400634204,0.037479681641225,0.0445134788265629,0.0529035270782341,0.0627209071085462,0.0740387051724619,0.0869376702439525,0.101507864698668,0.117841274197371,0.136028237491235,0.156157170937686,0.178314423743694,0.202584153018695,0.2290481995105,0.257785979365395,0.288874383266197,0.322387676813104,0.358397408442544,0.396972320604207,0.438178264231616,0.48207811782183,0.528731709309566,0.578195744744434,0.63052373623901,0.685765934904049,0.743969265154509,0.805177267299235,0.869430041864869,0.936764195162524,1.00721279231826,1.08080531426648,1.15756761413708,1.23752188028211,1.32068660114454,1.40707653489747,1.496702683454,1.5895722711629,1.68568872653613,1.78505167021932,1.88765690350633,1.99349639962587
2.54365762808426,2.43294563886673,2.3247502232726,2.21910447536521,2.11603837561696,2.01557876868495,1.91774934548133,1.82257062803157,1.73005995741961,1.64023148482962,1.55309616632432,1.46866176229439,1.38693283968017,1.30791077353863,1.23159375470719,1.15797680077674,1.08705177009286,1.01880737915024,0.953229224030157,0.890299805542232,0.829998557484901,0.772301874699523,0.717183145387254,0.664612787603302,0.614558290089495,0.566984254962053,0.521852442710346,0.479121821553939,0.438748621360926,0.400686384207632,0.364886022644269,0.331295879638542,0.299861789935796,0.270527144799437,0.243232966723125,0.217917980051398,0.194518683584857,0.172969428795057,0.153202502940383,0.135148212929827,0.118734980741384,0.103889440309462,0.090536544678688,0.078599694424896,0.0680008762320495,0.0586608530509532,0.0504994389247916,0.0434359464969652,0.0373900671692329,0.0322839673911618,0.0280514639177732,0.0246773724403513,0.0221820886287007,0.0205894135930112,0.0199252431523102,0.0202195819114903,0.0215067211417187,0.0238247938017818,0.0272221950754111,0.0317632341124277,0.0375182994065044,0.0445593439727386,0.0529580370394103,0.0627855325579301,0.0741149920888053,0.0870272478069521,0.101612454885172,0.117962693763063,0.136168396273722,0.156318069875721,0.178498152747264,0.202792888710355,0.229284202838678,0.258051593106162,0.289172029421118,0.32271985390445,0.358766688713612,0.397381347128132,0.438629747932055,0.482574834410262,0.529276496142105,0.57879149760514,0.631173406048969,0.686472524361352,0.744735825306537,0.806006894055794,0.870325872453961,0.937729404530022,1.0082505894792,1.08191893861203,1.15876033169658,1.238796979947,1.32204739085612,1.40852633780335,1.49824483403777,1.59121011135189,1.68742560179027,1.78689092560767,1.88960187977175,1.99555042924072
2.54615292387187,2.43533232760075,2.32703077367975,2.22128138863707,2.11811418235557,2.01755602582661,1.91963063320285,1.82435854664157,1.73175712423813,1.6418405310588,1.55461973391408,1.47010250080747,1.38829340315944,1.30919381737588,1.23280193251941,1.15911276129329,1.08811815405621,1.01980681623387,0.954164329777522,0.891173178330278,0.830812775515405,0.773059493017893,0.717886692933067,0.665264764296621,0.615161163957255,0.567540459306311,0.522364373320689,0.479591833968297,0.439179028179285,0.401079452455349,0.365243971192536,0.331620876683658,0.300155950538634,0.27079252848842,0.243471575170493,0.21813175481875,0.194709503939924,0.173139109605199,0.15335279264762,0.135280791608145,0.118851458247639,0.103991354529331,0.0906253598777412,0.078676799725641,0.0680675842269234,0.0587183986018557,0.0505489782322182,0.0434785566081406,0.0374267463496681,0.0323156375526447,0.0280789820471698,0.0247015806289141,0.0222038489755746,0.0206096115459278,0.0199447895624702,0.0202394170642301,0.0215278189616759,0.0238481656215416,0.0272488997026184,0.0317943934411858,0.0375551043811338,0.0446030561225524,0.0530099882003234,0.0628471243669789,0.0741876979535868,0.0871126204303988,0.101712135411294,0.118078413665613,0.136301975738928,0.156471415914505,0.178673257165299,0.202991825955435,0.229509127726049,0.258304738437575,0.289455703504824,0.323036437977375,0.359118634273107,0.397771173176502,0.439060038137092,0.483048234186323,0.529795709654459,0.579359284704289,0.631792579134205,0.687145945178459,0.745466401680986,0.806797576569555,0.87117965106764,0.938649305151553,1.0092396704864,1.08298028733296,1.159897060847,1.24001222403159,1.3233443025352,1.4099080842297,1.49971459316805,1.59277106823705,1.68908094484806,1.78864384288331,1.89145555518733,1.99750803883607
2.54853284164714,2.43760866011826,2.32920587551671,2.22335764533443,2.12009400750488,2.019441858136,1.92142493354635,1.82606379509422,1.73337581709974,1.64337517786945,1.55607285446463,1.47147662214965,1.38959105661792,1.31041753556187,1.23395424635143,1.16019619702816,1.08913523033319,1.02076004113507,0.955056197908332,0.892006167923352,0.831589345561076,0.773782080420845,0.718557709699235,0.665886594754239,0.615736162016105,0.56807094575692,0.522852633175619,0.480040113849618,0.4395895337565,0.401454345930619,0.365585368840417,0.331930846446932,0.300436509681545,0.271045641310482,0.243699150790201,0.218335645023371,0.194891501103212,0.173300944678294,0.153496133227712,0.135407240085604,0.11896255004242,0.104088556418031,0.0907100684209091,0.0787503398152459,0.0681312077634766,0.0587732833494521,0.0505962269307111,0.0435191965040184,0.0374617295504308,0.0323458433425287,0.0281052277875019,0.0247246694741539,0.0222246031629453,0.0206288755816422,0.0199634321815991,0.0202583350749988,0.0215479412561891,0.0238704567701754,0.0272743695556469,0.0318241120183363,0.0375902075595921,0.0446447471007739,0.0530595372325133,0.0629058682809849,0.0742570420292749,0.0871940455764965,0.10180720688825,0.118188782886929,0.13642937872868,0.15661767150684,0.178840265068362,0.203181564698264,0.229723652489092,0.258546178781822,0.289726261006484,0.323338383769239,0.359454306499675,0.39814297436592,0.439470432492977,0.483499744803803,0.530290915663042,0.579900818343928,0.63238312276388,0.687788228221951,0.746163197511119,0.807551699338665,0.871993952485908,0.939526671214345,1.01018301815762,1.08399256118813,1.16098122967548,1.24117127740418,1.32458124733882,1.41122594117368,1.50111639326602,1.5942598492689,1.6906597478048,1.79031570840066,1.89322351996853,1.99937513206654
2.55080434333233,2.43978129532577,2.33128189156207,2.22533931908633,2.12198364260477,2.02124178219777,1.92313749534002,1.82769136171609,1.73492077113182,1.64483991453084,1.55745977875826,1.47278814600851,1.39082959605333,1.31158550781307,1.23505406704207,1.16123027733257,1.09010597415515,1.02166984230213,0.955907437385236,0.892801211047977,0.832330539305552,0.774471750677755,0.71919815859666,0.666480098003406,0.61628496629549,0.568577266134474,0.523318650571177,0.48046797254139,0.4399813389357,0.401812161301252,0.365911214271101,0.332226695676241,0.300704288078151,0.271287223691112,0.243916359304312,0.218530247100889,0.195065207467105,0.173455407426997,0.153632943991772,0.135527928259213,0.119068581100164,0.104181330318155,0.0907909181042697,0.0788205298189515,0.0681919329582707,0.0588256678469128,0.0506413232358711,0.0435579850676113,0.0374951191071252,0.0323746731211607,0.0281302779148687,0.0247467065173728,0.0222444119025904,0.0206472620528233,0.0199812255445495,0.0202763912842459,0.0215671468885733,0.0238917324555005,0.0272986791409093,0.031852476778993,0.0376237116284519,0.0446845388651243,0.0531068290806971,0.0629619361422552,0.0743232271666017,0.0872717614364722,0.101897947426583,0.118294124287719,0.1365509779322,0.156757264491064,0.178999665001078,0.203362659977504,0.229928404672477,0.258776620419145,0.289984493382133,0.323626574555566,0.359774687328055,0.398497838318402,0.439862131517484,0.483930687056993,0.530763562783331,0.580417682660754,0.632946764442561,0.688401252348588,0.746828251118776,0.808271468382229,0.872771158767174,0.940364069258452,1.01108339204749,1.08495872136045,1.16201600967775,1.24227753061864,1.325761843675,1.41248376373385,1.50245433498732,1.59568080954654,1.6921666290988,1.79191141283193,1.89491094590464,2.00115717069974
2.55297387704344,2.44185640068687,2.33326471500639,2.22723203527369,2.12378845176588,2.02296090745967,1.92477318003616,1.82924586668356,1.73639637199824,1.64623889899363,1.5587844438595,1.47404079540926,1.39201253730986,1.31270104965447,1.23610451665437,1.16221793765219,1.09103314117437,1.02253880238928,0.956720464623303,0.893560564594538,0.833038460776884,0.775130461556851,0.719809857668807,0.66704695882289,0.616809134687129,0.569060857731562,0.523763748391806,0.48087662460687,0.440355555934968,0.402153914298403,0.366222432462614,0.332509264199336,0.300960045871478,0.271517961410659,0.244123817303036,0.218716113468579,0.195231116132178,0.173602936324998,0.153763613304767,0.135643198726713,0.11916985241143,0.104269939587142,0.0908681384359681,0.0788875689852508,0.0682499321920284,0.0588757007982076,0.0506843951626626,0.0435950324080862,0.0375270098027474,0.0324022087276866,0.028154203539113,0.024767754315166,0.0222633314256157,0.0206648231531809,0.0199982201613737,0.0202936369481659,0.0215854903778925,0.023912053072844,0.0273218974660701,0.0318795682422544,0.0376557116957752,0.0447225443725584,0.0531519979923316,0.0630154871107309,0.0743864412454385,0.087345988622481,0.101984614611627,0.118394736900811,0.136667118533373,0.156890591130037,0.179151909452328,0.203535625868658,0.230123965506605,0.258996717504645,0.290231133676492,0.323901828424075,0.360080686223895,0.398836772386904,0.440236247127355,0.484342284262461,0.531214992719578,0.580911344878457,0.633485104180921,0.688986757751088,0.747463450392859,0.808958926909955,0.873513476168343,0.941163876407247,1.01194334804903,1.0858815104906,1.16300433828572,1.24333412399801,1.32688944290474,1.41368512249342,1.5037322163496,1.59703798275252,1.69360586631675,1.79343548590622,1.8965226230948,2.00285921341204
2.55504742159472,2.44383969478955,2.33515981012664,2.22904100985534,2.12551340869232,2.02460397149759,1.92633649526465,1.8307315939109,1.73780668616886,1.64757598658776,1.56005050028854,1.47523802241074,1.39314314034423,1.31376723530308,1.23710849002377,1.16316189978737,1.09191928648337,1.02336931608205,0.957497520167959,0.894286321194171,0.83371506086938,0.775760028337594,0.720394492639712,0.667588739371195,0.617310111697473,0.569523053232858,0.524189153240795,0.481267196211914,0.440713216023794,0.402480546727064,0.366519881071947,0.332779330720279,0.301204487880416,0.271738490337539,0.24432209650039,0.218893756338111,0.195389684310543,0.173743937933334,0.153888501265987,0.13575336915116,0.119266643060315,0.104354628414959,0.0909419422202657,0.0789516420610876,0.0683053652993917,0.058923520084449,0.0507255614089644,0.04363044062073,0.0375574895218711,0.0324285260448988,0.028177070594616,0.024787870871183,0.022281413870558,0.0206816072777024,0.0200144628659402,0.0203101195924647,0.0216030222752465,0.0239314746218873,0.0273440885163314,0.0319054610669402,0.0376862959475427,0.0447588683588854,0.053195168444179,0.0630666687624977,0.0744468584715295,0.087416931690255,0.10206744728134,0.118490897995058,0.136778120593176,0.157018018846125,0.179297417978301,0.203700939032183,0.230310873919215,0.259207076583212,0.29046686158239,0.324164903921054,0.360373146460819,0.399160710607998,0.440593810312672,0.484735670702298,0.531646449525155,0.581383165434391,0.633999625538896,0.689546357968812,0.748070545819404,0.80961596942425,0.874222950372237,0.941928296774151,1.01276525603423,1.08676347160648,1.16394893914139,1.24434396930877,1.32796715247288,1.4148333281642,1.50495355894611,1.59833510899306,1.69498142571738,1.79489212767342,1.89806299300883,2.00448595070312
2.55703052660771,2.44573648570964,2.33697224894341,2.23077108435942,2.12716313004792,2.02617537179774,1.92783162507249,1.83215251978909,1.73915548819963,1.648854755886,1.56126133651079,1.47638303126376,1.39422443109527,1.31478691829143,1.23806867417825,1.16406469015239,1.09276678175587,1.02416360616204,0.958240683725756,0.894980423257256,0.834362150431259,0.776362135988542,0.72095362822272,0.668106889666361,0.617789238138233,0.569965089655483,0.524596003668996,0.481640732679899,0.441055276441382,0.402792932784208,0.36680435618868,0.3330376180434,0.301438268328013,0.27194940069398,0.244511727569567,0.219063651151741,0.195541336393071,0.173878789627819,0.154007942124784,0.135858734391985,0.1193592120967,0.104435623462249,0.0910125269851449,0.0790129205312374,0.0683583806411794,0.0589692536888725,0.0507649321518581,0.0436643044718596,0.037586639840224,0.0324536955082991,0.0281989402826208,0.0248071100252475,0.022298707633159,0.0206976593473127,0.0200299971301211,0.0203258833311875,0.0216197895028947,0.0239500490823415,0.0273653116836802,0.031930224552443,0.0377155462392528,0.0447936080413931,0.0532364559773641,0.0631156180798054,0.074504640545157,0.0874847805113728,0.102146667128555,0.118582864935406,0.13688428119682,0.157139888686063,0.179436580017097,0.203859041911187,0.230489630150805,0.259408260658557,0.290692308000505,0.324416505140103,0.360652850777559,0.399470519967898,0.440935778053287,0.485111899233488,0.532059087948333,0.58183440710611,0.6344917055782,0.690081550712251,0.748651162224778,0.810244354429551,0.874901480211137,0.942659376249007,1.01355131575244,1.08760696518326,1.16485234036854,1.24530976929454,1.32899785675449,1.41593145379659,1.50612163157045,1.59957565988863,1.69629698883916,1.79628523668036,1.89953617828304,2.00604173636241
2.55892834870936,2.44755170563334,2.33870674430388,2.23242675746287,2.12874190556898,2.02767919443983,1.92926245721479,1.83351233912228,1.74044628535256,1.65007853204572,1.56242010103865,1.47747879931114,1.39525922122094,1.31576275008011,1.23898756586483,1.16492865625437,1.09357783071629,1.02492373800531,0.958951887729522,0.895644675643033,0.834981412076121,0.776938350157763,0.721488718326522,0.668602757043884,0.618247759871978,0.570388116417605,0.52498535760116,0.481998205309976,0.441382626640361,0.403091884760835,0.367076597527573,0.333284797787884,0.301661995108731,0.272151240905818,0.244693203604313,0.219226239683438,0.195686466717536,0.174007842060526,0.154122246460752,0.135959568428242,0.119447800225936,0.104513135338757,0.0910800762707096,0.0790715637368384,0.0684091160720879,0.059013020531624,0.0508026097662723,0.0436967120169467,0.037614536556776,0.0324777825655223,0.0282198694704246,0.0248255218045337,0.0223152576820317,0.0207130211018765,0.0200448633473422,0.020340969154458,0.0216358356603123,0.0239678247529919,0.0273856221542793,0.031953923090742,0.0377435386298339,0.0448268537529593,0.0532759679510054,0.063162462344551,0.0745599377158519,0.0875497115117205,0.102222480147003,0.118670876861587,0.136985876391528,0.157256517545475,0.179569757428887,0.204010345617316,0.230660699017503,0.259600792865469,0.290908059154495,0.324657286314668,0.360920526483463,0.399767006057471,0.44126303956084,0.485471948155297,0.532453980964269,0.582266243248001,0.63496262384438,0.690593727632024,0.749206809373809,0.81084571590239,0.875550830052148,0.943359015842652,1.01430357117848,1.08841418453983,1.16571689106268,1.24623403530505,1.3299842358686,1.41698235482396,1.50723947153772,1.60076286121807,1.69755597651369,1.79761843539956,1.90094600961064,2.00753061586717
2.56074568424491,2.44928994214629,2.34036767977939,2.23401221353041,2.13025372527779,2.02911924001852,1.93063260781814,1.83481448856716,1.74168233984532,1.65125040790314,1.56352972240515,1.4785280958756,1.39625012593514,1.31669719687823,1.2398674873885,1.16575598158548,1.09435448311988,1.02565163268483,0.959632929597432,0.896280757109359,0.835574410857214,0.777490127105088,0.72200111527854,0.669077594704015,0.618686835715722,0.570793202630177,0.525358199047265,0.482340517538853,0.441696093929343,0.40337815819504,0.367337293121216,0.333521494648421,0.30187623364484,0.272344521081635,0.244866983247046,0.219381932841436,0.195825442070234,0.174131421384269,0.154231703154002,0.1360561260967,0.119532631335843,0.10458735993941,0.0911447607935377,0.0791277198862292,0.0684576998152224,0.0590549312241708,0.0508386894744335,0.0437277451592288,0.0376412501745966,0.0325008480915273,0.0282399110521372,0.024843152740932,0.0223311058439355,0.0207277313649896,0.0200590990888333,0.0203554151885138,0.0216512013007792,0.0239848465580985,0.0274050712585613,0.0319766165748961,0.0377703438641515,0.0448586895151108,0.053313804223286,0.0632073199457377,0.0746128897355549,0.0876118887907124,0.102295077938105,0.11875515620519,0.137083162937734,0.157368200179214,0.179697286791501,0.204155232538787,0.230824512859806,0.259785159788508,0.291114660309914,0.324887855968403,0.361176850072445,0.400050918182801,0.441576421919796,0.485816727415467,0.532832126581804,0.582679765234866,0.63541357048407,0.691084183147313,0.74973889154752,0.811421573657102,0.876172640990088,0.944028983746652,1.01502392347934,1.08918716975294,1.16654477619341,1.24711910322777,1.33092878268047,1.4179886871771,1.50830990395275,1.60189971338243,1.69876157056686,1.79889509320972,1.90229605004306,2.00895635204644
2.56248699888055,2.4509554665478,2.34195913672048,2.23553134844003,2.13170230410866,2.03049904710043,1.931945443699,1.83606216784366,1.74286668898536,1.65237326306212,1.56459292723866,1.47953349935178,1.39719958014852,1.31759255486467,1.24071060094535,1.16654869909929,1.09509864740365,1.02634907882719,0.960285482826527,0.896890230673873,0.836142603926811,0.778018822690018,0.722492078171386,0.669532569446411,0.619107544593035,0.571181343695405,0.525715444175737,0.482668510516725,0.441996448579004,0.403652456535121,0.3675870835665,0.333748290250773,0.302081510376157,0.272529716161105,0.245033493519556,0.219531113204328,0.195958603949762,0.174249831265596,0.154336581168102,0.13614864466467,0.119613913878527,0.104658479653361,0.091206739500329,0.0791815269696776,0.0685042512534787,0.0590950887519877,0.0508732599335708,0.0437574801552096,0.0376668463359944,0.0325229487643119,0.0282591142751384,0.0248600461582399,0.0223462910619269,0.0207418262835953,0.0200727393355145,0.0203692569310188,0.0216659241816713,0.0240011563246645,0.0274237067880349,0.0319983607686997,0.0377960278096399,0.0448891935565971,0.0533500577677697,0.0632503011101609,0.0746636267211536,0.0876714651340975,0.102364638893518,0.118835910062486,0.137176379893791,0.157475211020564,0.179819481477759,0.204294058700459,0.230981474210939,0.259961814465169,0.291312619139549,0.32510878067093,0.361422451398243,0.400322953989838,0.441876695192137,0.486147084226332,0.533194454003095,0.583075989197806,0.635845653590477,0.691554122434909,0.75024871621023,0.811973342725999,0.876768440976195,0.944670926246439,1.01571414274803,1.08992782024835,1.16733803008989,1.24796714790483,1.33183381818732,1.41895292367639,1.50933555914647,1.60298900992324,1.69991673345691,1.80011834719118,1.90358961698085,2.01032244830492
2.56415645442638,2.45255225950636,2.34348491877152,2.23698779298362,2.13309110422168,2.03182191347847,1.93320410258649,1.83725835895407,1.74400216341347,1.65344978119041,1.56561225664032,1.48049741269332,1.3981098530938,1.31845096398004,1.24151892160977,1.16730870342167,1.09581210214935,1.02701774335597,0.960911107044558,0.897474553002242,0.83668734928858,0.778525700515689,0.722962780425583,0.669968768678511,0.619510892014599,0.571553467285622,0.526057946816411,0.482982968159645,0.442284408448709,0.403915435364847,0.367826565872363,0.333965726645305,0.302278315922102,0.272707268767712,0.245193132387909,0.219674137319019,0.196086270618221,0.174363354708757,0.154437131165612,0.136237345255148,0.119691842122444,0.104726664459509,0.0912661605226182,0.0792331135882184,0.0685488816466156,0.0591335890931373,0.0509064037684343,0.0437859880726931,0.0376913862167966,0.0325441374053491,0.0282775250358828,0.0248762424323854,0.0223608496292713,0.0207553395451006,0.0200858166881092,0.0203825274642792,0.0216800394912501,0.0240167930336703,0.0274415732823447,0.0320192076416267,0.0378206518519335,0.0449184387832709,0.0533848152318465,0.0632915085644856,0.0747122699360289,0.0877285829316681,0.102431329266649,0.118913331438354,0.137265750051872,0.157577805829624,0.179936633537743,0.204427155902289,0.231131958214672,0.26013117910704,0.291502408772748,0.325320588440931,0.361657917457637,0.400583763654806,0.442164577042731,0.486463808153598,0.533541829204854,0.583455862127593,0.63625990585913,0.692004668668098,0.750737501862832,0.812502341858746,0.87733965399575,0.945286377609704,1.0163758786356,1.09063790620971,1.16809854865995,1.24878019619619,1.33270150545944,1.41987736888479,1.51031888847491,1.60403335430184,1.70102422606833,1.80129112096884,1.90482980209963,2.01163216966612
2.56575793317179,2.45408403433579,2.34494857411172,2.23838493409723,2.13442335524698,2.03309091545504,1.93441151146963,1.83840584361968,1.74509140365536,1.6544824657119,1.56659008104267,1.48142207746367,1.39898306159464,1.31927442043959,1.2422943291172,1.16803776192926,1.09649650648339,1.02765918123871,0.961511257129591,0.89803508292572,0.837209913738236,0.779011939317529,0.723414316650909,0.670387206773924,0.619897815957715,0.571910438767664,0.526386503453128,0.483284621733306,0.442560643184048,0.404167706236838,0.368056296950678,0.334174309476511,0.302467107950495,0.272877591796909,0.245346271089474,0.219811337785561,0.196208738962195,0.174472255710512,0.154533586973774,0.136322434139791,0.119766597288349,0.104792072920416,0.0913231620429428,0.0792825997056218,0.0685916947818241,0.059170521779483,0.0509381980544264,0.0438133352063379,0.0377149268840625,0.0325644632884489,0.0282951861482692,0.0248917792275184,0.0223748154016596,0.0207683025743564,0.0200983615577699,0.0203952576486857,0.0216935800544185,0.0240317930480064,0.0274587122897077,0.032039205672712,0.0378442732538078,0.0449464932043903,0.0534181574433851,0.0633310381359188,0.0747589324991176,0.0877833750098535,0.102495304144782,0.118987600374837,0.137351481240701,0.157676223188811,0.1800490154065,0.20455483365947,0.231276314818899,0.260293647568603,0.29168447056195,0.325523771833635,0.361883795822789,0.400833953685973,0.442440736935739,0.486767635733161,0.533875060001979,0.583820267412018,0.636657290626363,0.692436869584187,0.751206385167726,0.813009801233481,0.877887608394537,0.94587676905772,1.01701066999717,1.09131907892938,1.1688281004761,1.2495601388313,1.33353386228825,1.42076417258331,1.51126217865305,1.60503517512265,1.70208662385563,1.80241614180739,1.90601948942796,2.01288856186393
2.56729505999135,2.45555425813899,2.34635341565859,2.23972593414646,2.13570207267438,2.0343089253586,1.93557040326371,1.83950721912004,1.74613687515695,1.65547365406122,1.56752861370691,1.48230958659963,1.3998211821189,1.32006478809968,1.24303857856739,1.16873752481292,1.09715340952395,1.028274844341,0.962087291494147,0.898573089178382,0.837711480076731,0.779478639675033,0.723847708879146,0.670788830848313,0.620269192207194,0.572253066130304,0.526701857758945,0.483574154016902,0.442825778029827,0.404409840154782,0.368276796787328,0.334374510862176,0.302648313783537,0.273041070767151,0.245493256246762,0.219943025150991,0.196326286183228,0.174576780763345,0.154626166915937,0.136404103913433,0.119838348581173,0.10485485308517,0.0913778730816607,0.0793300973314718,0.0686327875646952,0.0592059704064865,0.0509687147564726,0.0438395834551416,0.0377375216210256,0.0325839724203268,0.028312137587425,0.0249066917104703,0.0223882199899849,0.0207807447125921,0.0201104023392404,0.0204074762984336,0.0217065765196278,0.0240461903195254,0.0274751626034904,0.0320584001265925,0.0378669454812353,0.0449734203198661,0.0534501598709703,0.063368979297854,0.0748037200290167,0.0878359653880392,0.102556708332154,0.119058884976305,0.137433767508938,0.157770685861355,0.180156881455294,0.204677380964819,0.23141487076825,0.26044958758986,0.291859216595764,0.325718790745442,0.36210059775914,0.401074090377136,0.442705799946561,0.487059254664979,0.534194900647275,0.584170029865925,0.637038707354587,0.692851703450362,0.751656427421023,0.813496869461499,0.878413544442506,0.946443436914775,1.01761995365422,1.09197288021095,1.16952833684582,1.25030874117496,1.3343327726757,1.42161534201192,1.51216756477547,1.60599673996168,1.70310633150806,1.80349595614052,1.9071613717692,2.01409446868515
2.56877122245001,2.45696617103812,2.34770253944296,2.24101374846636,2.13693007457867,2.03547862747494,1.93668333196828,1.84056491269863,1.74714088195888,1.65642553064818,1.56842992299874,1.48316189601974,1.40062606174106,1.32082380879565,1.24375331015899,1.16940953423056,1.09778425897315,1.02886608947914,0.962640479619573,0.899089757434118,0.838193153670602,0.779926830116072,0.724263912232739,0.671174526012541,0.620625839212857,0.572582104465724,0.527004704720887,0.483852203090131,0.443080397297959,0.404642370740476,0.368488551326292,0.334566772011959,0.302822332767932,0.273198065958167,0.245634411789953,0.220069489631772,0.19643917133532,0.174677160222618,0.154715075022483,0.136482534562306,0.11990725412851,0.10491514331053,0.0914304142125565,0.079375711142423,0.0686722505567037,0.0592400130968669,0.0509980211281717,0.0438647906657611,0.0377592202226269,0.0326027077957772,0.0283284167114269,0.0249210127458064,0.0224010929356702,0.0207926933801549,0.0201219655683465,0.0204192103413402,0.0217190575288672,0.0240600165773548,0.0274909604773744,0.0320768333045661,0.0378887184999329,0.0449992794724614,0.0534808930424863,0.0634054156661316,0.074846731229792,0.0878864699664363,0.102615677153105,0.119127342341845,0.137512790201464,0.157861402026853,0.180260469402476,0.204795067891665,0.231547931416372,0.26059934283598,0.292027031984601,0.325906074964724,0.362308801061129,0.401304702948547,0.4429603502288,0.487339307627369,0.534502056014896,0.584505920306023,0.637404996621124,0.693250084489609,0.752088620438982,0.813964619957985,0.878918621212874,0.946987630020036,1.01820507236386,1.09260075092078,1.17020080097045,1.25102765301888,1.33509999728384,1.42243275300267,1.51303704215854,1.60692016794361,1.70408559628711,1.80453294369457,1.908257965637,2.01525254774244
2.57018958911056,2.45832280368515,2.34899884134083,2.24225114133299,2.13810999684938,2.03660253255385,1.93775268646981,1.84158119468044,1.74810557914819,1.65734013866303,1.56929594356637,1.48398083519468,1.40139942812438,1.32155311175517,1.24444005805373,1.1700552326413,1.09839040894081,1.02943418575285,0.963172008916718,0.899586196714365,0.838655968425721,0.780357472675378,0.724663820086571,0.671545120156072,0.620968522512687,0.572898260050272,0.527295694395873,0.484119365781578,0.443325047525266,0.404865797117683,0.368692015095829,0.334751505611824,0.302989538433083,0.273348914358016,0.245770040707516,0.220191002682203,0.196547636724925,0.174773609551486,0.154800502133461,0.13655789443674,0.119973461835186,0.104973073008651,0.0914808982144585,0.079419539047905,0.0687101684646295,0.0592727229227997,0.0510261800752552,0.0438890109451339,0.0377800692646219,0.0326207096300306,0.0283440584631946,0.0249347730734358,0.0224134618703197,0.0208041742246988,0.0201330760654035,0.02043048496437,0.0217310498724549,0.0240733014993703,0.0275061398212829,0.0320945447732005,0.0379096390453914,0.0450241261684984,0.0535104229262709,0.0634404254509242,0.0748880584244056,0.0879349971524406,0.102672337183416,0.119193119414269,0.137588718939422,0.157948566406331,0.180360001598174,0.204908147053408,0.23167578237615,0.26074323475458,0.292188276941928,0.326086026494531,0.362508852634333,0.401526286406978,0.443204934171201,0.487608395750233,0.534797185409692,0.584828659716607,0.637756944660941,0.69363286782145,0.752503891918082,0.814414056743064,0.879403922846112,0.947510516476658,1.0187672820755,1.09320403877485,1.17084693628517,1.25171841749762,1.33583718294994,1.42321816011721,1.51387247712372,1.60780744119413,1.70502652017141,1.80552933034934,1.90931162485528,2.01636528483687
2.57155312622345,2.45962699322529,2.35024503232685,2.24344070052372,2.13924430707478,2.03768299103408,1.93878070312461,1.84255819043048,1.74903298420987,1.65821939083856,1.570128486531,1.48476811678363,1.40214289862101,1.32225422217993,1.24510025845728,1.17067597040344,1.09897312707701,1.02998032122998,0.963682990980384,0.900063445229675,0.839100892233186,0.780771467961884,0.725048268773643,0.671901388307727,0.621297958765161,0.573202194064635,0.52757543533476,0.48437620081239,0.443560240352261,0.405080586541176,0.368887613602624,0.334929097997783,0.303150280458583,0.273493931438108,0.245900426642142,0.220307818424261,0.196651909187261,0.174866330455806,0.154882626903808,0.136630341137914,0.120037110162324,0.105028763328738,0.0915294306652803,0.0794616727058419,0.0687466205867342,0.0593041682908107,0.0510532504869309,0.0439122949454759,0.0378001123489096,0.0326380155705798,0.0283590955545471,0.0249480014705281,0.0224253526612629,0.0208152112562776,0.0201437570659522,0.0204413237463032,0.0217425786301499,0.0240860728685188,0.0275207323799943,0.0321115715727429,0.0379297508690459,0.0450480123702271,0.0535388112785916,0.0634740818686945,0.0749277880410093,0.0879816484316487,0.102726806917015,0.119256353754106,0.137661712513664,0.158032361287897,0.18045568619549,0.205016854934112,0.231798691024122,0.260881564268881,0.292343288681626,0.326259021670063,0.362701170849461,0.401739304153076,0.443440063275653,0.487867081781404,0.535080906039978,0.585138923047214,0.638095287507996,0.694000853966131,0.752903110321492,0.814846119730298,0.879870464260452,0.94801318980455,1.01930775854634,1.09378400543768,1.17146809406197,1.2523824792168,1.33654587136088,1.42397320588866,1.51467561682808,1.60866041528045,1.70593107092851,1.80648719986246,1.91032455295662,2.0174350070514
2.57286461295928,2.46088139786652,2.35144365239595,2.24458485060615,2.14033531721368,2.03872220511343,1.93976947724322,1.84349789126812,1.74992498738722,1.65906507927253,1.57092924878733,1.48552534542926,1.40285798857755,1.32292856907796,1.24573525699458,1.17127301270892,1.0995336010818,1.03050560904756,0.964174467297683,0.90052247571121,0.839528831939726,0.78116965978359,0.725418041879877,0.672244056615671,0.621614819429485,0.573494525989182,0.527844497707431,0.484623231665472,0.44378645515056,0.405287176796214,0.369075745516881,0.335099911139844,0.303304886469919,0.273633412773241,0.246025835347328,0.220420174952585,0.196752201251167,0.174955511919956,0.154961616720788,0.136700022327187,0.120098328838377,0.105082327779179,0.0915761104841926,0.0795021979933415,0.0687816812199807,0.0593344132930622,0.0510792875382956,0.0439346901243946,0.0378193903274405,0.0326546608905105,0.0283735586341858,0.024960724899292,0.0224367895443907,0.0208258269706439,0.0201540303400807,0.0204517487788186,0.0217536672999446,0.0240983567154917,0.0275347678961611,0.0321279484073316,0.0379490949629519,0.0450709867626658,0.0535661159607806,0.0635064535181816,0.0749660010567774,0.0880265188890148,0.102779197374482,0.119317174246016,0.137731919700189,0.15811295746285,0.180547718219421,0.205121413102919,0.231916907873527,0.261014613323039,0.292492383149676,0.326425413091264,0.362886147690806,0.401944190361059,0.443666216783893,0.488115892976506,0.535353796187068,0.585437342678668,0.638420714774977,0.694354792955511,0.753287089338873,0.815261689553403,0.88031919636377,0.948496674555901,1.01982760337919,1.09434183300125,1.17206554034887,1.25302119167151,1.33722750697021,1.42469942925642,1.51544809823641,1.60948082874016,1.7068010922199,1.80740850457008,1.91129881449793,2.01846389470111
2.57412665532678,2.46208851019176,2.35259708328351,2.24568586508031,2.14138519517359,2.0397222397773,1.94072097358357,1.84440216443953,1.75078336114809,1.6598788844024,1.57169982150162,1.48625402579374,1.40354611892388,1.32357749242004,1.24634631544868,1.1718475459193,1.10007294465319,1.03101109298636,0.964647414463757,0.900964200282143,0.839940637889136,0.78155283937333,0.725773874168288,0.672573805983933,0.621919734128235,0.573775836706302,0.528103416158173,0.484860949207061,0.444004141423558,0.405485978390959,0.369256784668849,0.335264284454737,0.303453663679208,0.273767635521823,0.246146516018259,0.220528295526843,0.196848712203445,0.175041331153257,0.155037628542262,0.136767076465576,0.120157239508801,0.105133872795992,0.0916210304270064,0.0795411954367636,0.0688154200321087,0.0593635180283248,0.0511043429666498,0.0439562409825551,0.0378379415068014,0.0326706786651468,0.028387476441183,0.024972968642001,0.0224477952455275,0.0208360424619072,0.0201639163014473,0.0204617807771284,0.021764337915741,0.0241101774490853,0.0275482742592589,0.0321437078187932,0.0379677097650717,0.0450930949974144,0.0535923912290028,0.0635376047239412,0.0750027734034368,0.0880696976850313,0.102829612659037,0.119375701744242,0.137799480005206,0.158190515080986,0.180636280543532,0.205222029323654,0.232030667828871,0.261142646294105,0.2926358566064,0.326585531388618,0.363064150719281,0.402141352153035,0.443883844077528,0.488355323739432,0.535616398101287,0.585724511590027,0.638733873106851,0.694695388089188,0.753656591961299,0.815661591976419,0.8807510108157,0.948961931446097,1.02032784953926,1.09487862990491,1.17264046231015,1.2536358240246,1.33788344423184,1.42539827327316,1.5161914563191,1.61027031178769,1.70763831283401,1.80829507516406,1.91223634539975,2.01945399225212
2.57534169890358,2.46325066933557,2.35370756010054,2.24674587748499,2.14239597540131,2.04068503288647,1.9416370359492,1.84527276223948,1.75160976884365,1.66066238321454,1.57244169788475,1.48695556990921,1.40420862311457,1.32420224968566,1.24693461792475,1.17240068336135,1.1005922029277,1.03149775256993,0.965102748952597,0.901389474913525,0.840337108076353,0.781921749254062,0.726116455168406,0.67289127539873,0.622213293723163,0.574046671338106,0.528352692417505,0.48508981408469,0.444213721002321,0.405677376561871,0.369431081875038,0.335422536464021,0.303596900385974,0.27389685977984,0.246262702509168,0.220632389662392,0.196941629062399,0.175123954455669,0.155110809663452,0.136831633490163,0.120213956330317,0.105183498262781,0.0916642775392995,0.0795787406051049,0.0688479024019724,0.059391538895568,0.0511284653242422,0.0439769892810723,0.0378558018353488,0.03268609993363,0.028400875945376,0.0249847564245016,0.0224583910914505,0.0208458775255808,0.0201734341070046,0.0204714391811745,0.0217746111549901,0.0241215579754413,0.0275612776418318,0.0321588803456146,0.0379856313470499,0.0451143799156685,0.0536176879993047,0.0635675958505801,0.0750381763382058,0.0881112684912933,0.102878150465096,0.119432049662993,0.137864524346641,0.158265184432963,0.18072154478333,0.205318898569784,0.232140191333467,0.261265911283554,0.292773987073747,0.326739686838338,0.363235524868017,0.402331171587867,0.444093366873337,0.488585838037582,0.535869220650944,0.586000986255368,0.639035369339833,0.695023299370235,0.754012334208587,0.816046601927704,0.881166744383522,0.949409862046963,1.02080946640035,1.09539543635027,1.17319397402593,1.25422756730673,1.33851495421681,1.42607109215437,1.5169071315507,1.61103039427827,1.70844435513158,1.80914862963523,1.91313896240346,2.02040721830914
2.57651204049342,2.46437007213395,2.35477718198764,2.24776689156764,2.14336956858041,2.04161240441421,1.94251939597798,1.84611133036393,1.75240577263706,1.66141705676119,1.57315628030984,1.48763130390849,1.40484675348506,1.32480402185703,1.24750127649429,1.17293347063392,1.10109235746218,1.03196650773363,0.965541331485568,0.901799103504398,0.840718991951214,0.782277086778222,0.726446432463037,0.673197064974295,0.622496053131636,0.574307541844829,0.528592797693751,0.485310258922933,0.444415590056314,0.405861733109994,0.369598966610443,0.335574966312363,0.303734867351375,0.274021329820636,0.246374614448037,0.220732654128967,0.197031127469294,0.17520353801049,0.155181298419045,0.136893815433455,0.120268586515054,0.105231297986847,0.0917059335713332,0.0796149044702096,0.0688791897311796,0.0594185288627961,0.0511517002097019,0.0439969742405724,0.0378730050745631,0.0327009538468713,0.0284137824759234,0.0249961105293057,0.0224685971115474,0.0208553507529414,0.0201826017483142,0.0204807422482928,0.0217845064372543,0.0241325198072334,0.0275738026242477,0.0321734946685091,0.0380028935861543,0.0451348817524296,0.0536420540903145,0.0635964835904951,0.0750722767834523,0.0881513098893311,0.102924902543947,0.11948632451706,0.137927175678181,0.158337106666678,0.18080367211429,0.205412203953796,0.232245685420215,0.26138464129989,0.292907035660519,0.326888170841343,0.363400594086538,0.402514007482303,0.444295181233445,0.48880787161344,0.536112741747935,0.586267289296318,0.639325773393958,0.695339146651204,0.754354988542324,0.816417447193748,0.881567182930756,0.94984131308425,1.02127336436556,1.09589322925947,1.17372712180253,1.25479754009355,1.33912323067202,1.42671915773337,1.51759647677612,1.61176251300012,1.70922074277893,1.80997078146245,1.91400837173108,2.02132537476077
2.57763983881163,2.46544878334474,2.35580792188091,2.24875079060643,2.14430777052039,2.04250606491335,1.94336968119825,1.84691941556628,1.75317284077109,1.66214429705079,1.57384488683655,1.48828247419464,1.40546168707785,1.32538391891334,1.24804733636884,1.17344689047236,1.10157433080033,1.03241822310448,0.965963971035744,0.90219384162179,0.84108699390514,0.782619507372026,0.726764414701012,0.673491738744793,0.622768533908277,0.574558929406638,0.528824174865249,0.485522690336108,0.444610120936503,0.406039388084175,0.369760748541366,0.33572185515926,0.303867819057868,0.274141275231358,0.246482458258373,0.220829273866111,0.197117372505492,0.175280228610964,0.155249224826772,0.136953736991124,0.120321230829334,0.105277360135608,0.0917460753583796,0.0796497537369528,0.0689093397297506,0.0594445377134706,0.0511740904801775,0.0440162327236594,0.0378895829561167,0.0327152678031706,0.0284262198391442,0.0250070518992562,0.0224784321309988,0.0208644796175208,0.0201914361352494,0.0204897071381518,0.0217940420145529,0.0241430831637499,0.0275858723090532,0.0321875777438481,0.0380195283228837,0.0451546383236909,0.053665534445709,0.0636243212276226,0.075105137638038,0.0881898957361967,0.102969955130609,0.119538626417351,0.137987549561292,0.158406414443938,0.180882814021695,0.205502117579084,0.232347344674786,0.261499055342686,0.293035247777141,0.327031257278947,0.363559662847874,0.402690197080319,0.444489659407935,0.489021834011781,0.53634741057114,0.586523911913447,0.639605620924532,0.69564351251787,0.754685186994356,0.816774811805066,0.881953065073232,0.950257080376866,1.0217203991027,1.09637292682015,1.17424088904025,1.25534679370975,1.33970939557391,1.42734366537834,1.51826076350459,1.6124680183589,1.70996890783653,1.81076304711899,1.91484617702319,2.02221015516249
2.5787271242897,2.46648874502546,2.35680163547271,2.24969934596378,2.14521227031291,2.0433676232854,1.94418942242085,1.8476984726826,1.75391235423672,1.66284541337023,1.5745087571975,1.48891025310195,1.40605453098852,1.32594298487213,1.24857378064719,1.17394186721197,1.10203899066276,1.03285371192817,0.966371428502159,0.902574399932394,0.841441776470377,0.782949627512323,0.727070974361592,0.673775827226091,0.623031226613799,0.574801286609081,0.529047240491845,0.485727490775071,0.44479766386652,0.40621066132551,0.369916718931875,0.335863467456017,0.303995994865031,0.274256911955703,0.246586428096762,0.220922422823151,0.197200519442226,0.175354164326999,0.155314711177927,0.137011506042935,0.120371984051338,0.105321767637044,0.0917847751696975,0.0796833511462053,0.0689384066782294,0.0594696122726209,0.0511956764459882,0.0440347994023394,0.0379055653259956,0.0327290675726567,0.028438210426643,0.0250176002326463,0.0224879138562802,0.0208732805544687,0.020199953172797,0.0204983499906892,0.0218032350542609,0.0241532670627279,0.0275975084259032,0.0322011549260938,0.0380355655055833,0.0451736851981913,0.0536881713383412,0.0636511588794472,0.0751368180629961,0.0882270954999119,0.103013389335499,0.119589049525582,0.138045754690082,0.158473232542986,0.180959112988664,0.205588801321628,0.232445352119399,0.261609359397241,0.293158854250269,0.327169203756792,0.36371301753144,0.402860057584822,0.444677151525551,0.489228110439765,0.536573649606531,0.586771316117231,0.639875415755003,0.695936944935266,0.755003524037406,0.817119339142967,0.882325085533794,0.950657912451376,1.02215137543069,1.09683539265574,1.17473620069986,1.25587631700396,1.34027450422435,1.42794573942151,1.51890118768458,1.61314818051104,1.71069019726317,1.81152685296018,1.91565388662236,2.02306315242852
2.57977580808074,2.46749178514681,2.35776006944213,2.25061422494287,2.14608465782341,2.04419859391641,1.94498006052862,1.84844987108407,1.75462561289812,1.66352163809195,1.57514905829682,1.48951574409557,1.40662632727595,1.3264822024198,1.24908153467566,1.17441927088767,1.10248715379554,1.03327373967597,0.966764420084573,0.90294144735455,0.841783963258492,0.783268027460823,0.727366650293553,0.674049829768721,0.623284592990763,0.575035039450418,0.529262386662439,0.485925020223472,0.444978548495993,0.406375853885928,0.370067151935633,0.336000052118661,0.304119620071185,0.274368443251682,0.246686706713991,0.221012264730699,0.19728071442927,0.175425475117539,0.155377872579763,0.13706722413122,0.12042093539147,0.105364598547506,0.0918221010290634,0.0797157557531045,0.0689664416684315,0.0594937966145244,0.0512164960494097,0.0440527069118001,0.0379209802768732,0.032742377411583,0.0284497753146219,0.0250277740705866,0.022497058953694,0.0208817690334462,0.0202081678316,0.0205066859976966,0.0218121017152497,0.0241630894047006,0.0276087314279365,0.0322142500802516,0.0380510333232724,0.0451920558551726,0.0537100045577318,0.0636770437192849,0.0751673737439252,0.0882629745675766,0.103055281504174,0.119637682471907,0.138101893373389,0.158537678411925,0.181032703128095,0.205672407547945,0.232539880024571,0.26171574734818,0.293278072346576,0.327302252747387,0.363860927693195,0.40302388756453,0.444857987146605,0.489427063475434,0.536791856520997,0.587009936777193,0.64013563211154,0.696219959678029,0.755310559221694,0.817451634793108,0.882683898223555,0.951044513861901,1.02256705088906,1.09728143965578,1.17521392740495,1.25638704073459,1.34081954993116,1.42852643814582,1.51951887500819,1.61380419499723,1.71138587889015,1.81226354154962,1.91643292026311,2.02388586589681
2.58078769033893,2.46845962551177,2.35868486902194,2.25149699801063,2.14692643057862,2.04500040323755,1.94574295271855,1.84917490060944,1.75531384112395,1.66417413201271,1.57576688926534,1.49009998655183,1.40717805747669,1.32700249716875,1.24957147005686,1.17487992100314,1.10291958950848,1.03367902736095,0.967143620386189,0.903295613956117,0.84211414166197,0.783575253777895,0.727651950049571,0.674314216721159,0.623529067963925,0.575260589187116,0.529469982693578,0.486115617757269,0.445153085328645,0.406535249332389,0.370212305783578,0.336131843606287,0.304238906889423,0.274476060572172,0.246783466246765,0.221098953809967,0.197358095128084,0.175494283393572,0.155438817454153,0.137120986900776,0.120468168878836,0.105405926389862,0.0918581170094634,0.079747023182891,0.0689934928247822,0.0595171322536437,0.0512365850290476,0.044069985991792,0.0379358542698127,0.0327552201674108,0.0284609343551866,0.0250375908773279,0.0225058831215714,0.0208899596256435,0.0202160942128131,0.0205147294686332,0.0218206572178907,0.0241725670505467,0.0276195605803827,0.0322268856852584,0.038065958327765,0.0452097818294171,0.0537310715824432,0.0637020201806469,0.0751968571322287,0.0882975945286365,0.103095703548073,0.119684608738881,0.138156061977997,0.158599862677524,0.181103710763671,0.205753079775176,0.232631090655425,0.261818401819394,0.293393106713978,0.327430632640547,0.364003647233406,0.403181968247422,0.445032476690693,0.489619034638453,0.537002405885111,0.587240183505819,0.640386716677467,0.696493042564837,0.75560681959901,0.817772269169001,0.883030119074761,0.951417548242371,1.0229681390198,1.09771183349758,1.17567488921371,1.25687984160199,1.34134546831126,1.42908675836961,1.5201148857878,1.61443718792164,1.71205714691365,1.8129743774754,1.91718461522239,2.02467970782442
2.58176446783888,2.46939388904332,2.35957758496219,2.25234914544496,2.14773900010509,2.04577439576269,1.94647937824632,1.84987477702436,1.75597819296962,1.66480398926685,1.57636328611285,1.49066396015764,1.40771064675946,1.32750474157517,1.25004440833889,1.17532458999946,1.10333702293135,1.03407025458971,0.96750966526898,0.903637493621316,0.842432865340423,0.783871821635948,0.727927352034503,0.674569431420633,0.623765061481113,0.575478314032222,0.52967037669264,0.486299602979913,0.44532156703654,0.40668911494713,0.370352423876922,0.336259062913432,0.304354055345832,0.274579944375263,0.246876868946295,0.221182635425527,0.197432791294482,0.175560704536245,0.155497647996501,0.137172884503697,0.120513763716901,0.1054458204647,0.0918928835042896,0.0797772058663504,0.0690196055080095,0.0595396583203422,0.0512559770711045,0.044086665616738,0.0379502122462674,0.0327676173755133,0.0284717062603727,0.0250470671141812,0.022514401156717,0.020897866065454,0.0202237456077876,0.0205224938911921,0.0218289159084775,0.0241817158928555,0.0276300140421048,0.0322390829291266,0.0380803655460526,0.0452268928447223,0.0537514077387131,0.0637261301453089,0.0752253176671224,0.088331013435569,0.103134723248898,0.119729907014808,0.138208351336524,0.158659889613463,0.181172254964534,0.205830953278535,0.232719136958495,0.261917494947019,0.293504150247839,0.327554558710078,0.364141415471317,0.403334564711071,0.445200912750587,0.489804345835641,0.537205650758548,0.587462442392308,0.640629090483908,0.696756651514695,0.75589280195353,0.818081779926357,0.883364328647802,0.951777641115437,1.02335531238749,1.09812729588699,1.17611985908991,1.25735554595924,1.34185314125081,1.42962763966576,1.52069021944401,1.61504822071839,1.71270512694936,1.81366055270265,1.91791023197979,2.02544600936508
2.5827077409941,2.47029610649739,2.36043967994462,2.25317206345764,2.14852369776766,2.04652183964969,1.94719054371767,1.85055064705024,1.75661975695085,1.66541224185198,1.57693922601333,1.49120858896271,1.40822496775193,1.32798975854777,1.25050112441346,1.1757540064502,1.10374013801325,1.03444806237346,0.96786315448383,0.903967646507221,0.842740656510705,0.784158216950351,0.728193307484226,0.674815892026903,0.623992960208897,0.57568857071977,0.529863896997716,0.486477277344325,0.445484269670672,0.406837702833216,0.370487735793933,0.336381918484184,0.30446525410686,0.274680264870691,0.246967067849419,0.221263446686584,0.197504925315346,0.175624847374123,0.155554460598457,0.137223001972269,0.120557794611107,0.105484346136973,0.0919264574771461,0.0798063532566835,0.0690448225027705,0.0595614117227398,0.0512747039487178,0.0441027731155813,0.0379640777312459,0.0327795893482536,0.0284821086795451,0.0250562183076074,0.0225226270156137,0.0209055013072844,0.0202311345530486,0.02052999198709,0.0218368913185664,0.0241905509216635,0.0276401089407095,0.0322508617965851,0.038094278583825,0.0452434169368484,0.0537710463465748,0.0637494131165485,0.0752528019801308,0.0883632860440059,0.10317240453897,0.119773651519224,0.138258847123133,0.158717857571636,0.181238448037801,0.20590615565085,0.232804163194363,0.262013189091448,0.293611384888846,0.327674234004223,0.364274458135044,0.403481926979087,0.445363571302483,0.489983300692481,0.537401924150449,0.587677077599552,0.640863150651298,0.697011218441028,0.75616897485667,0.818380674187004,0.883687074532591,0.952125382479835,1.02372920536125,1.09852850754364,1.17654956610006,1.25781493323017,1.34234340055299,1.43014996824812,1.52124581863955,1.61563829454192,1.71333088068839,1.81432319150389,1.9186109594313,2.02618602607527
2.58361902032778,2.47116772265209,2.36127253449669,2.25396706983953,2.14928178015253,2.04724393182791,1.94787758796703,1.85120359300066,1.75723956044477,1.6659998638016,1.57749563125591,1.49173474511571,1.40872184406895,1.32845832477503,1.25094234964903,1.17616885800718,1.10412958028795,1.0348130557198,0.968204654095464,0.904286601308611,0.843038008058363,0.784434898344108,0.72845024229009,0.675053993212989,0.624213129095982,0.575891695947145,0.530050853505157,0.486648925371747,0.4456414537771,0.406981250933867,0.370618458218175,0.336500607054971,0.304572681242145,0.274777182708034,0.247054207397366,0.221341517001341,0.197574612703463,0.175686814623206,0.155609346237647,0.137271419562776,0.120600332070921,0.105521565100287,0.0919588926921678,0.0798345120294572,0.0690691841906401,0.0595824272959408,0.0512927956504258,0.0441183342822826,0.0379774729284297,0.0327911552571118,0.0284921582707579,0.0250650591119932,0.0225305738708517,0.0209128775779321,0.0202382728809835,0.0205372357635041,0.021844596219688,0.0241990862850635,0.0276498614417992,0.0322622411498825,0.038107719720913,0.0452593805668733,0.0537900188545781,0.0637719063788659,0.0752793540836297,0.0883944640341247,0.103208807759734,0.119815912302981,0.138307630199934,0.158773859379814,0.181302395982644,0.205978807318456,0.232886305520941,0.26210563749379,0.29371498235864,0.327789850166628,0.364402988274253,0.403624291032028,0.445520712821851,0.490156185780748,0.537591540365861,0.587884432836536,0.641089271995048,0.697257150998022,0.756435780561636,0.8186694305893,0.88399887356261,0.952461329195894,1.02409041667964,1.09891611095323,1.1769646983613,1.2582587390608,1.34281703130114,1.43065458055459,1.52178257309069,1.61620835431491,1.71393541018995,1.8149633550047,1.91928791969628,2.02690094299075
2.58449973244418,2.47201010201913,2.36207745244894,2.25473540917004,2.15001443403471,2.04794180272985,1.94854158655951,1.85183463705996,1.75783857375135,1.66656777503558,1.57803337289083,1.49224325231206,1.40920205356847,1.32891117379555,1.25136877478198,1.1765697941189,1.10450595942581,1.0351658060244,0.968534698720196,0.90459485734799,0.843325385486087,0.784702298960864,0.728698558682535,0.675284107725372,0.624425912815906,0.576088007706102,0.530231538894651,0.486814815776499,0.44579336542693,0.407119983973074,0.370744795795096,0.336615314432288,0.304676504928448,0.274870849611791,0.247138424006762,0.221416968588573,0.197641962554169,0.17574670329298,0.155662390837326,0.137318213072768,0.12064144268857,0.105557535620783,0.0919902399265579,0.0798617262671207,0.069092728709746,0.0596027379397436,0.0513102804987173,0.0441333734777878,0.037990418807948,0.0328023332084732,0.0285018707666074,0.0250736033675837,0.0225382541632018,0.0209200064249203,0.0202451717666168,0.020544236560538,0.0218520426738352,0.0242073353451336,0.0276592868128763,0.032273238803352,0.0381207099993645,0.0452748087257977,0.0538083549641105,0.063793645145376,0.0753050155448338,0.0884245962149474,0.103243989900288,0.119856755525171,0.138354776936643,0.158827982708611,0.181364198909321,0.206049022017256,0.23296569253172,0.262194984881659,0.293815104838655,0.327901588193947,0.364527207102378,0.403761879740265,0.445672583313128,0.490323271751376,0.537774796248228,0.588084832717079,0.641307808507242,0.697494834192137,0.756693636751723,0.818948501180271,0.884300213858026,0.952786007186893,1.02443951181757,1.09929071290739,1.17736590576157,1.25868765822742,1.34327477496236,1.43114226655379,1.52230132308444,1.61675929246371,1.71451966184261,1.81558204537855,1.91994217255339,2.02759187931115
2.58535122554386,2.47282453411899,2.36285566597569,2.25547825762865,2.15072278096615,2.0486165206614,1.949183555949,1.85244474523502,1.75841771384454,1.6671168449166,1.57855327409694,1.49273488897831,1.40966633135871,1.32934899883394,1.25178105258705,1.1769574285413,1.10486985159078,1.03550685328,0.968853793592758,0.904892886505961,0.843603228713351,0.784960828139442,0.728938636786113,0.675506587825034,0.624631637099545,0.576277806512119,0.530406229760714,0.486975202504829,0.445940237167631,0.407254114324392,0.370866941923183,0.33672621621103,0.30477688409983,0.274961408967944,0.247219846597008,0.221489916950121,0.19770707796711,0.17580460506146,0.155713675598556,0.137363454134094,0.12068118939649,0.105592312762398,0.0920205471668921,0.0798880376294284,0.0691154921022106,0.0596223747458305,0.0513271852595261,0.0441479137242077,0.0380029351874479,0.0328131403136277,0.0285112610350531,0.025081864153988,0.022545679649712,0.0209268987611401,0.0202518417708132,0.0205510050950632,0.0218592420800943,0.0242153107295955,0.027668399482368,0.0322838715922823,0.0381332693047929,0.0452897250311606,0.0538260827442227,0.0638146626939416,0.0753298256464958,0.0884537287130372,0.103278004817713,0.119896243708899,0.13840035950583,0.158880310410415,0.181423951426205,0.206116907232426,0.233042445752918,0.262281368028694,0.29391190559712,0.32800961913557,0.36464730477451,0.403894903725602,0.445819415260774,0.490484814380794,0.537951972327002,0.588278584014786,0.641519094725173,0.697724631870551,0.756942938155077,0.819218313163221,0.884591556712774,0.953099913472277,1.02477702517243,1.09965288684954,1.17775380247209,1.25910234732263,1.34371733225401,1.43161377279901,1.52280286272709,1.61729195236849,1.71508453002309,1.8161802097212,1.92057471953771,2.02825989272687
2.58617477452209,2.47361223835751,2.3636083402546,2.25619672744278,2.15140788151699,2.04926909584179,1.9498044573221,1.85303483100831,1.75897784783996,1.66764789553775,1.57905611329461,1.49321039121586,1.41011537257809,1.3297724554223,1.25217980034582,1.17733234165876,1.10522180161922,1.0358367081185,0.969162416476907,0.905181135005709,0.84387195374002,0.785210872961816,0.729170836056983,0.675721766619579,0.624830609966914,0.57646137654084,0.530575187658677,0.487130325695242,0.446082288902436,0.407383842814052,0.37098507948533,0.336833478438523,0.304873969048679,0.275048996366193,0.247298597077814,0.221560471307683,0.197770056436123,0.175860606621881,0.155763277307279,0.137407210483784,0.120719631705309,0.105625948595095,0.0920498597905877,0.079913485510982,0.0691375084504491,0.0596413671153455,0.0513435352434501,0.0441619767918788,0.038015040807038,0.0328235927534783,0.0285203431356441,0.0250898538396415,0.0225528614481676,0.0209335649061195,0.0202582928802148,0.0205575515012459,0.0218662052177532,0.0242230243795677,0.027677213094189,0.0322941554365818,0.0381454164415773,0.0453041518163513,0.0538432287377759,0.0638349904930191,0.0753538215354599,0.0884819051469323,0.103310903440732,0.119934435977719,0.138444446155849,0.158930920832707,0.181481742997558,0.206182564604883,0.233116680103047,0.262364916271777,0.294005529568653,0.328114104740473,0.364763461106498,0.404023562157767,0.445961428508446,0.490641055538176,0.538123333878488,0.588465976823155,0.641723446996445,0.697946888097087,0.75718405803741,0.819479270513266,0.884873338338992,0.953403518047212,1.02510346208501,1.10000317504343,1.17812896926995,1.25950342723834,1.34414536579354,1.43206980525145,1.52328794294724,1.61780713155254,1.71563086047844,1.81675874363226,1.92118650772813,2.02890598341881
2.58697158568589,2.47437436853752,2.3643365777778,2.25689187100302,2.1520707391996,2.04990048414133,1.95040520015438,1.85360575871776,1.75951979620317,1.66816170476424,1.57954262702591,1.49367045552448,1.41054983496717,1.33018216382571,1.25256560213069,1.17769508263148,1.10556232503576,1.03615585370024,0.969461019433131,0.905460025064007,0.844131954185537,0.785452799685282,0.729395496612879,0.675929959295716,0.625023122866819,0.57663898667951,0.530738660072423,0.487280412567005,0.446219728703981,0.407509359464011,0.37109938152549,0.336937258228893,0.304967901981783,0.275133740101634,0.247374790800251,0.221628735006925,0.197830990209968,0.175914790003456,0.15581126861842,0.137449546214679,0.120756825924038,0.105658492387516,0.0920782207337962,0.0799381071869882,0.0691588100032728,0.0596597428676766,0.0513593543993997,0.0441755832799128,0.0380267533986254,0.0328337058384097,0.0285291303715377,0.0250975841275688,0.0225598100782272,0.020940014624205,0.0202645345441911,0.0205638853680434,0.021872942286183,0.0242304875937467,0.0276857405582234,0.0323041053996821,0.0381571692024378,0.0453181102132429,0.0538598180596485,0.0638546583180891,0.0753770383601022,0.0885091667885313,0.103342733958149,0.11997138827439,0.138487101463352,0.158979888107943,0.181537658274542,0.206246090307351,0.233188504318102,0.262445751989585,0.294096113890519,0.328215198055679,0.364875846240256,0.404148043491332,0.446098831072403,0.49079222408035,0.538289131907361,0.588647285628914,0.641921164649434,0.69816192842524,0.757417349583071,0.819731755472008,0.885145971480992,0.953697265621533,1.02541930070918,1.10034209057951,1.17849195568693,1.259891485463,1.34455950255019,1.43251103189221,1.52375727427417,1.61830558463313,1.71615945345524,1.81731849452889,1.92177843325156,2.02953109775904
2.58774280112185,2.47511201703661,2.36504142234381,2.25756468467359,2.15271230410219,2.05051159054246,1.95098664550348,1.85415834668635,1.76004433572043,1.66865900904988,1.58001351262143,1.49411574132426,1.41097034125025,1.33057871128803,1.25293901091966,1.1780461713839,1.10589190991996,1.03646474746346,0.969750030455474,0.905729956419977,0.844383602714134,0.785686955068625,0.729612940464611,0.676131464260488,0.625209451732144,0.576810891500563,0.530896881310483,0.487425678242861,0.446352753567691,0.407630844179985,0.371210011875237,0.337037704331949,0.305058817535237,0.275215761639287,0.247448536974422,0.221694805891676,0.197889966626334,0.175967232868394,0.155857718318958,0.137490522007491,0.120792825363949,0.105689990785381,0.0921056706468679,0.0799619379482248,0.0691794272926557,0.0596775283411855,0.0513746654013114,0.0441887526907817,0.0380380897501195,0.032843494063724,0.0285376353376684,0.0251050660977581,0.0225665354995117,0.0209462571599162,0.0202705757090534,0.0205700157739229,0.021879462941769,0.0242377110693182,0.0276939940970689,0.0323137357430794,0.0381685444328596,0.045331620228706,0.0538758744876726,0.0638736943594688,0.0753995093975973,0.0885355527125319,0.10337354199333,0.120007153563434,0.138528386567109,0.159027282421973,0.181591777401727,0.206307575392589,0.233258021345276,0.262523991045691,0.294183788399179,0.328313043980412,0.364984621259815,0.404268526148073,0.446231819894698,0.490938536680441,0.538449604055504,0.588822770305872,0.64211253107711,0.698370061076943,0.757643147173852,0.819976129931577,0.885409846909724,0.953981577229962,1.02572499374323,1.1006701192327,1.1788432819993,1.26026707820883,1.34496033611507,1.43293808514092,1.5242115294106,1.61878802605378,1.71667106659719,1.81786026471407,1.9223513445276,2.03013613173739
2.58848950274386,2.47582621867866,2.36572386275691,2.25821611232362,2.15333347625596,2.05110327234713,1.95154960906079,1.85469337012234,1.76055220225173,1.66914050604723,1.58046943067177,1.49454687329265,1.41137748134236,1.33096265411322,1.25330055055619,1.17838610044741,1.10621101863607,1.03676382274549,0.970029854988411,0.905991307751828,0.844627252355618,0.785913667601062,0.729823472657319,0.676326564198873,0.625389857957795,0.576977332163866,0.531050073336453,0.487566326511458,0.446481550109965,0.40774846738906,0.371317125734409,0.337134957660368,0.305146843251611,0.275295176044586,0.247519939056515,0.221758776650701,0.197947068421378,0.176018008787139,0.155902691571717,0.137530195345873,0.120827680527525,0.1057204879768,0.0921322480384226,0.0799850112261174,0.0691993892419447,0.0596947484865533,0.0513894897285083,0.044201503499438,0.0380490657649313,0.0328529711610148,0.0285458699653855,0.02511231024643,0.0225730471469031,0.0209523012707101,0.0202764248497618,0.0205759513190384,0.0218857763321339,0.0242447049398687,0.0277019852893556,0.0323230599768796,0.0381795580907954,0.0453447008155165,0.053891420546906,0.0638921253222218,0.0754212661718568,0.0885610999349171,0.103403370765898,0.120041782018851,0.138568359384693,0.159073170262788,0.181644176301135,0.206367106116087,0.233325328707819,0.262599743199207,0.29426867609044,0.328407779779642,0.365089938762229,0.404385179149318,0.446360581541165,0.491080198595793,0.538604975444246,0.588992677035966,0.642297814741413,0.698571578034942,0.757861767574091,0.820212736717214,0.885665334807725,0.954256851724311,1.02602097003432,1.10098772118409,1.17918344107167,1.26063073238306,1.34534842880499,1.43335156409715,1.52465134561676,1.61925513261638,1.71716641763027,1.81838481422017,1.92290604527545,2.030721934137
2.58921271604717,2.47651795432454,2.36638483625812,2.25884704860227,2.15393510875817,2.05167634215153,1.95209486398179,1.8552115638092,1.76104409328411,1.66960685702828,1.58091100731967,1.49496444353198,1.41177181439622,1.33133451959563,1.25365071756681,1.17871533666929,1.10652008943744,1.03705349028643,0.970300877333677,0.906244437990814,0.844863237730327,0.786133248642072,0.730027382328936,0.676515527054658,0.625564589307698,0.577138537253507,0.531198446539184,0.487702550534466,0.446606295215701,0.407862390631053,0.371420870209629,0.337229151778649,0.305232100022507,0.275372092382643,0.247589095107784,0.221820735139321,0.198002374016816,0.176067187493655,0.155946250141472,0.137568620715872,0.120861439283692,0.105750025845605,0.0921579894089686,0.0800073587087408,0.0692187232662192,0.0597114269533568,0.0514038477402299,0.0442138532174194,0.0380596965171559,0.0328621501458133,0.0285538455638538,0.025119326522458,0.0225793539632821,0.0209581552573683,0.0202820899993323,0.0205817001550705,0.0218918911278785,0.0242514788105484,0.027709725109922,0.0323320909066763,0.0381902253020383,0.0453573699381184,0.0539064775877911,0.0639099765188214,0.0754423385629134,0.088585843541395,0.103432261241701,0.120075321198213,0.138607074813447,0.159117614651228,0.181694926935676,0.206424764235368,0.233390518843433,0.262673112485628,0.294350893546245,0.328499535560375,0.365191943387063,0.404498162702433,0.446485292848782,0.491217404380185,0.538755459455502,0.589157239163466,0.642477270104787,0.69876675605595,0.758073511029799,0.820441900776834,0.885912786053608,0.954523467157444,1.02630763606646,1.10129533261766,1.17951290006724,1.26098294741628,1.34572431361359,1.4337520366192,1.52507732692164,1.61970754582961,1.71764618685317,1.81889286344609,1.92344329730273,2.03128930947946
2.58991341359284,2.47718815420486,2.36702523170985,2.25945834197852,2.15451801067075,2.0522315706071,1.95262314351311,1.8557136246022,1.76152067030166,1.67005868913142,1.58133883638751,1.49536901358139,1.41215387070209,1.33169480781165,1.25398998284829,1.17903432279907,1.10681953795556,1.03733413962469,0.970563461956062,0.906489687540821,0.845091876186119,0.78634599347933,0.730224943692629,0.676698606940865,0.625733880756668,0.577294723554487,0.531342200447641,0.487834533502903,0.446727156639331,0.407972767107392,0.371521384814148,0.337320413356934,0.305314702499322,0.27544661408883,0.247656098127738,0.221880764677925,0.198055957786373,0.176114835122367,0.155988452604814,0.137605849791065,0.120894147030471,0.105778644113663,0.0921829293749255,0.0800290104484902,0.0692374553654426,0.0597275861704253,0.0514177587448094,0.0442258184523507,0.038069996302791,0.032871043361813,0.0285615728584798,0.0251261243611733,0.0225854644299143,0.0209638269922009,0.0202875787761315,0.0205872700129253,0.0218978155520436,0.0242580417907069,0.0277172239671056,0.032340840677062,0.0382005604116151,0.0453696446336647,0.0539210658586998,0.0639272719551575,0.0754627549084471,0.0886098168066144,0.103460252272004,0.120107816204258,0.138644584917014,0.159160675355112,0.18174409755367,0.206480627287782,0.233453679418354,0.262744197570331,0.29443055133079,0.328588434713735,0.365290772307857,0.404607628745173,0.446606121526527,0.491350338544887,0.538901258456805,0.589316677987839,0.642651138494791,0.698955857611003,0.75827866228884,0.820663930285141,0.886152533414273,0.954781782067835,1.02658537734173,1.1015933672024,1.1798321020351,1.2613241969594,1.34608849602234,1.43414004125356,1.52549004617538,1.62014587408864,1.71811101944881,1.81938509560507,1.92396382309396,2.03183902075845
2.59059251824446,2.47783770101582,2.36764589255392,2.26005079756492,2.15508294971287,2.0527696889853,1.95313514343275,1.85620021374759,1.76198256098683,1.67049659744848,1.58175348135361,1.49576111628555,1.41252415345261,1.33204399328394,1.25431879323476,1.17934347896191,1.10710975858332,1.03760614039345,0.97081795469634,0.906727379411223,0.845313468854488,0.786552182311417,0.730416416949376,0.676876044985437,0.625897955272391,0.577446096774173,0.531481524394933,0.487962449246798,0.446844293563094,0.40807974219097,0.371618801932142,0.337408862592571,0.305394759474813,0.27551883931301,0.247721036363649,0.221938944329263,0.198107890303309,0.176161014428256,0.15602935454509,0.137641931604532,0.12092584684606,0.105806380473065,0.0922071007838268,0.080049994962094,0.0692556102109901,0.0597432474204832,0.051431241063931,0.0442374149632128,0.0380799786873142,0.0328796625219492,0.0285690620266057,0.0251327127157652,0.0225913865946759,0.0209693239452464,0.0202928984092299,0.0205926682284628,0.0219035574074755,0.0242644025242097,0.0277244917373822,0.0323493208120448,0.0382105770315275,0.0453815410687159,0.0539352045733197,0.0639440344104282,0.0754825420980935,0.0886330513049019,0.103487380722788,0.120139309834992,0.138680939098603,0.159202409088148,0.181791752915972,0.206534768848548,0.233514893619107,0.262813092076928,0.294507754358482,0.328674594325601,0.365386555688632,0.40471372145133,0.446723226713512,0.491479176172713,0.539042564474783,0.589471203500237,0.642819648907236,0.69913913175897,0.758477491548568,0.820879117669225,0.886384892652358,0.955032136672775,1.02685455966319,1.10188221746896,1.1801414673847,1.26165493045994,1.34644145568283,1.4345160890272,1.52589004695568,1.62057069469987,1.71856152763151,1.8198621589984,1.92446830821495,2.03237179197895
2.59125090617683,2.47846743279695,2.36824761956147,2.26062517974242,2.15563065476388,2.05329139156169,1.95363152431845,1.85667195903836,1.76243036126688,1.67092114696488,1.58215547718922,1.4961412575319,1.4128831403833,1.33238252652851,1.25463757295445,1.17964320402835,1.10739112576079,1.03786984352567,0.971064683898788,0.906957820269963,0.845528301632333,0.786752081161337,0.730602049136273,0.677048070117366,0.626057024542352,0.57759285221295,0.531616598135582,0.488086462801909,0.446957857116009,0.40818345390009,0.371713247250311,0.337494613601978,0.30547237423778,0.275588861239524,0.247783993598253,0.221995349156205,0.198158238570497,0.176205784991452,0.156069008733621,0.137676912708707,0.12095657962928,0.105833270709017,0.0922305348214097,0.0800703393235857,0.0692732112260824,0.0597584309095364,0.0514443120923635,0.0442486577117214,0.0380896565499098,0.0328880187465859,0.0285763227306897,0.0251391000864702,0.0225971280982912,0.0209746532086246,0.0202980557619711,0.0205979017664127,0.021909124102265,0.0242705692176189,0.0277315377975643,0.0323575422526198,0.0382202880851298,0.0453930745919472,0.053948911973295,0.0639602855114045,0.0755017256611092,0.088655577013201,0.10351368159494,0.120169842723218,0.138716184262059,0.159242869694828,0.181837954507106,0.206587258770628,0.23357424042371,0.262879884892499,0.294582602235982,0.328758125558342,0.365479417108257,0.404816577700775,0.446836759497808,0.491604083488827,0.539179559821208,0.589621015068103,0.642983018752763,0.699316814958528,0.758670255336733,0.82108774056194,0.886610163555691,0.955274853977552,1.02711553032747,1.10216225608937,1.18044139525646,1.26197557462731,1.34678364798046,1.43488066511361,1.52627784534001,1.62098255576309,1.71899829264293,1.82032466912904,1.92495740354794,2.03288831051766
2.5918894096749,2.47907814560825,2.36883117339092,2.26118221460216,2.15616181819168,2.05379733783379,1.95411291365796,1.85712945681975,1.76286463721758,1.67133287436449,1.58254533206752,1.49650991786667,1.4132312852987,1.33271083549385,1.25494672498494,1.1799338768885,1.10766399517141,1.03812558237522,0.971303961460078,0.907181301423202,0.845736646095241,0.78694594272632,0.730782074915698,0.677214899798004,0.626211289650068,0.577735175388107,0.531747592419745,0.488206730936931,0.447067990856659,0.408284033339367,0.371804840159389,0.337577774785193,0.30554764490302,0.275656768384877,0.247845049417395,0.22205005046153,0.198207066234463,0.176249203407565,0.156107465298279,0.137710837324095,0.120986384230225,0.105859348814151,0.0922532611112381,0.080090069250791,0.0692902806606111,0.0597731558314202,0.051456988353527,0.0442595609101212,0.0380990421246101,0.0328961225990396,0.028583364149173,0.0251452945477264,0.0226026961987413,0.0209798215191933,0.0203030573538961,0.0206029772426236,0.0219145226734128,0.0242765496664085,0.0277383710547562,0.0323655153917195,0.0382297058484121,0.0454042597831789,0.0539622053864994,0.0639760458015174,0.0755203298479249,0.0886774224068336,0.103539188136062,0.120199453466337,0.138750364961689,0.159282108322434,0.181882760731682,0.20663816340787,0.233631794853971,0.262944660451545,0.294655189580399,0.328839134005918,0.365569473955218,0.404916327516712,0.446946863399104,0.491725218391752,0.539312417675386,0.589766302072059,0.643141454551354,0.699489131823539,0.758857197330948,0.821290062688802,0.886828630894962,0.955510240807298,1.02736861923425,1.10243383706761,1.18073226479686,1.26228653479599,1.34711550548925,1.43523423038273,1.52665393155418,1.62138197792237,1.71942186660885,1.82077321066783,1.92543172737079,2.03338922931883
2.59250881973943,2.47967059602238,2.36939727696946,2.26172259221868,2.15667709802035,2.05428815458578,1.95457990781343,1.85757327385624,1.76328592683535,1.6717322897098,1.58292352895455,1.49686755399934,1.41356901949305,1.33302932690075,1.25524663231471,1.18021585763818,1.10792870485546,1.03837367376043,0.971536083805732,0.907398099727311,0.845938760347717,0.787134007168942,0.730956717309965,0.677376740701872,0.626360941704622,0.577873242614639,0.531874669527783,0.48832340264429,0.447174831222623,0.408381605110174,0.371893694127917,0.337658449165236,0.305620664718504,0.275722644874845,0.247904279459186,0.222103116011152,0.198254433784648,0.176291323464867,0.156144771880417,0.137743747477714,0.121015297571892,0.105884647094948,0.0922753078074456,0.0801092091858431,0.0693068396607965,0.0597874404278897,0.0514692855512229,0.0442701380656809,0.0381081470385979,0.03290398411865,0.0285901950052142,0.025151303773452,0.0226080977939863,0.0209848352796387,0.0203079093811542,0.0206079009447753,0.0219197598088603,0.0242823512793706,0.027744999974239,0.0323732501067512,0.0382388419884335,0.0454151104990224,0.0539751012812841,0.0639913348051726,0.0755383777060665,0.0886986145486475,0.103563931944561,0.120228178747188,0.138783523541756,0.15932017358117,0.181926227097238,0.206687545822742,0.233687628210359,0.263007499000323,0.294725606315508,0.328917720024463,0.365656837795129,0.405013094472749,0.447053674818012,0.491842730947697,0.539441302626337,0.589907244498793,0.643295152578894,0.699656295826241,0.759038549121582,0.821486334693631,0.88704056531525,0.955738588767559,1.02761413991903,1.1026972968478,1.18101443634539,1.26258819619445,1.34743743932604,1.43557722284373,1.52701877150713,1.62176945599602,1.71983277426771,1.82120833928393,1.92589186729268,2.03387516893842
2.59310988851437,2.48024550344644,2.36994661771143,2.26224696876753,2.15717711994944,2.05476443781192,1.95503307385158,1.85800394907075,1.7636947416883,1.67211987800718,1.58329052709131,1.49721460020419,1.41389675307389,1.33333838749039,1.25553765911847,1.18048948868402,1.10818557624748,1.03861441893641,0.971761332799778,0.907608478438479,0.846134889815237,0.787316502854125,0.731126188385729,0.677533789350889,0.626506162427126,0.578007221546308,0.53199798376826,0.48843661959737,0.447278507949174,0.408476287693015,0.371979917050453,0.337736734704264,0.305691522351519,0.275786570702644,0.247961755646122,0.222154610242082,0.198300398739032,0.176332196309357,0.156180973781075,0.137775683132058,0.121043354763484,0.105909196270877,0.0922967016811322,0.0801277823701887,0.0693229083340803,0.0598013020445991,0.0514812186178253,0.0442804020221431,0.0381169823478865,0.0329116128515878,0.028596823593459,0.0251571350605945,0.0226133394431339,0.020989700578124,0.0203126177355175,0.0206126788516741,0.0219248418680128,0.0242879811013504,0.0277514326054487,0.0323807557899081,0.0382477075991246,0.0454256399154022,0.0539876153170156,0.0640061710876667,0.0755558911508822,0.0887191791720653,0.103587943066617,0.120256053446616,0.138815700266418,0.15935711169333,0.181968406384582,0.206735465979857,0.233741808290803,0.263068476843107,0.294793937947702,0.328993979040257,0.365741614713097,0.405106996072109,0.447157323454657,0.491956763851077,0.53956637117787,0.590044013493398,0.643444299469482,0.699818509952346,0.759214530922446,0.821676794907716,0.887246224166574,0.955960175139162,1.02785239051532,1.10295295534674,1.18128825254035,1.26288092512735,1.34774984041212,1.4359100589892,1.52737280822064,1.62214546049511,1.7202315145809,1.82163058335002,1.92633838205727,2.03434671944843
2.59369333154976,2.48080355228635,2.37047984958659,2.26275596849951,2.15766247923649,2.05522675450968,1.95547295124974,1.85842199516614,1.76409156845532,1.67249610066612,1.58364676337544,1.49755146962683,1.41421487619585,1.33363838518792,1.25582015185282,1.18075509577363,1.10843491514332,1.03884810450132,0.971979976592775,0.907812688004741,0.846325267982644,0.787493647036203,0.731290689892006,0.677686232705638,0.626647124697454,0.578137271680051,0.532117681942195,0.488546516576743,0.447379144459604,0.408568193803987,0.37206361157218,0.337812724598302,0.305760302155446,0.275848621969596,0.248017546401467,0.222204594456287,0.198345015817187,0.176371870598636,0.15621611409727,0.137806682305338,0.121070589206047,0.105933025566821,0.0923174682009097,0.0801458109145138,0.0693385058096209,0.0598147571832877,0.0514928017592066,0.0442903649983665,0.0381255585705831,0.0329190178795763,0.0286032578049954,0.0251627953510844,0.0226184273861722,0.0209944232066063,0.0203171880221069,0.0206173166512405,0.0219297749008728,0.0242934458344417,0.0277576766061937,0.0323880413764271,0.0382563132346656,0.0454358605671973,0.0539997623911883,0.0640205723110427,0.0755728910314772,0.0887391407585074,0.103611250086578,0.120283110748413,0.13884693344087,0.159392966632362,0.182009348806589,0.20678198092638,0.233794399594678,0.26312766657175,0.294860265823251,0.329068001836825,0.365823905632892,0.405198144101158,0.447257932698888,0.492067452853826,0.539687772219448,0.590176771874278,0.643589072776948,0.699975967311741,0.759385352233333,0.821861670066864,0.887445852278155,0.956175263712447,1.02808365465161,1.10320111691637,1.18155403934977,1.26316507007761,1.34805308064938,1.43623313504821,1.52771646316228,1.62251043903902,1.72061856223395,1.82204044553195,1.9267718032238,2.03480444221224
2.59425982991275,2.481345393966,2.37099759504939,2.26325018558231,2.15813374245312,2.05567564435254,1.95590005348742,1.85882790013772,1.76447687036189,1.67286139686039,1.58399265365017,1.49787855550306,1.41452376021176,1.33392967018791,1.25609444027836,1.18101298895657,1.10867701260229,1.03907500324198,0.972192270412906,0.908010966804862,0.846510117082976,0.787665646499858,0.731450413855382,0.67783424871693,0.626783993064272,0.578263544826537,0.532233903776162,0.488653221867813,0.447476858229343,0.408657430727314,0.372144875391739,0.337886507552191,0.305827084418612,0.275908871109647,0.24807171685112,0.222253127001549,0.198388337101705,0.176410392645463,0.156250233849144,0.137836781183639,0.121097032691002,0.105956162799292,0.0923376316080385,0.0801633158639739,0.0693536502947287,0.0598278215504644,0.0515040484966477,0.0443000386243741,0.03813388571792,0.0329262078466835,0.028609505150634,0.0251682912523159,0.0226233675623803,0.0209990086779239,0.0203216255759284,0.0206218197572902,0.021934564665889,0.0242987518577596,0.0277637392652469,0.0323951153709496,0.0382646689406228,0.0454457843852213,0.0540115566833756,0.0640345552861967,0.0755893971922231,0.0887585226096159,0.103633880211292,0.120309382237222,0.138877259524353,0.159427780252605,0.182049102156337,0.206827144960334,0.233845463513082,0.263185137279855,0.294924667368287,0.329139874822766,0.365903806614694,0.405286644959193,0.447355619994309,0.492174927165895,0.539805647465443,0.590305674613502,0.643729641498676,0.700128851708209,0.75955121245809,0.822041175980318,0.88763968268071,0.956384105565506,1.0283082022881,1.10344207124169,1.181812107033,1.2634409627345,1.34834751401748,1.43654682815525,1.52805013748876,1.62286481767603,1.72099436903693,1.82243840427177,1.92719263673526,2.03524887154068
2.59481003215826,2.48187164881215,2.37150044684004,2.26373018581972,2.15859144912441,2.05611162125143,1.95631486953206,1.85922212868525,1.76485108852039,1.67321618479889,1.58432859390753,1.49819623229674,1.41482375874707,1.33421257596759,1.25636083841383,1.18126346348153,1.10891214578935,1.03929537492313,0.972398457304472,0.908203541838064,0.846689648740481,0.787832698158452,0.731605543135627,0.677978006840703,0.62691692422115,0.578386185549409,0.532346782326574,0.48875685763199,0.447571761125874,0.408744100625771,0.372223801543906,0.337958168036248,0.305891945596604,0.275967387098944,0.248124329012047,0.222300263440289,0.198430412188902,0.176447806551752,0.156283372098649,0.137866014225621,0.12112271549214,0.10597863445692,0.0923572149865692,0.0801803172590876,0.0693683591275473,0.0598405101028529,0.0515149717059611,0.0443094339750041,0.0381419733232208,0.032933190984334,0.0286155727826403,0.025173629056264,0.0226281656275125,0.0210034622417477,0.0203259354773096,0.0206261933251981,0.0219392166466175,0.024303905245898,0.0277696275234357,0.0324019858721289,0.0382727842830152,0.0454554227307445,0.0540230116962575,0.0640481360215195,0.0756054285301763,0.0887773469146778,0.103655859348827,0.120334897989923,0.138906713235643,0.159461592410385,0.182087711945397,0.206871009787703,0.233895058506476,0.263240954762686,0.294987216312834,0.329209680281774,0.365981409133038,0.405372599966305,0.447450497178091,0.492279309829106,0.539920131865174,0.590430869285201,0.643866166564581,0.700277338171251,0.759712301481578,0.822215518155188,0.887827937280725,0.956586939790661,1.02852629049786,1.10367609417894,1.18206275103849,1.26370891895336,1.34863347759807,1.43685149744146,1.5283742132067,1.62320900211606,1.72135936523177,1.82282491517202,1.92760136438237,2.0356805162381
2.59534455616973,2.48238290781502,2.37198896966689,2.26419650825752,2.15903611326021,2.05653517481342,1.95671786522685,1.85960512353194,1.76521464318212,1.67356086291254,1.58465496141228,1.49850485676256,1.4151152087036,1.33448742023342,1.2566196454274,1.18150680063426,1.10914057876178,1.03950946702468,0.972598768817727,0.908390629368326,0.846864064571277,0.787994989612921,0.731756251944705,0.678117668518981,0.627046067451306,0.578505331575611,0.532456444357343,0.488857540253429,0.447663959726239,0.408828300830651,0.372300478663657,0.338027786526022,0.30595495852927,0.276024235651616,0.248175441968311,0.222346056707269,0.198471288329586,0.176484154333749,0.156315566060421,0.137894414260328,0.121147666451541,0.106000465775637,0.0923762403288605,0.0801968341926169,0.0693826488262654,0.0598528370898431,0.0515255836540366,0.0443185616013431,0.0381498304689592,0.0329399751346716,0.0286214675150349,0.0251788147573441,0.0226328269698512,0.0210077888994811,0.0203301225663195,0.0206304422665314,0.0219437360672861,0.0243089117861708,0.0277753479933418,0.0324086605956167,0.0382806683754658,0.0454647864277397,0.0540341402939452,0.064061329768333,0.0756210030487138,0.0887956348136038,0.103677212182007,0.120359686661,0.138935327651595,0.159494441077144,0.182125221533006,0.206913624669193,0.233943240270608,0.263295181703919,0.295047982900077,0.329277496606183,0.366056800336444,0.405456105650956,0.447542670798403,0.492380718066393,0.540031353985939,0.590552496484432,0.643998801293882,0.700421593452872,0.759868800208621,0.822384892379741,0.888010827490278,0.956783994173079,1.02873816419647,1.10390344853857,1.18230625284235,1.26396923965211,1.34891129253154,1.43714748505396,1.52868905425685,1.62354337888218,1.7217139607134,1.82320041228888,1.92799844517096,2.03609986104644
2.59586399087977,2.48287973427409,2.37246370177895,2.26464966668457,2.15946822478651,2.05694677170512,1.95710948458796,1.85997730665723,1.76556793490755,1.67389581096384,1.58497211575251,1.4988047689395,1.41539843119764,1.33475450580575,1.25687114646975,1.18174326852093,1.10936256320448,1.03971751543093,0.972793425653661,0.908572435526604,0.847033556744783,0.78815269967418,0.731902706331905,0.678253387629448,0.627171565043312,0.578621114178906,0.532563010692869,0.488955380663123,0.44775355561383,0.408910124112801,0.372374991232988,0.338095439726388,0.306016192643557,0.276079479402765,0.248225112035598,0.222390557257001,0.198511010560631,0.176519476039036,0.156346851205408,0.1379220125786,0.121171913059894,0.106021680808944,0.092394728596823,0.0802128848627353,0.0693965351351136,0.0598648160931723,0.0515358960330004,0.0443274315601083,0.038157465812051,0.0329465677723974,0.0286271958425682,0.0251838540691039,0.0226373567252111,0.0210119934181873,0.0203341914562459,0.0206345712627261,0.0219481279073423,0.0243137769947286,0.0277809069777151,0.0324151468955491,0.0382883299045797,0.0454738857930239,0.0540449547378034,0.0640741510633605,0.0756361379076664,0.0888134064557976,0.103697962237147,0.120383775562334,0.138963134299257,0.159526362445178,0.182161672246809,0.206955036557405,0.233990061891608,0.263347877850192,0.295107034081963,0.329343398515263,0.3661300632901,0.405537254018779,0.447632242411113,0.49247926360822,0.540139436371031,0.590670690218688,0.644127691822047,0.700561776491934,0.760020881067774,0.822549485268611,0.888188554815765,0.956975485825082,1.02894405682401,1.10412438481708,1.18254288073214,1.26422221164919,1.34918126491129,1.4374351171086,1.52899500752758,1.62386831638701,1.72205854617117,1.82356530934089,1.92838431660022,2.03650736799514
2.59636889787942,2.48336266533732,2.37292515643668,2.26509015103679,2.1598882508842,2.05734685692784,1.95749015101783,1.86033908044993,1.76591134566089,1.67422139108461,1.58528039982221,1.49909629308005,1.4156737324375,1.33501412144631,1.25711561345328,1.18197312280073,1.10957833911773,1.0399197450751,0.972982638267091,0.9087491568741,0.847198308508835,0.788305998851739,0.732045064637573,0.678385310905919,0.627293552679908,0.578733658538595,0.532666596548213,0.489050484642021,0.447840645655966,0.408989658936127,0.372447419811769,0.338161200781153,0.306075714143225,0.276133178079622,0.248273392915103,0.222433813201615,0.198549621828052,0.176553809855962,0.156377261357798,0.137948839018583,0.121195481531616,0.106042302493648,0.0924126997791974,0.0802284866227549,0.0694100330673875,0.0598764600640368,0.0515459199921645,0.0443360534411274,0.038164887607509,0.0329529760251954,0.0286327639584679,0.025188752439836,0.0226417597909743,0.0210160803436158,0.0203381465462023,0.0206385847778802,0.0219523969150594,0.0243185061316308,0.0277863104866967,0.0324214517846417,0.0382957771536811,0.0454827306644497,0.0540554667199561,0.0640866137684491,0.0756508494702098,0.0888306810552141,0.103718131948336,0.120407190737836,0.138990163242008,0.159557391026533,0.182197103495791,0.206995290225139,0.234035573991052,0.263399100174373,0.295164433702157,0.329407457259397,0.366201277202842,0.405616132803989,0.447719308857297,0.4925750529979,0.540244495874598,0.59078557827408,0.644252977500113,0.700698038848467,0.760168708482492,0.822709474772732,0.888361311408526,0.957161621779425,1.02914419098294,1.10433914188153,1.18277289054004,1.26446810844734,1.34944368662014,1.4377147045811,1.52929240380275,1.62418416593934,1.72239349415643,1.82392000083945,1.92875939585818,2.03690347766366
2.59685981292428,2.4838322134417,2.37337382328853,2.26551842871105,2.16029663724195,2.05773585501105,1.95786026844071,1.86069082878734,1.76624523983448,1.67453794874711,1.58558014074086,1.49937973851979,1.41594140454467,1.33526654263263,1.25735330578132,1.18219660737146,1.10978813546084,1.04011637054258,0.973166607431066,0.908920980929412,0.847358494681135,0.788455049810987,0.732183477917767,0.678513578331865,0.62741215980188,0.578843084075227,0.532767311838077,0.489142953104729,0.447925322263683,0.409066989694837,0.37251784125379,0.338225139469215,0.306133586186394,0.276185388661722,0.248320335837552,0.22247587043989,0.19858716310217,0.176587192216056,0.156406828785731,0.137974922045749,0.121218396875157,0.106062352711369,0.092430172945162,0.0802436560276656,0.0694231569457105,0.0598877813578263,0.0515556661679279,0.0443444363930576,0.0381721037305828,0.032959206692847,0.0286381777710486,0.02519351506719,0.0226460408392231,0.0210200540123935,0.020341992032925,0.0206424870707248,0.0219565476202713,0.0243231042149534,0.0277915642539368,0.0324275819529974,0.0383030180250284,0.0454913304272888,0.054065687394642,0.0640987311077452,0.0756651533467476,0.0888474769418891,0.103737742717607,0.120429957033292,0.139016443160197,0.159587559745562,0.182231552875966,0.207034428385463,0.23407982486172,0.263448903028345,0.295220242667259,0.329469740811164,0.366270517639582,0.405692825704677,0.447803962522951,0.492668187877323,0.540346643975027,0.590897282558052,0.644374791268416,0.70083052511013,0.760312439312088,0.822865030656585,0.888529280580165,0.957342599544518,1.02933877903517,1.10454794761011,1.18299652632889,1.26470719096704,1.34969883611315,1.43798654414106,1.52958155864883,1.6244912626864,1.72271916008169,1.82426486314688,1.92912408094054,2.037288610363
2.59733724734493,2.48428886766228,2.37381016965989,2.26593494579568,2.16069380922956,2.05811417112996,1.95822022236595,1.86103291804585,1.76656996520802,1.6748458136736,1.5858716507146,1.49965540049169,1.41620172632283,1.33551203228325,1.25758447103102,1.18241395501168,1.10999217075487,1.04030759663585,0.973345524765417,0.909088086662183,0.847514282109465,0.788600007801419,0.732318090341914,0.678638323508928,0.627527509948828,0.578949504764983,0.532865261466162,0.489232882365164,0.448007673635006,0.40914219693562,0.372586328909085,0.338287322388256,0.306189869051812,0.276236165530913,0.248365989698066,0.222516772778084,0.198623673485477,0.17661965788994,0.156435584286246,0.138000288827831,0.121240682958832,0.106081852346146,0.0924471662945337,0.0802584088777177,0.0694359204397392,0.0598987917666493,0.0515651447117775,0.04435258914747,0.0381791216974899,0.0329652662651328,0.0286434429192651,0.025198146911855,0.0226502043290404,0.0210239185634407,0.0203457319218218,0.0206462822058361,0.0219605843462972,0.0243275760339986,0.0277966737516896,0.0324335437857177,0.0383100600606164,0.0454996940389396,0.0540756274075798,0.0641105157025078,0.0756790644360067,0.0888638116101946,0.103756814971276,0.120452098161773,0.139042001426635,0.159616900025599,0.182265056269348,0.207072491804165,0.234122860594728,0.263497338286098,0.295274519107143,0.329530314044283,0.366337856720236,0.405767412603144,0.447886291582204,0.492758765254538,0.540445987068416,0.591005919420295,0.64449326000655,0.700959373272846,0.760452223264679,0.823016314945104,0.888692637285132,0.957518607624392,1.02952802366099,1.10475101949208,1.18321402103475,1.26493970823347,1.34994697915063,1.43825091893295,1.52986277324564,1.62478992649604,1.72303588315625,1.82460025546713,1.92947875169841,2.03766316724225
2.59780168936846,2.4847330949762,2.374234641761,2.26634012822338,2.1610801729973,2.05848219215275,1.95857038088446,1.86136569804783,1.76688585384751,1.67514530068847,1.58615522784317,1.49992356088924,1.4164549639785,1.33575084143727,1.25780934559326,1.18262538798231,1.11019065364746,1.04049361890376,0.973519573232008,0.90925064495567,0.847665830102918,0.788741021057882,0.73244903956543,0.678759674002222,0.627639721078453,0.579053029434254,0.532960545596308,0.489320364385489,0.448087783982908,0.40921535756582,0.372652952813515,0.33834781312688,0.306244620294653,0.276285560611903,0.248410401182539,0.222556562043157,0.198659190313694,0.176651240077194,0.156463557264877,0.138024965305041,0.121262362572516,0.106100821338415,0.0924636972048063,0.0802727602592576,0.069448336601494,0.0599095025498114,0.051574365316525,0.0443605200414168,0.0381859486848425,0.0329711609386051,0.0286485647872874,0.0252026527103811,0.0226542545180341,0.0210276779486688,0.0203493700373241,0.0206499740641407,0.0219645112211157,0.0243319261616736,0.027801644204956,0.032439343379406,0.0383169104616703,0.0455078300520782,0.0540852969234822,0.0641219796037293,0.075692596963545,0.0888797017640532,0.103775368212735,0.12047363676492,0.139066864177348,0.15964544187018,0.182297647936695,0.207109519405109,0.234164725198657,0.263544455477797,0.295327318525197,0.329589238901279,0.366403363306123,0.40583996977237,0.447966380225212,0.492846877754477,0.540542626743569,0.59111159995347,0.644608504861309,0.701084715097467,0.760588203284113,0.823163482342447,0.888851548572906,0.95768982600589,1.02971211838303,1.1049485651899,1.18342559706892,1.26516589802009,1.35018836948502,1.43850809930789,1.53013633516482,1.62508046278356,1.72334398726287,1.82492652077429,1.9298237708201,2.03802753132536
2.59825360535758,2.48516534144786,2.37464766581935,2.26673438285217,2.16145611650675,2.05884028762238,1.95891109560282,1.86168950294948,1.76719322294792,1.67543671051724,1.5864311568764,1.50018448898178,1.41670137179658,1.33598320989141,1.25802815527256,1.18283111859067,1.11038378344232,1.04067462413787,0.973688927599073,0.909408819040418,0.847813290836206,0.788878231176786,0.732576457079072,0.67887775166408,0.627748905865929,0.57915376203583,0.533053259906683,0.489405487009503,0.448165733749026,0.409286545048619,0.372717779866503,0.338406672425979,0.306297894892579,0.276333623504045,0.248453614886117,0.222595278188921,0.198693749250527,0.17668197049061,0.156490775810285,0.138048976255905,0.121283457485476,0.106119278735612,0.0924797822752531,0.0802867245830166,0.0694604178984831,0.0599199244623897,0.0515833372409065,0.0443682370385895,0.0381925915478604,0.0329768966323144,0.0286535485181648,0.0252070369872005,0.0226581954731424,0.0210313359430099,0.0203529100325924,0.020653566352764,0.0219683321878409,0.0243361589660957,0.027806480604744,0.03244498655764,0.0383235761069202,0.0455157466363635,0.0540947056518528,0.0641331343227193,0.0757057645178528,0.0888951633593318,0.103793421071952,0.120494594470407,0.139091056377905,0.159673213939182,0.182329360604455,0.207145548369022,0.23420546071124,0.263590301915483,0.295378693939191,0.32964657455069,0.366467103174729,0.405910570069581,0.448044308871821,0.492932613854024,0.540636660039807,0.591214430275147,0.644720641554137,0.70120667644416,0.76072051591275,0.823306680624614,0.889006174011944,0.957856426615459,1.02989124805732,1.10514078306619,1.1836314668824,1.26538598745206,1.35042324950491,1.43875834350983,1.53040251909958,1.62536316328674,1.72364378177982,1.8252439866829,1.93015948475153,2.03838206848324
2.59869344097295,2.48558603334068,2.37504964914201,2.26711809847951,2.16182201049767,2.05918881067763,1.95924270251964,1.86200465207368,1.76749237562381,1.67572033053611,1.586699709924,1.50043844208572,1.41694119277417,1.33620936679774,1.25824111584989,1.18303134971971,1.11057175059598,1.04085079083798,0.973853754876815,0.9095627649011,0.847956809728945,0.78901177346902,0.732700468536668,0.678992672937758,0.627855171984734,0.579251801907995,0.533143495828271,0.489488334181581,0.448241599804167,0.409355829586138,0.37278087399778,0.338463958330136,0.306349745382773,0.276380401604956,0.248495673424348,0.22263295939562,0.198727384376556,0.17671187943524,0.156517266764261,0.13807234535902,0.121303988500634,0.106137242739653,0.0924954373682981,0.0803003156200271,0.0694721762447768,0.059930067782039,0.0515920693326591,0.0443757477491686,0.0381990568374578,0.0329824790025624,0.0286583990266444,0.0252113040659038,0.0226620310807708,0.0210348961538252,0.0203563553986222,0.0206570626142712,0.0219720510145508,0.0243402786214798,0.0278111877205094,0.0324504788854863,0.0383300635697473,0.0455234515988005,0.0541038628711864,0.0641439908597958,0.0757185800842222,0.0889102116436099,0.103810991351902,0.12051499194585,0.139114601885645,0.15970024362026,0.182360225546336,0.207180614226161,0.234245107304137,0.263634922810999,0.295428696013411,0.329702377534538,0.36652913918365,0.40597928311784,0.448120154372006,0.49301605810254,0.54072817968884,0.591314511792295,0.644829780669556,0.701325377586113,0.760849291631777,0.82344605100777,0.889156666087394,0.95801857374766,1.03006558933406,1.10532786267821,1.1838318334954,1.26560019357241,1.35065185083918,1.43900189831914,1.53066158754939,1.625638306793,1.72393556235193,1.82555296626458,1.93048622455975,2.0387271283456
2.59912162226428,2.48599557816065,2.3754409811128,2.26749164679409,2.16217820939574,2.05952809891769,1.95956552284818,1.86231145069171,1.76778360165143,1.67599643547551,1.58696114712164,1.5006856661944,1.41717465921546,1.33642953122465,1.25844843361091,1.18322627532464,1.11075473718408,1.04102228964914,0.974014214726272,0.909712631658401,0.848096525801666,0.789141777291214,0.732821194062745,0.679104549142514,0.62795862237025,0.579347244017723,0.533231340768697,0.489568986152188,0.448315455636488,0.409423278291307,0.372842296323898,0.338519726329724,0.306400221990559,0.276425940226553,0.248536617537516,0.222669642163408,0.198760128272671,0.176740995882581,0.156543055787445,0.138095095251024,0.121323975505496,0.106154730751489,0.0925106776483517,0.0803135465353379,0.0694836230301754,0.0599399423341534,0.0516005700501815,0.0443830594484538,0.0382053508162805,0.0329879134567492,0.0286631210112037,0.025215458079825,0.0226657650563061,0.0210383620297365,0.0203597094727904,0.0206604662353393,0.0219756713035115,0.0243442891183576,0.027815770111831,0.0324558256831247,0.0383363791342757,0.0455309524028522,0.0541127774516848,0.0641545597312157,0.0757310560765369,0.088924861193508,0.103828096072155,0.120534848949397,0.13913752350808,0.159726557095893,0.18239027265987,0.207214750943305,0.234283703381285,0.263678361386673,0.295477373182699,0.329756701906755,0.366589531424477,0.406046175476498,0.448193990194017,0.493097291328851,0.540817274341786,0.59141194144954,0.644936027925896,0.701440933503975,0.76097465518065,0.823581728493963,0.889303170574409,0.958176424467393,1.03023531109009,1.10550998524184,1.18402689099436,1.2658087238733,1.35087439492403,1.43923899965681,1.53091379146263,1.62590615982193,1.72421961161438,1.82585375881446,1.93080430674347,2.03906304515699
2.59953855669495,2.48639436563645,2.37582203412877,2.2678553832698,2.16252505216486,2.05985847521406,1.95987986378884,1.8626101907575,1.76806717816558,1.67626528808081,1.58721571725668,1.50092639656981,1.41740199329042,1.33664391268374,1.25865030584217,1.18341608089943,1.11093291733925,1.04118928377205,0.974170459843317,0.909858561927653,0.848232572010167,0.789268366356848,0.732938748541425,0.679213486741331,0.628059355467332,0.579440179189081,0.533316878322451,0.489647519670885,0.448387371528248,0.40948895534927,0.372902105295212,0.338574029494362,0.306449372750192,0.276470282704036,0.24857648618862,0.222705361400125,0.198792012098426,0.176769347540258,0.156568167421038,0.138117247581036,0.121343437519979,0.106171759412961,0.0925255176182809,0.0803264299196755,0.0694947691476025,0.0599495575154968,0.0516088474828771,0.0443901790943619,0.038211479473768,0.0329932051663785,0.0286677189653501,0.025219502981983,0.0226694009530523,0.0210417368689207,0.0203629754468814,0.0206637804549024,0.0219791964998412,0.0243481942731749,0.0278202321393775,0.0324610320386439,0.0383425288104861,0.0455382561863903,0.0541214578765889,0.0641648509944669,0.0757432043671282,0.088939125949746,0.103844751509805,0.120554184377256,0.139159843057751,0.15975217940636,0.182419530538316,0.207247991005437,0.234321285671259,0.263720658979269,0.29552477176894,0.329809599363185,0.366648337367325,0.406111310801274,0.44826588660107,0.493176390835647,0.54090402878238,0.591506811962327,0.645039484429554,0.701553454162399,0.761096725857104,0.823713842195815,0.889445826888735,0.958330128987642,1.03040057483505,1.10568732406753,1.18421682499879,1.26601177679515,1.35109109353557,1.43946987315183,1.53115937084014,1.62616697726628,1.72449619987249,1.82614665057101,1.9311140339942,2.03939013858062
2.59994463410493,2.48678276864036,2.37619316448024,2.2682096480057,2.16286286310824,2.06018024847354,1.96018601925513,1.8629011515975,1.76834337031458,1.67652713973324,1.58746365835603,1.50116085829846,1.41762340755983,1.3368527116249,1.25884692129723,1.18360094391514,1.11110645766262,1.04135192934873,0.974322636319483,0.910000692155853,0.848365075559698,0.789391659028607,0.733053241887915,0.679319587592504,0.628157465462942,0.579530694317853,0.533400188468436,0.489724008167692,0.448457414721887,0.409552922169065,0.372960356834011,0.338626918598327,0.306497243618373,0.276513470498289,0.248615316655448,0.222740150503797,0.19882306566568,0.176796960917497,0.156592625144794,0.138138823061817,0.121362392741358,0.106188344646123,0.0925399711536805,0.0803389778191984,0.0695056250188456,0.0599589223164084,0.0516169093702702,0.044397113343869,0.0382174485403073,0.0329983590792783,0.02867219718824,0.0252234425544219,0.0226729421706278,0.021045023826903,0.0203661563746302,0.0206670083718055,0.0219826298996519,0.02435199773731,0.0278245779752118,0.0324661028200646,0.0383485183484184,0.0455453697785621,0.0541299122622269,0.0641748742720354,0.0757550363148307,0.0889530192500853,0.103860973237936,0.120573016308341,0.139181581403773,0.159777134508905,0.182448026538232,0.207280365492514,0.234357889314065,0.263761855137672,0.295570936090526,0.329861119363745,0.366705611996636,0.406174749994677,0.448335910817385,0.49325343058216,0.54098852412733,0.591599212036014,0.645140246913919,0.701663044769893,0.761215617799055,0.823842515641625,0.889584768416174,0.958479831024446,1.03056153509301,1.10586004496972,1.18440181309982,1.26620954219547,1.35130214929026,1.4396947346744,1.53139855530231,1.62642100299428,1.72476558574044,1.82643191539242,1.93141569591158,2.03970871445374
2.60034022761605,2.48716114405418,2.37655471317813,2.26855476651586,2.16319195262148,2.0604937143556,1.96048427055619,1.86318460055936,1.76861243187595,1.67678223103364,1.5877051982389,1.50138926681412,1.41783910546889,1.33705611990179,1.25903846063504,1.18378103423208,1.11127551761069,1.04151037582511,0.974470883981225,0.910139152938521,0.848494158200362,0.789511768593228,0.733164779303747,0.679422949186171,0.628253042504867,0.579618872573327,0.533481347755683,0.489798521923611,0.44852564957618,0.409615237526224,0.373017104464377,0.338678442238457,0.306543878580964,0.27655554329216,0.248653144617145,0.222774041440184,0.198853317507817,0.176823861386686,0.156616451431547,0.138159841517872,0.121380858586528,0.106204501690218,0.092554051535096,0.0803512017634694,0.0695162006187576,0.0599680453416802,0.0516247631199782,0.0444038685684691,0.0382232635005398,0.0330033799310912,0.0286765597946618,0.0252272804169948,0.0226763919628591,0.0210482259238854,0.0203692551788134,0.0206701529520011,0.0219859746577023,0.0243557030055535,0.0278288116124794,0.0324710426866443,0.0383543532515238,0.0455522997156498,0.0541381483768608,0.0641846387737505,0.0757665627913592,0.0889665538603028,0.103876776161788,0.120591362046263,0.139202758520296,0.159801445333377,0.182475786842997,0.207311904151644,0.234393547942743,0.26380198771473,0.295615908565269,0.329911309247283,0.366761407938862,0.406236551347433,0.448404127184301,0.493328481355901,0.541070838014682,0.59168922657186,0.645238407964001,0.701769806023137,0.761331440249661,0.823967867062228,0.889720122822325,0.958625668130636,1.03071833976137,1.10602830665201,1.18458202527267,1.26640220178985,1.35150775611542,1.4399137908372,1.53163156462238,1.62666847041597,1.72502801674185,1.82670981539258,1.93170956967587,2.04001906549792
2.60072569448355,2.48752983358371,2.37690700673225,2.2688910504722,2.16351261790093,2.0607991559471,1.9607748870388,1.86346079362206,1.76887460583561,1.67703079235158,1.58794055503674,1.5016118283895,1.4180492818115,1.33725432120973,1.25922509683223,1.1839565144874,1.11144024985924,1.04166476629208,0.974615336709034,0.910274069317747,0.848619936504976,0.789628803520065,0.733273461516879,0.679523664866813,0.628346172907465,0.579704793588116,0.533560429478068,0.489871128231026,0.448592137713115,0.40967595769692,0.37307239943434,0.338728646945069,0.306589319753381,0.276596539081029,0.24869000423564,0.222807064815741,0.198882794944876,0.176850073241282,0.156639667798502,0.138180321930688,0.121398851731746,0.106220245136458,0.0925677714783328,0.0803631127917703,0.0695265054980222,0.0599769348301948,0.0516324158246181,0.0444104508687158,0.0382289296058788,0.0330082722560814,0.0286808107244276,0.0252310200356241,0.0226797534452078,0.021051346051639,0.0203722746579198,0.0206732170353178,0.0219892337945991,0.0243593134240839,0.0278329368745218,0.0324758560995107,0.0383600387892261,0.0455590522559875,0.0541461736584163,0.0641941533178038,0.0757777942061218,0.0889797420033251,0.103892174552771,0.120609238158812,0.139223393532093,0.159825133834559,0.182502836522573,0.207342635464969,0.234428293760128,0.263841092953637,0.295659729807216,0.329960214339615,0.366815775582578,0.406296770671522,0.448470597307111,0.493401610934228,0.541151044781015,0.591776936860796,0.645334056227742,0.7018738343368,0.761444297806639,0.824090009660822,0.889852012343953,0.958767772009762,1.03087113044833,1.10619226106928,1.18475762426458,1.2665899295666,1.35170809969185,1.44012723946693,1.53185860922797,1.62690960301588,1.72528372987464,1.82698060153928,1.93199592068057,2.04032147198706
2.60110137689759,2.48788916452541,2.37725035788387,2.26921879840381,2.16382514361052,2.06109684439745,1.96105812669169,1.86372997597025,1.76913012493302,1.67727304434218,1.58816993768265,1.50182874059898,1.41825412316734,1.3374474914978,1.25940699557119,1.18412754046005,1.1116008006459,1.04181523780657,0.974756122737811,0.910405561062737,0.848742522130608,0.789742867704434,0.733379385007682,0.679621824042678,0.628436939345308,0.579788533636807,0.53363750383874,0.489941891544672,0.448656938156152,0.409735136584217,0.373126290830857,0.338777577286343,0.306633607475078,0.276636494258055,0.248725928232292,0.222839249946282,0.198911524144836,0.176875619750313,0.156662294855504,0.138200282481325,0.121416388150053,0.10623558896076,0.0925811431629844,0.0803747214778683,0.0695365488045813,0.0599855986734106,0.0516398742777188,0.0444168660879089,0.0382344518862913,0.0330130403973087,0.0286849537512114,0.0252346647300783,0.02268302960176,0.0210543869799924,0.0203752174924292,0.0206762033418315,0.0219924102035732,0.024362832197975,0.0278369574234545,0.0324805473316709,0.0383655800087425,0.045565633394002,0.0541539952311699,0.0642034263505337,0.0757887405295725,0.0889925953866512,0.103907182080485,0.120626660515135,0.139243504757466,0.159848221041422,0.182529199589751,0.207372586713574,0.234462157611093,0.263879205569257,0.295702438717758,0.330007878055218,0.366868763191527,0.406355461425395,0.448535380193281,0.493472884236401,0.541229215628213,0.591862420765803,0.645427276614892,0.70197522205985,0.76155429065693,0.824209051866957,0.889980554063232,0.958906268811583,1.03102004279063,1.10635205376865,1.18492876595987,1.26677289217713,1.35190335787039,1.44033527004817,1.53207989067319,1.62714461485446,1.72553295214285,1.82724451421729,1.9322750031278,2.04061620237622
2.60146760273801,2.48823945048821,2.37758506629544,2.2695382963553,2.16412980250955,2.06138703951661,1.96133423671452,1.86399238253495,1.76937921217451,1.67750919843281,1.58839354637215,1.50204019275443,1.41845380831333,1.3376357993569,1.25958431560549,1.1842942614143,1.11175731009265,1.0419619216938,0.974893364939679,0.910533742933956,0.848862022064838,0.789854060696759,0.733482642221723,0.679717512382966,0.628525421035527,0.579870165804196,0.533712638104962,0.490010873623794,0.448720107460391,0.409792825836961,0.373178825688074,0.338825275966624,0.306676780398515,0.276675443694436,0.248760947960054,0.222870624921634,0.198939530181335,0.176900523209696,0.156684352350496,0.138219740590512,0.121433483146498,0.106250546554568,0.092594178259295,0.0803860379533363,0.0695463393038105,0.0599940444327655,0.0516471449887047,0.0444231198249821,0.0382398351613913,0.0330176885162062,0.0286889924908731,0.0252382176812938,0.0226862232918072,0.0210573513629398,0.0203780862507237,0.0206791144778652,0.0219955066568607,0.0243662623982647,0.0278408767682434,0.0324851204774349,0.0383709817462167,0.0455720488734339,0.0541616199214613,0.064212465965053,0.0757994113152025,0.0890051252281736,0.103921811842869,0.120643644320732,0.139263109748646,0.159870727103512,0.182554899053107,0.207401784037647,0.234495169050586,0.263916358824677,0.295744072571438,0.330054341992979,0.366920417011065,0.406412674831873,0.448598532382591,0.49354236346676,0.541305418780505,0.59194575289364,0.645518150484286,0.702074057679228,0.761661514797672,0.824325097575663,0.890105860165971,0.959041279410284,1.03116520675272,1.10650782421047,1.18509559972383,1.26695124930353,1.35209370106416,1.44053806414125,1.53229560208318,1.62737371104015,1.72577590105717,1.8275017837585,1.93254706058901,2.04090351389369
2.60182468628532,2.48858099207366,2.37791141920048,2.26984981850717,2.16442685604422,2.06166999033855,1.96160345405398,1.86424823850311,1.7696220813169,1.67773945728154,1.58861157299738,1.50224636631572,1.41864850861136,1.33781940638539,1.25975720910418,1.18445682042348,1.11190991250969,1.04210494383206,0.97502718109047,0.910658724932013,0.84897853885778,0.789962477918466,0.73358332177026,0.679810812003624,0.628611693909609,0.579949760143779,0.533785896753987,0.490078133666083,0.448781699835231,0.409849074961785,0.373230049089325,0.338871783919033,0.306718875572988,0.276713420815037,0.248795093471471,0.222901216666561,0.198966837088045,0.176924804990597,0.156705859212348,0.138238712956428,0.12145015139133,0.106265130753898,0.0926068879534686,0.0803970719295258,0.0695558853975289,0.060002279356076,0.0516542341970121,0.044429217446645,0.0382450840508926,0.0330222206016056,0.028692930409299,0.0252416819382723,0.0226893372560478,0.0210602417443975,0.0203808833946582,0.0206819529416405,0.0219985258117153,0.0243696069686152,0.0278446982723152,0.0324895794612957,0.038376248637206,0.0455783041997938,0.0541690542724982,0.0642212799188013,0.0758098157202575,0.0890173422805066,0.103936076394608,0.120660204150433,0.139282225329861,0.15989267133464,0.182579956966903,0.207430252493177,0.234527356407716,0.26395258460335,0.295784667096781,0.33009964602641,0.366970781368457,0.406468459989239,0.44866010806975,0.493610108249632,0.541379719632421,0.592027004756641,0.645606755820284,0.702170426011752,0.761766062244377,0.824438246372777,0.890228038184907,0.959172919666618,1.03130674690855,1.10665970607076,1.18525826872659,1.26712515400482,1.35227929261816,1.44073579577606,1.53250592857295,1.62759708817425,1.72601278510676,1.82775263094144,1.93281232653313,2.04118365309884
2.60217292889101,2.48891407751701,2.37822969201612,2.27015362776053,2.16471655490522,2.06194593565235,1.96186600590913,1.86449775979777,1.76985893732334,1.67796401520942,1.58882420155629,1.50244743527772,1.41883838837374,1.33799846753369,1.25992582197627,1.1846153546751,1.11205873668191,1.04224442492121,0.975157684120879,0.910780612532254,0.849092170840788,0.790068210865483,0.733681508619207,0.679901801642469,0.628695830775326,0.580027383827151,0.533857341610569,0.490143728433923,0.448841767259972,0.409903931428691,0.373280004263284,0.338917140392759,0.306759928523636,0.276750457669672,0.248828393582769,0.222931050998178,0.198993467909928,0.176948485584998,0.156726833591223,0.138257215590314,0.121466406951285,0.106279353866709,0.0926192829715246,0.0804078327182775,0.0695651951419168,0.0600103103929941,0.0516611478853963,0.0444351640988286,0.0382502029844605,0.0330266404782438,0.0286967708297944,0.0252450604245848,0.022692374122432,0.0210630605636285,0.0203836112848104,0.020684721128606,0.0220014702160751,0.0243728687315906,0.0278484251607301,0.0324939280462979,0.0383813851265675,0.0455844046521036,0.0541763045583098,0.0642298756500883,0.0758199625252679,0.0890292568539174,0.103949987773902,0.120676353979481,0.139300867633214,0.159914072254074,0.182604394478122,0.207458016105386,0.234558746846176,0.263987913477091,0.295824256552494,0.330143828388685,0.367019898767406,0.406522863975941,0.448720159219977,0.493676175756483,0.541452180888255,0.592106244925226,0.64569316739908,0.702264408384998,0.761868021227177,0.824548593747315,0.890347191229039,0.959301300674995,1.03144478270731,1.10680782752632,1.18541691024847,1.2672947530434,1.35246028915761,1.44092863182311,1.53271104764212,1.62781493477013,1.72624380420382,1.82799726746215,1.93307102482454,2.04145685640796
2.60251261960955,2.48923898329171,2.3785401489208,2.27044997628851,2.16499913955355,2.062215104503,1.9621221102079,1.86474115353103,1.77008997679327,1.67818305860799,1.58903160853862,1.50264356653526,1.41902360520784,1.33817313142932,1.2600902941768,1.18476999575854,1.112203906139,1.04238048073583,0.975284982353343,0.910899506905981,0.84920301233269,0.790171347300141,0.733777284267351,0.679990556824332,0.628777901469449,0.580103101284896,0.533927031976631,0.490207712373443,0.448900359592842,0.409957440770618,0.373328732674628,0.338961383035387,0.306799973325956,0.276786585000327,0.248860875934296,0.222960152680107,0.199019444751571,0.176971584648687,0.156747292896647,0.138275263850053,0.121482263319092,0.106293227698721,0.0926313736017953,0.0804183292514515,0.069574276264413,0.0600181442095831,0.0516678917924792,0.0444409647174784,0.0382551962110029,0.0330309518147852,0.0287005169400528,0.0252483559445021,0.0226953364116733,0.021065810160359,0.0203862721854319,0.0206874213364611,0.0220043423139068,0.0243760503945772,0.0278520605269458,0.032498169841931,0.0383863954777812,0.0455903552939686,0.0541833767969067,0.064238260293695,0.0758298601524641,0.089040878837951,0.103963557527722,0.120692107212842,0.139319052132521,0.159934947625387,0.182628231870818,0.207485097919118,0.234589366421214,0.264022374770198,0.295862873799318,0.330186925752832,0.367067809977207,0.40657593194934,0.44877873567799,0.493740620825837,0.541522862693582,0.592183539171723,0.645777456945543,0.702356082807879,0.76196747637587,0.82465623129176,0.890463418199886,0.959426528996491,1.03157942872391,1.10695231152354,1.18557165596792,1.26746018719288,1.35263684091646,1.44111673234359,1.53291112954725,1.62802743164869,1.72646915010291,1.82823589637815,1.93332337019257,2.04172335059008
2.60284403579487,2.48955597467995,2.37884304339933,2.27073910605657,2.16527484071659,2.06247771666408,1.96237197605677,1.86497861843132,1.77031538836798,1.6783967663239,1.58923396328998,1.50283492022744,1.41920431034124,1.3383435406835,1.26025075999561,1.18492086993664,1.11234553941028,1.04251322236404,0.975409179725535,0.911015505129204,0.849311153834403,0.790271971432259,0.733870726914504,0.680077150016887,0.628857973001841,0.580176974339525,0.533995024753629,0.490270137726859,0.448957524673866,0.410009646677379,0.373376274109594,0.339004547970569,0.306839042676111,0.276821832304589,0.248892567047552,0.222988545473565,0.199044788822791,0.176994121041807,0.156767253833428,0.138292872471862,0.121497733441308,0.106306763577772,0.0926431697161537,0.0804285700993574,0.0695831361796589,0.0600257872020719,0.0516744714245903,0.0444466240387388,0.0382600678074368,0.0330351581313908,0.0287041717987341,0.0252515711887817,0.0226982265424498,0.0210684927796061,0.0203888682691204,0.0206900557698975,0.0220071444502481,0.0243791545553693,0.0278556073392009,0.0325023083115768,0.0383912837817463,0.0455961609840257,0.0541902767626976,0.0642464406955949,0.0758395166831552,0.0890522177218357,0.103976796735627,0.120707476712867,0.139336793675233,0.159955314493099,0.182651488607974,0.207511520046391,0.234619240133392,0.264055996619954,0.295900550367829,0.330228973307396,0.367114554116859,0.40662770723888,0.448835885270853,0.493803496076415,0.541591822759353,0.592258950606075,0.645859693281204,0.702445524131602,0.762064508894543,0.824761246891038,0.890576813995551,0.95954870687872,1.03171079489541,1.10709327603209,1.1857226322332,1.26762159152849,1.35280909204737,1.44130025091962,1.53310633765312,1.62823475231139,1.72668900679658,1.82846871252747,1.93356956867457,2.04198335323493
2.60316744366322,2.48986530631098,2.37913861875737,2.27102124931363,2.16554387985647,2.06273398308369,1.96261580416516,1.86521034524676,1.77053535311354,1.67860531002186,1.58943142835562,1.50302165006271,1.41938064892875,1.33850983218067,1.26040734832985,1.1850680984019,1.11248375026534,1.04264275643306,0.975530376001319,0.911128700379666,0.849416682212611,0.790370164090052,0.733961911620223,0.680161650777737,0.628936109691456,0.580249062330951,0.534061374558031,0.490331054638506,0.449013308421966,0.410060591084347,0.37342266675673,0.339046669871349,0.306877167957285,0.276856227895515,0.248923492379016,0.223016252185595,0.19906952048169,0.177016112867137,0.156786732435562,0.138310055600193,0.121512829744598,0.106319972376812,0.0926546807900495,0.0804385634881477,0.0695917820045472,0.0600332455098376,0.0516808920669422,0.0444521466085655,0.0382648216869633,0.033039262806863,0.0287077383416719,0.0252547087401287,0.0227010468363131,0.0210711105762337,0.0203914016212284,0.0206926265450728,0.0220098788759676,0.0243821837074424,0.0278590684465386,0.0325063467795383,0.0383960539650842,0.0456018263858039,0.0541970099982093,0.0642544234268491,0.07584893987413,0.0890632826137421,0.103989716032261,0.120722474825393,0.139354106512578,0.159975189217277,0.182674183370998,0.207537303711272,0.234648391979327,0.26408880603374,0.295937316522435,0.330270004827862,0.367160168734467,0.40667823143403,0.448891653905046,0.493864852013941,0.541659116479032,0.592332539803927,0.645939942463938,0.702532804201581,0.762159196726383,0.824863724900893,0.890687469703329,0.95966793246335,1.03183898674415,1.10723083428435,1.18586996031881,1.26777909570129,1.35297718091429,1.44147933496591,1.53329682876431,1.62843706329245,1.72690355088886,1.82869590292403,1.93380981803409,2.04223707319448
2.60348309882488,2.49016722266972,2.37942710860735,2.27129662905584,2.16580646961232,2.06298410630587,1.96285378724629,1.86543651712613,1.77075004488239,1.67880885452753,1.58962415980502,1.5032039036258,1.4195527603422,1.33867213735181,1.2605601829415,1.18521179751856,1.1126186479412,1.04276918532208,0.975648666969995,0.911239182122939,0.849519680873257,0.790466002881567,0.734050910453712,0.680244125893332,0.629012373294805,0.580319422235004,0.534126133830405,0.49039051125498,0.449067754926665,0.410110314256202,0.373467947283163,0.339087782029403,0.30691437930237,0.276889798958177,0.24895367637099,0.223043294714613,0.199093659275305,0.177037577506247,0.156805744098255,0.138326826815992,0.121527564160553,0.106332864535612,0.0926659159214329,0.0804483173162478,0.0696002205724356,0.0600405250276659,0.0516871587941861,0.0444575367918047,0.0382694616068827,0.033043269085394,0.0287112193877372,0.0252577710783542,0.022703799522325,0.0210736656192569,0.0203938742440291,0.0206951356938381,0.0220125477522596,0.0243851402449323,0.0278624465844972,0.0325102884376797,0.0384007097979815,0.0456073559770388,0.0542035818251556,0.0642622147967295,0.0758581371731496,0.089074082258974,0.104002325628584,0.120737113404405,0.139371004328016,0.15999458750621,0.182696334097039,0.207562469292269,0.234676844999621,0.264120828942971,0.295973201321822,0.33031005274411,0.367204689882232,0.406727544467349,0.448946085658149,0.493924737132003,0.541724797039224,0.592404364927608,0.646018267919895,0.702617992000936,0.762251614709343,0.824963746316366,0.890795472781624,0.959784299982119,1.03196410558849,1.10736509500156,1.18601375666774,1.26793282419708,1.35314124036878,1.44165412602425,1.53348275343831,1.62863452449138,1.72711295194788,1.82891764713117,1.93404430815581,2.04248471100012
2.60379124678644,2.49046195857715,2.37970873732756,2.27156545946487,2.16606281421814,2.06322828086854,1.96308611039586,1.86565730997877,1.77095963065501,1.67900755815138,1.58981230753862,1.50338182266776,1.41972077844442,1.33883058243276,1.26070938270046,1.18535207905125,1.11275033735701,1.04289260736349,0.975764144634536,0.911347036288227,0.849620229925443,0.790559562347185,0.734137792635447,0.680324639510206,0.629086823127307,0.580388108775392,0.534189352938465,0.490448553819758,0.449120906534734,0.410158854866052,0.373512150906653,0.339127916420469,0.306950705653173,0.276922571603087,0.248983142499629,0.223069694093444,0.199117223978027,0.177058531653656,0.156824303608177,0.13834319916338,0.121541948149136,0.106345450081287,0.0926768838486341,0.0804578391698766,0.0696084584465756,0.0600476314173355,0.0516932764803846,0.0444627987807704,0.0382739911759778,0.0330471800829405,0.0287146176443774,0.0252607605852478,0.0227064867414376,0.0210761598959074,0.0203962880606501,0.0206975851677299,0.0220151531548918,0.0243880264673404,0.0278657443804856,0.0325141363516977,0.0384052549015975,0.0456127540584717,0.0542099973548959,0.0642698208651169,0.0758671157335821,0.0890846250571541,0.10401463533194,0.120751403835327,0.139387500264135,0.160013524447273,0.18271795801423,0.207587036362375,0.234704621324132,0.264152090254051,0.296008232676051,0.330349148204143,0.367248152187292,0.406775684692955,0.448999222865458,0.493983198007352,0.541788915524192,0.592474481840429,0.646094730568138,0.702701153786042,0.762341834723206,0.825061388930948,0.890900907231814,0.959897899941999,1.0320862487419,1.10749616260744,1.18615413312021,1.26808289658101,1.3533013980111,1.44182476004158,1.53366425628148,1.62882728948727,1.72731737283918,1.82913411761453,1.93427322141873,2.04272645925672
2.60409212342568,2.49074973964453,2.3799837204961,2.2718279463221,2.16631310989785,2.06346669367982,1.9633129514501,1.86587289281479,1.77116427086284,1.67920157299492,1.58999601557769,1.50355554338015,1.41988483184809,1.33898528870832,1.26085506181455,1.18548905038115,1.11287891931696,1.04301311703306,0.975876897389539,0.911452345434571,0.849718406336368,0.790650914103794,0.734222624671064,0.680403253259054,0.629159516178013,0.580455174529545,0.534251080274489,0.490505226762634,0.449172803932091,0.410206250070241,0.373555311463713,0.339167103766187,0.306986174816395,0.276954570916693,0.249011913320344,0.223095470529999,0.19914023262791,0.177078991349116,0.156842425172062,0.138359185174884,0.121555992720847,0.106357738647683,0.0926875929672633,0.0804671363377197,0.0696165019328059,0.0600545701185686,0.0516992498084375,0.044467936603353,0.0382784138614944,0.0330509987932507,0.0287179357128533,0.025263679549185,0.0227091105506344,0.021078595315477,0.0203986449187939,0.020699976841745,0.0220176970782196,0.0243908445839809,0.027868964358865,0.0325178934670522,0.0384096927550692,0.0456180247621674,0.0542162614983204,0.0642772474542223,0.0758758824282388,0.0890949190784693,0.104026654565029,0.120765357057044,0.139403606948065,0.160032014536111,0.182739071675013,0.207611023726925,0.234731742214781,0.264182613896552,0.296042437400544,0.33038732113433,0.367290588918706,0.406822688960707,0.449051106201867,0.494040279389985,0.541851521014659,0.592542944214727,0.646169388938467,0.702782353214683,0.762429925828614,0.825156727487052,0.891003853760724,0.960008819300262,1.0322055097012,1.10762413743023,1.1862911971301,1.26822942772888,1.35345777643699,1.44199136763299,1.53384147622863,1.62901550583579,1.72751697004063,1.8293454800756,1.93449673304892,2.0429625030151
2.60438595544054,2.49103078270286,2.38025226530127,2.27208428740039,2.16655754523874,2.06369952437377,1.96353448132423,1.86608342806685,1.77136411969372,1.6793910452402,1.59017542233857,1.50372519665424,1.42004504416057,1.33913637274322,1.2609973300469,1.18562281471043,1.11300449070218,1.04313080512979,0.975987010189482,0.911555188908005,0.849814284077849,0.790740126981118,0.734305470477949,0.680480026372043,0.629230507218095,0.5805206700287,0.534311362347443,0.4905605727843,0.449223486221253,0.410252535579069,0.373597461474015,0.339205373592581,0.307020813516566,0.276985821009141,0.249040010510746,0.223120643445743,0.199162702561007,0.177098972008153,0.156860122443748,0.138374796895295,0.121569708457682,0.106369739493722,0.092698051346193,0.0804762158248038,0.0696243570915565,0.0600613463593864,0.0517050832789978,0.0444729541306869,0.0382827329957406,0.0330547280935629,0.0287211760931906,0.025266530169483,0.0227116729268456,0.0210809737129524,0.0204009465942543,0.0207023125179096,0.0220201814389829,0.024393596718187,0.0278721089457542,0.0325215626145723,0.0384140267021331,0.0456231720593807,0.0542223789751988,0.0642845001596699,0.0758844438624574,0.0891049720790339,0.10403839238384,0.120778983582723,0.139419336515518,0.160050071704232,0.182759690987649,0.207634449459395,0.234758228106024,0.26421242286876,0.29607584126713,0.330424600296377,0.367332032050772,0.406868592686353,0.449101774759298,0.494096024288337,0.541912660681242,0.592609803634034,0.64624229928284,0.70286165146723,0.762515954398527,0.82524983381829,0.891104389934252,0.960117141630002,1.03232197832454,1.10774911589358,1.18642505196939,1.26837252804576,1.35361049347104,1.44215407433033,1.53401454680758,1.62919931535006,1.72771189394039,1.82955189376713,1.93471501145301,2.04319302012437
2.604672960774,2.49130529620918,2.38051457092986,2.2723346728347,2.16679630154497,2.06392694564707,1.96375086433282,1.86628907189449,1.7715593253808,1.67957611542381,1.59035066089198,1.50389090832635,1.42020153421558,1.33928394660047,1.2611362929216,1.18575347125562,1.11312714465227,1.04324575894604,0.976094564707939,0.911655642990246,0.849907934264939,0.790827267150704,0.734386391505024,0.68055501579382,0.629299848903481,0.5805846438526,0.53437024387013,0.49061463293636,0.44927299099461,0.410297745723721,0.373638632201336,0.339242754285391,0.307054647446126,0.277016345059447,0.249067454911263,0.223145231512093,0.199184650443863,0.177118488450949,0.15687740854977,0.138390045904238,0.121583105532967,0.106381461520747,0.092708266742679,0.0804850843656243,0.0696320297492063,0.0600679651659053,0.0517107812189045,0.0444778550844044,0.0382869517823327,0.0330583707499975,0.028724341188865,0.0252693145605221,0.0227141757706533,0.0210832968524538,0.0204031947942447,0.0207045939286563,0.0220226080798974,0.024396284911289,0.0278751804735765,0.0325251465157615,0.0384182599573924,0.0456281997679978,0.0542283543230256,0.0642915843609826,0.0758928063864793,0.089114791515424,0.104049857494622,0.120792293519518,0.139434700633529,0.160067709345113,0.182779831246025,0.207657330935269,0.234784098643146,0.264241539280776,0.296108469052338,0.330461013341223,0.367372512322956,0.406913429917898,0.44915126611996,0.494150474049869,0.541972379872846,0.592675109689746,0.646313515680783,0.702939107361289,0.762599984242608,0.825340776984086,0.891202590322734,0.960222947276748,1.03243574099978,1.10787119069733,1.18655579692174,1.26851230367295,1.35375966238751,1.44231300081745,1.53418359638935,1.62937885436646,1.72790228911865,1.82975351179162,1.93492821853388,2.04341818156514
2.60495334901613,2.49157348063123,2.38077082893459,2.27257928547285,2.16702955317203,2.06414912357762,1.96396225849291,1.8664899744723,1.77175003047605,1.67975691869609,1.59052185920858,1.50405279940999,1.42035441629239,1.33942811804816,1.26127205191844,1.1858811154307,1.11324697073718,1.04335806242861,0.976199639488257,0.911753781039445,0.849999425287134,0.790912398248007,0.734465446846122,0.680628276286569,0.62936759187201,0.580647142719119,0.534427767841693,0.490667446697077,0.449321354403791,0.410341913519605,0.373678853711236,0.339279273142446,0.307087701312823,0.277046165358273,0.249094266563592,0.223169252684865,0.199206092304258,0.177137554929687,0.156894296113574,0.138404943337538,0.121596193730121,0.10639291328895,0.0927182466166727,0.0804937484365704,0.069639525508832,0.0600744313716114,0.0517163477891664,0.0444826430435029,0.0382910733021044,0.0330619294226608,0.0287274333112365,0.0252720347556469,0.0227166209097982,0.0210855664304899,0.020405391160548,0.0207068227400209,0.0220249787730553,0.0243989111263815,0.0278781811853626,0.0325286477878191,0.0384223956122472,0.0456331115595807,0.0542341919053906,0.0642985052315082,0.0759009761071675,0.0891243845584345,0.10406105826995,0.120805296587217,0.139449710521984,0.160084940338916,0.182799507157878,0.207679684864097,0.234809372718506,0.264269984395313,0.296140344583112,0.330496586860057,0.367412059296603,0.406957233398425,0.449199616425682,0.494203668437362,0.542030722200335,0.592738910072622,0.646383090139173,0.703014777460226,0.762682076724948,0.825429623397093,0.89129852663852,0.960326313506713,1.03254688080385,1.10799045098848,1.18668352746569,1.26864885668375,1.35390539211931,1.44246826315288,1.53434874842501,1.62955425399614,1.72808829461443,1.82995048138375,1.93513650998928,2.04363815176505
2.60522732178486,2.49183552881157,2.38102122358214,2.27281830120771,2.16725746784345,2.06436621792622,1.96416881581104,1.86668628026269,1.7719363721092,1.67993358506671,1.59068914039143,1.50421098631568,1.42050380032345,1.33956899075521,1.26140470465724,1.18600583902035,1.11336405511988,1.04346779633124,0.976302310086238,0.911849673623426,0.850088822932602,0.790995581487987,0.734542693347323,0.680699860529486,0.629433784835411,0.580708211569125,0.534483975625719,0.490719052043079,0.449368611225322,0.410385070726322,0.373718154925671,0.33931495642325,0.307119998884602,0.277075303348409,0.249120464747106,0.223192724236889,0.199227043560324,0.177156185154442,0.156910797278449,0.138419499907445,0.121608982460436,0.106404103032919,0.0927279981443715,0.0805022142676888,0.0696468497603866,0.0600807496261393,0.0517217869925201,0.0444873214508453,0.0382951005187047,0.0330654066704767,0.028730454683748,0.0252746927108597,0.0227190101024987,0.021087784079039,0.0204075372724987,0.0207090005546676,0.0220272952231437,0.0244014772518892,0.027881113238825,0.032532068948394,0.0384264366405101,0.0456379109660361,0.0542398959199064,0.0643052677478157,0.0759089588990976,0.0891337581061057,0.104072002763931,0.120818002135896,0.139464376973997,0.160101777075878,0.182818732871504,0.207701527319853,0.234834068505857,0.264297778666309,0.296171490780094,0.330531346432618,0.367450701408634,0.407000034625567,0.449246860443571,0.494255645701142,0.542087729615746,0.592801250659406,0.646451072686703,0.703088716175907,0.762762290875537,0.825516436943829,0.891392267866245,0.960427314647131,1.03265547765372,1.10810698252318,1.18680833544805,1.26878228526893,1.35404778745588,1.44261997298062,1.53451012166993,1.62972564036316,1.72827004417814,1.83014294417784,1.93534003559472,2.04385308889739
2.60549507308662,2.49209162631255,2.38126593218273,2.27305188929184,2.16748020695086,2.06457838242241,1.96437068255522,1.86687812827432,1.77211848223306,1.6801062396372,1.59085262289619,1.50436558105923,1.42064979209104,1.33970666447683,1.26153434507245,1.18612773034424,1.11347848071054,1.04357503835901,0.976402649205305,0.911943388645941,0.850176190505885,0.791076875774614,0.73461818570866,0.680769819213029,0.629498474666448,0.58076789364688,0.534538907024237,0.490769485517302,0.449414794922852,0.410427247904486,0.373756563674741,0.339349829395957,0.307151563032118,0.277103779663139,0.249146068013345,0.223215662788914,0.19924751904813,0.177174392317707,0.156926923729251,0.138433725921805,0.121621480779906,0.10641503867637,0.0927375282310572,0.0805104878538303,0.0696540076903418,0.060086924403591,0.051727102680591,0.0444918936193201,0.0382990362838984,0.0330688049557646,0.0287334074459034,0.0252772903083202,0.0227213450405975,0.0210899513684694,0.020409634649808,0.0207111289147575,0.0220295590704944,0.0244039851049446,0.0278839787102185,0.0325354124200892,0.0384303859037266,0.0456426013859349,0.0542454704057174,0.0643118766985993,0.0759167604150692,0.0891429187960632,0.104082698726615,0.120830419162648,0.139478710375222,0.160118231478482,0.182837522001075,0.207722873769681,0.234858203492856,0.264324941775531,0.296201929698624,0.330565316672966,0.367488466022421,0.407041863907863,0.449293031628208,0.494306442647508,0.542143442487348,0.592862175594909,0.646517511463384,0.703160975866044,0.762840683495868,0.825601279098971,0.891483880386237,0.960526022219247,1.03276160844934,1.10822086782009,1.18693030924822,1.26891268391234,1.35418694923063,1.44276823772991,1.53466783039623,1.62989313483018,1.72844766651085,1.83033103646123,1.93553893947138,2.0440631451641
2.60575678965818,2.49234195174329,2.38150512540254,2.27328021263567,2.16769792583836,2.06478576503523,1.96456799951261,1.867065652307,1.77229648785601,1.68027500282138,1.59101242073984,1.50451669145907,1.42079249341365,1.33984123523029,1.2616610635787,1.18624687441257,1.11359032731255,1.04367986330535,0.976500726824586,0.912034991466305,0.850261588939412,0.791156337804656,0.734691976580483,0.680838201128216,0.629561706481505,0.58082623057623,0.534592600347843,0.490818782293376,0.4494599377061,0.410468474469567,0.373794106745712,0.339383916381892,0.307182415769035,0.277131614162589,0.249171094218695,0.223238084338887,0.199267533047817,0.177192189117634,0.156942686712988,0.138447631302211,0.121633697405186,0.106425727846107,0.092746843523262,0.0805185749652102,0.0696610042908254,0.0600929600104179,0.0517322985606793,0.0444963627376771,0.0383028833425914,0.0330721266485776,0.028736293657036,0.0252798293596606,0.0227236273525415,0.0210920698103055,0.020411684755242,0.0207132093046644,0.0220317718939737,0.0244064364345902,0.027886779597998,0.0325386805347292,0.0384342461562161,0.0456471860904984,0.0542509192506161,0.064318336693114,0.0759243860960637,0.089151873017212,0.104093153617646,0.120842556327431,0.139492720722147,0.160134315022458,0.182855887650623,0.207743739101157,0.234881794511874,0.264351492667242,0.296231682567601,0.330598521272833,0.367525379475995,0.407082750418148,0.449338162180585,0.494356094703583,0.542197899670756,0.592921727369774,0.646582452805358,0.703231606926437,0.762917309259008,0.82568420903366,0.891573428091464,0.960622505064303,1.03286534720908,1.1083321863058,1.18704953393394,1.26904014355741,1.35432297449864,1.44291316080447,1.5348219845941,1.63005685421221,1.72862128549101,1.83051488941441,1.93573336034003,2.04426846706393
