0,4.28626379701574e-17,0
1.29357367040228e-08,9.51578450865419e-05,0
5.17429457058682e-08,0.000190315683139116,0
1.16421624118956e-07,0.000285473507123842,0
2.06971767169328e-07,0.000380631310006795,0
3.23393368306668e-07,0.00047578908475421,0
4.65686418760214e-07,0.000570946824331857,0
6.33850908093869e-07,0.000666104521705974,0
8.27886823762114e-07,0.000761262169842647,0
1.04779415166512e-06,0.000856419761707965,0
1.29357287526055e-06,0.000951577290268024,0
1.56522297667383e-06,0.00104673474848892,0
1.86274443558787e-06,0.00114189212933676,0
2.18613723013128e-06,0.00123704942577765,0
2.53540133621222e-06,0.00133220663077787,0
2.91053672829555e-06,0.00142736373730322,0
3.31154337851469e-06,0.00152252073831999,0
3.73842125722668e-06,0.00161767762679432,0
4.19117033279015e-06,0.00171283439569236,0
4.66979057200945e-06,0.00180799103798025,0
5.17428193924641e-06,0.00190314754662417,0
5.70464439730856e-06,0.00199830391459028,0
6.260877906894e-06,0.00209346013484478,0
6.84298242703552e-06,0.00218861620035385,0
7.45095791454542e-06,0.00228377210408387,0
8.08480432468173e-06,0.00237892783900073,0
8.74452161037098e-06,0.00247408339807082,0
9.43010972309644e-06,0.00256923877426039,0
1.01415686120099e-05,0.0026643939605357,0
1.08788982244867e-05,0.00275954894986302,0
1.16420985061261e-05,0.00285470373520863,0
1.24311694005286e-05,0.00294985830953884,0
1.32461108492965e-05,0.00304501266581996,0
1.40869227921447e-05,0.00314016679701849,0
1.49536051670118e-05,0.00323532069610045,0
1.58461579098379e-05,0.00333047435603238,0
1.67645809547867e-05,0.00342562776978065,0
1.77088742335796e-05,0.00352078093031167,0
1.86790376767165e-05,0.00361593383059187,0
1.96750712124771e-05,0.00371108646358768,0
2.06969747670316e-05,0.00380623882226556,0
2.17447482651068e-05,0.003901390899592,0
2.2818391628987e-05,0.00399654268853365,0
2.39179047796245e-05,0.00409169418205672,0
2.50432876354179e-05,0.00418684537312792,0
2.61945401133223e-05,0.0042819962547138,0
2.73716621284059e-05,0.00437714681978097,0
2.8574653593294e-05,0.00447229706129603,0
2.98035144195019e-05,0.00456744697222563,0
3.10582445157692e-05,0.00466259654553641,0
3.23388437896144e-05,0.00475774577419508,0
3.36453121463354e-05,0.00485289465116834,0
3.49776494892318e-05,0.00494804316942308,0
3.63358557200488e-05,0.00504319132192577,0
3.77199307382003e-05,0.00513833910164334,0
3.91298744413238e-05,0.00523348650154262,0
4.05656867253912e-05,0.00532863351459045,0
4.20273674841543e-05,0.00542378013375371,0
4.35149166096993e-05,0.00551892635199931,0
4.50283339918922e-05,0.00561407216229418,0
4.65676195189335e-05,0.00570921755760528,0
4.81327730771364e-05,0.00580436253089976,0
4.97237945507045e-05,0.00589950707514435,0
5.13406838219543e-05,0.00599465118330625,0
5.29834407714258e-05,0.00608979484835256,0
5.46520652778826e-05,0.0061849380632504,0
5.63465572177568e-05,0.00628008082096692,0
5.80669164658154e-05,0.00637522311446932,0
5.98131428950488e-05,0.00647036493672482,0
6.1585236376116e-05,0.00656550628070069,0
6.33831967782328e-05,0.00666064713936436,0
6.52070239685054e-05,0.00675578750568287,0
6.70567178120418e-05,0.00685092737262373,0
6.89322781720625e-05,0.00694606673315435,0
7.08337049100116e-05,0.00704120558024217,0
7.2760997885335e-05,0.00713634390685467,0
7.47141569555909e-05,0.00723148170595937,0
7.66931819763395e-05,0.00732661897052382,0
7.86980728013642e-05,0.00742175569351562,0
8.07288292823394e-05,0.00751689186790242,0
8.27854512692738e-05,0.00761202748665203,0
8.48679386101781e-05,0.00770716254273187,0
8.69762911510641e-05,0.00780229702910986,0
8.91105087359456e-05,0.00789743093875379,0
9.1270591207282e-05,0.00799256426463151,0
9.34565384054231e-05,0.00808769699971091,0
9.56683501684985e-05,0.00818282913695991,0
9.79060263333054e-05,0.0082779606693465,0
0.000100169566734198,0.0083730915898387,0
0.0001024589712042,0.00846822189140472,0
0.000104774239573668,0.00856335156701237,0
0.00010711537167174,0.00865848060962996,0
0.000109482367325331,0.00875360901222569,0
0.000111875226359359,0.00884873676776781,0
0.000114293948597077,0.00894386386922463,0
0.000116738533859628,0.0090389903095645,0
0.000119208981966379,0.0091341160817558,0
0.000121705292734475,0.00922924117876699,0
0.000124227465979843,0.00932436559356656,0
0.000126775501515519,0.00941948931912321,0
0.000129349399153655,0.00951461234840523,0
0.000131949158703626,0.00960973467438143,0
0.000134574779973473,0.0097048562900205,0
0.000137226262769019,0.0097999771882912,0
0.000139903606894198,0.00989509736216233,0
0.00014260681215128,0.00999021680460275,0
0.000145335878340314,0.0100853355085814,0
0.000148090805259682,0.0101804534670672,0
0.000150871592705659,0.0102755706730294,0
0.000153678240472743,0.0103706871194367,0
0.000156510748353433,0.0104658027992584,0
0.000159369116138341,0.0105609177054637,0
0.000162253343616081,0.0106560318310218,0
0.000165163430573823,0.0107511451689022,0
0.000168099376796071,0.010846257712074,0
0.000171061182066001,0.0109413694535069,0
0.000174048846164565,0.0110364803861701,0
0.00017706236887105,0.0111315905030335,0
0.000180101749962525,0.0112266997970663,0
0.000183166989214611,0.0113218082612384,0
0.000186258086400493,0.0114169158885194,0
0.000189375041291684,0.0115120226718792,0
0.000192517853657814,0.0116071286042876,0
0.000195686523266625,0.0117022336787145,0
0.000198881049883859,0.0117973378881299,0
0.000202101433273483,0.0118924412255039,0
0.000205347673197354,0.0119875436838066,0
0.00020861976941533,0.012082645256008,0
0.000211917721685939,0.0121777459350785,0
0.000215241529765042,0.0122728457139883,0
0.000218591193407169,0.0123679445857078,0
0.00022196671236463,0.0124630425432074,0
0.000225368086387956,0.0125581395794577,0
0.000228795315225572,0.0126532356874293,0
0.000232248398624346,0.0127483308600927,0
0.000235727336329039,0.0128434250904186,0
0.000239232128082301,0.0129385183713781,0
0.000242762773625227,0.0130336106959416,0
0.000246319272696693,0.0131287020570802,0
0.000249901625034021,0.0132237924477649,0
0.000253509830372201,0.0133188818609668,0
0.000257143888444555,0.013413970289657,0
0.000260803798982634,0.0135090577268066,0
0.000264489561715653,0.0136041441653871,0
0.000268201176371274,0.0136992295983697,0
0.000271938642675273,0.013794314018726,0
0.000275701960351205,0.0138893974194272,0
0.000279491129120846,0.0139844797934451,0
0.000283306148704199,0.0140795611337513,0
0.000287147018819489,0.0141746414333175,0
0.000291013739182278,0.0142697206851155,0
0.000294906309507237,0.0143647988821173,0
0.000298824729506486,0.0144598760172947,0
0.000302768998890257,0.0145549520836199,0
0.000306739117367227,0.014650027074065,0
0.000310735084643632,0.0147451009816021,0
0.000314756900424262,0.0148401737992035,0
0.000318804564411801,0.0149352455198415,0
0.000322878076307154,0.0150303161364887,0
0.000326977435809006,0.0151253856421176,0
0.0003311026426146,0.0152204540297007,0
0.000335253696418736,0.0153155212922107,0
0.00033943059691488,0.0154105874226205,0
0.000343633343793948,0.0155056524139028,0
0.000347861936745519,0.0156007162590308,0
0.000352116375456957,0.0156957789509772,0
0.000356396659613623,0.0157908404827152,0
0.000360702788899436,0.015885900847218,0
0.000365034762995875,0.015980960037459,0
0.00036939258158275,0.0160760180464114,0
0.000373776244337876,0.0161710748670488,0
0.00037818575093751,0.0162661304923447,0
0.000382621101055358,0.0163611849152727,0
0.000387082294363794,0.0164562381288066,0
0.00039156933053297,0.0165512901259201,0
0.000396082209231041,0.0166463408995871,0
0.000400620930124829,0.0167413904427816,0
0.00040518549287849,0.0168364387484778,0
0.00040977589715474,0.0169314858096497,0
0.000414392142614295,0.0170265316192717,0
0.00041903422891576,0.0171215761703181,0
0.000423702155716299,0.0172166194557633,0
0.000428395922670521,0.0173116614685821,0
0.000433115529431705,0.0174067022017488,0
0.000437860975651017,0.0175017416482382,0
0.000442632260977516,0.0175967798010252,0
0.000447429385058595,0.0176918166530848,0
0.00045225234753965,0.0177868521973919,0
0.000457101148064187,0.0178818864269216,0
0.000461975786273716,0.0179769193346493,0
0.00046687626180808,0.01807195091355,0
0.000471802574304903,0.0181669811565994,0
0.00047675472340003,0.018262010056773,0
0.000481732708727423,0.0183570376070462,0
0.000486736529919263,0.0184520638003948,0
0.000491766186605402,0.0185470886297946,0
0.00049682167841425,0.0186421120882215,0
0.000501903004972104,0.0187371341686515,0
0.000507010165903377,0.0188321548640608,0
0.000512143160830369,0.0189271741674255,0
0.000517301989373942,0.019022192071722,0
0.000522486651152509,0.0191172085699268,0
0.000527697145783046,0.0192122236550162,0
0.000532933472880082,0.019307237319967,0
0.000538195632056926,0.0194022495577558,0
0.000543483622924334,0.0194972603613595,0
0.00054879744509162,0.0195922697237551,0
0.000554137098165874,0.0196872776379196,0
0.000559502581752414,0.0197822840968301,0
0.000564893895454777,0.019877289093464,0
0.000570311038874172,0.0199722926207987,0
0.000575754011610363,0.0200672946718115,0
0.000581222813260895,0.0201622952394801,0
0.000586717443421758,0.0202572943167821,0
0.000592237901686499,0.0203522918966954,0
0.000597784187647221,0.0204472879721979,0
0.000603356300893809,0.0205422825362677,0
0.000608954241014703,0.0206372755818828,0
0.000614578007595679,0.0207322671020217,0
0.000620227600221401,0.0208272570896625,0
0.000625903018474094,0.0209222455377839,0
0.000631604261934315,0.0210172324393644,0
0.000637331330180513,0.0211122177873826,0
0.000643084222789359,0.0212072015748174,0
0.000648862939335748,0.0213021837946479,0
0.000654667479392468,0.0213971644398529,0
0.000660497842530416,0.0214921435034118,0
0.000666354028318605,0.0215871209783038,0
0.000672236036324159,0.0216820968575082,0
0.000678143866112424,0.0217770711340049,0
0.000684077517246529,0.021872043800773,0
0.000690036989287934,0.0219670148507927,0
0.000696022281796216,0.0220619842770436,0
0.000702033394328727,0.0221569520725058,0
0.000708070326441268,0.0222519182301595,0
0.00071413307768764,0.0223468827429849,0
0.000720221647619756,0.0224418456039624,0
0.000726336035787423,0.0225368068060724,0
0.000732476241738667,0.0226317663422957,0
0.000738642265019518,0.0227267242056127,0
0.000744834105174563,0.0228216803890045,0
0.000751051761745725,0.022916634885452,0
0.000757295234273592,0.0230115876879364,0
0.000763564522296534,0.0231065387894388,0
0.000769859625351366,0.0232014881829407,0
0.00077618054297246,0.0232964358614234,0
0.000782527274692857,0.0233913818178687,0
0.000788899820043265,0.0234863260452582,0
0.000795298178552617,0.0235812685365741,0
0.000801722349748069,0.0236762092847978,0
0.000808172333154777,0.0237711482829119,0
0.000814648128295792,0.0238660855238984,0
0.000821149734692384,0.0239610210007398,0
0.00082767715186427,0.0240559547064185,0
0.000834230379328726,0.0241508866339173,0
0.000840809416601473,0.0242458167762189,0
0.000847414263196122,0.0243407451263063,0
0.000854044918624508,0.0244356716771625,0
0.000860701382396467,0.0245305964217705,0
0.000867383654019838,0.0246255193531137,0
0.000874091733000792,0.0247204404641756,0
0.000880825618843617,0.0248153597479397,0
0.000887585311050376,0.0249102771973898,0
0.000894370809121359,0.0250051928055097,0
0.000901182112555077,0.0251001065652834,0
0.000908019220848155,0.0251950184696949,0
0.00091488213349511,0.0252899285117288,0
0.000921770849988679,0.025384836684369,0
0.000928685369819382,0.0254797429806004,0
0.000935625692476627,0.0255746473934074,0
0.000942591817446825,0.0256695499157751,0
0.000949583744215499,0.0257644505406882,0
0.000956601472265728,0.0258593492611319,0
0.000963645001078595,0.0259542460700914,0
0.000970714330133515,0.0260491409605521,0
0.00097780945890813,0.0261440339254997,0
0.000984930386877636,0.0262389249579195,0
0.000992077113515899,0.0263338140507974,0
0.000999249638294675,0.0264287011971195,0
0.00100644796068372,0.0265235863898717,0
0.0010136720801508,0.0266184696220403,0
0.00102092199616211,0.0267133508866117,0
0.00102819770818174,0.0268082301765724,0
0.00103549921567181,0.0269031074849091,0
0.00104282651809262,0.0269979828046085,0
0.0010501796149025,0.0270928561286579,0
0.001057558505558,0.0271877274500439,0
0.00106496318951366,0.0272825967617541,0
0.00107239366622203,0.0273774640567757,0
0.0010798499351341,0.0274723293280964,0
0.00108733199569844,0.0275671925687039,0
0.00109483984736225,0.027662053771586,0
0.00110237348957032,0.0277569129297306,0
0.00110993292176587,0.0278517700361261,0
0.00111751814339023,0.0279466250837608,0
0.00112512915388252,0.0280414780656229,0
0.0011327659526803,0.0281363289747011,0
0.00114042853921892,0.0282311778039842,0
0.00114811691293215,0.0283260245464611,0
0.00115583107325157,0.0284208691951209,0
0.00116357101960696,0.0285157117429529,0
0.00117133675142633,0.0286105521829463,0
0.00117912826813538,0.0287053905080908,0
0.00118694556915833,0.028800226711376,0
0.00119478865391742,0.028895060785792,0
0.0012026575218328,0.0289898927243284,0
0.00121055217232269,0.0290847225199755,0
0.0012184726048039,0.0291795501657238,0
0.00122641881869057,0.0292743756545636,0
0.00123439081339549,0.0293691989794856,0
0.00124238858832948,0.0294640201334806,0
0.00125041214290111,0.0295588391095396,0
0.00125846147651754,0.0296536559006536,0
0.00126653658858367,0.0297484704998142,0
0.00127463747850265,0.0298432829000125,0
0.00128276414567552,0.0299380930942403,0
0.00129091658950165,0.0300329010754892,0
0.00129909480937862,0.0301277068367513,0
0.0013072988047016,0.0302225103710187,0
0.00131552857486439,0.0303173116712835,0
0.0013237841192586,0.0304121107305383,0
0.00133206543727382,0.0305069075417757,0
0.00134037252829811,0.0306017020979885,0
0.00134870539171739,0.0306964943921694,0
0.0013570640269156,0.0307912844173116,0
0.00136544843327502,0.0308860721664084,0
0.00137385861017592,0.0309808576324532,0
0.00138229455699646,0.0310756408084397,0
0.00139075627311314,0.0311704216873615,0
0.00139924375790046,0.0312652002622127,0
0.00140775701073115,0.0313599765259874,0
0.00141629603097582,0.0314547504716799,0
0.00142486081800319,0.0315495220922845,0
0.00143345137118045,0.0316442913807958,0
0.00144206768987232,0.0317390583302088,0
0.00145070977344197,0.0318338229335183,0
0.0014593776212507,0.0319285851837196,0
0.00146807123265769,0.0320233450738078,0
0.00147679060702033,0.0321181025967787,0
0.00148553574369403,0.0322128577456277,0
0.00149430664203254,0.0323076105133507,0
0.00150310330138748,0.0324023608929439,0
0.00151192572110859,0.0324971088774033,0
0.00152077390054361,0.0325918544597252,0
0.00152964783903864,0.0326865976329063,0
0.00153854753593763,0.0327813383899433,0
0.00154747299058289,0.0328760767238331,0
0.0015564242023145,0.0329708126275728,0
0.00156540117047077,0.0330655460941597,0
0.00157440389438834,0.0331602771165911,0
0.00158343237340164,0.0332550056878649,0
0.00159248660684319,0.0333497318009786,0
0.00160156659404387,0.0334444554489302,0
0.00161067233433232,0.0335391766247181,0
0.00161980382703575,0.0336338953213405,0
0.00162896107147892,0.033728611531796,0
0.00163814406698504,0.0338233252490833,0
0.00164735281287531,0.0339180364662013,0
0.00165658730846896,0.034012745176149,0
0.00166584755308352,0.0341074513719259,0
0.00167513354603432,0.0342021550465314,0
0.00168444528663514,0.0342968561929649,0
0.00169378277419763,0.0343915548042264,0
0.00170314600803145,0.0344862508733159,0
0.0017125349874445,0.0345809443932337,0
0.00172194971174289,0.0346756353569801,0
0.00173139018023072,0.0347703237575558,0
0.00174085639220989,0.0348650095879614,0
0.00175034834698107,0.034959692841198,0
0.00175986604384226,0.0350543735102668,0
0.00176940948209015,0.035149051588169,0
0.00177897866101917,0.0352437270679062,0
0.00178857357992213,0.0353383999424801,0
0.00179819423808969,0.0354330702048926,0
0.00180784063481076,0.035527737848146,0
0.00181751276937214,0.0356224028652424,0
0.00182721064105906,0.0357170652491844,0
0.00183693424915465,0.0358117249929747,0
0.00184668359294005,0.0359063820896163,0
0.00185645867169459,0.0360010365321121,0
0.00186625948469588,0.0360956883134654,0
0.00187608603121925,0.0361903374266797,0
0.00188593831053852,0.0362849838647588,0
0.00189581632192537,0.0363796276207064,0
0.00190572006464962,0.0364742686875268,0
0.00191564953797918,0.0365689070582241,0
0.00192560474118009,0.0366635427258028,0
0.00193558567351648,0.0367581756832676,0
0.00194559233425062,0.0368528059236235,0
0.00195562472264266,0.0369474334398753,0
0.00196568283795129,0.0370420582250285,0
0.00197576667943278,0.0371366802720884,0
0.00198587624634183,0.0372312995740609,0
0.00199601153793116,0.0373259161239517,0
0.0020061725534517,0.0374205299147669,0
0.00201635929215227,0.0375151409395129,0
0.00202657175327992,0.0376097491911961,0
0.00203680993607969,0.0377043546628235,0
0.00204707383979463,0.0377989573474015,0
0.00205736346366647,0.0378935572379374,0
0.00206767880693426,0.0379881543274387,0
0.00207801986883571,0.0380827486089127,0
0.00208838664860633,0.0381773400753673,0
0.00209877914547962,0.0382719287198104,0
0.00210919735868786,0.03836651453525,0
0.00211964128746056,0.0384610975146947,0
0.00213011093102589,0.0385556776511531,0
0.0021406062886099,0.0386502549376336,0
0.00215112735943679,0.0387448293671455,0
0.00216167414272894,0.0388394009326979,0
0.00217224663770654,0.0389339696273002,0
0.00218284484358833,0.0390285354439621,0
0.00219346875959081,0.0391230983756933,0
0.00220411838492862,0.0392176584155041,0
0.0022147937188145,0.0393122155564045,0
0.00222549476045952,0.0394067697914051,0
0.00223622150907266,0.0395013211135167,0
0.00224697396386087,0.03959586951575,0
0.00225775212402946,0.0396904149911162,0
0.00226855598878162,0.0397849575326267,0
0.00227938555731888,0.0398794971332929,0
0.00229024082884077,0.0399740337861268,0
0.00230112180254471,0.0400685674841402,0
0.00231202847762646,0.0401630982203454,0
0.00232296085327977,0.0402576259877548,0
0.00233391892869672,0.0403521507793813,0
0.00234490270306709,0.0404466725882374,0
0.00235591217557907,0.0405411914073362,0
0.00236694734541887,0.0406357072296913,0
0.00237800821177081,0.040730220048316,0
0.0023890947738171,0.0408247298562241,0
0.00240020703073851,0.0409192366464296,0
0.00241134498171347,0.0410137404119468,0
0.00242250862591875,0.0411082411457899,0
0.00243369796252901,0.0412027388409739,0
0.00244491299071736,0.0412972334905133,0
0.0024561537096548,0.0413917250874234,0
0.0024674201185102,0.0414862136247194,0
0.00247871221645091,0.041580699095417,0
0.00249003000264225,0.0416751814925318,0
0.00250137347624757,0.0417696608090799,0
0.00251274263642842,0.0418641370380776,0
0.00252413748234437,0.0419586101725413,0
0.00253555801315319,0.0420530802054876,0
0.00254700422801069,0.0421475471299337,0
0.00255847612607085,0.0422420109388964,0
0.00256997370648548,0.0423364716253932,0
0.00258149696840471,0.0424309291824418,0
0.00259304591097698,0.0425253836030599,0
0.00260462053334842,0.0426198348802656,0
0.00261622083466351,0.0427142830070773,0
0.0026278468140648,0.0428087279765135,0
0.00263949847069289,0.0429031697815929,0
0.00265117580368646,0.0429976084153348,0
0.00266287881218252,0.043092043870758,0
0.00267460749531567,0.0431864761408821,0
0.00268636185221927,0.0432809052187269,0
0.00269814188202433,0.0433753310973124,0
0.00270994758386012,0.0434697537696586,0
0.00272177895685388,0.0435641732287861,0
0.0027336360001311,0.0436585894677154,0
0.00274551871281536,0.0437530024794675,0
0.00275742709402826,0.0438474122570636,0
0.00276936114288961,0.0439418187935249,0
0.00278132085851723,0.0440362220818731,0
0.00279330624002716,0.04413062211513,0
0.00280531728653333,0.0442250188863177,0
0.00281735399714789,0.0443194123884586,0
0.00282941637098122,0.0444138026145752,0
0.00284150440714159,0.0445081895576903,0
0.00285361810473561,0.0446025732108271,0
0.00286575746286766,0.0446969535670088,0
0.00287792248064056,0.0447913306192591,0
0.00289011315715504,0.0448857043606015,0
0.00290232949151004,0.0449800747840601,0
0.00291457148280228,0.0450744418826594,0
0.00292683913012726,0.0451688056494237,0
0.00293913243257793,0.0452631660773778,0
0.00295145138924569,0.0453575231595469,0
0.00296379599921981,0.0454518768889561,0
0.00297616626158792,0.045546227258631,0
0.00298856217543553,0.0456405742615974,0
0.00300098373984647,0.0457349178908812,0
0.0030134309539025,0.0458292581395086,0
0.00302590381668333,0.0459235950005062,0
0.00303840232726738,0.0460179284669008,0
0.00305092648473049,0.0461122585317194,0
0.00306347628814718,0.0462065851879892,0
0.00307605173658931,0.0463009084287378,0
0.00308865282912785,0.0463952282469929,0
0.00310127956483097,0.0464895446357826,0
0.00311393194276555,0.0465838575881352,0
0.00312660996199621,0.046678167097079,0
0.00313931362158582,0.046772473155643,0
0.00315204292059534,0.0468667757568561,0
0.00316479785808399,0.0469610748937477,0
0.00317757843310873,0.0470553705593474,0
0.00319038464472499,0.0471496627466848,0
0.00320321649198596,0.0472439514487902,0
0.00321607397394352,0.0473382366586938,0
0.00322895708964688,0.0474325183694262,0
0.00324186583814379,0.0475267965740181,0
0.00325480021848024,0.0476210712655008,0
0.00326776022969999,0.0477153424369055,0
0.00328074587084515,0.047809610081264,0
0.0032937571409557,0.047903874191608,0
0.00330679403907008,0.0479981347609697,0
0.00331985656422451,0.0480923917823815,0
0.00333294471545331,0.0481866452488761,0
0.00334605849178926,0.0482808951534866,0
0.0033591978922628,0.0483751414892458,0
0.00337236291590282,0.0484693842491873,0
0.00338555356173609,0.0485636234263449,0
0.00339876982878762,0.0486578590137525,0
0.00341201171608052,0.0487520910044445,0
0.00342527922263591,0.0488463193914552,0
0.00343857234747302,0.0489405441678195,0
0.00345189108960942,0.0490347653265724,0
0.00346523544806043,0.0491289828607494,0
0.00347860542183986,0.0492231967633858,0
0.00349200100995928,0.0493174070275176,0
0.00350542221142836,0.0494116136461808,0
0.00351886902525522,0.049505816612412,0
0.00353234145044601,0.0496000159192476,0
0.00354583948600462,0.0496942115597248,0
0.00355936313093341,0.0497884035268806,0
0.00357291238423274,0.0498825918137525,0
0.00358648724490096,0.0499767764133783,0
0.00360008771193487,0.0500709573187962,0
0.00361371378432884,0.0501651345230441,0
0.00362736546107589,0.0502593080191608,0
0.00364104274116683,0.050353477800185,0
0.00365474562359069,0.050447643859156,0
0.0036684741073344,0.050541806189113,0
0.00368222819138342,0.0506359647830958,0
0.00369600787472091,0.0507301196341442,0
0.00370981315632835,0.0508242707352986,0
0.00372364403518533,0.0509184180795995,0
0.00373750051026933,0.0510125616600874,0
0.00375138258055618,0.0511067014698035,0
0.00376529024501981,0.0512008375017892,0
0.00377922350263216,0.051294969749086,0
0.00379318235236337,0.0513890982047358,0
0.00380716679318138,0.0514832228617809,0
0.00382117682405259,0.0515773437132636,0
0.00383521244394158,0.0516714607522266,0
0.00384927365181065,0.051765573971713,0
0.0038633604466205,0.0518596833647663,0
0.00387747282732986,0.0519537889244297,0
0.00389161079289557,0.0520478906437471,0
0.00390577434227257,0.0521419885157629,0
0.00391996347441381,0.0522360825335213,0
0.00393417818827047,0.052330172690067,0
0.00394841848279204,0.0524242589784452,0
0.00396268435692559,0.0525183413917011,0
0.00397697580961687,0.0526124199228803,0
0.00399129283980937,0.0527064945650285,0
0.00400563544644461,0.0528005653111919,0
0.00402000362846278,0.052894632154417,0
0.0040343973848016,0.0529886950877505,0
0.00404881671439705,0.0530827541042393,0
0.00406326161618342,0.0531768091969309,0
0.00407773208909279,0.0532708603588728,0
0.00409222813205568,0.0533649075831128,0
0.0041067497440006,0.0534589508626992,0
0.00412129692385399,0.0535529901906806,0
0.00413586967054047,0.0536470255601053,0
0.00415046798298313,0.0537410569640227,0
0.00416509186010261,0.053835084395482,0
0.004179741300818,0.0539291078475329,0
0.0041944163040466,0.0540231273132252,0
0.00420911686870351,0.0541171427856093,0
0.00422384299370215,0.0542111542577357,0
0.00423859467795396,0.0543051617226551,0
0.00425337192036845,0.0543991651734189,0
0.00426817471985341,0.054493164603078,0
0.0042830030753146,0.0545871600046845,0
0.00429785698565599,0.0546811513712902,0
0.00431273644977948,0.0547751386959475,0
0.00432764146658515,0.054869121971709,0
0.00434257203497146,0.0549631011916275,0
0.00435752815383472,0.0550570763487564,0
0.00437250982206927,0.055151047436149,0
0.00438751703856777,0.0552450144468591,0
0.00440254980222088,0.0553389773739411,0
0.00441760811191749,0.0554329362104491,0
0.00443269196654439,0.0555268909494378,0
0.00444780136498668,0.0556208415839622,0
0.00446293630612737,0.0557147881070778,0
0.00447809678884781,0.0558087305118401,0
0.00449328281202743,0.055902668791305,0
0.0045084943745437,0.0559966029385288,0
0.00452373147527207,0.0560905329465679,0
0.00453899411308623,0.0561844588084794,0
0.00455428228685806,0.0562783805173201,0
0.0045695959954577,0.0563722980661477,0
0.00458493523775272,0.0564662114480198,0
0.00460030001260958,0.0565601206559945,0
0.00461569031889253,0.0566540256831302,0
0.0046311061554638,0.0567479265224856,0
0.00464654752118387,0.0568418231671196,0
0.00466201441491165,0.0569357156100917,0
0.00467750683550339,0.0570296038444613,0
0.00469302478181433,0.0571234878632886,0
0.00470856825269717,0.0572173676596334,0
0.00472413724700305,0.0573112432265566,0
0.00473973176358089,0.0574051145571189,0
0.0047553518012784,0.0574989816443815,0
0.00477099735894071,0.057592844481406,0
0.0047866684354112,0.057686703061254,0
0.0048023650295318,0.0577805573769878,0
0.0048180871401422,0.0578744074216699,0
0.0048338347660799,0.0579682531883627,0
0.00484960790618116,0.0580620946701295,0
0.00486540655927992,0.0581559318600336,0
0.00488123072420854,0.0582497647511387,0
0.00489708039979719,0.0583435933365089,0
0.00491295558487437,0.0584374176092085,0
0.00492885627826634,0.0585312375623022,0
0.00494478247879826,0.0586250531888548,0
0.0049607341852923,0.0587188644819317,0
0.00497671139656974,0.0588126714345987,0
0.00499271411144941,0.0589064740399213,0
0.00500874232874859,0.0590002722909661,0
0.00502479604728223,0.0590940661807995,0
0.00504087526586372,0.0591878557024885,0
0.00505697998330468,0.0592816408491002,0
0.00507311019841461,0.0593754216137023,0
0.00508926591000103,0.0594691979893625,0
0.00510544711686989,0.0595629699691492,0
0.00512165381782514,0.0596567375461309,0
0.00513788601166876,0.0597505007133761,0
0.00515414369720069,0.0598442594639543,0
0.00517042687321956,0.0599380137909349,0
0.00518673553852134,0.0600317636873877,0
0.00520306969190076,0.0601255091463829,0
0.00521942933215047,0.0602192501609909,0
0.00523581445806109,0.0603129867242826,0
0.00525222506842149,0.060406718829329,0
0.00526866116201852,0.0605004464692017,0
0.00528512273763737,0.0605941696369726,0
0.00530160979406114,0.0606878883257136,0
0.00531812233007123,0.0607816025284971,0
0.00533466034444696,0.0608753122383961,0
0.00535122383596587,0.0609690174484836,0
0.00536781280340382,0.061062718151833,0
0.00538442724553423,0.0611564143415183,0
0.0054010671611292,0.0612501060106134,0
0.00541773254895872,0.0613437931521929,0
0.00543442340779099,0.0614374757593316,0
0.005451139736392,0.0615311538251045,0
0.00546788153352629,0.061624827342587,0
0.00548464879795629,0.0617184963048551,0
0.00550144152844245,0.0618121607049848,0
0.00551825972374387,0.0619058205360525,0
0.00553510338261698,0.0619994757911352,0
0.00555197250381689,0.06209312646331,0
0.0055688670860965,0.0621867725456543,0
0.00558578712820723,0.0622804140312459,0
0.00560273262889832,0.0623740509131633,0
0.0056197035869171,0.0624676831844844,0
0.00563670000100913,0.0625613108382885,0
0.00565372186991797,0.0626549338676546,0
0.00567076919238563,0.0627485522656623,0
0.00568784196715177,0.0628421660253914,0
0.00570494019295431,0.0629357751399222,0
0.0057220638685298,0.0630293796023352,0
0.00573921299261215,0.0631229794057115,0
0.00575638756393371,0.063216574543132,0
0.00577358758122515,0.0633101650076784,0
0.00579081304321494,0.0634037507924327,0
0.00580806394862976,0.0634973318904772,0
0.00582534029619453,0.0635909082948944,0
0.00584264208463225,0.0636844799987674,0
0.00585996931266397,0.0637780469951795,0
0.0058773219790087,0.0638716092772143,0
0.00589470008238413,0.0639651668379559,0
0.00591210362150529,0.0640587196704888,0
0.00592953259508611,0.0641522677678974,0
0.00594698700183793,0.0642458111232668,0
0.00596446684047081,0.0643393497296826,0
0.00598197210969253,0.0644328835802305,0
0.00599950280820905,0.0645264126679966,0
0.00601705893472471,0.0646199369860674,0
0.00603464048794167,0.0647134565275297,0
0.00605224746656052,0.0648069712854707,0
0.00606987986927954,0.064900481252978,0
0.00608753769479542,0.0649939864231393,0
0.00610522094180299,0.0650874867890429,0
0.00612292960899508,0.0651809823437774,0
0.00614066369506272,0.0652744730804318,0
0.00615842319869508,0.0653679589920954,0
0.00617620811857922,0.0654614400718579,0
0.00619401845340073,0.0655549163128092,0
0.006211854201843,0.0656483877080397,0
0.00622971536258765,0.0657418542506402,0
0.00624760193431428,0.065835315933702,0
0.00626551391570107,0.0659287727503161,0
0.00628345130542352,0.0660222246935745,0
0.00630141410215623,0.0661156717565695,0
0.00631940230457095,0.0662091139323935,0
0.00633741591133852,0.0663025512141394,0
0.00635545492112688,0.0663959835949005,0
0.00637351933260288,0.0664894110677705,0
0.00639160914443138,0.0665828336258432,0
0.00640972435527498,0.0666762512622132,0
0.00642786496379455,0.066769663969975,0
0.00644603096864937,0.0668630717422236,0
0.00646422236849653,0.0669564745720546,0
0.00648243916199154,0.0670498724525637,0
0.00650068134778747,0.0671432653768472,0
0.00651894892453631,0.0672366533380016,0
0.00653724189088734,0.0673300363291237,0
0.00655556024548865,0.0674234143433109,0
0.0065739039869861,0.0675167873736609,0
0.00659227311402377,0.0676101554132714,0
0.00661066762524376,0.0677035184552411,0
0.00662908751928648,0.0677968764926685,0
0.00664753279479036,0.0678902295186528,0
0.00666600345039181,0.0679835775262935,0
0.00668449948472549,0.0680769205086904,0
0.00670302089642449,0.0681702584589439,0
0.00672156768411947,0.0682635913701545,0
0.00674013984643973,0.0683569192354232,0
0.00675873738201216,0.0684502420478512,0
0.00677736028946208,0.0685435598005403,0
0.00679600856741303,0.0686368724865927,0
0.00681468221448667,0.0687301800991107,0
0.00683338122930244,0.0688234826311972,0
0.00685210561047822,0.0689167800759555,0
0.00687085535663012,0.0690100724264891,0
0.00688963046637181,0.069103359675902,0
0.00690843093831583,0.0691966418172985,0
0.0069272567710722,0.0692899188437836,0
0.00694610796324946,0.069383190748462,0
0.00696498451345418,0.0694764575244393,0
0.00698388642029102,0.0695697191648215,0
0.00700281368236277,0.0696629756627147,0
0.00702176629827034,0.0697562270112256,0
0.00704074426661272,0.0698494732034612,0
0.00705974758598726,0.0699427142325288,0
0.00707877625498909,0.0700359500915362,0
0.00709783027221178,0.0701291807735918,0
0.00711690963624689,0.0702224062718037,0
0.00713601434568389,0.070315626579281,0
0.0071551443991108,0.070408841689133,0
0.00717429979511341,0.0705020515944694,0
0.00719348053227598,0.0705952562884003,0
0.00721268660918051,0.070688455764036,0
0.00723191802440737,0.0707816500144875,0
0.00725117477653514,0.0708748390328659,0
0.00727045686414007,0.0709680228122829,0
0.0072897642857972,0.0710612013458506,0
0.00730909704007909,0.071154374626681,0
0.00732845512555691,0.0712475426478872,0
0.00734783854079968,0.0713407054025822,0
0.00736724728437443,0.0714338628838797,0
0.00738668135484666,0.0715270150848935,0
0.00740614075077983,0.071620161998738,0
0.00742562547073544,0.071713303618528,0
0.00744513551327342,0.0718064399373785,0
0.00746467087695135,0.071899570948405,0
0.00748423156032541,0.0719926966447234,0
0.00750381756194951,0.0720858170194499,0
0.00752342888037605,0.0721789320657014,0
0.00754306551415529,0.0722720417765948,0
0.00756272746183595,0.0723651461452477,0
0.00758241472196419,0.0724582451647778,0
0.00760212729308518,0.0725513388283036,0
0.00762186517374164,0.0726444271289435,0
0.00764162836247451,0.0727375100598169,0
0.00766141685782307,0.0728305876140428,0
0.00768123065832449,0.0729236597847413,0
0.00770106976251417,0.0730167265650326,0
0.00772093416892561,0.0731097879480374,0
0.00774082387609054,0.0732028439268766,0
0.0077607388825387,0.0732958944946718,0
0.00778067918679792,0.0733889396445448,0
0.0078006447873944,0.0734819793696179,0
0.00782063568285229,0.0735750136630137,0
0.0078406518716938,0.0736680425178551,0
0.00786069335243944,0.0737610659272656,0
0.00788076012360761,0.0738540838843692,0
0.00790085218371517,0.07394709638229,0
0.00792096953127697,0.0740401034141528,0
0.00794111216480586,0.0741331049730825,0
0.00796128008281305,0.0742261010522047,0
0.00798147328380761,0.0743190916446451,0
0.00800169176629706,0.0744120767435302,0
0.00802193552878672,0.0745050563419867,0
0.00804220456978011,0.0745980304331414,0
0.00806249888777932,0.074690999010122,0
0.008082818481284,0.0747839620660563,0
0.00810316334879202,0.0748769195940727,0
0.00812353348879991,0.0749698715872998,0
0.00814392889980153,0.0750628180388669,0
0.00816434958028966,0.0751557589419034,0
0.0081847955287544,0.0752486942895395,0
0.00820526674368482,0.0753416240749052,0
0.00822576322356761,0.0754345482911314,0
0.0082462849668874,0.0755274669313494,0
0.00826683197212774,0.0756203799886906,0
0.00828740423776941,0.0757132874562872,0
0.00830800176229207,0.0758061893272715,0
0.00832862454417294,0.0758990855947763,0
0.00834927258188767,0.075991976251935,0
0.00836994587391005,0.0760848612918811,0
0.00839064441871185,0.076177740707749,0
0.00841136821476329,0.0762706144926727,0
0.00843211726053217,0.0763634826397874,0
0.00845289155448503,0.0764563451422284,0
0.008473691095086,0.0765492019931314,0
0.00849451588079786,0.0766420531856326,0
0.00851536591008117,0.0767348987128686,0
0.00853624118139473,0.0768277385679763,0
0.00855714169319544,0.0769205727440933,0
0.00857806744393841,0.0770134012343572,0
0.00859901843207678,0.0771062240319066,0
0.00861999465606211,0.0771990411298797,0
0.00864099611434344,0.077291852521416,0
0.00866202280536887,0.0773846581996548,0
0.00868307472758367,0.0774774581577361,0
0.00870415187943208,0.0775702523888003,0
0.00872525425935589,0.0776630408859882,0
0.00874638186579535,0.077755823642441,0
0.00876753469718872,0.0778486006513004,0
0.00878871275197235,0.0779413719057083,0
0.00880991602858094,0.0780341373988074,0
0.00883114452544698,0.0781268971237404,0
0.00885239824100137,0.0782196510736508,0
0.00887367717367327,0.0783123992416822,0
0.00889498132188937,0.078405141620979,0
0.00891631068407528,0.0784978782046857,0
0.00893766525865414,0.0785906089859473,0
0.00895904504404754,0.0786833339579094,0
0.00898045003867498,0.078776053113718,0
0.00900188024095439,0.0788687664465192,0
0.00902333564930169,0.0789614739494599,0
0.00904481626213094,0.0790541756156872,0
0.00906632207785418,0.0791468714383488,0
0.00908785309488191,0.0792395614105928,0
0.00910940931162241,0.0793322455255677,0
0.00913099072648227,0.0794249237764224,0
0.00915259733786655,0.0795175961563062,0
0.00917422914417776,0.0796102626583691,0
0.00919588614381706,0.0797029232757611,0
0.00921756833518361,0.079795578001633,0
0.0092392757166746,0.0798882268291358,0
0.00926100828668552,0.079980869751421,0
0.00928276604360989,0.0800735067616408,0
0.00930454898583966,0.0801661378529475,0
0.00932635711176422,0.0802587630184938,0
0.00934819041977186,0.0803513822514332,0
0.00937004890824866,0.0804439955449194,0
0.0093919325755788,0.0805366028921066,0
0.00941384142014456,0.0806292042861492,0
0.00943577544032681,0.0807217997202023,0
0.00945773463450394,0.0808143891874215,0
0.00947971900105293,0.0809069726809626,0
0.00950172853834852,0.0809995501939821,0
0.00952376324476389,0.0810921217196367,0
0.00954582311867036,0.0811846872510837,0
0.00956790815843722,0.0812772467814809,0
0.00959001836243201,0.0813698003039862,0
0.00961215372902036,0.0814623478117585,0
0.00963431425656602,0.0815548892979566,0
0.00965649994343099,0.0816474247557399,0
0.00967871078797533,0.0817399541782684,0
0.00970094678855715,0.0818324775587026,0
0.00972320794353299,0.0819249948902031,0
0.00974549425125704,0.0820175061659314,0
0.00976780571008207,0.082110011379049,0
0.00979014231835906,0.0822025105227183,0
0.00981250407443679,0.0822950035901015,0
0.00983489097666213,0.082387490574362,0
0.00985730302338039,0.0824799714686631,0
0.00987974021293492,0.0825724462661689,0
0.00990220254366725,0.0826649149600437,0
0.00992469001391694,0.0827573775434524,0
0.00994720262202176,0.0828498340095602,0
0.0099697403663177,0.0829422843515331,0
0.00999230324513867,0.0830347285625371,0
0.010014891256817,0.083127166635739,0
0.0100375043996828,0.0832195985643058,0
0.0100601426720646,0.0833120243414051,0
0.0100828060722891,0.0834044439602049,0
0.0101054945986812,0.0834968574138737,0
0.0101282082495634,0.0835892646955805,0
0.010150947023257,0.0836816657984946,0
0.0101737109180813,0.0837740607157859,0
0.0101964999323534,0.0838664494406247,0
0.0102193140643889,0.083958831966182,0
0.0102421533125013,0.0840512082856286,0
0.0102650176750025,0.0841435783921363,0
0.0102879071502022,0.0842359422788774,0
0.0103108217364087,0.0843282999390244,0
0.010333761431928,0.0844206513657504,0
0.0103567262350646,0.0845129965522288,0
0.0103797161441206,0.0846053354916338,0
0.0104027311573971,0.0846976681771396,0
0.0104257712731926,0.0847899946019213,0
0.0104488364898041,0.0848823147591544,0
0.0104719268055266,0.0849746286420143,0
0.0104950422186532,0.0850669362436776,0
0.0105181827274754,0.0851592375573209,0
0.0105413483302828,0.0852515325761216,0
0.0105645390253626,0.0853438212932572,0
0.0105877548110012,0.0854361037019061,0
0.0106109956854818,0.0855283797952467,0
0.0106342616470871,0.0856206495664584,0
0.0106575526940971,0.0857129130087203,0
0.0106808688247899,0.0858051701152127,0
0.0107042100374425,0.085897420879116,0
0.0107275763303292,0.0859896652936113,0
0.0107509677017228,0.0860819033518799,0
0.0107743841498943,0.0861741350471038,0
0.0107978256731129,0.0862663603724653,0
0.0108212922696458,0.0863585793211472,0
0.0108447839377582,0.086450791886333,0
0.010868300675714,0.0865429980612064,0
0.0108918424817744,0.0866351978389515,0
0.0109154093541997,0.0867273912127532,0
0.0109390012912475,0.0868195781757966,0
0.0109626182911741,0.0869117587212675,0
0.0109862603522337,0.0870039328423519,0
0.0110099274726788,0.0870961005322366,0
0.0110336196507599,0.0871882617841086,0
0.0110573368847258,0.0872804165911555,0
0.0110810791728232,0.0873725649465655,0
0.0111048465132971,0.0874647068435268,0
0.0111286389043909,0.0875568422752286,0
0.0111524563443457,0.0876489712348605,0
0.0111762988314009,0.0877410937156122,0
0.0112001663637943,0.0878332097106744,0
0.0112240589397614,0.0879253192132379,0
0.0112479765575364,0.088017422216494,0
0.0112719192153512,0.0881095187136349,0
0.0112958869114359,0.0882016086978526,0
0.0113198796440188,0.0882936921623402,0
0.0113438974113267,0.0883857691002911,0
0.011367940211584,0.0884778395048988,0
0.0113920080430135,0.0885699033693578,0
0.0114161009038363,0.0886619606868628,0
0.0114402187922713,0.0887540114506091,0
0.0114643617065359,0.0888460556537924,0
0.0114885296448454,0.088938093289609,0
0.0115127226054133,0.0890301243512558,0
0.0115369405864514,0.0891221488319296,0
0.0115611835861694,0.0892141667248282,0
0.0115854516027755,0.0893061780231499,0
0.0116097446344756,0.0893981827200934,0
0.0116340626794743,0.0894901808088577,0
0.0116584057359739,0.0895821722826425,0
0.0116827738021748,0.0896741571346479,0
0.011707166876276,0.0897661353580746,0
0.0117315849564743,0.0898581069461237,0
0.0117560280409648,0.0899500718919967,0
0.0117804961279407,0.090042030188896,0
0.0118049892155934,0.0901339818300237,0
0.0118295073021122,0.0902259268085831,0
0.011854050385685,0.0903178651177778,0
0.0118786184644974,0.0904097967508118,0
0.0119032115367337,0.0905017217008897,0
0.0119278296005756,0.0905936399612166,0
0.0119524726542037,0.0906855515249979,0
0.0119771406957963,0.0907774563854398,0
0.0120018337235298,0.0908693545357487,0
0.0120265517355792,0.0909612459691316,0
0.0120512947301172,0.0910531306787961,0
0.0120760627053151,0.0911450086579502,0
0.0121008556593417,0.0912368798998024,0
0.0121256735903648,0.0913287443975618,0
0.0121505164965494,0.0914206021444378,0
0.0121753843760595,0.0915124531336405,0
0.0122002772270566,0.0916042973583804,0
0.012225195047701,0.0916961348118684,0
0.0122501378361508,0.0917879654873164,0
0.0122751055905619,0.0918797893779359,0
0.0123000983090891,0.0919716064769396,0
0.0123251159898847,0.0920634167775406,0
0.0123501586310997,0.0921552202729524,0
0.0123752262308827,0.092247016956389,0
0.0124003187873809,0.0923388068210649,0
0.0124254362987396,0.0924305898601953,0
0.012450578763102,0.0925223660669955,0
0.0124757461786096,0.0926141354346816,0
0.0125009385434021,0.0927058979564702,0
0.0125261558556172,0.0927976536255783,0
0.0125513981133911,0.0928894024352235,0
0.0125766653148578,0.0929811443786239,0
0.0126019574581497,0.093072879448998,0
0.0126272745413971,0.093164607639565,0
0.0126526165627285,0.0932563289435443,0
0.0126779835202711,0.0933480433541562,0
0.0127033754121493,0.0934397508646213,0
0.0127287922364865,0.0935314514681605,0
0.0127542339914037,0.0936231451579956,0
0.0127797006750205,0.0937148319273486,0
0.0128051922854543,0.0938065117694423,0
0.0128307088208208,0.0938981846774999,0
0.012856250279234,0.0939898506447449,0
0.0128818166588057,0.0940815096644017,0
0.0129074079576463,0.0941731617296948,0
0.0129330241738639,0.0942648068338496,0
0.0129586653055652,0.0943564449700917,0
0.0129843313508546,0.0944480761316474,0
0.0130100223078352,0.0945397003117434,0
0.0130357381746078,0.094631317503607,0
0.0130614789492715,0.094722927700466,0
0.0130872446299235,0.0948145308955488,0
0.0131130352146596,0.0949061270820842,0
0.0131388507015728,0.0949977162533014,0
0.0131646910887555,0.0950892984024304,0
0.0131905563742973,0.0951808735227018,0
0.0132164465562863,0.095272441607346,0
0.0132423616328086,0.0953640026495948,0
0.0132683016019488,0.09545555664268,0
0.0132942664617894,0.0955471035798341,0
0.0133202562104112,0.0956386434542901,0
0.0133462708458929,0.0957301762592815,0
0.0133723103663117,0.0958217019880423,0
0.0133983747697427,0.0959132206338073,0
0.0134244640542593,0.0960047321898112,0
0.0134505782179329,0.0960962366492897,0
0.0134767172588335,0.0961877340054791,0
0.0135028811750284,0.0962792242516159,0
0.0135290699645843,0.0963707073809374,0
0.0135552836255647,0.0964621833866812,0
0.0135815221560323,0.0965536522620856,0
0.0136077855540475,0.0966451140003892,0
0.0136340738176689,0.0967365685948316,0
0.0136603869449534,0.0968280160386525,0
0.0136867249339561,0.096919456325092,0
0.0137130877827298,0.0970108894473911,0
0.013739475489326,0.0971023153987913,0
0.0137658880517941,0.0971937341725345,0
0.0137923254681818,0.0972851457618631,0
0.0138187877365348,0.0973765501600202,0
0.0138452748548972,0.0974679473602492,0
0.0138717868213108,0.0975593373557942,0
0.0138983236338163,0.0976507201398999,0
0.0139248852904518,0.0977420957058113,0
0.0139514717892539,0.097833464046774,0
0.0139780831282577,0.0979248251560343,0
0.0140047193054958,0.0980161790268388,0
0.0140313803189995,0.098107525652435,0
0.0140580661667979,0.0981988650260704,0
0.0140847768469184,0.0982901971409936,0
0.0141115123573867,0.0983815219904533,0
0.0141382726962267,0.0984728395676989,0
0.0141650578614601,0.0985641498659805,0
0.0141918678511069,0.0986554528785485,0
0.0142187026631855,0.0987467485986538,0
0.0142455622957123,0.0988380370195481,0
0.0142724467467019,0.0989293181344834,0
0.0142993560141669,0.0990205919367123,0
0.0143262900961183,0.0991118584194882,0
0.0143532489905653,0.0992031175760646,0
0.0143802326955149,0.099294369399696,0
0.0144072412089727,0.0993856138836369,0
0.0144342745289422,0.0994768510211428,0
0.0144613326534251,0.0995680808054695,0
0.0144884155804214,0.0996593032298736,0
0.014515523307929,0.099750518287612,0
0.0145426558339443,0.0998417259719421,0
0.0145698131564616,0.0999329262761222,0
0.0145969952734735,0.100024119193411,0
0.0146242021829708,0.100115304717067,0
0.0146514338829424,0.10020648284035,0
0.0146786903713754,0.100297653556521,0
0.0147059716462549,0.100388816858841,0
0.0147332777055643,0.10047997274057,0
0.0147606085472853,0.100571121194971,0
0.0147879641693978,0.100662262215306,0
0.0148153445698793,0.100753395794838,0
0.0148427497467063,0.10084452192683,0
0.0148701796978528,0.100935640604548,0
0.0148976344212912,0.101026751821254,0
0.0149251139149922,0.101117855570216,0
0.0149526181769245,0.101208951844697,0
0.014980147205055,0.101300040637965,0
0.0150077009973489,0.101391121943287,0
0.0150352795517694,0.101482195753929,0
0.015062882866278,0.10157326206316,0
0.0150905109388342,0.101664320864248,0
0.0151181637673958,0.101755372150463,0
0.0151458413499188,0.101846415915074,0
0.0151735436843574,0.101937452151351,0
0.0152012707686637,0.102028480852565,0
0.0152290226007881,0.102119502011988,0
0.0152567991786795,0.10221051562289,0
0.0152846005002845,0.102301521678545,0
0.015312426563548,0.102392520172225,0
0.0153402773664134,0.102483511097205,0
0.0153681529068218,0.102574494446757,0
0.0153960531827129,0.102665470214157,0
0.015423978192024,0.10275643839268,0
0.0154519279326912,0.102847398975602,0
0.0154799024026484,0.102938351956199,0
0.0155079015998278,0.103029297327748,0
0.0155359255221597,0.103120235083526,0
0.0155639741675727,0.103211165216812,0
0.0155920475339935,0.103302087720883,0
0.0156201456193468,0.10339300258902,0
0.0156482684215558,0.103483909814502,0
0.0156764159385414,0.103574809390608,0
0.0157045881682235,0.103665701310621,0
0.0157327851085192,0.103756585567821,0
0.0157610067573444,0.10384746215549,0
0.015789253112613,0.103938331066912,0
0.0158175241722371,0.104029192295368,0
0.0158458199341269,0.104120045834143,0
0.0158741403961907,0.10421089167652,0
0.0159024855563352,0.104301729815786,0
0.0159308554124653,0.104392560245225,0
0.0159592499624839,0.104483382958122,0
0.015987669204292,0.104574197947766,0
0.0160161131357888,0.104665005207441,0
0.016044581754872,0.104755804730438,0
0.0160730750594371,0.104846596510042,0
0.016101593047378,0.104937380539545,0
0.0161301357165866,0.105028156812233,0
0.0161587030649533,0.105118925321399,0
0.0161872950903661,0.105209686060332,0
0.0162159117907117,0.105300439022323,0
0.0162445531638749,0.105391184200664,0
0.0162732192077382,0.105481921588648,0
0.0163019099201831,0.105572651179566,0
0.0163306252990887,0.105663372966713,0
0.0163593653423322,0.105754086943383,0
0.0163881300477893,0.105844793102869,0
0.0164169194133339,0.105935491438468,0
0.0164457334368378,0.106026181943475,0
0.016474572116171,0.106116864611186,0
0.016503435449202,0.106207539434898,0
0.0165323234337971,0.106298206407908,0
0.016561236067821,0.106388865523515,0
0.0165901733491366,0.106479516775017,0
0.0166191352756048,0.106570160155714,0
0.0166481218450848,0.106660795658904,0
0.0166771330554341,0.106751423277889,0
0.0167061689045079,0.10684204300597,0
0.0167352293901601,0.106932654836448,0
0.0167643145102429,0.107023258762624,0
0.0167934242626059,0.107113854777803,0
0.0168225586450975,0.107204442875286,0
0.0168517176555643,0.107295023048379,0
0.0168809012918506,0.107385595290384,0
0.0169101095517994,0.107476159594608,0
0.0169393424332518,0.107566715954357,0
0.0169685999340465,0.107657264362935,0
0.0169978820520214,0.10774780481365,0
0.0170271887850115,0.10783833729981,0
0.0170565201308509,0.107928861814723,0
0.0170858760873711,0.108019378351696,0
0.0171152566524024,0.108109886904039,0
0.0171446618237732,0.108200387465062,0
0.0171740915993094,0.108290880028076,0
0.0172035459768359,0.10838136458639,0
0.0172330249541754,0.108471841133317,0
0.0172625285291491,0.108562309662169,0
0.0172920566995759,0.108652770166258,0
0.0173216094632731,0.108743222638898,0
0.0173511868180565,0.108833667073403,0
0.0173807887617392,0.108924103463087,0
0.0174104152921337,0.109014531801265,0
0.0174400664070496,0.109104952081253,0
0.0174697421042955,0.109195364296367,0
0.0174994423816776,0.109285768439924,0
0.0175291672370004,0.109376164505241,0
0.017558916668067,0.109466552485637,0
0.0175886906726781,0.10955693237443,0
0.0176184892486329,0.10964730416494,0
0.0176483123937288,0.109737667850486,0
0.0176781601057614,0.109828023424388,0
0.0177080323825241,0.109918370879969,0
0.0177379292218091,0.110008710210548,0
0.0177678506214063,0.11009904140945,0
0.017797796579104,0.110189364469996,0
0.0178277670926886,0.11027967938551,0
0.0178577621599449,0.110369986149316,0
0.0178877817786556,0.110460284754739,0
0.0179178259466015,0.110550575195104,0
0.0179478946615621,0.110640857463737,0
0.0179779879213144,0.110731131553964,0
0.0180081057236344,0.110821397459112,0
0.0180382480662955,0.110911655172509,0
0.0180684149470698,0.111001904687484,0
0.0180986063637273,0.111092145997365,0
0.0181288223140363,0.111182379095482,0
0.0181590627957635,0.111272603975165,0
0.0181893278066732,0.111362820629744,0
0.0182196173445285,0.111453029052551,0
0.0182499314070903,0.111543229236918,0
0.0182802699921181,0.111633421176178,0
0.018310633097369,0.111723604863662,0
0.0183410207205987,0.111813780292707,0
0.0183714328595612,0.111903947456644,0
0.0184018695120082,0.111994106348811,0
0.0184323306756899,0.112084256962541,0
0.0184628163483549,0.112174399291172,0
0.0184933265277496,0.11226453332804,0
0.0185238612116185,0.112354659066483,0
0.0185544203977049,0.112444776499839,0
0.0185850040837497,0.112534885621445,0
0.0186156122674923,0.112624986424643,0
0.0186462449466702,0.112715078902771,0
0.018676902119019,0.11280516304917,0
0.0187075837822724,0.112895238857181,0
0.0187382899341628,0.112985306320146,0
0.0187690205724202,0.113075365431407,0
0.0187997756947731,0.113165416184307,0
0.0188305552989483,0.11325545857219,0
0.0188613593826704,0.1133454925884,0
0.0188921879436625,0.113435518226281,0
0.0189230409796457,0.11352553547918,0
0.0189539184883396,0.113615544340442,0
0.0189848204674615,0.113705544803414,0
0.0190157469147274,0.113795536861444,0
0.0190466978278513,0.113885520507878,0
0.019077673204545,0.113975495736067,0
0.0191086730425193,0.114065462539358,0
0.0191396973394824,0.114155420911101,0
0.0191707460931413,0.114245370844648,0
0.0192018193012007,0.114335312333349,0
0.0192329169613638,0.114425245370556,0
0.0192640390713319,0.11451516994962,0
0.0192951856288045,0.114605086063896,0
0.0193263566314793,0.114694993706737,0
0.0193575520770521,0.114784892871495,0
0.0193887719632172,0.114874783551528,0
0.0194200162876668,0.114964665740189,0
0.019451285048091,0.115054539430835,0
0.019482578242179,0.115144404616823,0
0.0195138958676173,0.11523426129151,0
0.0195452379220913,0.115324109448253,0
0.0195766044032837,0.115413949080412,0
0.0196079953088765,0.115503780181346,0
0.0196394106365489,0.115593602744413,0
0.0196708503839791,0.115683416762976,0
0.0197023145488427,0.115773222230395,0
0.0197338031288143,0.115863019140031,0
0.0197653161215661,0.115952807485247,0
0.0197968535247687,0.116042587259406,0
0.019828415336091,0.116132358455872,0
0.0198600015532,0.116222121068009,0
0.0198916121737609,0.116311875089181,0
0.0199232471954369,0.116401620512755,0
0.0199549066158898,0.116491357332095,0
0.0199865904327794,0.116581085540571,0
0.0200182986437634,0.116670805131547,0
0.0200500312464984,0.116760516098394,0
0.0200817882386384,0.116850218434478,0
0.0201135696178361,0.116939912133171,0
0.0201453753817424,0.117029597187841,0
0.0201772055280061,0.117119273591859,0
0.0202090600542744,0.117208941338597,0
0.0202409389581927,0.117298600421427,0
0.0202728422374046,0.11738825083372,0
0.0203047698895515,0.117477892568851,0
0.0203367219122739,0.117567525620192,0
0.0203686983032096,0.117657149981119,0
0.0204006990599952,0.117746765645007,0
0.0204327241802651,0.11783637260523,0
0.0204647736616519,0.117925970855167,0
0.0204968475017868,0.118015560388193,0
0.0205289456982989,0.118105141197687,0
0.0205610682488155,0.118194713277026,0
0.0205932151509621,0.11828427661959,0
0.0206253864023626,0.118373831218758,0
0.0206575820006387,0.118463377067911,0
0.0206898019434107,0.118552914160429,0
0.0207220462282972,0.118642442489694,0
0.0207543148529143,0.118731962049088,0
0.0207866078148772,0.118821472831995,0
0.0208189251117984,0.118910974831797,0
0.0208512667412892,0.119000468041878,0
0.0208836327009592,0.119089952455624,0
0.0209160229884158,0.11917942806642,0
0.0209484376012646,0.119268894867652,0
0.0209808765371098,0.119358352852707,0
0.0210133397935535,0.119447802014972,0
0.0210458273681959,0.119537242347836,0
0.0210783392586358,0.119626673844686,0
0.0211108754624698,0.119716096498912,0
0.021143435977293,0.119805510303905,0
0.0211760208006984,0.119894915253055,0
0.0212086299302776,0.119984311339753,0
0.02124126336362,0.120073698557391,0
0.0212739210983135,0.120163076899363,0
0.021306603131944,0.12025244635906,0
0.0213393094620958,0.120341806929878,0
0.0213720400863513,0.12043115860521,0
0.021404795002291,0.120520501378452,0
0.0214375742074937,0.120609835243001,0
0.0214703776995364,0.120699160192251,0
0.0215032054759945,0.120788476219602,0
0.0215360575344412,0.12087778331845,0
0.0215689338724483,0.120967081482194,0
0.0216018344875856,0.121056370704234,0
0.0216347593774209,0.121145650977968,0
0.0216677085395208,0.121234922296799,0
0.0217006819714496,0.121324184654127,0
0.0217336796707698,0.121413438043353,0
0.0217667016350424,0.121502682457881,0
0.0217997478618265,0.121591917891113,0
0.0218328183486792,0.121681144336454,0
0.0218659130931562,0.121770361787308,0
0.0218990320928112,0.12185957023708,0
0.0219321753451959,0.121948769679176,0
0.0219653428478603,0.122037960107002,0
0.0219985345983531,0.122127141513966,0
0.0220317505942207,0.122216313893475,0
0.0220649908330076,0.122305477238939,0
0.0220982553122568,0.122394631543765,0
0.0221315440295097,0.122483776801365,0
0.0221648569823053,0.122572913005148,0
0.0221981941681814,0.122662040148526,0
0.0222315555846736,0.122751158224911,0
0.022264941229316,0.122840267227714,0
0.0222983510996407,0.12292936715035,0
0.0223317851931781,0.123018457986232,0
0.0223652435074568,0.123107539728775,0
0.0223987260400038,0.123196612371394,0
0.0224322327883439,0.123285675907504,0
0.0224657637500003,0.123374730330523,0
0.0224993189224947,0.123463775633868,0
0.0225328983033464,0.123552811810956,0
0.0225665018900736,0.123641838855206,0
0.0226001296801921,0.123730856760038,0
0.0226337816712163,0.12381986551887,0
0.0226674578606589,0.123908865125125,0
0.0227011582460303,0.123997855572223,0
0.0227348828248395,0.124086836853586,0
0.0227686315945936,0.124175808962636,0
0.022802404552798,0.124264771892798,0
0.0228362016969563,0.124353725637495,0
0.0228700230245702,0.124442670190151,0
0.0229038685331397,0.124531605544193,0
0.0229377382201632,0.124620531693046,0
0.0229716320831367,0.124709448630136,0
0.023005550119555,0.124798356348892,0
0.0230394923269109,0.124887254842741,0
0.0230734587026956,0.124976144105113,0
0.0231074492443981,0.125065024129435,0
0.0231414639495062,0.12515389490914,0
0.0231755028155052,0.125242756437656,0
0.0232095658398793,0.125331608708417,0
0.0232436530201106,0.125420451714854,0
0.0232777643536791,0.1255092854504,0
0.0233118998380637,0.125598109908488,0
0.0233460594707411,0.125686925082553,0
0.0233802432491861,0.12577573096603,0
0.0234144511708718,0.125864527552354,0
0.0234486832332701,0.125953314834961,0
0.0234829394338502,0.126042092807289,0
0.02351721977008,0.126130861462775,0
0.0235515242394257,0.126219620794858,0
0.0235858528393513,0.126308370796976,0
0.0236202055673196,0.126397111462569,0
0.023654582420791,0.126485842785079,0
0.0236889833972245,0.126574564757945,0
0.0237234084940774,0.12666327737461,0
0.0237578577088049,0.126751980628516,0
0.0237923310388606,0.126840674513106,0
0.0238268284816963,0.126929359021824,0
0.0238613500347619,0.127018034148116,0
0.0238958956955058,0.127106699885425,0
0.0239304654613742,0.127195356227198,0
0.023965059329812,0.127284003166883,0
0.0239996772982619,0.127372640697925,0
0.0240343193641651,0.127461268813773,0
0.0240689855249608,0.127549887507876,0
0.0241036757780866,0.127638496773683,0
0.0241383901209784,0.127727096604645,0
0.0241731285510698,0.127815686994212,0
0.0242078910657934,0.127904267935836,0
0.0242426776625793,0.127992839422968,0
0.0242774883388561,0.128081401449063,0
0.024312323092051,0.128169954007573,0
0.0243471819195887,0.128258497091953,0
0.0243820648188927,0.128347030695658,0
0.0244169717873844,0.128435554812144,0
0.0244519028224837,0.128524069434866,0
0.0244868579216082,0.128612574557283,0
0.0245218370821745,0.128701070172852,0
0.0245568403015968,0.128789556275032,0
0.0245918675772876,0.128878032857281,0
0.0246269189066578,0.12896649991306,0
0.0246619942871166,0.12905495743583,0
0.0246970937160711,0.129143405419051,0
0.0247322171909269,0.129231843856186,0
0.0247673647090877,0.129320272740698,0
0.0248025362679555,0.129408692066049,0
0.0248377318649304,0.129497101825705,0
0.0248729514974109,0.12958550201313,0
0.0249081951627934,0.12967389262179,0
0.0249434628584729,0.129762273645151,0
0.0249787545818425,0.12985064507668,0
0.0250140703302935,0.129939006909844,0
0.0250494101012153,0.130027359138113,0
0.0250847738919956,0.130115701754955,0
0.0251201617000205,0.13020403475384,0
0.0251555735226741,0.130292358128239,0
0.0251910093573389,0.130380671871622,0
0.0252264692013955,0.130468975977463,0
0.0252619530522227,0.130557270439234,0
0.0252974609071976,0.130645555250407,0
0.0253329927636956,0.130733830404457,0
0.0253685486190902,0.13082209589486,0
0.0254041284707531,0.13091035171509,0
0.0254397323160542,0.130998597858624,0
0.0254753601523621,0.131086834318939,0
0.025511011977043,0.131175061089512,0
0.0255466877874614,0.131263278163822,0
0.0255823875809804,0.131351485535348,0
0.0256181113549612,0.13143968319757,0
0.0256538591067629,0.131527871143968,0
0.0256896308337433,0.131616049368024,0
0.025725426533258,0.13170421786322,0
0.0257612462026614,0.131792376623038,0
0.0257970898393054,0.131880525640962,0
0.0258329574405407,0.131968664910476,0
0.0258688490037158,0.132056794425066,0
0.025904764526178,0.132144914178215,0
0.0259407040052722,0.132233024163411,0
0.0259766674383417,0.132321124374141,0
0.0260126548227284,0.132409214803893,0
0.0260486661557722,0.132497295446155,0
0.026084701434811,0.132585366294416,0
0.0261207606571812,0.132673427342166,0
0.0261568438202175,0.132761478582897,0
0.0261929509212524,0.132849520010098,0
0.0262290819576171,0.132937551617263,0
0.0262652369266408,0.133025573397885,0
0.026301415825651,0.133113585345456,0
0.0263376186519735,0.133201587453471,0
0.0263738454029321,0.133289579715425,0
0.0264100960758489,0.133377562124814,0
0.0264463706680444,0.133465534675135,0
0.0264826691768375,0.133553497359883,0
0.0265189915995447,0.133641450172559,0
0.0265553379334813,0.13372939310666,0
0.0265917081759606,0.133817326155685,0
0.026628102324294,0.133905249313134,0
0.0266645203757914,0.13399316257251,0
0.026700962327761,0.134081065927312,0
0.0267374281775088,0.134168959371043,0
0.0267739179223395,0.134256842897207,0
0.0268104315595558,0.134344716499308,0
0.0268469690864586,0.134432580170849,0
0.0268835305003472,0.134520433905336,0
0.0269201157985188,0.134608277696275,0
0.0269567249782694,0.134696111537173,0
0.0269933580368926,0.134783935421536,0
0.0270300149716807,0.134871749342874,0
0.027066695779924,0.134959553294696,0
0.0271034004589112,0.13504734727051,0
0.0271401290059292,0.135135131263828,0
0.027176881418263,0.13522290526816,0
0.0272136576931958,0.135310669277018,0
0.0272504578280094,0.135398423283916,0
0.0272872818199834,0.135486167282366,0
0.0273241296663959,0.135573901265882,0
0.0273610013645229,0.135661625227979,0
0.0273978969116394,0.135749339162173,0
0.0274348163050178,0.13583704306198,0
0.0274717595419292,0.135924736920918,0
0.0275087266196427,0.136012420732504,0
0.0275457175354258,0.136100094490256,0
0.0275827322865442,0.136187758187694,0
0.0276197708702618,0.136275411818337,0
0.0276568332838407,0.136363055375708,0
0.0276939195245416,0.136450688853326,0
0.0277310295896227,0.136538312244715,0
0.0277681634763414,0.136625925543398,0
0.0278053211819522,0.136713528742897,0
0.027842502703709,0.136801121836739,0
0.0278797080388631,0.136888704818447,0
0.0279169371846645,0.136976277681548,0
0.0279541901383611,0.137063840419569,0
0.0279914668971994,0.137151393026037,0
0.0280287674584239,0.137238935494481,0
0.0280660918192772,0.137326467818429,0
0.0281034399770006,0.137413989991411,0
0.0281408119288333,0.137501502006958,0
0.028178207672013,0.1375890038586,0
0.028215627203775,0.137676495539871,0
0.0282530705213537,0.137763977044302,0
0.0282905376219813,0.137851448365427,0
0.028328028502888,0.137938909496781,0
0.0283655431613029,0.138026360431898,0
0.0284030815944527,0.138113801164314,0
0.0284406437995629,0.138201231687566,0
0.0284782297738567,0.138288651995191,0
0.0285158395145559,0.138376062080727,0
0.0285534730188804,0.138463461937713,0
0.0285911302840485,0.138550851559687,0
0.0286288113072766,0.138638230940192,0
0.0286665160857793,0.138725600072767,0
0.0287042446167696,0.138812958950954,0
0.0287419968974585,0.138900307568297,0
0.0287797729250556,0.138987645918337,0
0.0288175726967683,0.13907497399462,0
0.0288553962098028,0.139162291790691,0
0.0288932434613632,0.139249599300094,0
0.0289311144486519,0.139336896516376,0
0.0289690091688692,0.139424183433085,0
0.0290069276192144,0.139511460043767,0
0.0290448697968844,0.139598726341973,0
0.0290828356990744,0.139685982321251,0
0.0291208253229784,0.139773227975151,0
0.0291588386657882,0.139860463297224,0
0.0291968757246936,0.139947688281023,0
0.0292349364968834,0.140034902920099,0
0.0292730209795438,0.140122107208006,0
0.0293111291698599,0.140209301138297,0
0.0293492610650148,0.140296484704528,0
0.0293874166621897,0.140383657900254,0
0.0294255959585642,0.140470820719031,0
0.0294637989513162,0.140557973154417,0
0.0295020256376219,0.140645115199969,0
0.0295402760146555,0.140732246849245,0
0.0295785500795896,0.140819368095805,0
0.0296168478295953,0.14090647893321,0
0.0296551692618412,0.14099357935502,0
0.029693514373495,0.141080669354797,0
0.0297318831617222,0.141167748926103,0
0.0297702756236866,0.141254818062501,0
0.0298086917565502,0.141341876757556,0
0.0298471315574735,0.141428925004832,0
0.0298855950236152,0.141515962797894,0
0.0299240821521318,0.14160299013031,0
0.0299625929401786,0.141690006995646,0
0.0300011273849089,0.141777013387469,0
0.0300396854834744,0.14186400929935,0
0.0300782672330246,0.141950994724856,0
0.0301168726307082,0.142037969657558,0
0.0301555016736709,0.142124934091027,0
0.0301941543590576,0.142211888018835,0
0.0302328306840112,0.142298831434554,0
0.0302715306456727,0.142385764331758,0
0.0303102542411815,0.14247268670402,0
0.0303490014676753,0.142559598544916,0
0.0303877723222897,0.142646499848021,0
0.030426566802159,0.142733390606911,0
0.0304653849044156,0.142820270815164,0
0.0305042266261901,0.142907140466357,0
0.0305430919646115,0.14299399955407,0
0.0305819809168065,0.143080848071881,0
0.0306208934799009,0.143167686013371,0
0.0306598296510183,0.143254513372121,0
0.0306987894272804,0.143341330141714,0
0.0307377728058076,0.143428136315731,0
0.0307767797837181,0.143514931887756,0
0.0308158103581286,0.143601716851373,0
0.030854864526154,0.143688491200167,0
0.0308939422849077,0.143775254927724,0
0.0309330436315008,0.143862008027631,0
0.0309721685630433,0.143948750493475,0
0.0310113170766428,0.144035482318843,0
0.0310504891694059,0.144122203497326,0
0.0310896848384368,0.144208914022512,0
0.0311289040808382,0.144295613887993,0
0.0311681468937111,0.144382303087358,0
0.0312074132741549,0.144468981614201,0
0.0312467032192668,0.144555649462115,0
0.0312860167261428,0.144642306624692,0
0.0313253537918767,0.144728953095528,0
0.0313647144135611,0.144815588868217,0
0.0314040985882862,0.144902213936356,0
0.0314435063131409,0.144988828293541,0
0.031482937585212,0.145075431933371,0
0.0315223924015853,0.145162024849442,0
0.0315618707593439,0.145248607035356,0
0.0316013726555698,0.14533517848471,0
0.0316408980873431,0.145421739191108,0
0.0316804470517422,0.145508289148149,0
0.0317200195458435,0.145594828349436,0
0.0317596155667219,0.145681356788573,0
0.0317992351114509,0.145767874459163,0
0.0318388781771013,0.145854381354811,0
0.031878544760743,0.145940877469123,0
0.0319182348594442,0.146027362795704,0
0.0319579484702706,0.146113837328163,0
0.0319976855902868,0.146200301060107,0
0.0320374462165556,0.146286753985144,0
0.0320772303461379,0.146373196096885,0
0.0321170379760927,0.14645962738894,0
0.0321568691034779,0.146546047854919,0
0.0321967237253489,0.146632457488435,0
0.0322366018387599,0.146718856283101,0
0.0322765034407629,0.146805244232529,0
0.0323164285284088,0.146891621330334,0
0.0323563770987461,0.146977987570132,0
0.0323963491488221,0.147064342945539,0
0.0324363446756819,0.14715068745017,0
0.0324763636763692,0.147237021077644,0
0.0325164061479259,0.147323343821579,0
0.0325564720873921,0.147409655675594,0
0.0325965614918062,0.14749595663331,0
0.0326366743582047,0.147582246688346,0
0.0326768106836226,0.147668525834324,0
0.0327169704650931,0.147754794064868,0
0.0327571536996478,0.147841051373599,0
0.0327973603843164,0.147927297754142,0
0.0328375905161264,0.148013533200122,0
0.0328778440921047,0.148099757705165,0
0.0329181211092754,0.148185971262896,0
0.0329584215646614,0.148272173866943,0
0.0329987454552838,0.148358365510934,0
0.0330390927781619,0.148444546188499,0
0.0330794635303132,0.148530715893265,0
0.0331198577087537,0.148616874618865,0
0.0331602753104974,0.148703022358929,0
0.0332007163325566,0.148789159107089,0
0.0332411807719423,0.148875284856979,0
0.0332816686256631,0.148961399602231,0
0.0333221798907264,0.149047503336482,0
0.0333627145641375,0.149133596053365,0
0.0334032726429003,0.149219677746517,0
0.0334438541240167,0.149305748409575,0
0.0334844590044872,0.149391808036176,0
0.0335250872813099,0.14947785661996,0
0.033565738951482,0.149563894154566,0
0.0336064140119985,0.149649920633634,0
0.0336471124598525,0.149735936050805,0
0.0336878342920361,0.149821940399721,0
0.0337285795055391,0.149907933674025,0
0.0337693480973493,0.14999391586736,0
0.0338101400644535,0.15007988697337,0
0.0338509554038362,0.150165846985701,0
0.0338917941124806,0.150251795897998,0
0.0339326561873678,0.150337733703909,0
0.0339735416254775,0.15042366039708,0
0.0340144504237874,0.150509575971161,0
0.0340553825792735,0.150595480419801,0
0.0340963380889103,0.15068137373665,0
0.0341373169496704,0.150767255915358,0
0.0341783191585247,0.150853126949577,0
0.0342193447124424,0.150938986832961,0
0.0342603936083907,0.151024835559161,0
0.0343014658433358,0.151110673121833,0
0.0343425614142413,0.151196499514631,0
0.0343836803180697,0.151282314731212,0
0.0344248225517814,0.151368118765232,0
0.0344659881123354,0.151453911610348,0
0.0345071769966887,0.151539693260219,0
0.0345483892017966,0.151625463708504,0
0.0345896247246129,0.151711222948862,0
0.0346308835620894,0.151796970974956,0
0.0346721657111766,0.151882707780446,0
0.0347134711688226,0.151968433358994,0
0.0347547999319744,0.152054147704265,0
0.0347961519975769,0.152139850809922,0
0.0348375273625735,0.15222554266963,0
0.0348789260239059,0.152311223277055,0
0.0349203479785138,0.152396892625864,0
0.0349617932233354,0.152482550709724,0
0.0350032617553071,0.152568197522303,0
0.0350447535713636,0.15265383305727,0
0.0350862686684381,0.152739457308296,0
0.0351278070434615,0.152825070269051,0
0.0351693686933638,0.152910671933207,0
0.0352109536150724,0.152996262294436,0
0.0352525618055136,0.153081841346412,0
0.0352941932616119,0.153167409082808,0
0.0353358479802897,0.1532529654973,0
0.0353775259584681,0.153338510583563,0
0.0354192271930663,0.153424044335275,0
0.0354609516810018,0.153509566746112,0
0.0355026994191905,0.153595077809752,0
0.0355444704045462,0.153680577519876,0
0.0355862646339815,0.153766065870163,0
0.035628082104407,0.153851542854294,0
0.0356699228127315,0.15393700846595,0
0.0357117867558624,0.154022462698814,0
0.0357536739307049,0.154107905546569,0
0.035795584334163,0.1541933370029,0
0.0358375179631386,0.154278757061491,0
0.0358794748145321,0.154364165716029,0
0.035921454885242,0.154449562960201,0
0.0359634581721655,0.154534948787692,0
0.0360054846721974,0.154620323192193,0
0.0360475343822315,0.154705686167393,0
0.0360896072991593,0.154791037706981,0
0.0361317034198709,0.154876377804648,0
0.0361738227412547,0.154961706454087,0
0.0362159652601972,0.155047023648989,0
0.0362581309735834,0.155132329383049,0
0.0363003198782963,0.15521762364996,0
0.0363425319712176,0.155302906443419,0
0.0363847672492268,0.15538817775712,0
0.0364270257092021,0.155473437584761,0
0.0364693073480197,0.155558685920039,0
0.0365116121625544,0.155643922756654,0
0.0365539401496788,0.155729148088304,0
0.0365962913062643,0.155814361908689,0
0.0366386656291802,0.155899564211512,0
0.0366810631152945,0.155984754990473,0
0.0367234837614731,0.156069934239276,0
0.0367659275645802,0.156155101951624,0
0.0368083945214787,0.156240258121222,0
0.0368508846290292,0.156325402741776,0
0.0368933978840912,0.156410535806991,0
0.036935934283522,0.156495657310574,0
0.0369784938241773,0.156580767246234,0
0.0370210765029113,0.156665865607679,0
0.0370636823165764,0.15675095238862,0
0.0371063112620231,0.156836027582766,0
0.0371489633361004,0.156921091183828,0
0.0371916385356557,0.15700614318552,0
0.0372343368575341,0.157091183581554,0
0.0372770582985796,0.157176212365644,0
0.0373198028556345,0.157261229531505,0
0.0373625705255389,0.157346235072852,0
0.0374053613051317,0.157431228983403,0
0.0374481751912497,0.157516211256874,0
0.0374910121807281,0.157601181886984,0
0.0375338722704008,0.157686140867452,0
0.0375767554570994,0.157771088191997,0
0.0376196617376541,0.157856023854341,0
0.037662591108893,0.157940947848205,0
0.0377055435676434,0.158025860167312,0
0.0377485191107301,0.158110760805386,0
0.0377915177349761,0.158195649756149,0
0.0378345394372035,0.158280527013329,0
0.0378775842142318,0.15836539257065,0
0.0379206520628795,0.158450246421839,0
0.0379637429799629,0.158535088560625,0
0.0380068569622969,0.158619918980736,0
0.0380499940066944,0.158704737675901,0
0.0380931541099669,0.158789544639851,0
0.0381363372689241,0.158874339866316,0
0.0381795434803739,0.158959123349029,0
0.0382227727411226,0.159043895081723,0
0.0382660250479747,0.159128655058132,0
0.0383093003977331,0.15921340327199,0
0.0383525987871989,0.159298139717033,0
0.0383959202131717,0.159382864386997,0
0.0384392646724492,0.15946757727562,0
0.0384826321618272,0.159552278376639,0
0.0385260226781003,0.159636967683794,0
0.0385694362180612,0.159721645190825,0
0.0386128727785006,0.159806310891472,0
0.0386563323562078,0.159890964779477,0
0.0386998149479705,0.159975606848582,0
0.0387433205505742,0.160060237092531,0
0.0387868491608034,0.160144855505069,0
0.0388304007754403,0.16022946207994,0
0.0388739753912657,0.16031405681089,0
0.0389175730050586,0.160398639691666,0
0.0389611936135963,0.160483210716016,0
0.0390048372136544,0.160567769877689,0
0.0390485038020072,0.160652317170434,0
0.0390921933754265,0.160736852588001,0
0.0391359059306829,0.160821376124142,0
0.0391796414645454,0.160905887772609,0
0.0392233999737812,0.160990387527155,0
0.0392671814551553,0.161074875381534,0
0.0393109859054319,0.1611593513295,0
0.0393548133213728,0.16124381536481,0
0.0393986636997384,0.161328267481219,0
0.0394425370372874,0.161412707672486,0
0.0394864333307767,0.161497135932368,0
0.0395303525769615,0.161581552254625,0
0.0395742947725954,0.161665956633017,0
0.0396182599144304,0.161750349061305,0
0.0396622479992164,0.16183472953325,0
0.0397062590237021,0.161919098042615,0
0.0397502929846341,0.162003454583165,0
0.0397943498787574,0.162087799148663,0
0.0398384297028158,0.162172131732875,0
0.0398825324535506,0.162256452329566,0
0.0399266581277018,0.162340760932505,0
0.0399708067220079,0.16242505753546,0
0.0400149782332053,0.162509342132198,0
0.0400591726580293,0.162593614716491,0
0.0401033899932126,0.162677875282108,0
0.040147630235487,0.162762123822821,0
0.0401918933815821,0.162846360332404,0
0.0402361794282264,0.162930584804628,0
0.0402804883721462,0.163014797233269,0
0.0403248202100661,0.163098997612101,0
0.0403691749387092,0.1631831859349,0
0.0404135525547971,0.163267362195445,0
0.0404579530550491,0.163351526387511,0
0.0405023764361835,0.163435678504879,0
0.0405468226949164,0.163519818541327,0
0.0405912918279625,0.163603946490636,0
0.0406357838320347,0.163688062346588,0
0.0406802987038442,0.163772166102964,0
0.0407248364401005,0.163856257753549,0
0.0407693970375114,0.163940337292125,0
0.0408139804927832,0.164024404712478,0
0.0408585868026201,0.164108460008395,0
0.0409032159637253,0.16419250317366,0
0.0409478679727995,0.164276534202064,0
0.0409925428265421,0.164360553087393,0
0.041037240521651,0.164444559823437,0
0.0410819610548221,0.164528554403986,0
0.0411267044227497,0.164612536822833,0
0.0411714706221266,0.164696507073769,0
0.0412162596496435,0.164780465150586,0
0.0412610715019899,0.16486441104708,0
0.0413059061758533,0.164948344757045,0
0.0413507636679195,0.165032266274276,0
0.0413956439748727,0.16511617559257,0
0.0414405470933956,0.165200072705725,0
0.0414854730201688,0.16528395760754,0
0.0415304217518715,0.165367830291813,0
0.0415753932851813,0.165451690752344,0
0.041620387616774,0.165535538982936,0
0.0416654047433234,0.16561937497739,0
0.041710444661502,0.165703198729509,0
0.0417555073679807,0.165787010233097,0
0.0418005928594285,0.165870809481959,0
0.0418457011325125,0.1659545964699,0
0.0418908321838987,0.166038371190726,0
0.0419359860102507,0.166122133638247,0
0.0419811626082311,0.166205883806269,0
0.0420263619745005,0.166289621688603,0
0.0420715841057178,0.166373347279058,0
0.0421168289985399,0.166457060571445,0
0.0421620966496229,0.166540761559577,0
0.0422073870556203,0.166624450237266,0
0.0422527002131846,0.166708126598327,0
0.0422980361189662,0.166791790636574,0
0.0423433947696137,0.166875442345823,0
0.0423887761617746,0.166959081719891,0
0.0424341802920942,0.167042708752594,0
0.0424796071572164,0.167126323437752,0
0.0425250567537832,0.167209925769183,0
0.0425705290784351,0.167293515740708,0
0.0426160241278108,0.167377093346149,0
0.0426615418985474,0.167460658579326,0
0.0427070823872804,0.167544211434064,0
0.0427526455906433,0.167627751904186,0
0.0427982315052684,0.167711279983516,0
0.0428438401277859,0.167794795665881,0
0.0428894714548244,0.167878298945107,0
0.042935125483011,0.167961789815023,0
0.042980802208971,0.168045268269455,0
0.0430265016293283,0.168128734302234,0
0.0430722237407044,0.16821218790719,0
0.0431179685397198,0.168295629078154,0
0.0431637360229933,0.168379057808959,0
0.0432095261871415,0.168462474093437,0
0.04325533902878,0.168545877925422,0
0.0433011745445221,0.16862926929875,0
0.0433470327309798,0.168712648207256,0
0.0433929135847635,0.168796014644777,0
0.0434388171024815,0.16887936860515,0
0.0434847432807408,0.168962710082215,0
0.0435306921161467,0.16904603906981,0
0.0435766636053025,0.169129355561777,0
0.0436226577448102,0.169212659551956,0
0.04366867453127,0.16929595103419,0
0.0437147139612805,0.169379230002323,0
0.0437607760314382,0.169462496450197,0
0.0438068607383386,0.169545750371659,0
0.0438529680785751,0.169628991760554,0
0.0438990980487395,0.169712220610729,0
0.0439452506454218,0.169795436916032,0
0.0439914258652105,0.169878640670312,0
0.0440376237046927,0.169961831867419,0
0.0440838441604532,0.170045010501203,0
0.0441300872290755,0.170128176565515,0
0.0441763529071416,0.170211330054209,0
0.0442226411912314,0.170294470961137,0
0.0442689520779234,0.170377599280154,0
0.0443152855637944,0.170460715005116,0
0.0443616416454193,0.170543818129878,0
0.044408020319372,0.170626908648298,0
0.0444544215822236,0.170709986554233,0
0.0445008454305447,0.170793051841543,0
0.0445472918609036,0.170876104504088,0
0.0445937608698669,0.170959144535728,0
0.0446402524539999,0.171042171930326,0
0.0446867666098658,0.171125186681743,0
0.0447333033340265,0.171208188783844,0
0.044779862623042,0.171291178230494,0
0.0448264444734707,0.171374155015558,0
0.0448730488818695,0.171457119132901,0
0.0449196758447932,0.171540070576393,0
0.0449663253587954,0.171623009339901,0
0.0450129974204277,0.171705935417294,0
0.0450596920262404,0.171788848802443,0
0.0451064091727816,0.171871749489219,0
0.0451531488565984,0.171954637471493,0
0.0451999110742354,0.17203751274314,0
0.0452466958222366,0.172120375298033,0
0.0452935030971432,0.172203225130046,0
0.0453403328954955,0.172286062233056,0
0.0453871852138319,0.17236888660094,0
0.0454340600486893,0.172451698227575,0
0.0454809573966025,0.17253449710684,0
0.0455278772541051,0.172617283232615,0
0.0455748196177288,0.17270005659878,0
0.0456217844840038,0.172782817199216,0
0.0456687718494584,0.172865565027807,0
0.0457157817106193,0.172948300078435,0
0.0457628140640116,0.173031022344985,0
0.045809868906159,0.173113731821343,0
0.0458569462335832,0.173196428501394,0
0.045904046042804,0.173279112379025,0
0.0459511683303402,0.173361783448126,0
0.0459983130927084,0.173444441702584,0
0.0460454803264239,0.17352708713629,0
0.0460926700280001,0.173609719743135,0
0.0461398821939487,0.173692339517011,0
0.0461871168207799,0.17377494645181,0
0.0462343739050023,0.173857540541427,0
0.0462816534431225,0.173940121779756,0
0.0463289554316459,0.174022690160693,0
0.046376279867076,0.174105245678135,0
0.0464236267459144,0.174187788325979,0
0.0464709960646617,0.174270318098124,0
0.046518387819816,0.174352834988469,0
0.0465658020078744,0.174435338990915,0
0.0466132386253321,0.174517830099363,0
0.0466606976686825,0.174600308307716,0
0.0467081791344177,0.174682773609877,0
0.046755683019028,0.17476522599975,0
0.0468032093190017,0.174847665471241,0
0.0468507580308259,0.174930092018255,0
0.0468983291509859,0.1750125056347,0
0.0469459226759653,0.175094906314484,0
0.0469935386022461,0.175177294051516,0
0.0470411769263084,0.175259668839707,0
0.047088837644631,0.175342030672966,0
0.0471365207536909,0.175424379545206,0
0.0471842262499633,0.17550671545034,0
0.0472319541299221,0.175589038382282,0
0.0472797043900391,0.175671348334946,0
0.047327477026785,0.175753645302249,0
0.0473752720366281,0.175835929278106,0
0.0474230894160357,0.175918200256436,0
0.0474709291614732,0.176000458231158,0
0.0475187912694044,0.176082703196191,0
0.0475666757362913,0.176164935145455,0
0.0476145825585943,0.176247154072872,0
0.0476625117327725,0.176329359972365,0
0.0477104632552827,0.176411552837857,0
0.0477584371225805,0.176493732663273,0
0.0478064333311199,0.176575899442537,0
0.0478544518773529,0.176658053169577,0
0.0479024927577302,0.176740193838319,0
0.0479505559687006,0.176822321442692,0
0.0479986415067113,0.176904435976626,0
0.0480467493682079,0.176986537434049,0
0.0480948795496343,0.177068625808894,0
0.048143032047433,0.177150701095093,0
0.0481912068580445,0.177232763286578,0
0.0482394039779077,0.177314812377285,0
0.0482876234034602,0.177396848361147,0
0.0483358651311374,0.177478871232101,0
0.0483841291573734,0.177560880984084,0
0.0484324154786009,0.177642877611034,0
0.0484807240912503,0.17772486110689,0
0.0485290549917508,0.177806831465591,0
0.0485774081765298,0.177888788681079,0
0.0486257836420132,0.177970732747296,0
0.0486741813846252,0.178052663658184,0
0.0487226014007882,0.178134581407686,0
0.0487710436869233,0.178216485989749,0
0.0488195082394494,0.178298377398317,0
0.0488679950547841,0.178380255627338,0
0.0489165041293435,0.178462120670758,0
0.0489650354595417,0.178543972522527,0
0.0490135890417916,0.178625811176595,0
0.049062164872504,0.178707636626911,0
0.0491107629480884,0.178789448867428,0
0.0491593832649522,0.178871247892097,0
0.0492080258195018,0.178953033694873,0
0.0492566906081413,0.17903480626971,0
0.0493053776272738,0.179116565610564,0
0.0493540868733002,0.179198311711391,0
0.0494028183426201,0.179280044566148,0
0.0494515720316312,0.179361764168794,0
0.0495003479367299,0.179443470513289,0
0.0495491460543105,0.179525163593592,0
0.0495979663807662,0.179606843403665,0
0.0496468089124882,0.179688509937471,0
0.049695673645866,0.179770163188972,0
0.0497445605772877,0.179851803152134,0
0.0497934697031397,0.179933429820921,0
0.0498424010198064,0.180015043189299,0
0.0498913545236713,0.180096643251237,0
0.0499403302111157,0.180178230000701,0
0.0499893280785191,0.180259803431662,0
0.0500383481222602,0.18034136353809,0
0.0500873903387149,0.180422910313955,0
0.0501364547242584,0.180504443753231,0
0.0501855412752641,0.180585963849889,0
0.0502346499881032,0.180667470597905,0
0.0502837808591459,0.180748963991254,0
0.0503329338847605,0.18083044402391,0
0.0503821090613137,0.180911910689853,0
0.0504313063851703,0.18099336398306,0
0.0504805258526941,0.181074803897509,0
0.0505297674602466,0.181156230427181,0
0.0505790312041881,0.181237643566058,0
0.050628317080877,0.18131904330812,0
0.0506776250866701,0.181400429647352,0
0.0507269552179228,0.181481802577737,0
0.0507763074709884,0.18156316209326,0
0.0508256818422193,0.181644508187908,0
0.0508750783279653,0.181725840855667,0
0.0509244969245757,0.181807160090525,0
0.050973937628397,0.181888465886472,0
0.0510234004357748,0.181969758237496,0
0.0510728853430529,0.182051037137591,0
0.0511223923465735,0.182132302580746,0
0.051171921442677,0.182213554560956,0
0.0512214726277025,0.182294793072214,0
0.051271045897987,0.182376018108515,0
0.0513206412498662,0.182457229663855,0
0.0513702586796743,0.182538427732232,0
0.0514198981837433,0.182619612307643,0
0.0514695597584041,0.182700783384086,0
0.0515192433999858,0.182781940955563,0
0.0515689491048159,0.182863085016074,0
0.0516186768692202,0.182944215559621,0
0.0516684266895228,0.183025332580207,0
0.0517181985620463,0.183106436071835,0
0.0517679924831117,0.183187526028512,0
0.0518178084490383,0.183268602444242,0
0.0518676464561438,0.183349665313033,0
0.0519175065007442,0.183430714628892,0
0.0519673885791538,0.183511750385829,0
0.0520172926876857,0.183592772577854,0
0.0520672188226509,0.183673781198977,0
0.0521171669803587,0.183754776243211,0
0.0521671371571175,0.183835757704568,0
0.0522171293492331,0.183916725577063,0
0.0522671435530104,0.18399767985471,0
0.0523171797647525,0.184078620531525,0
0.0523672379807606,0.184159547601526,0
0.0524173181973346,0.184240461058731,0
0.0524674204107727,0.184321360897157,0
0.0525175446173711,0.184402247110826,0
0.052567690813425,0.184483119693759,0
0.0526178589952276,0.184563978639976,0
0.0526680491590705,0.184644823943503,0
0.0527182613012438,0.184725655598361,0
0.0527684954180361,0.184806473598578,0
0.0528187515057335,0.184887277938178,0
0.0528690295606218,0.184968068611188,0
0.0529193295789842,0.185048845611638,0
0.0529696515571025,0.185129608933555,0
0.0530199954912574,0.18521035857097,0
0.0530703613777272,0.185291094517914,0
0.0531207492127891,0.185371816768419,0
0.0531711589927184,0.185452525316518,0
0.053221590713789,0.185533220156246,0
0.0532720443722727,0.185613901281638,0
0.0533225199644407,0.185694568686729,0
0.0533730174865614,0.185775222365557,0
0.0534235369349023,0.18585586231216,0
0.053474078305729,0.185936488520578,0
0.0535246415953056,0.18601710098485,0
0.0535752267998945,0.186097699699018,0
0.0536258339157565,0.186178284657124,0
0.0536764629391508,0.186258855853212,0
0.0537271138663352,0.186339413281325,0
0.0537777866935654,0.186419956935509,0
0.0538284814170958,0.186500486809811,0
0.0538791980331792,0.186581002898277,0
0.0539299365380665,0.186661505194956,0
0.0539806969280074,0.186741993693898,0
0.0540314791992498,0.186822468389152,0
0.0540822833480398,0.186902929274771,0
0.0541331093706221,0.186983376344807,0
0.0541839572632397,0.187063809593313,0
0.0542348270221338,0.187144229014343,0
0.0542857186435447,0.187224634601954,0
0.0543366321237102,0.187305026350201,0
0.0543875674588667,0.187385404253143,0
0.0544385246452495,0.187465768304838,0
0.0544895036790918,0.187546118499345,0
0.0545405045566252,0.187626454830726,0
0.0545915272740798,0.187706777293041,0
0.0546425718276843,0.187787085880354,0
0.0546936382136654,0.187867380586728,0
0.0547447264282481,0.187947661406228,0
0.0547958364676565,0.188027928332919,0
0.0548469683281123,0.188108181360869,0
0.0548981220058362,0.188188420484146,0
0.0549492974970467,0.188268645696817,0
0.0550004947979611,0.188348856992954,0
0.055051713904795,0.188429054366626,0
0.0551029548137623,0.188509237811907,0
0.0551542175210754,0.188589407322868,0
0.0552055020229452,0.188669562893584,0
0.0552568083155804,0.18874970451813,0
0.0553081363951889,0.188829832190582,0
0.0553594862579765,0.188909945905017,0
0.0554108579001473,0.188990045655513,0
0.0554622513179044,0.189070131436149,0
0.0555136665074485,0.189150203241005,0
0.0555651034649791,0.189230261064164,0
0.0556165621866944,0.189310304899706,0
0.0556680426687902,0.189390334741715,0
0.0557195449074614,0.189470350584276,0
0.0557710688989009,0.189550352421473,0
0.0558226146393004,0.189630340247394,0
0.0558741821248493,0.189710314056125,0
0.0559257713517362,0.189790273841756,0
0.0559773823161474,0.189870219598375,0
0.056029015014268,0.189950151320073,0
0.0560806694422815,0.190030069000941,0
0.0561323455963696,0.190109972635074,0
0.0561840434727124,0.190189862216563,0
0.0562357630674886,0.190269737739503,0
0.0562875043768751,0.190349599197991,0
0.0563392673970473,0.190429446586123,0
0.0563910521241788,0.190509279897997,0
0.056442858554442,0.190589099127711,0
0.0564946866840073,0.190668904269367,0
0.0565465365090436,0.190748695317063,0
0.0565984080257184,0.190828472264904,0
0.0566503012301973,0.19090823510699,0
0.0567022161186443,0.190987983837428,0
0.0567541526872223,0.191067718450321,0
0.056806110932092,0.191147438939776,0
0.0568580908494126,0.191227145299899,0
0.0569100924353421,0.1913068375248,0
0.0569621156860365,0.191386515608588,0
0.0570141605976503,0.191466179545372,0
0.0570662271663365,0.191545829329264,0
0.0571183153882462,0.191625464954377,0
0.0571704252595293,0.191705086414824,0
0.057222556776334,0.191784693704719,0
0.0572747099348065,0.191864286818179,0
0.0573268847310922,0.191943865749319,0
0.0573790811613339,0.192023430492257,0
0.0574312992216737,0.192102981041113,0
0.0574835389082514,0.192182517390005,0
0.0575358002172059,0.192262039533055,0
0.0575880831446738,0.192341547464384,0
0.0576403876867906,0.192421041178115,0
0.0576927138396899,0.192500520668373,0
0.0577450615995039,0.192579985929281,0
0.0577974309623631,0.192659436954967,0
0.0578498219243966,0.192738873739558,0
0.0579022344817315,0.192818296277181,0
0.0579546686304936,0.192897704561965,0
0.0580071243668071,0.192977098588042,0
0.0580596016867947,0.193056478349541,0
0.058112100586577,0.193135843840597,0
0.0581646210622737,0.193215195055341,0
0.0582171631100024,0.19329453198791,0
0.0582697267258794,0.193373854632437,0
0.058322311906019,0.19345316298306,0
0.0583749186465343,0.193532457033916,0
0.0584275469435369,0.193611736779144,0
0.0584801967931364,0.193691002212884,0
0.0585328681914411,0.193770253329277,0
0.0585855611345576,0.193849490122464,0
0.0586382756185907,0.193928712586589,0
0.058691011639644,0.194007920715794,0
0.0587437691938194,0.194087114504227,0
0.058796548277217,0.194166293946032,0
0.0588493488859356,0.194245459035356,0
0.0589021710160722,0.194324609766349,0
0.0589550146637221,0.194403746133159,0
0.0590078798249795,0.194482868129937,0
0.0590607664959364,0.194561975750833,0
0.0591136746726836,0.194641068990002,0
0.0591666043513103,0.194720147841595,0
0.0592195555279038,0.194799212299768,0
0.0592725281985502,0.194878262358677,0
0.0593255223593339,0.194957298012477,0
0.0593785380063374,0.195036319255328,0
0.059431575135642,0.195115326081387,0
0.0594846337433275,0.195194318484815,0
0.0595377138254715,0.195273296459773,0
0.0595908153781506,0.195352260000422,0
0.0596439383974396,0.195431209100927,0
0.0596970828794118,0.19551014375545,0
0.0597502488201387,0.195589063958158,0
0.0598034362156903,0.195667969703217,0
0.0598566450621352,0.195746860984794,0
0.0599098753555403,0.195825737797057,0
0.0599631270919709,0.195904600134177,0
0.0600164002674907,0.195983447990323,0
0.0600696948781616,0.196062281359668,0
0.0601230109200446,0.196141100236384,0
0.0601763483891982,0.196219904614646,0
0.0602297072816801,0.196298694488627,0
0.0602830875935458,0.196377469852504,0
0.0603364893208498,0.196456230700453,0
0.0603899124596445,0.196534977026655,0
0.0604433570059811,0.196613708825286,0
0.060496822955909,0.196692426090528,0
0.0605503103054761,0.196771128816561,0
0.0606038190507286,0.196849816997569,0
0.0606573491877114,0.196928490627735,0
0.0607109007124673,0.197007149701243,0
0.0607644736210382,0.197085794212279,0
0.0608180679094639,0.19716442415503,0
0.0608716835737828,0.197243039523683,0
0.0609253206100319,0.197321640312428,0
0.0609789790142461,0.197400226515454,0
0.0610326587824592,0.197478798126952,0
0.0610863599107034,0.197557355141114,0
0.061140082395009,0.197635897552135,0
0.0611938262314051,0.197714425354207,0
0.061247591415919,0.197792938541526,0
0.0613013779445762,0.197871437108289,0
0.0613551858134012,0.197949921048693,0
0.0614090150184164,0.198028390356937,0
0.0614628655556431,0.19810684502722,0
0.0615167374211003,0.198185285053744,0
0.0615706306108064,0.198263710430709,0
0.0616245451207773,0.198342121152319,0
0.0616784809470277,0.198420517212778,0
0.0617324380855711,0.198498898606292,0
0.0617864165324187,0.198577265327065,0
0.0618404162835807,0.198655617369306,0
0.0618944373350655,0.198733954727222,0
0.06194847968288,0.198812277395023,0
0.0620025433230291,0.198890585366921,0
0.0620566282515171,0.198968878637125,0
0.0621107344643457,0.199047157199849,0
0.0621648619575157,0.199125421049307,0
0.0622190107270257,0.199203670179714,0
0.0622731807688734,0.199281904585285,0
0.0623273720790547,0.199360124260238,0
0.0623815846535637,0.19943832919879,0
0.0624358184883931,0.199516519395161,0
0.062490073579534,0.199594694843571,0
0.0625443499229761,0.199672855538242,0
0.0625986475147071,0.199751001473395,0
0.0626529663507136,0.199829132643256,0
0.0627073064269805,0.199907249042047,0
0.0627616677394909,0.199985350663996,0
0.0628160502842265,0.200063437503328,0
0.0628704540571675,0.200141509554272,0
0.0629248790542924,0.200219566811057,0
0.0629793252715783,0.200297609267913,0
0.0630337927050005,0.200375636919071,0
0.0630882813505329,0.200453649758763,0
0.0631427912041478,0.200531647781224,0
0.0631973222618158,0.200609630980687,0
0.0632518745195063,0.200687599351387,0
0.0633064479731865,0.200765552887563,0
0.0633610426188227,0.200843491583451,0
0.0634156584523793,0.20092141543329,0
0.0634702954698191,0.20099932443132,0
0.0635249536671034,0.201077218571783,0
0.0635796330401921,0.201155097848921,0
0.0636343335850433,0.201232962256976,0
0.0636890552976136,0.201310811790194,0
0.063743798173858,0.20138864644282,0
0.0637985622097301,0.201466466209099,0
0.0638533474011818,0.201544271083281,0
0.0639081537441633,0.201622061059614,0
0.0639629812346236,0.201699836132347,0
0.0640178298685099,0.201777596295732,0
0.0640726996417678,0.201855341544021,0
0.0641275905503415,0.201933071871466,0
0.0641825025901736,0.202010787272323,0
0.0642374357572048,0.202088487740847,0
0.0642923900473747,0.202166173271293,0
0.0643473654566212,0.20224384385792,0
0.0644023619808807,0.202321499494987,0
0.0644573796160877,0.202399140176753,0
0.0645124183581753,0.202476765897479,0
0.0645674782030756,0.202554376651427,0
0.0646225591467182,0.202631972432861,0
0.0646776611850318,0.202709553236044,0
0.0647327843139434,0.202787119055242,0
0.0647879285293781,0.202864669884721,0
0.0648430938272599,0.202942205718749,0
0.0648982802035112,0.203019726551595,0
0.0649534876540525,0.203097232377528,0
0.0650087161748031,0.203174723190819,0
0.0650639657616805,0.203252198985741,0
0.0651192364106007,0.203329659756566,0
0.0651745281174783,0.203407105497568,0
0.0652298408782261,0.203484536203023,0
0.0652851746887555,0.203561951867208,0
0.0653405295449763,0.203639352484399,0
0.0653959054427967,0.203716738048876,0
0.0654513023781236,0.203794108554919,0
0.065506720346862,0.203871463996807,0
0.0655621593449154,0.203948804368824,0
0.0656176193681861,0.204026129665252,0
0.0656731004125743,0.204103439880375,0
0.0657286024739789,0.204180735008479,0
0.0657841255482976,0.204258015043851,0
0.065839669631426,0.204335279980778,0
0.0658952347192583,0.204412529813548,0
0.0659508208076873,0.204489764536452,0
0.0660064278926042,0.20456698414378,0
0.0660620559698986,0.204644188629824,0
0.0661177050354584,0.204721377988878,0
0.0661733750851703,0.204798552215236,0
0.0662290661149193,0.204875711303193,0
0.0662847781205885,0.204952855247045,0
0.0663405110980601,0.205029984041091,0
0.0663962650432142,0.20510709767963,0
0.0664520399519295,0.20518419615696,0
0.0665078358200832,0.205261279467383,0
0.0665636526435511,0.205338347605201,0
0.0666194904182076,0.205415400564718,0
0.0666753491399246,0.205492438340238,0
0.0667312288045734,0.205569460926065,0
0.0667871294080236,0.205646468316508,0
0.0668430509461428,0.205723460505873,0
0.0668989934147977,0.205800437488469,0
0.0669549568098529,0.205877399258607,0
0.0670109411271718,0.205954345810597,0
0.0670669463626159,0.206031277138752,0
0.0671229725120457,0.206108193237385,0
0.0671790195713196,0.20618509410081,0
0.0672350875362948,0.206261979723344,0
0.0672911764028268,0.206338850099302,0
0.0673472861667697,0.206415705223004,0
0.0674034168239755,0.206492545088767,0
0.0674595683702957,0.206569369690911,0
0.0675157408015794,0.206646179023759,0
0.0675719341136743,0.206722973081632,0
0.067628148302427,0.206799751858854,0
0.067684383363682,0.20687651534975,0
0.0677406392932823,0.206953263548645,0
0.0677969160870699,0.207029996449867,0
0.0678532137408848,0.207106714047742,0
0.0679095322505656,0.207183416336601,0
0.0679658716119491,0.207260103310773,0
0.068022231820871,0.207336774964591,0
0.0680786128731652,0.207413431292386,0
0.068135014764664,0.207490072288492,0
0.0681914374911985,0.207566697947245,0
0.0682478810485977,0.20764330826298,0
0.0683043454326896,0.207719903230034,0
0.0683608306393002,0.207796482842745,0
0.0684173366642546,0.207873047095453,0
0.0684738635033755,0.207949595982498,0
0.0685304111524849,0.208026129498221,0
0.0685869796074026,0.208102647636967,0
0.0686435688639473,0.208179150393078,0
0.0687001789179361,0.208255637760899,0
0.0687568097651843,0.208332109734777,0
0.0688134614015057,0.208408566309059,0
0.068870133822713,0.208485007478093,0
0.0689268270246169,0.20856143323623,0
0.0689835410030268,0.208637843577819,0
0.0690402757537504,0.208714238497213,0
0.069097031272594,0.208790617988764,0
0.0691538075553624,0.208866982046827,0
0.0692106045978585,0.208943330665757,0
0.0692674223958843,0.20901966383991,0
0.0693242609452398,0.209095981563645,0
0.0693811202417234,0.209172283831319,0
0.0694380002811326,0.209248570637293,0
0.0694949010592623,0.209324841975927,0
0.0695518225719067,0.209401097841584,0
0.0696087648148586,0.209477338228627,0
0.0696657277839084,0.209553563131421,0
0.0697227114748459,0.20962977254433,0
0.0697797158834588,0.209705966461722,0
0.0698367410055333,0.209782144877965,0
0.0698937868368543,0.209858307787427,0
0.0699508533732049,0.209934455184479,0
0.0700079406103672,0.210010587063491,0
0.0700650485441211,0.210086703418838,0
0.0701221771702453,0.210162804244891,0
0.070179326484517,0.210238889536026,0
0.0702364964827117,0.210314959286619,0
0.0702936871606037,0.210391013491046,0
0.0703508985139654,0.210467052143687,0
0.0704081305385678,0.21054307523892,0
0.0704653832301803,0.210619082771125,0
0.0705226565845711,0.210695074734685,0
0.0705799505975067,0.210771051123982,0
0.0706372652647516,0.2108470119334,0
0.0706946005820694,0.210922957157324,0
0.0707519565452221,0.21099888679014,0
0.0708093331499701,0.211074800826237,0
0.0708667303920718,0.211150699260002,0
0.0709241482672849,0.211226582085825,0
0.070981586771365,0.211302449298096,0
0.0710390459000662,0.211378300891209,0
0.0710965256491412,0.211454136859556,0
0.0711540260143415,0.211529957197531,0
0.0712115469914164,0.21160576189953,0
0.0712690885761142,0.21168155095995,0
0.0713266507641817,0.211757324373188,0
0.0713842335513637,0.211833082133643,0
0.0714418369334038,0.211908824235716,0
0.0714994609060442,0.211984550673807,0
0.0715571054650253,0.21206026144232,0
0.0716147706060861,0.212135956535656,0
0.0716724563249641,0.212211635948223,0
0.0717301626173954,0.212287299674424,0
0.0717878894791142,0.212362947708668,0
0.0718456369058534,0.212438580045362,0
0.0719034048933447,0.212514196678916,0
0.0719611934373179,0.212589797603741,0
0.072019002533501,0.212665382814247,0
0.0720768321776213,0.212740952304849,0
0.0721346823654038,0.212816506069959,0
0.0721925530925724,0.212892044103994,0
0.0722504443548495,0.212967566401369,0
0.0723083561479557,0.213043072956502,0
0.0723662884676104,0.213118563763812,0
0.0724242413095311,0.213194038817718,0
0.0724822146694342,0.213269498112641,0
0.0725402085430344,0.213344941643005,0
0.0725982229260448,0.213420369403231,0
0.0726562578141772,0.213495781387745,0
0.0727143132031416,0.213571177590972,0
0.0727723890886466,0.213646558007339,0
0.0728304854663995,0.213721922631274,0
0.0728886023321056,0.213797271457206,0
0.0729467396814694,0.213872604479565,0
0.0730048975101931,0.213947921692783,0
0.0730630758139781,0.214023223091293,0
0.0731212745885237,0.214098508669529,0
0.073179493829528,0.214173778421925,0
0.0732377335326875,0.214249032342917,0
0.0732959936936972,0.214324270426943,0
0.0733542743082507,0.214399492668442,0
0.07341257537204,0.214474699061853,0
0.0734708968807554,0.214549889601617,0
0.0735292388300859,0.214625064282176,0
0.0735876012157191,0.214700223097973,0
0.0736459840333408,0.214775366043453,0
0.0737043872786354,0.214850493113062,0
0.073762810947286,0.214925604301244,0
0.0738212550349738,0.21500069960245,0
0.0738797195373788,0.215075779011128,0
0.0739382044501795,0.215150842521727,0
0.0739967097690526,0.2152258901287,0
0.0740552354896737,0.2153009218265,0
0.0741137816077164,0.215375937609579,0
0.0741723481188532,0.215450937472393,0
0.074230935018755,0.215525921409398,0
0.0742895423030909,0.215600889415051,0
0.0743481699675291,0.21567584148381,0
0.0744068180077356,0.215750777610137,0
0.0744654864193754,0.21582569778849,0
0.0745241751981118,0.215900602013333,0
0.0745828843396068,0.215975490279128,0
0.0746416138395203,0.216050362580339,0
0.0747003636935113,0.216125218911433,0
0.0747591338972371,0.216200059266877,0
0.0748179244463537,0.216274883641137,0
0.0748767353365152,0.216349692028683,0
0.0749355665633742,0.216424484423986,0
0.0749944181225822,0.216499260821516,0
0.075053290009789,0.216574021215747,0
0.0751121822206429,0.216648765601152,0
0.0751710947507904,0.216723493972206,0
0.0752300275958773,0.216798206323386,0
0.0752889807515469,0.216872902649169,0
0.0753479542134415,0.216947582944033,0
0.0754069479772022,0.217022247202458,0
0.0754659620384679,0.217096895418926,0
0.0755249963928766,0.217171527587917,0
0.0755840510360646,0.217246143703917,0
0.0756431259636665,0.217320743761408,0
0.0757022211713156,0.217395327754876,0
0.0757613366546437,0.21746989567881,0
0.0758204724092812,0.217544447527695,0
0.0758796284308567,0.217618983296023,0
0.0759388047149976,0.217693502978283,0
0.0759980012573296,0.217768006568967,0
0.076057218053477,0.217842494062567,0
0.0761164550990625,0.217916965453579,0
0.0761757123897076,0.217991420736496,0
0.0762349899210319,0.218065859905815,0
0.0762942876886537,0.218140282956034,0
0.0763536056881899,0.218214689881652,0
0.0764129439152559,0.218289080677168,0
0.0764723023654652,0.218363455337083,0
0.0765316810344303,0.218437813855901,0
0.0765910799177619,0.218512156228125,0
0.0766504990110695,0.218586482448258,0
0.0767099383099609,0.218660792510808,0
0.0767693978100423,0.218735086410281,0
0.0768288775069186,0.218809364141186,0
0.0768883773961933,0.218883625698031,0
0.0769478974734681,0.218957871075329,0
0.0770074377343434,0.21903210026759,0
0.0770669981744181,0.219106313269328,0
0.0771265787892894,0.219180510075057,0
0.0771861795745534,0.219254690679292,0
0.0772458005258045,0.219328855076551,0
0.0773054416386356,0.219403003261351,0
0.077365102908638,0.219477135228211,0
0.0774247843314018,0.219551250971652,0
0.0774844859025153,0.219625350486194,0
0.0775442076175654,0.219699433766361,0
0.0776039494721378,0.219773500806677,0
0.0776637114618162,0.219847551601666,0
0.0777234935821832,0.219921586145855,0
0.0777832958288199,0.219995604433771,0
0.0778431181973056,0.220069606459943,0
0.0779029606832186,0.220143592218901,0
0.077962823282135,0.220217561705176,0
0.0780227059896303,0.220291514913301,0
0.0780826088012778,0.220365451837808,0
0.0781425317126498,0.220439372473232,0
0.0782024747193166,0.22051327681411,0
0.0782624378168475,0.220587164854978,0
0.07832242100081,0.220661036590375,0
0.0783824242667703,0.22073489201484,0
0.0784424476102932,0.220808731122915,0
0.0785024910269414,0.22088255390914,0
0.0785625545122772,0.220956360368059,0
0.0786226380618603,0.221030150494216,0
0.0786827416712497,0.221103924282158,0
0.0787428653360024,0.22117768172643,0
0.0788030090516743,0.22125142282158,0
0.0788631728138196,0.221325147562159,0
0.0789233566179912,0.221398855942715,0
0.0789835604597403,0.221472547957802,0
0.0790437843346168,0.221546223601971,0
0.079104028238169,0.221619882869776,0
0.0791642921659437,0.221693525755773,0
0.0792245761134864,0.221767152254519,0
0.079284880076341,0.22184076236057,0
0.0793452040500497,0.221914356068486,0
0.0794055480301539,0.221987933372827,0
0.0794659120121924,0.222061494268154,0
0.0795262959917038,0.222135038749029,0
0.0795866999642243,0.222208566810016,0
0.0796471239252889,0.222282078445681,0
0.0797075678704314,0.222355573650589,0
0.0797680317951837,0.222429052419308,0
0.0798285156950763,0.222502514746405,0
0.0798890195656385,0.222575960626452,0
0.0799495434023978,0.222649390054019,0
0.0800100872008807,0.222722803023678,0
0.0800706509566114,0.222796199530002,0
0.0801312346651133,0.222869579567566,0
0.0801918383219085,0.222942943130947,0
0.0802524619225167,0.223016290214721,0
0.0803131054624571,0.223089620813466,0
0.0803737689372469,0.223162934921763,0
0.0804344523424019,0.223236232534191,0
0.0804951556734366,0.223309513645332,0
0.0805558789258636,0.22338277824977,0
0.0806166220951947,0.22345602634209,0
0.0806773851769397,0.223529257916876,0
0.0807381681666071,0.223602472968716,0
0.0807989710597039,0.223675671492198,0
0.0808597938517355,0.223748853481911,0
0.0809206365382062,0.223822018932445,0
0.0809814991146185,0.223895167838393,0
0.0810423815764736,0.223968300194346,0
0.0811032839192709,0.2240414159949,0
0.0811642061385089,0.224114515234649,0
0.0812251482296844,0.224187597908191,0
0.0812861101882922,0.224260664010123,0
0.0813470920098265,0.224333713535044,0
0.0814080936897793,0.224406746477555,0
0.0814691152236418,0.224479762832257,0
0.0815301566069031,0.224552762593752,0
0.0815912178350512,0.224625745756645,0
0.0816522989035726,0.224698712315541,0
0.0817133998079521,0.224771662265047,0
0.0817745205436735,0.224844595599769,0
0.0818356611062185,0.224917512314317,0
0.081896821491068,0.224990412403302,0
0.0819580016937009,0.225063295861333,0
0.0820192017095951,0.225136162683025,0
0.0820804215342266,0.22520901286299,0
0.0821416611630699,0.225281846395843,0
0.0822029205915987,0.225354663276202,0
0.0822641998152845,0.225427463498683,0
0.0823254988295978,0.225500247057905,0
0.0823868176300074,0.225573013948489,0
0.0824481562119808,0.225645764165054,0
0.0825095145709837,0.225718497702225,0
0.0825708927024807,0.225791214554623,0
0.0826322906019351,0.225863914716875,0
0.082693708264808,0.225936598183606,0
0.0827551456865598,0.226009264949444,0
0.0828166028626491,0.226081915009017,0
0.0828780797885329,0.226154548356956,0
0.0829395764596671,0.22622716498789,0
0.0830010928715059,0.226299764896453,0
0.0830626290195022,0.226372348077277,0
0.0831241848991071,0.226444914524999,0
0.0831857605057708,0.226517464234253,0
0.0832473558349414,0.226589997199677,0
0.083308970882066,0.226662513415909,0
0.0833706056425902,0.22673501287759,0
0.0834322601119579,0.226807495579359,0
0.0834939342856119,0.22687996151586,0
0.0835556281589932,0.226952410681736,0
0.0836173417275414,0.227024843071631,0
0.0836790749866949,0.227097258680191,0
0.0837408279318904,0.227169657502063,0
0.083802600558563,0.227242039531897,0
0.0838643928621471,0.22731440476434,0
0.0839262048380747,0.227386753194045,0
0.0839880364817767,0.227459084815664,0
0.0840498877886826,0.227531399623849,0
0.0841117587542207,0.227603697613255,0
0.0841736493738175,0.227675978778539,0
0.084235559642898,0.227748243114357,0
0.0842974895568861,0.227820490615368,0
0.0843594391112039,0.227892721276231,0
0.0844214083012721,0.227964935091606,0
0.0844833971225101,0.228037132056157,0
0.0845454055703359,0.228109312164546,0
0.0846074336401659,0.228181475411439,0
0.0846694813274148,0.2282536217915,0
0.0847315486274964,0.228325751299396,0
0.0847936355358229,0.228397863929797,0
0.0848557420478047,0.228469959677371,0
0.0849178681588508,0.22854203853679,0
0.0849800138643695,0.228614100502725,0
0.0850421791597665,0.22868614556985,0
0.085104364040447,0.228758173732839,0
0.0851665685018141,0.228830184986369,0
0.0852287925392701,0.228902179325115,0
0.0852910361482153,0.228974156743757,0
0.0853532993240486,0.229046117236973,0
0.0854155820621679,0.229118060799446,0
0.0854778843579691,0.229189987425856,0
0.0855402062068471,0.229261897110887,0
0.0856025476041948,0.229333789849224,0
0.0856649085454045,0.229405665635552,0
0.0857272890258665,0.229477524464558,0
0.0857896890409693,0.229549366330932,0
0.0858521085861008,0.229621191229361,0
0.085914547656647,0.229692999154538,0
0.0859770062479923,0.229764790101154,0
0.0860394843555199,0.229836564063902,0
0.0861019819746117,0.229908321037478,0
0.0861644991006481,0.229980061016576,0
0.0862270357290073,0.230051783995894,0
0.0862895918550671,0.230123489970131,0
0.0863521674742035,0.230195178933985,0
0.0864147625817908,0.230266850882159,0
0.0864773771732024,0.230338505809353,0
0.0865400112438095,0.230410143710271,0
0.0866026647889826,0.230481764579619,0
0.0866653378040904,0.230553368412101,0
0.0867280302844999,0.230624955202426,0
0.0867907422255774,0.2306965249453,0
0.0868534736226871,0.230768077635435,0
0.086916224471192,0.230839613267541,0
0.0869789947664537,0.230911131836329,0
0.087041784503832,0.230982633336515,0
0.0871045936786862,0.231054117762812,0
0.0871674222863731,0.231125585109936,0
0.0872302703222486,0.231197035372605,0
0.0872931377816671,0.231268468545537,0
0.0873560246599816,0.231339884623451,0
0.0874189309525433,0.23141128360107,0
0.0874818566547025,0.231482665473114,0
0.0875448017618079,0.231554030234309,0
0.0876077662692065,0.231625377879378,0
0.0876707501722442,0.231696708403048,0
0.0877337534662652,0.231768021800045,0
0.0877967761466125,0.2318393180651,0
0.0878598182086275,0.23191059719294,0
0.0879228796476503,0.231981859178299,0
0.0879859604590194,0.232053104015907,0
0.0880490606380719,0.232124331700499,0
0.0881121801801438,0.23219554222681,0
0.0881753190805691,0.232266735589576,0
0.0882384773346807,0.232337911783535,0
0.0883016549378103,0.232409070803424,0
0.0883648518852876,0.232480212643985,0
0.0884280681724414,0.232551337299958,0
0.0884913037945989,0.232622444766087,0
0.0885545587470855,0.232693535037114,0
0.0886178330252256,0.232764608107786,0
0.0886811266243424,0.232835663972848,0
0.0887444395397567,0.232906702627048,0
0.0888077717667891,0.232977724065135,0
0.088871123300758,0.23304872828186,0
0.0889344941369804,0.233119715271973,0
0.088997884270772,0.233190685030227,0
0.0890612936974473,0.233261637551377,0
0.0891247224123192,0.233332572830178,0
0.0891881704106988,0.233403490861386,0
0.0892516376878965,0.23347439163976,0
0.0893151242392207,0.233545275160058,0
0.0893786300599786,0.23361614141704,0
0.0894421551454759,0.233686990405469,0
0.0895056994910171,0.233757822120107,0
0.0895692630919048,0.233828636555719,0
0.0896328459434409,0.23389943370707,0
0.089696448040925,0.233970213568927,0
0.0897600693796561,0.234040976136057,0
0.0898237099549311,0.234111721403231,0
0.0898873697620459,0.234182449365219,0
0.0899510487962949,0.234253160016792,0
0.0900147470529711,0.234323853352725,0
0.0900784645273658,0.234394529367791,0
0.0901422012147695,0.234465188056766,0
0.0902059571104705,0.234535829414427,0
0.0902697322097561,0.234606453435553,0
0.0903335265079122,0.234677060114922,0
0.0903973400002234,0.234747649447317,0
0.0904611726819722,0.234818221427518,0
0.090525024548441,0.23488877605031,0
0.0905888955949092,0.234959313310477,0
0.0906527858166559,0.235029833202806,0
0.0907166952089584,0.235100335722082,0
0.0907806237670927,0.235170820863096,0
0.0908445714863331,0.235241288620637,0
0.0909085383619528,0.235311738989495,0
0.0909725243892234,0.235382171964464,0
0.0910365295634152,0.235452587540337,0
0.0911005538797971,0.235522985711909,0
0.0911645973336364,0.235593366473976,0
0.091228659920199,0.235663729821337,0
0.0912927416347498,0.235734075748789,0
0.0913568424725517,0.235804404251133,0
0.0914209624288667,0.23587471532317,0
0.0914851014989548,0.235945008959703,0
0.0915492596780751,0.236015285155536,0
0.0916134369614854,0.236085543905475,0
0.0916776333444416,0.236155785204325,0
0.0917418488221984,0.236226009046895,0
0.091806083390009,0.236296215427994,0
0.0918703370431253,0.236366404342432,0
0.0919346097767979,0.236436575785022,0
0.0919989015862759,0.236506729750576,0
0.0920632124668068,0.236576866233908,0
0.0921275424136367,0.236646985229834,0
0.0921918914220106,0.236717086733171,0
0.0922562594871721,0.236787170738737,0
0.0923206466043629,0.236857237241352,0
0.0923850527688237,0.236927286235837,0
0.0924494779757936,0.236997317717013,0
0.0925139222205109,0.237067331679704,0
0.0925783854982112,0.237137328118735,0
0.09264286780413,0.237207307028931,0
0.0927073691335005,0.23727726840512,0
0.0927718894815552,0.23734721224213,0
0.0928364288435248,0.237417138534792,0
0.0929009872146387,0.237487047277936,0
0.0929655645901244,0.237556938466395,0
0.0930301609652089,0.237626812095002,0
0.0930947763351173,0.237696668158593,0
0.0931594106950731,0.237766506652005,0
0.0932240640402988,0.237836327570074,0
0.0932887363660151,0.237906130907639,0
0.0933534276674419,0.237975916659541,0
0.0934181379397969,0.238045684820622,0
0.093482867178297,0.238115435385724,0
0.0935476153781578,0.238185168349691,0
0.0936123825345927,0.238254883707369,0
0.0936771686428144,0.238324581453605,0
0.0937419736980343,0.238394261583246,0
0.0938067976954615,0.238463924091142,0
0.0938716406303051,0.238533568972144,0
0.0939365024977712,0.238603196221103,0
0.094001383293066,0.238672805832873,0
0.094066283011393,0.238742397802308,0
0.0941312016479554,0.238811972124265,0
0.0941961391979542,0.2388815287936,0
0.0942610956565895,0.238951067805172,0
0.0943260710190597,0.239020589153841,0
0.094391065280562,0.239090092834467,0
0.094456078436292,0.239159578841914,0
0.0945211104814443,0.239229047171044,0
0.0945861614112116,0.239298497816723,0
0.0946512312207852,0.239367930773818,0
0.0947163199053558,0.239437346037195,0
0.0947814274601118,0.239506743601724,0
0.0948465538802403,0.239576123462274,0
0.094911699160928,0.239645485613719,0
0.0949768632973589,0.23971483005093,0
0.0950420462847161,0.239784156768781,0
0.0951072481181818,0.239853465762148,0
0.0951724687929358,0.239922757025908,0
0.0952377083041578,0.239992030554939,0
0.0953029666470249,0.24006128634412,0
0.0953682438167132,0.240130524388332,0
0.0954335398083979,0.240199744682457,0
0.0954988546172522,0.240268947221378,0
0.0955641882384479,0.240338131999981,0
0.0956295406671563,0.24040729901315,0
0.095694911898546,0.240476448255774,0
0.0957603019277853,0.24054557972274,0
0.0958257107500404,0.240614693408939,0
0.0958911383604764,0.240683789309263,0
0.0959565847542572,0.240752867418602,0
0.0960220499265447,0.240821927731852,0
0.0960875338725002,0.240890970243908,0
0.0961530365872831,0.240959994949665,0
0.0962185580660515,0.241029001844023,0
0.0962840983039621,0.241097990921879,0
0.0963496572961704,0.241166962178135,0
0.0964152350378304,0.241235915607691,0
0.0964808315240946,0.241304851205452,0
0.096546446750114,0.241373768966322,0
0.0966120807110387,0.241442668885205,0
0.096677733402017,0.24151155095701,0
0.0967434048181963,0.241580415176645,0
0.0968090949547218,0.241649261539018,0
0.096874803806738,0.241718090039042,0
0.0969405313693879,0.241786900671629,0
0.0970062776378127,0.241855693431692,0
0.0970720426071527,0.241924468314146,0
0.0971378262725469,0.241993225313907,0
0.0972036286291322,0.242061964425893,0
0.0972694496720448,0.242130685645023,0
0.0973352893964197,0.242199388966217,0
0.0974011477973895,0.242268074384397,0
0.0974670248700864,0.242336741894485,0
0.0975329206096407,0.242405391491406,0
0.0975988350111816,0.242474023170086,0
0.0976647680698368,0.24254263692545,0
0.0977307197807327,0.242611232752428,0
0.0977966901389939,0.242679810645948,0
0.0978626791397446,0.242748370600943,0
0.0979286867781062,0.242816912612342,0
0.0979947130492,0.242885436675081,0
0.0980607579481458,0.242953942784095,0
0.0981268214700608,0.243022430934318,0
0.0981929036100624,0.243090901120689,0
0.0982590043632654,0.243159353338146,0
0.0983251237247837,0.24322778758163,0
0.0983912616897307,0.243296203846082,0
0.0984574182532165,0.243364602126445,0
0.0985235934103517,0.243432982417662,0
0.0985897871562442,0.24350134471468,0
0.0986559994860015,0.243569689012445,0
0.098722230394729,0.243638015305905,0
0.0987884798775309,0.243706323590009,0
0.0988547479295105,0.243774613859709,0
0.0989210345457692,0.243842886109956,0
0.0989873397214072,0.243911140335704,0
0.0990536634515231,0.243979376531908,0
0.0991200057312147,0.244047594693523,0
0.0991863665555779,0.244115794815508,0
0.0992527459197075,0.24418397689282,0
0.0993191438186967,0.24425214092042,0
0.0993855602476375,0.244320286893269,0
0.0994519952016206,0.244388414806331,0
0.099518448675735,0.244456524654568,0
0.099584920665069,0.244524616432948,0
0.0996514111647087,0.244592690136435,0
0.0997179201697391,0.244660745759999,0
0.0997844476752445,0.244728783298609,0
0.099850993676307,0.244796802747236,0
0.0999175581680074,0.244864804100851,0
0.0999841411454256,0.244932787354428,0
0.10005074260364,0.245000752502942,0
0.100117362537727,0.24506869954137,0
0.100184000942763,0.245136628464688,0
0.100250657813821,0.245204539267875,0
0.100317333145975,0.245272431945912,0
0.100384026934296,0.24534030649378,0
0.100450739173854,0.245408162906461,0
0.100517469859718,0.24547600117894,0
0.100584218986955,0.245543821306203,0
0.100650986550631,0.245611623283236,0
0.100717772545811,0.245679407105028,0
0.100784576967558,0.245747172766567,0
0.100851399810934,0.245814920262845,0
0.100918241071,0.245882649588855,0
0.100985100742815,0.245950360739589,0
0.101051978821436,0.246018053710042,0
0.10111887530192,0.246085728495211,0
0.101185790179322,0.246153385090093,0
0.101252723448697,0.246221023489688,0
0.101319675105095,0.246288643688995,0
0.101386645143569,0.246356245683016,0
0.101453633559168,0.246423829466754,0
0.101520640346941,0.246491395035213,0
0.101587665501934,0.2465589423834,0
0.101654709019192,0.24662647150632,0
0.101721770893761,0.246693982398983,0
0.101788851120683,0.246761475056398,0
0.101855949695,0.246828949473577,0
0.101923066611751,0.24689640564553,0
0.101990201865976,0.246963843567273,0
0.102057355452712,0.24703126323382,0
0.102124527366995,0.247098664640188,0
0.10219171760386,0.247166047781395,0
0.10225892615834,0.247233412652459,0
0.102326153025468,0.247300759248402,0
0.102393398200274,0.247368087564244,0
0.102460661677787,0.24743539759501,0
0.102527943453035,0.247502689335724,0
0.102595243521046,0.247569962781411,0
0.102662561876843,0.247637217927099,0
0.102729898515452,0.247704454767817,0
0.102797253431895,0.247771673298594,0
0.102864626621193,0.247838873514462,0
0.102932018078365,0.247906055410453,0
0.102999427798431,0.247973218981602,0
0.103066855776408,0.248040364222944,0
0.103134302007311,0.248107491129515,0
0.103201766486155,0.248174599696354,0
0.103269249207953,0.2482416899185,0
0.103336750167716,0.248308761790994,0
0.103404269360456,0.248375815308877,0
0.103471806781182,0.248442850467195,0
0.1035393624249,0.24850986726099,0
0.103606936286617,0.248576865685311,0
0.10367452836134,0.248643845735203,0
0.10374213864407,0.248710807405717,0
0.103809767129811,0.248777750691902,0
0.103877413813563,0.24884467558881,0
0.103945078690327,0.248911582091494,0
0.1040127617551,0.248978470195008,0
0.104080463002879,0.249045339894409,0
0.104148182428661,0.249112191184753,0
0.104215920027439,0.249179024061099,0
0.104283675794206,0.249245838518506,0
0.104351449723954,0.249312634552036,0
0.104419241811674,0.249379412156751,0
0.104487052052353,0.249446171327715,0
0.10455488044098,0.249512912059994,0
0.104622726972541,0.249579634348654,0
0.10469059164202,0.249646338188763,0
0.104758474444402,0.24971302357539,0
0.104826375374669,0.249779690503606,0
0.104894294427801,0.249846338968484,0
0.104962231598777,0.249912968965096,0
0.105030186882577,0.249979580488517,0
0.105098160274177,0.250046173533824,0
0.105166151768552,0.250112748096094,0
0.105234161360677,0.250179304170407,0
0.105302189045524,0.250245841751841,0
0.105370234818065,0.25031236083548,0
0.10543829867327,0.250378861416405,0
0.105506380606109,0.250445343489702,0
0.105574480611547,0.250511807050456,0
0.105642598684553,0.250578252093755,0
0.105710734820089,0.250644678614686,0
0.10577888901312,0.250711086608339,0
0.105847061258609,0.250777476069807,0
0.105915251551515,0.25084384699418,0
0.105983459886798,0.250910199376554,0
0.106051686259417,0.250976533212024,0
0.106119930664328,0.251042848495686,0
0.106188193096487,0.251109145222638,0
0.106256473550848,0.251175423387981,0
0.106324772022363,0.251241682986814,0
0.106393088505985,0.25130792401424,0
0.106461422996662,0.251374146465362,0
0.106529775489345,0.251440350335286,0
0.10659814597898,0.251506535619117,0
0.106666534460515,0.251572702311964,0
0.106734940928892,0.251638850408935,0
0.106803365379057,0.251704979905141,0
0.106871807805951,0.251771090795694,0
0.106940268204516,0.251837183075707,0
0.107008746569689,0.251903256740294,0
0.107077242896411,0.251969311784572,0
0.107145757179617,0.252035348203657,0
0.107214289414243,0.252101365992668,0
0.107282839595224,0.252167365146726,0
0.107351407717492,0.252233345660952,0
0.107419993775979,0.252299307530468,0
0.107488597765615,0.2523652507504,0
0.107557219681328,0.252431175315871,0
0.107625859518047,0.25249708122201,0
0.107694517270698,0.252562968463945,0
0.107763192934205,0.252628837036806,0
0.107831886503493,0.252694686935723,0
0.107900597973483,0.252760518155829,0
0.107969327339097,0.252826330692257,0
0.108038074595253,0.252892124540144,0
0.108106839736871,0.252957899694626,0
0.108175622758868,0.25302365615084,0
0.108244423656159,0.253089393903927,0
0.108313242423657,0.253155112949026,0
0.108382079056278,0.253220813281281,0
0.108450933548931,0.253286494895834,0
0.108519805896528,0.25335215778783,0
0.108588696093977,0.253417801952416,0
0.108657604136187,0.25348342738474,0
0.108726530018064,0.25354903407995,0
0.108795473734512,0.253614622033197,0
0.108864435280436,0.253680191239633,0
0.108933414650738,0.253745741694411,0
0.109002411840319,0.253811273392686,0
0.109071426844079,0.253876786329613,0
0.109140459656917,0.25394228050035,0
0.109209510273729,0.254007755900056,0
0.109278578689412,0.254073212523891,0
0.10934766489886,0.254138650367017,0
0.109416768896967,0.254204069424596,0
0.109485890678624,0.254269469691792,0
0.109555030238722,0.254334851163772,0
0.109624187572151,0.254400213835703,0
0.109693362673797,0.254465557702753,0
0.109762555538549,0.254530882760091,0
0.109831766161291,0.25459618900289,0
0.109900994536908,0.254661476426322,0
0.109970240660281,0.25472674502556,0
0.110039504526294,0.254791994795781,0
0.110108786129825,0.254857225732161,0
0.110178085465753,0.254922437829879,0
0.110247402528957,0.254987631084113,0
0.110316737314311,0.255052805490046,0
0.110386089816692,0.255117961042859,0
0.110455460030972,0.255183097737736,0
0.110524847952025,0.255248215569863,0
0.11059425357472,0.255313314534425,0
0.110663676893927,0.255378394626612,0
0.110733117904516,0.255443455841612,0
0.110802576601352,0.255508498174617,0
0.110872052979302,0.255573521620817,0
0.11094154703323,0.255638526175408,0
0.111011058757999,0.255703511833583,0
0.111080588148471,0.25576847859054,0
0.111150135199506,0.255833426441475,0
0.111219699905964,0.255898355381589,0
0.111289282262702,0.255963265406081,0
0.111358882264577,0.256028156510154,0
0.111428499906445,0.256093028689011,0
0.111498135183159,0.256157881937857,0
0.111567788089571,0.256222716251897,0
0.111637458620534,0.25628753162634,0
0.111707146770897,0.256352328056395,0
0.11177685253551,0.256417105537271,0
0.111846575909219,0.25648186406418,0
0.111916316886871,0.256546603632336,0
0.11198607546331,0.256611324236953,0
0.11205585163338,0.256676025873248,0
0.112125645391924,0.256740708536436,0
0.112195456733782,0.256805372221738,0
0.112265285653794,0.256870016924373,0
0.112335132146798,0.256934642639564,0
0.112404996207632,0.256999249362532,0
0.112474877831131,0.257063837088502,0
0.11254477701213,0.2571284058127,0
0.11261469374546,0.257192955530354,0
0.112684628025956,0.257257486236691,0
0.112754579848447,0.257321997926942,0
0.112824549207762,0.257386490596338,0
0.11289453609873,0.257450964240112,0
0.112964540516177,0.257515418853499,0
0.113034562454928,0.257579854431733,0
0.113104601909808,0.257644270970052,0
0.113174658875639,0.257708668463694,0
0.113244733347243,0.257773046907899,0
0.11331482531944,0.257837406297908,0
0.113384934787049,0.257901746628965,0
0.113455061744887,0.257966067896312,0
0.113525206187771,0.258030370095196,0
0.113595368110516,0.258094653220863,0
0.113665547507936,0.258158917268562,0
0.113735744374843,0.258223162233542,0
0.113805958706048,0.258287388111055,0
0.113876190496361,0.258351594896353,0
0.113946439740591,0.258415782584689,0
0.114016706433544,0.25847995117132,0
0.114086990570028,0.258544100651502,0
0.114157292144846,0.258608231020493,0
0.114227611152803,0.258672342273553,0
0.114297947588699,0.258736434405942,0
0.114368301447336,0.258800507412924,0
0.114438672723514,0.258864561289761,0
0.114509061412031,0.25892859603172,0
0.114579467507684,0.258992611634066,0
0.114649891005268,0.259056608092069,0
0.114720331899578,0.259120585400997,0
0.114790790185407,0.259184543556121,0
0.114861265857547,0.259248482552714,0
0.114931758910788,0.259312402386049,0
0.11500226933992,0.259376303051401,0
0.11507279713973,0.259440184544048,0
0.115143342305006,0.259504046859266,0
0.115213904830532,0.259567889992336,0
0.115284484711093,0.259631713938538,0
0.115355081941472,0.259695518693155,0
0.11542569651645,0.25975930425147,0
0.115496328430808,0.259823070608767,0
0.115566977679324,0.259886817760335,0
0.115637644256776,0.25995054570146,0
0.115708328157941,0.260014254427431,0
0.115779029377594,0.260077943933541,0
0.115849747910509,0.26014161421508,0
0.115920483751457,0.260205265267342,0
0.115991236895211,0.260268897085623,0
0.116062007336541,0.260332509665219,0
0.116132795070215,0.260396103001428,0
0.116203600091001,0.260459677089548,0
0.116274422393665,0.260523231924881,0
0.116345261972972,0.260586767502729,0
0.116416118823686,0.260650283818395,0
0.116486992940569,0.260713780867184,0
0.116557884318381,0.260777258644403,0
0.116628792951884,0.260840717145359,0
0.116699718835835,0.260904156365363,0
0.116770661964992,0.260967576299723,0
0.11684162233411,0.261030976943753,0
0.116912599937945,0.261094358292766,0
0.116983594771249,0.261157720342077,0
0.117054606828776,0.261221063087003,0
0.117125636105275,0.26128438652286,0
0.117196682595497,0.261347690644969,0
0.11726774629419,0.26141097544865,0
0.117338827196101,0.261474240929225,0
0.117409925295976,0.261537487082017,0
0.117481040588559,0.261600713902353,0
0.117552173068593,0.261663921385557,0
0.117623322730821,0.261727109526957,0
0.117694489569984,0.261790278321884,0
0.117765673580819,0.261853427765667,0
0.117836874758068,0.261916557853639,0
0.117908093096464,0.261979668581134,0
0.117979328590746,0.262042759943485,0
0.118050581235646,0.26210583193603,0
0.118121851025898,0.262168884554106,0
0.118193137956234,0.262231917793053,0
0.118264442021384,0.262294931648211,0
0.118335763216078,0.262357926114922,0
0.118407101535044,0.262420901188531,0
0.118478456973008,0.262483856864381,0
0.118549829524697,0.262546793137819,0
0.118621219184833,0.262609710004194,0
0.118692625948141,0.262672607458854,0
0.118764049809342,0.262735485497151,0
0.118835490763156,0.262798344114435,0
0.118906948804303,0.262861183306062,0
0.118978423927501,0.262924003067385,0
0.119049916127466,0.262986803393762,0
0.119121425398913,0.26304958428055,0
0.119192951736557,0.263112345723109,0
0.119264495135111,0.263175087716799,0
0.119336055589286,0.263237810256983,0
0.119407633093793,0.263300513339023,0
0.119479227643341,0.263363196958287,0
0.119550839232637,0.263425861110139,0
0.119622467856388,0.263488505789947,0
0.1196941135093,0.263551130993082,0
0.119765776186076,0.263613736714914,0
0.11983745588142,0.263676322950815,0
0.119909152590032,0.263738889696159,0
0.119980866306614,0.263801436946322,0
0.120052597025864,0.263863964696679,0
0.12012434474248,0.263926472942609,0
0.120196109451158,0.263988961679491,0
0.120267891146595,0.264051430902707,0
0.120339689823483,0.264113880607638,0
0.120411505476515,0.264176310789669,0
0.120483338100383,0.264238721444184,0
0.120555187689778,0.264301112566571,0
0.120627054239388,0.264363484152217,0
0.120698937743901,0.264425836196512,0
0.120770838198003,0.264488168694847,0
0.12084275559638,0.264550481642615,0
0.120914689933716,0.26461277503521,0
0.120986641204693,0.264675048868026,0
0.121058609403993,0.264737303136461,0
0.121130594526295,0.264799537835913,0
0.12120259656628,0.264861752961781,0
0.121274615518625,0.264923948509468,0
0.121346651378006,0.264986124474375,0
0.121418704139098,0.265048280851906,0
0.121490773796576,0.265110417637467,0
0.121562860345112,0.265172534826466,0
0.121634963779377,0.265234632414309,0
0.121707084094042,0.265296710396408,0
0.121779221283776,0.265358768768173,0
0.121851375343247,0.265420807525017,0
0.121923546267121,0.265482826662354,0
0.121995734050062,0.265544826175601,0
0.122067938686736,0.265606806060173,0
0.122140160171805,0.265668766311491,0
0.12221239849993,0.265730706924972,0
0.122284653665772,0.26579262789604,0
0.12235692566399,0.265854529220117,0
0.122429214489241,0.265916410892627,0
0.122501520136183,0.265978272908996,0
0.122573842599469,0.266040115264651,0
0.122646181873755,0.266101937955022,0
0.122718537953693,0.266163740975538,0
0.122790910833934,0.26622552432163,0
0.12286330050913,0.266287287988733,0
0.122935706973928,0.266349031972279,0
0.123008130222978,0.266410756267707,0
0.123080570250924,0.266472460870452,0
0.123153027052414,0.266534145775953,0
0.12322550062209,0.266595810979652,0
0.123297990954596,0.26665745647699,0
0.123370498044574,0.26671908226341,0
0.123443021886663,0.266780688334356,0
0.123515562475503,0.266842274685276,0
0.123588119805732,0.266903841311616,0
0.123660693871986,0.266965388208826,0
0.123733284668901,0.267026915372356,0
0.123805892191111,0.267088422797658,0
0.123878516433249,0.267149910480187,0
0.123951157389947,0.267211378415395,0
0.124023815055836,0.267272826598741,0
0.124096489425543,0.267334255025682,0
0.124169180493699,0.267395663691677,0
0.124241888254929,0.267457052592187,0
0.124314612703858,0.267518421722674,0
0.124387353835112,0.267579771078602,0
0.124460111643313,0.267641100655436,0
0.124532886123083,0.267702410448642,0
0.124605677269043,0.267763700453689,0
0.124678485075812,0.267824970666047,0
0.124751309538008,0.267886221081186,0
0.124824150650249,0.267947451694578,0
0.124897008407149,0.268008662501698,0
0.124969882803324,0.268069853498021,0
0.125042773833387,0.268131024679023,0
0.125115681491949,0.268192176040184,0
0.125188605773621,0.268253307576983,0
0.125261546673014,0.268314419284901,0
0.125334504184734,0.268375511159422,0
0.12540747830339,0.268436583196028,0
0.125480469023588,0.268497635390206,0
0.125553476339931,0.268558667737442,0
0.125626500247023,0.268619680233226,0
0.125699540739467,0.268680672873048,0
0.125772597811863,0.268741645652399,0
0.125845671458811,0.268802598566771,0
0.12591876167491,0.26886353161166,0
0.125991868454757,0.268924444782562,0
0.126064991792948,0.268985338074973,0
0.126138131684078,0.269046211484393,0
0.12621128812274,0.269107065006321,0
0.126284461103526,0.269167898636261,0
0.126357650621029,0.269228712369714,0
0.126430856669838,0.269289506202186,0
0.126504079244541,0.269350280129184,0
0.126577318339727,0.269411034146213,0
0.126650573949981,0.269471768248785,0
0.126723846069888,0.269532482432409,0
0.126797134694033,0.269593176692598,0
0.126870439816997,0.269653851024864,0
0.126943761433363,0.269714505424724,0
0.12701709953771,0.269775139887693,0
0.127090454124618,0.26983575440929,0
0.127163825188664,0.269896348985035,0
0.127237212724424,0.269956923610447,0
0.127310616726475,0.27001747828105,0
0.12738403718939,0.270078012992367,0
0.127457474107741,0.270138527739923,0
0.127530927476101,0.270199022519247,0
0.127604397289041,0.270259497325865,0
0.127677883541128,0.270319952155308,0
0.127751386226932,0.270380387003107,0
0.127824905341019,0.270440801864794,0
0.127898440877954,0.270501196735904,0
0.127971992832303,0.270561571611974,0
0.128045561198628,0.270621926488538,0
0.128119145971491,0.270682261361138,0
0.128192747145452,0.270742576225312,0
0.128266364715072,0.270802871076602,0
0.128339998674909,0.270863145910551,0
0.128413649019519,0.270923400722704,0
0.128487315743459,0.270983635508608,0
0.128560998841283,0.271043850263808,0
0.128634698307545,0.271104044983855,0
0.128708414136797,0.2711642196643,0
0.12878214632359,0.271224374300693,0
0.128855894862473,0.271284508888588,0
0.128929659747997,0.271344623423541,0
0.129003440974707,0.271404717901108,0
0.129077238537149,0.271464792316846,0
0.12915105242987,0.271524846666316,0
0.129224882647414,0.271584880945077,0
0.129298729184321,0.271644895148693,0
0.129372592035134,0.271704889272727,0
0.129446471194393,0.271764863312744,0
0.129520366656637,0.271824817264312,0
0.129594278416404,0.271884751122998,0
0.12966820646823,0.271944664884372,0
0.129742150806651,0.272004558544007,0
0.1298161114262,0.272064432097473,0
0.129890088321411,0.272124285540346,0
0.129964081486816,0.272184118868202,0
0.130038090916944,0.272243932076617,0
0.130112116606326,0.27230372516117,0
0.130186158549489,0.272363498117442,0
0.130260216740961,0.272423250941014,0
0.130334291175267,0.272482983627469,0
0.130408381846931,0.272542696172392,0
0.130482488750477,0.272602388571369,0
0.130556611880427,0.272662060819987,0
0.130630751231303,0.272721712913837,0
0.130704906797622,0.272781344848508,0
0.130779078573906,0.272840956619592,0
0.13085326655467,0.272900548222684,0
0.13092747073443,0.272960119653377,0
0.131001691107703,0.27301967090727,0
0.131075927669001,0.273079201979959,0
0.131150180412836,0.273138712867045,0
0.131224449333721,0.273198203564128,0
0.131298734426166,0.27325767406681,0
0.131373035684679,0.273317124370697,0
0.131447353103768,0.273376554471394,0
0.13152168667794,0.273435964364507,0
0.1315960364017,0.273495354045644,0
0.131670402269552,0.273554723510417,0
0.131744784276,0.273614072754436,0
0.131819182415544,0.273673401773315,0
0.131893596682687,0.273732710562668,0
0.131968027071926,0.273791999118111,0
0.132042473577761,0.273851267435261,0
0.132116936194688,0.273910515509738,0
0.132191414917204,0.273969743337162,0
0.132265909739802,0.274028950913154,0
0.132340420656976,0.274088138233339,0
0.132414947663219,0.274147305293341,0
0.132489490753022,0.274206452088787,0
0.132564049920874,0.274265578615305,0
0.132638625161265,0.274324684868523,0
0.132713216468681,0.274383770844074,0
0.132787823837609,0.27444283653759,0
0.132862447262534,0.274501881944704,0
0.13293708673794,0.274560907061052,0
0.133011742258311,0.274619911882271,0
0.133086413818126,0.274678896403999,0
0.133161101411868,0.274737860621877,0
0.133235805034015,0.274796804531545,0
0.133310524679044,0.274855728128648,0
0.133385260341434,0.274914631408828,0
0.133460012015659,0.274973514367733,0
0.133534779696195,0.275032377001009,0
0.133609563377513,0.275091219304306,0
0.133684363054087,0.275150041273274,0
0.133759178720388,0.275208842903565,0
0.133834010370884,0.275267624190832,0
0.133908858000046,0.275326385130731,0
0.133983721602339,0.275385125718918,0
0.13405860117223,0.27544384595105,0
0.134133496704185,0.275502545822789,0
0.134208408192666,0.275561225329793,0
0.134283335632138,0.275619884467727,0
0.13435827901706,0.275678523232253,0
0.134433238341894,0.275737141619038,0
0.134508213601099,0.275795739623748,0
0.134583204789132,0.275854317242053,0
0.134658211900451,0.275912874469621,0
0.13473323492951,0.275971411302125,0
0.134808273870765,0.276029927735237,0
0.134883328718668,0.276088423764633,0
0.134958399467672,0.276146899385988,0
0.135033486112228,0.276205354594979,0
0.135108588646784,0.276263789387287,0
0.135183707065791,0.276322203758591,0
0.135258841363694,0.276380597704573,0
0.135333991534941,0.276438971220917,0
0.135409157573976,0.276497324303309,0
0.135484339475243,0.276555656947435,0
0.135559537233185,0.276613969148983,0
0.135634750842244,0.276672260903642,0
0.135709980296859,0.276730532207104,0
0.135785225591469,0.276788783055062,0
0.135860486720514,0.27684701344321,0
0.135935763678429,0.276905223367242,0
0.13601105645965,0.276963412822858,0
0.136086365058611,0.277021581805755,0
0.136161689469747,0.277079730311633,0
0.136237029687489,0.277137858336195,0
0.136312385706268,0.277195965875143,0
0.136387757520514,0.277254052924182,0
0.136463145124656,0.27731211947902,0
0.13653854851312,0.277370165535362,0
0.136613967680334,0.27742819108892,0
0.136689402620721,0.277486196135403,0
0.136764853328708,0.277544180670524,0
0.136840319798715,0.277602144689997,0
0.136915802025166,0.277660088189537,0
0.136991300002479,0.277718011164861,0
0.137066813725075,0.277775913611688,0
0.137142343187372,0.277833795525738,0
0.137217888383786,0.277891656902731,0
0.137293449308734,0.277949497738391,0
0.13736902595663,0.278007318028443,0
0.137444618321887,0.278065117768612,0
0.137520226398919,0.278122896954626,0
0.137595850182135,0.278180655582214,0
0.137671489665947,0.278238393647106,0
0.137747144844763,0.278296111145035,0
0.13782281571299,0.278353808071735,0
0.137898502265036,0.27841148442294,0
0.137974204495305,0.278469140194387,0
0.138049922398201,0.278526775381814,0
0.138125655968129,0.278584389980961,0
0.138201405199489,0.278641983987569,0
0.138277170086682,0.278699557397382,0
0.138352950624109,0.278757110206142,0
0.138428746806167,0.278814642409596,0
0.138504558627253,0.278872154003492,0
0.138580386081765,0.278929644983577,0
0.138656229164096,0.278987115345603,0
0.13873208786864,0.279044565085321,0
0.13880796218979,0.279101994198485,0
0.138883852121939,0.279159402680849,0
0.138959757659475,0.279216790528171,0
0.139035678796788,0.279274157736207,0
0.139111615528266,0.279331504300718,0
0.139187567848297,0.279388830217465,0
0.139263535751265,0.27944613548221,0
0.139339519231555,0.279503420090717,0
0.139415518283551,0.279560684038752,0
0.139491532901636,0.279617927322081,0
0.139567563080189,0.279675149936475,0
0.139643608813591,0.279732351877702,0
0.139719670096221,0.279789533141535,0
0.139795746922457,0.279846693723746,0
0.139871839286674,0.279903833620111,0
0.13994794718325,0.279960952826406,0
0.140024070606556,0.280018051338408,0
0.140100209550968,0.280075129151898,0
0.140176364010856,0.280132186262656,0
0.140252533980591,0.280189222666463,0
0.140328719454544,0.280246238359106,0
0.140404920427082,0.280303233336368,0
0.140481136892573,0.280360207594036,0
0.140557368845383,0.280417161127901,0
0.140633616279877,0.28047409393375,0
0.140709879190419,0.280531006007377,0
0.140786157571372,0.280587897344574,0
0.140862451417097,0.280644767941136,0
0.140938760721955,0.280701617792859,0
0.141015085480305,0.28075844689554,0
0.141091425686506,0.28081525524498,0
0.141167781334914,0.280872042836979,0
0.141244152419886,0.280928809667339,0
0.141320538935775,0.280985555731864,0
0.141396940876936,0.28104228102636,0
0.141473358237722,0.281098985546634,0
0.141549791012483,0.281155669288493,0
0.14162623919557,0.281212332247748,0
0.141702702781331,0.281268974420211,0
0.141779181764115,0.281325595801695,0
0.141855676138269,0.281382196388014,0
0.141932185898138,0.281438776174985,0
0.142008711038067,0.281495335158424,0
0.142085251552399,0.281551873334152,0
0.142161807435476,0.28160839069799,0
0.142238378681639,0.281664887245759,0
0.142314965285229,0.281721362973283,0
0.142391567240584,0.281777817876388,0
0.142468184542042,0.281834251950901,0
0.14254481718394,0.281890665192651,0
0.142621465160612,0.281947057597466,0
0.142698128466394,0.282003429161179,0
0.142774807095618,0.282059779879623,0
0.142851501042616,0.282116109748633,0
0.14292821030172,0.282172418764044,0
0.143004934867259,0.282228706921695,0
0.143081674733561,0.282284974217425,0
0.143158429894955,0.282341220647074,0
0.143235200345766,0.282397446206485,0
0.14331198608032,0.282453650891502,0
0.143388787092941,0.28250983469797,0
0.143465603377952,0.282565997621736,0
0.143542434929675,0.282622139658648,0
0.14361928174243,0.282678260804558,0
0.143696143810538,0.282734361055316,0
0.143773021128316,0.282790440406775,0
0.143849913690082,0.282846498854791,0
0.143926821490152,0.282902536395219,0
0.144003744522841,0.282958553023917,0
0.144080682782463,0.283014548736745,0
0.144157636263332,0.283070523529564,0
0.144234604959758,0.283126477398235,0
0.144311588866053,0.283182410338623,0
0.144388587976525,0.283238322346594,0
0.144465602285484,0.283294213418014,0
0.144542631787236,0.283350083548752,0
0.144619676476087,0.283405932734678,0
0.144696736346343,0.283461760971664,0
0.144773811392307,0.283517568255584,0
0.144850901608282,0.283573354582311,0
0.14492800698857,0.283629119947723,0
0.145005127527471,0.283684864347698,0
0.145082263219284,0.283740587778113,0
0.145159414058308,0.283796290234852,0
0.14523658003884,0.283851971713796,0
0.145313761155176,0.283907632210829,0
0.14539095740161,0.283963271721838,0
0.145468168772438,0.284018890242709,0
0.14554539526195,0.284074487769331,0
0.145622636864439,0.284130064297594,0
0.145699893574195,0.28418561982339,0
0.145777165385507,0.284241154342613,0
0.145854452292664,0.284296667851158,0
0.145931754289953,0.284352160344921,0
0.146009071371659,0.2844076318198,0
0.146086403532068,0.284463082271695,0
0.146163750765463,0.284518511696507,0
0.146241113066126,0.284573920090139,0
0.14631849042834,0.284629307448495,0
0.146395882846385,0.284684673767481,0
0.146473290314539,0.284740019043004,0
0.146550712827082,0.284795343270973,0
0.14662815037829,0.2848506464473,0
0.146705602962439,0.284905928567895,0
0.146783070573804,0.284961189628673,0
0.146860553206658,0.285016429625548,0
0.146938050855275,0.285071648554438,0
0.147015563513925,0.285126846411261,0
0.147093091176879,0.285182023191936,0
0.147170633838407,0.285237178892385,0
0.147248191492776,0.285292313508531,0
0.147325764134254,0.285347427036299,0
0.147403351757106,0.285402519471614,0
0.147480954355598,0.285457590810405,0
0.147558571923993,0.2855126410486,0
0.147636204456553,0.28556767018213,0
0.14771385194754,0.285622678206928,0
0.147791514391216,0.285677665118928,0
0.147869191781838,0.285732630914064,0
0.147946884113666,0.285787575588274,0
0.148024591380955,0.285842499137497,0
0.148102313577963,0.285897401557672,0
0.148180050698944,0.285952282844742,0
0.148257802738152,0.286007142994649,0
0.14833556968984,0.286061982003339,0
0.148413351548259,0.286116799866757,0
0.148491148307659,0.286171596580852,0
0.148568959962291,0.286226372141574,0
0.148646786506401,0.286281126544872,0
0.148724627934239,0.286335859786701,0
0.148802484240049,0.286390571863014,0
0.148880355418076,0.286445262769767,0
0.148958241462565,0.286499932502917,0
0.149036142367759,0.286554581058423,0
0.149114058127898,0.286609208432246,0
0.149191988737224,0.286663814620347,0
0.149269934189975,0.286718399618691,0
0.149347894480391,0.286772963423242,0
0.149425869602709,0.286827506029967,0
0.149503859551165,0.286882027434834,0
0.149581864319994,0.286936527633814,0
0.149659883903429,0.286991006622877,0
0.149737918295705,0.287045464397998,0
0.149815967491052,0.287099900955149,0
0.149894031483702,0.287154316290308,0
0.149972110267883,0.287208710399452,0
0.150050203837826,0.28726308327856,0
0.150128312187756,0.287317434923613,0
0.1502064353119,0.287371765330594,0
0.150284573204485,0.287426074495487,0
0.150362725859733,0.287480362414276,0
0.150440893271868,0.28753462908295,0
0.150519075435112,0.287588874497497,0
0.150597272343685,0.287643098653907,0
0.150675483991808,0.287697301548172,0
0.1507537103737,0.287751483176286,0
0.150831951483577,0.287805643534243,0
0.150910207315656,0.28785978261804,0
0.150988477864154,0.287913900423675,0
0.151066763123284,0.287967996947147,0
0.151145063087259,0.288022072184459,0
0.151223377750292,0.288076126131613,0
0.151301707106593,0.288130158784612,0
0.151380051150374,0.288184170139465,0
0.151458409875842,0.288238160192177,0
0.151536783277206,0.288292128938758,0
0.151615171348672,0.288346076375218,0
0.151693574084446,0.288400002497571,0
0.151771991478733,0.288453907301829,0
0.151850423525735,0.288507790784009,0
0.151928870219656,0.288561652940127,0
0.152007331554697,0.288615493766202,0
0.152085807525059,0.288669313258254,0
0.152164298124939,0.288723111412304,0
0.152242803348537,0.288776888224377,0
0.152321323190049,0.288830643690497,0
0.152399857643671,0.28888437780669,0
0.152478406703599,0.288938090568985,0
0.152556970364025,0.288991781973411,0
0.152635548619143,0.289045452015999,0
0.152714141463145,0.289099100692783,0
0.15279274889022,0.289152727999796,0
0.152871370894558,0.289206333933075,0
0.152950007470348,0.289259918488656,0
0.153028658611777,0.28931348166258,0
0.153107324313031,0.289367023450887,0
0.153186004568295,0.289420543849618,0
0.153264699371754,0.289474042854819,0
0.15334340871759,0.289527520462534,0
0.153422132599985,0.28958097666881,0
0.15350087101312,0.289634411469697,0
0.153579623951175,0.289687824861243,0
0.153658391408329,0.289741216839502,0
0.153737173378759,0.289794587400526,0
0.153815969856642,0.28984793654037,0
0.153894780836153,0.28990126425509,0
0.153973606311467,0.289954570540746,0
0.154052446276757,0.290007855393396,0
0.154131300726195,0.290061118809102,0
0.154210169653953,0.290114360783926,0
0.1542890530542,0.290167581313934,0
0.154367950921106,0.29022078039519,0
0.154446863248839,0.290273958023763,0
0.154525790031565,0.290327114195722,0
0.15460473126345,0.290380248907138,0
0.15468368693866,0.290433362154083,0
0.154762657051358,0.290486453932631,0
0.154841641595706,0.290539524238857,0
0.154920640565867,0.290592573068838,0
0.154999653956,0.290645600418654,0
0.155078681760265,0.290698606284385,0
0.155157723972821,0.290751590662112,0
0.155236780587824,0.290804553547919,0
0.155315851599432,0.290857494937891,0
0.155394937001799,0.290910414828115,0
0.155474036789079,0.290963313214679,0
0.155553150955426,0.291016190093673,0
0.155632279494991,0.291069045461187,0
0.155711422401926,0.291121879313316,0
0.15579057967038,0.291174691646154,0
0.155869751294502,0.291227482455797,0
0.15594893726844,0.291280251738342,0
0.15602813758634,0.29133299948989,0
0.156107352242348,0.29138572570654,0
0.15618658123061,0.291438430384397,0
0.156265824545267,0.291491113519563,0
0.156345082180463,0.291543775108145,0
0.156424354130339,0.291596415146249,0
0.156503640389036,0.291649033629986,0
0.156582940950693,0.291701630555465,0
0.156662255809447,0.291754205918798,0
0.156741584959436,0.291806759716099,0
0.156820928394797,0.291859291943484,0
0.156900286109664,0.291911802597069,0
0.156979658098171,0.291964291672973,0
0.157059044354452,0.292016759167316,0
0.157138444872637,0.29206920507622,0
0.157217859646858,0.292121629395808,0
0.157297288671245,0.292174032122204,0
0.157376731939927,0.292226413251535,0
0.15745618944703,0.29227877277993,0
0.157535661186682,0.292331110703518,0
0.157615147153009,0.29238342701843,0
0.157694647340134,0.292435721720799,0
0.157774161742182,0.29248799480676,0
0.157853690353274,0.292540246272448,0
0.157933233167533,0.292592476114002,0
0.158012790179077,0.29264468432756,0
0.158092361382028,0.292696870909263,0
0.158171946770502,0.292749035855254,0
0.158251546338617,0.292801179161677,0
0.15833116008049,0.292853300824677,0
0.158410787990234,0.292905400840403,0
0.158490430061965,0.292957479205001,0
0.158570086289795,0.293009535914624,0
0.158649756667836,0.293061570965423,0
0.158729441190199,0.293113584353551,0
0.158809139850994,0.293165576075165,0
0.15888885264433,0.29321754612642,0
0.158968579564314,0.293269494503476,0
0.159048320605053,0.293321421202491,0
0.159128075760653,0.293373326219629,0
0.159207845025218,0.293425209551052,0
0.159287628392852,0.293477071192925,0
0.159367425857658,0.293528911141415,0
0.159447237413737,0.293580729392689,0
0.159527063055189,0.293632525942917,0
0.159606902776114,0.293684300788272,0
0.159686756570611,0.293736053924924,0
0.159766624432776,0.29378778534905,0
0.159846506356705,0.293839495056824,0
0.159926402336495,0.293891183044426,0
0.160006312366239,0.293942849308033,0
0.160086236440031,0.293994493843827,0
0.160166174551962,0.294046116647991,0
0.160246126696124,0.294097717716708,0
0.160326092866606,0.294149297046165,0
0.160406073057499,0.294200854632548,0
0.160486067262889,0.294252390472047,0
0.160566075476864,0.294303904560851,0
0.160646097693509,0.294355396895155,0
0.16072613390691,0.29440686747115,0
0.160806184111151,0.294458316285032,0
0.160886248300313,0.294509743332999,0
0.16096632646848,0.294561148611249,0
0.16104641860973,0.294612532115982,0
0.161126524718146,0.294663893843401,0
0.161206644787804,0.294715233789707,0
0.161286778812784,0.294766551951107,0
0.16136692678716,0.294817848323807,0
0.16144708870501,0.294869122904016,0
0.161527264560406,0.294920375687942,0
0.161607454347424,0.294971606671799,0
0.161687658060136,0.295022815851797,0
0.161767875692612,0.295074003224154,0
0.161848107238924,0.295125168785084,0
0.16192835269314,0.295176312530806,0
0.162008612049329,0.295227434457539,0
0.162088885301559,0.295278534561504,0
0.162169172443896,0.295329612838925,0
0.162249473470405,0.295380669286024,0
0.16232978837515,0.29543170389903,0
0.162410117152195,0.295482716674168,0
0.162490459795602,0.295533707607669,0
0.162570816299431,0.295584676695762,0
0.162651186657744,0.295635623934682,0
0.1627315708646,0.295686549320661,0
0.162811968914055,0.295737452849935,0
0.162892380800169,0.295788334518741,0
0.162972806516996,0.295839194323319,0
0.163053246058591,0.29589003225991,0
0.163133699419009,0.295940848324754,0
0.163214166592303,0.295991642514096,0
0.163294647572525,0.296042414824181,0
0.163375142353726,0.296093165251256,0
0.163455650929955,0.296143893791571,0
0.163536173295261,0.296194600441374,0
0.163616709443693,0.296245285196918,0
0.163697259369298,0.296295948054457,0
0.16377782306612,0.296346589010244,0
0.163858400528206,0.296397208060538,0
0.163938991749598,0.296447805201597,0
0.164019596724341,0.29649838042968,0
0.164100215446475,0.296548933741049,0
0.164180847910041,0.296599465131966,0
0.164261494109079,0.296649974598698,0
0.164342154037628,0.29670046213751,0
0.164422827689726,0.296750927744671,0
0.164503515059409,0.296801371416449,0
0.164584216140713,0.296851793149117,0
0.164664930927672,0.296902192938947,0
0.164745659414322,0.296952570782213,0
0.164826401594693,0.297002926675193,0
0.164907157462817,0.297053260614163,0
0.164987927012727,0.297103572595403,0
0.16506871023845,0.297153862615194,0
0.165149507134016,0.297204130669819,0
0.165230317693452,0.297254376755561,0
0.165311141910785,0.297304600868708,0
0.16539197978004,0.297354803005546,0
0.165472831295243,0.297404983162364,0
0.165553696450416,0.297455141335454,0
0.165634575239582,0.297505277521107,0
0.165715467656763,0.297555391715617,0
0.16579637369598,0.297605483915281,0
0.165877293351251,0.297655554116396,0
0.165958226616595,0.29770560231526,0
0.166039173486031,0.297755628508173,0
0.166120133953574,0.297805632691439,0
0.16620110801324,0.297855614861361,0
0.166282095659043,0.297905575014243,0
0.166363096884997,0.297955513146394,0
0.166444111685115,0.298005429254122,0
0.166525140053408,0.298055323333737,0
0.166606181983887,0.298105195381551,0
0.16668723747056,0.298155045393878,0
0.166768306507437,0.298204873367032,0
0.166849389088525,0.298254679297331,0
0.166930485207831,0.298304463181092,0
0.16701159485936,0.298354225014637,0
0.167092718037116,0.298403964794287,0
0.167173854735103,0.298453682516364,0
0.167255004947324,0.298503378177195,0
0.16733616866778,0.298553051773105,0
0.167417345890471,0.298602703300422,0
0.167498536609397,0.298652332755477,0
0.167579740818557,0.298701940134602,0
0.167660958511948,0.298751525434128,0
0.167742189683566,0.298801088650391,0
0.167823434327408,0.298850629779727,0
0.167904692437467,0.298900148818475,0
0.167985964007737,0.298949645762973,0
0.168067249032211,0.298999120609564,0
0.16814854750488,0.299048573354589,0
0.168229859419734,0.299098003994394,0
0.168311184770764,0.299147412525324,0
0.168392523551958,0.299196798943728,0
0.168473875757303,0.299246163245955,0
0.168555241380786,0.299295505428356,0
0.168636620416392,0.299344825487283,0
0.168718012858107,0.299394123419092,0
0.168799418699913,0.299443399220137,0
0.168880837935793,0.299492652886777,0
0.16896227055973,0.299541884415371,0
0.169043716565703,0.299591093802279,0
0.169125175947691,0.299640281043865,0
0.169206648699675,0.299689446136492,0
0.169288134815632,0.299738589076526,0
0.169369634289537,0.299787709860335,0
0.169451147115367,0.299836808484287,0
0.169532673287097,0.299885884944754,0
0.1696142127987,0.299934939238108,0
0.169695765644149,0.299983971360722,0
0.169777331817415,0.300032981308972,0
0.16985891131247,0.300081969079236,0
0.169940504123283,0.300130934667892,0
0.170022110243823,0.300179878071322,0
0.170103729668058,0.300228799285906,0
0.170185362389955,0.30027769830803,0
0.170267008403478,0.300326575134077,0
0.170348667702594,0.300375429760437,0
0.170430340281266,0.300424262183497,0
0.170512026133458,0.300473072399647,0
0.17059372525313,0.30052186040528,0
0.170675437634244,0.300570626196789,0
0.17075716327076,0.30061936977057,0
0.170838902156636,0.30066809112302,0
0.170920654285831,0.300716790250537,0
0.171002419652302,0.300765467149521,0
0.171084198250005,0.300814121816374,0
0.171165990072894,0.3008627542475,0
0.171247795114925,0.300911364439305,0
0.171329613370049,0.300959952388194,0
0.171411444832219,0.301008518090576,0
0.171493289495387,0.301057061542862,0
0.171575147353502,0.301105582741462,0
0.171657018400514,0.301154081682791,0
0.17173890263037,0.301202558363264,0
0.171820800037019,0.301251012779297,0
0.171902710614406,0.301299444927308,0
0.171984634356477,0.301347854803718,0
0.172066571257175,0.301396242404948,0
0.172148521310445,0.301444607727421,0
0.172230484510228,0.301492950767562,0
0.172312460850467,0.301541271521799,0
0.1723944503251,0.301589569986558,0
0.172476452928069,0.30163784615827,0
0.172558468653312,0.301686100033366,0
0.172640497494765,0.30173433160828,0
0.172722539446366,0.301782540879446,0
0.17280459450205,0.301830727843301,0
0.172886662655751,0.301878892496283,0
0.172968743901404,0.301927034834831,0
0.173050838232941,0.301975154855387,0
0.173132945644294,0.302023252554395,0
0.173215066129393,0.302071327928298,0
0.173297199682169,0.302119380973543,0
0.173379346296549,0.302167411686578,0
0.173461505966463,0.302215420063852,0
0.173543678685836,0.302263406101818,0
0.173625864448595,0.302311369796927,0
0.173708063248665,0.302359311145636,0
0.173790275079969,0.302407230144398,0
0.173872499936431,0.302455126789674,0
0.173954737811973,0.302503001077921,0
0.174036988700516,0.302550853005602,0
0.174119252595979,0.30259868256918,0
0.174201529492283,0.302646489765118,0
0.174283819383345,0.302694274589883,0
0.174366122263083,0.302742037039942,0
0.174448438125413,0.302789777111766,0
0.17453076696425,0.302837494801825,0
0.174613108773509,0.302885190106593,0
0.174695463547102,0.302932863022543,0
0.174777831278943,0.302980513546151,0
0.174860211962944,0.303028141673896,0
0.174942605593014,0.303075747402257,0
0.175025012163063,0.303123330727715,0
0.175107431666999,0.303170891646752,0
0.175189864098731,0.303218430155853,0
0.175272309452166,0.303265946251504,0
0.175354767721208,0.303313439930193,0
0.175437238899763,0.303360911188409,0
0.175519722981735,0.303408360022642,0
0.175602219961026,0.303455786429387,0
0.175684729831538,0.303503190405136,0
0.175767252587174,0.303550571946386,0
0.175849788221831,0.303597931049635,0
0.17593233672941,0.303645267711382,0
0.176014898103809,0.303692581928127,0
0.176097472338925,0.303739873696373,0
0.176180059428654,0.303787143012626,0
0.176262659366891,0.30383438987339,0
0.176345272147531,0.303881614275173,0
0.176427897764467,0.303928816214484,0
0.176510536211592,0.303975995687835,0
0.176593187482797,0.304023152691737,0
0.176675851571972,0.304070287222706,0
0.176758528473008,0.304117399277257,0
0.176841218179792,0.304164488851907,0
0.176923920686213,0.304211555943176,0
0.177006635986158,0.304258600547584,0
0.177089364073511,0.304305622661655,0
0.177172104942159,0.304352622281912,0
0.177254858585985,0.304399599404881,0
0.177337624998871,0.304446554027089,0
0.1774204041747,0.304493486145067,0
0.177503196107353,0.304540395755344,0
0.177586000790711,0.304587282854454,0
0.177668818218651,0.30463414743893,0
0.177751648385054,0.304680989505308,0
0.177834491283795,0.304727809050127,0
0.177917346908752,0.304774606069924,0
0.178000215253799,0.304821380561241,0
0.178083096312812,0.30486813252062,0
0.178165990079663,0.304914861944605,0
0.178248896548226,0.304961568829743,0
0.178331815712372,0.305008253172581,0
0.178414747565972,0.305054914969667,0
0.178497692102896,0.305101554217554,0
0.178580649317011,0.305148170912792,0
0.178663619202188,0.305194765051937,0
0.178746601752291,0.305241336631544,0
0.178829596961189,0.305287885648171,0
0.178912604822745,0.305334412098377,0
0.178995625330823,0.305380915978723,0
0.179078658479288,0.305427397285771,0
0.179161704262001,0.305473856016085,0
0.179244762672824,0.305520292166232,0
0.179327833705617,0.305566705732778,0
0.179410917354239,0.305613096712294,0
0.17949401361255,0.305659465101349,0
0.179577122474407,0.305705810896516,0
0.179660243933666,0.305752134094371,0
0.179743377984184,0.305798434691487,0
0.179826524619815,0.305844712684443,0
0.179909683834414,0.305890968069819,0
0.179992855621832,0.305937200844194,0
0.180076039975923,0.305983411004152,0
0.180159236890537,0.306029598546277,0
0.180242446359525,0.306075763467154,0
0.180325668376736,0.306121905763372,0
0.180408902936018,0.306168025431518,0
0.180492150031218,0.306214122468186,0
0.180575409656184,0.306260196869966,0
0.180658681804761,0.306306248633453,0
0.180741966470793,0.306352277755243,0
0.180825263648124,0.306398284231934,0
0.180908573330597,0.306444268060125,0
0.180991895512054,0.306490229236417,0
0.181075230186335,0.306536167757412,0
0.181158577347281,0.306582083619715,0
0.181241936988732,0.306627976819932,0
0.181325309104524,0.30667384735467,0
0.181408693688495,0.306719695220539,0
0.181492090734483,0.30676552041415,0
0.181575500236321,0.306811322932115,0
0.181658922187845,0.306857102771049,0
0.181742356582888,0.306902859927567,0
0.181825803415282,0.306948594398288,0
0.181909262678861,0.306994306179831,0
0.181992734367453,0.307039995268816,0
0.18207621847489,0.307085661661868,0
0.182159714995,0.307131305355609,0
0.182243223921611,0.307176926346667,0
0.182326745248551,0.307222524631668,0
0.182410278969646,0.307268100207242,0
0.18249382507872,0.307313653070022,0
0.182577383569599,0.307359183216638,0
0.182660954436106,0.307404690643726,0
0.182744537672063,0.307450175347922,0
0.182828133271292,0.307495637325864,0
0.182911741227614,0.30754107657419,0
0.182995361534848,0.307586493089544,0
0.183078994186814,0.307631886868566,0
0.18316263917733,0.307677257907903,0
0.183246296500212,0.3077226062042,0
0.183329966149278,0.307767931754104,0
0.183413648118341,0.307813234554267,0
0.183497342401216,0.307858514601338,0
0.183581048991718,0.307903771891971,0
0.183664767883658,0.307949006422821,0
0.183748499070848,0.307994218190543,0
0.183832242547098,0.308039407191797,0
0.18391599830622,0.308084573423241,0
0.18399976634202,0.308129716881537,0
0.184083546648309,0.308174837563348,0
0.184167339218891,0.308219935465339,0
0.184251144047575,0.308265010584176,0
0.184334961128164,0.308310062916527,0
0.184418790454464,0.308355092459063,0
0.184502632020278,0.308400099208454,0
0.184586485819408,0.308445083161374,0
0.184670351845656,0.308490044314498,0
0.184754230092823,0.308534982664501,0
0.184838120554708,0.308579898208064,0
0.184922023225111,0.308624790941864,0
0.18500593809783,0.308669660862584,0
0.185089865166661,0.308714507966908,0
0.185173804425402,0.30875933225152,0
0.185257755867847,0.308804133713106,0
0.18534171948779,0.308848912348356,0
0.185425695279026,0.308893668153959,0
0.185509683235346,0.308938401126606,0
0.185593683350544,0.308983111262992,0
0.185677695618409,0.309027798559812,0
0.185761720032731,0.309072463013762,0
0.1858457565873,0.30911710462154,0
0.185929805275904,0.309161723379847,0
0.186013866092329,0.309206319285385,0
0.186097939030363,0.309250892334857,0
0.18618202408379,0.309295442524968,0
0.186266121246396,0.309339969852426,0
0.186350230511963,0.309384474313939,0
0.186434351874275,0.309428955906217,0
0.186518485327114,0.309473414625972,0
0.18660263086426,0.309517850469918,0
0.186686788479494,0.309562263434771,0
0.186770958166595,0.309606653517247,0
0.186855139919341,0.309651020714065,0
0.186939333731509,0.309695365021945,0
0.187023539596876,0.30973968643761,0
0.187107757509219,0.309783984957784,0
0.18719198746231,0.309828260579192,0
0.187276229449925,0.309872513298561,0
0.187360483465836,0.30991674311262,0
0.187444749503816,0.309960950018099,0
0.187529027557634,0.310005134011732,0
0.187613317621063,0.310049295090252,0
0.187697619687871,0.310093433250395,0
0.187781933751827,0.310137548488897,0
0.187866259806697,0.310181640802499,0
0.18795059784625,0.310225710187941,0
0.188034947864251,0.310269756641965,0
0.188119309854465,0.310313780161316,0
0.188203683810656,0.310357780742738,0
0.188288069726587,0.310401758382981,0
0.18837246759602,0.310445713078793,0
0.188456877412718,0.310489644826925,0
0.18854129917044,0.31053355362413,0
0.188625732862946,0.310577439467162,0
0.188710178483995,0.310621302352777,0
0.188794636027345,0.310665142277733,0
0.188879105486753,0.310708959238788,0
0.188963586855975,0.310752753232706,0
0.189048080128766,0.310796524256247,0
0.189132585298881,0.310840272306177,0
0.189217102360073,0.310883997379262,0
0.189301631306095,0.310927699472269,0
0.189386172130699,0.31097137858197,0
0.189470724827635,0.311015034705133,0
0.189555289390654,0.311058667838533,0
0.189639865813504,0.311102277978945,0
0.189724454089934,0.311145865123145,0
0.189809054213691,0.31118942926791,0
0.189893666178521,0.311232970410021,0
0.189978289978171,0.31127648854626,0
0.190062925606385,0.311319983673408,0
0.190147573056907,0.311363455788252,0
0.190232232323479,0.311406904887578,0
0.190316903399845,0.311450330968175,0
0.190401586279745,0.311493734026831,0
0.190486280956919,0.311537114060339,0
0.190570987425107,0.311580471065493,0
0.190655705678048,0.311623805039087,0
0.19074043570948,0.311667115977919,0
0.190825177513138,0.311710403878786,0
0.19090993108276,0.31175366873849,0
0.190994696412081,0.311796910553831,0
0.191079473494834,0.311840129321614,0
0.191164262324754,0.311883325038644,0
0.191249062895572,0.311926497701728,0
0.191333875201021,0.311969647307674,0
0.19141869923483,0.312012773853294,0
0.191503534990731,0.312055877335399,0
0.191588382462452,0.312098957750803,0
0.191673241643721,0.312142015096322,0
0.191758112528267,0.312185049368773,0
0.191842995109814,0.312228060564975,0
0.191927889382089,0.312271048681748,0
0.192012795338816,0.312314013715916,0
0.19209771297372,0.312356955664302,0
0.192182642280524,0.312399874523731,0
0.192267583252949,0.312442770291032,0
0.192352535884717,0.312485642963034,0
0.192437500169548,0.312528492536567,0
0.192522476101162,0.312571319008464,0
0.192607463673278,0.31261412237556,0
0.192692462879613,0.31265690263469,0
0.192777473713884,0.312699659782692,0
0.192862496169808,0.312742393816407,0
0.1929475302411,0.312785104732674,0
0.193032575921474,0.312827792528337,0
0.193117633204644,0.31287045720024,0
0.193202702084322,0.31291309874523,0
0.193287782554221,0.312955717160155,0
0.19337287460805,0.312998312441864,0
0.193457978239522,0.313040884587208,0
0.193543093442343,0.313083433593042,0
0.193628220210224,0.313125959456219,0
0.193713358536872,0.313168462173597,0
0.193798508415993,0.313210941742033,0
0.193883669841293,0.313253398158388,0
0.193968842806478,0.313295831419523,0
0.19405402730525,0.313338241522302,0
0.194139223331315,0.313380628463589,0
0.194224430878373,0.313422992240252,0
0.194309649940127,0.313465332849159,0
0.194394880510277,0.313507650287181,0
0.194480122582524,0.313549944551188,0
0.194565376150566,0.313592215638056,0
0.194650641208101,0.313634463544659,0
0.194735917748827,0.313676688267874,0
0.194821205766441,0.313718889804581,0
0.194906505254637,0.313761068151659,0
0.194991816207111,0.313803223305992,0
0.195077138617557,0.313845355264462,0
0.195162472479668,0.313887464023956,0
0.195247817787135,0.313929549581361,0
0.195333174533651,0.313971611933566,0
0.195418542712906,0.314013651077463,0
0.19550392231859,0.314055667009942,0
0.195589313344391,0.3140976597279,0
0.195674715783998,0.314139629228231,0
0.195760129631098,0.314181575507833,0
0.195845554879377,0.314223498563606,0
0.19593099152252,0.314265398392451,0
0.196016439554213,0.314307274991271,0
0.196101898968138,0.31434912835697,0
0.19618736975798,0.314390958486455,0
0.196272851917419,0.314432765376632,0
0.196358345440139,0.314474549024414,0
0.196443850319818,0.314516309426709,0
0.196529366550137,0.314558046580433,0
0.196614894124774,0.314599760482499,0
0.196700433037406,0.314641451129824,0
0.196785983281713,0.314683118519326,0
0.196871544851369,0.314724762647927,0
0.19695711774005,0.314766383512546,0
0.19704270194143,0.314807981110108,0
0.197128297449184,0.314849555437537,0
0.197213904256984,0.314891106491762,0
0.197299522358502,0.314932634269709,0
0.19738515174741,0.31497413876831,0
0.197470792417377,0.315015619984497,0
0.197556444362074,0.315057077915204,0
0.19764210757517,0.315098512557365,0
0.197727782050331,0.315139923907918,0
0.197813467781226,0.315181311963803,0
0.19789916476152,0.315222676721959,0
0.197984872984879,0.315264018179329,0
0.198070592444967,0.315305336332858,0
0.198156323135448,0.315346631179491,0
0.198242065049986,0.315387902716175,0
0.198327818182242,0.31542915093986,0
0.198413582525877,0.315470375847497,0
0.198499358074552,0.315511577436038,0
0.198585144821926,0.315552755702439,0
0.198670942761659,0.315593910643654,0
0.198756751887408,0.315635042256643,0
0.19884257219283,0.315676150538365,0
0.198928403671582,0.31571723548578,0
0.199014246317319,0.315758297095853,0
0.199100100123695,0.315799335365547,0
0.199185965084365,0.31584035029183,0
0.199271841192982,0.315881341871669,0
0.199357728443197,0.315922310102035,0
0.199443626828662,0.315963254979899,0
0.199529536343028,0.316004176502235,0
0.199615456979944,0.316045074666018,0
0.199701388733059,0.316085949468224,0
0.199787331596021,0.316126800905833,0
0.199873285562478,0.316167628975824,0
0.199959250626075,0.31620843367518,0
0.200045226780459,0.316249215000885,0
0.200131214019274,0.316289972949923,0
0.200217212336164,0.316330707519283,0
0.200303221724772,0.316371418705953,0
0.200389242178741,0.316412106506923,0
0.200475273691712,0.316452770919187,0
0.200561316257326,0.316493411939739,0
0.200647369869222,0.316534029565573,0
0.20073343452104,0.316574623793689,0
0.200819510206418,0.316615194621084,0
0.200905596918993,0.316655742044761,0
0.200991694652402,0.316696266061722,0
0.201077803400281,0.316736766668972,0
0.201163923156265,0.316777243863516,0
0.201250053913987,0.316817697642364,0
0.201336195667081,0.316858128002524,0
0.20142234840918,0.316898534941008,0
0.201508512133916,0.316938918454829,0
0.201594686834919,0.316979278541002,0
0.201680872505819,0.317019615196544,0
0.201767069140246,0.317059928418473,0
0.201853276731828,0.31710021820381,0
0.201939495274193,0.317140484549575,0
0.202025724760968,0.317180727452793,0
0.202111965185778,0.317220946910489,0
0.20219821654225,0.31726114291969,0
0.202284478824006,0.317301315477425,0
0.202370752024672,0.317341464580724,0
0.20245703613787,0.31738159022662,0
0.202543331157221,0.317421692412146,0
0.202629637076348,0.317461771134338,0
0.20271595388887,0.317501826390234,0
0.202802281588407,0.317541858176873,0
0.202888620168578,0.317581866491295,0
0.202974969623,0.317621851330544,0
0.203061329945292,0.317661812691664,0
0.203147701129069,0.3177017505717,0
0.203234083167947,0.317741664967701,0
0.20332047605554,0.317781555876717,0
0.203406879785464,0.317821423295798,0
0.20349329435133,0.317861267221997,0
0.203579719746751,0.31790108765237,0
0.203666155965339,0.317940884583974,0
0.203752603000705,0.317980658013865,0
0.203839060846458,0.318020407939105,0
0.203925529496208,0.318060134356755,0
0.204012008943563,0.318099837263878,0
0.20409849918213,0.31813951665754,0
0.204185000205517,0.318179172534808,0
0.204271512007329,0.31821880489275,0
0.204358034581172,0.318258413728437,0
0.20444456792065,0.318297999038941,0
0.204531112019366,0.318337560821336,0
0.204617666870923,0.318377099072697,0
0.204704232468924,0.318416613790103,0
0.204790808806969,0.318456104970631,0
0.204877395878659,0.318495572611364,0
0.204963993677593,0.318535016709383,0
0.205050602197371,0.318574437261773,0
0.205137221431591,0.31861383426562,0
0.205223851373848,0.318653207718012,0
0.205310492017741,0.318692557616038,0
0.205397143356864,0.31873188395679,0
0.205483805384814,0.318771186737361,0
0.205570478095182,0.318810465954846,0
0.205657161481564,0.31884972160634,0
0.205743855537551,0.318888953688943,0
0.205830560256735,0.318928162199755,0
0.205917275632707,0.318967347135876,0
0.206004001659057,0.319006508494412,0
0.206090738329375,0.319045646272466,0
0.206177485637249,0.319084760467146,0
0.206264243576266,0.319123851075561,0
0.206351012140015,0.319162918094822,0
0.20643779132208,0.319201961522039,0
0.206524581116048,0.319240981354328,0
0.206611381515503,0.319279977588804,0
0.206698192514029,0.319318950222585,0
0.206785014105209,0.319357899252789,0
0.206871846282624,0.319396824676538,0
0.206958689039858,0.319435726490955,0
0.20704554237049,0.319474604693163,0
0.207132406268101,0.319513459280289,0
0.207219280726269,0.319552290249461,0
0.207306165738573,0.319591097597809,0
0.20739306129859,0.319629881322464,0
0.207479967399898,0.319668641420559,0
0.207566884036072,0.319707377889229,0
0.207653811200688,0.319746090725611,0
0.20774074888732,0.319784779926843,0
0.207827697089541,0.319823445490065,0
0.207914655800925,0.31986208741242,0
0.208001625015044,0.31990070569105,0
0.208088604725469,0.319939300323102,0
0.208175594925771,0.319977871305722,0
0.20826259560952,0.320016418636059,0
0.208349606770284,0.320054942311264,0
0.208436628401632,0.32009344232849,0
0.208523660497131,0.32013191868489,0
0.208610703050349,0.32017037137762,0
0.20869775605485,0.320208800403839,0
0.208784819504201,0.320247205760704,0
0.208871893391966,0.320285587445379,0
0.208958977711707,0.320323945455024,0
0.209046072456989,0.320362279786806,0
0.209133177621373,0.32040059043789,0
0.209220293198421,0.320438877405444,0
0.209307419181692,0.320477140686639,0
0.209394555564748,0.320515380278646,0
0.209481702341146,0.320553596178639,0
0.209568859504445,0.320591788383791,0
0.209656027048203,0.320629956891282,0
0.209743204965976,0.320668101698289,0
0.209830393251321,0.320706222801992,0
0.209917591897792,0.320744320199573,0
0.210004800898943,0.320782393888217,0
0.210092020248329,0.32082044386511,0
0.210179249939503,0.320858470127438,0
0.210266489966016,0.320896472672391,0
0.210353740321419,0.320934451497159,0
0.210441000999264,0.320972406598936,0
0.2105282719931,0.321010337974915,0
0.210615553296477,0.321048245622294,0
0.210702844902942,0.321086129538269,0
0.210790146806042,0.321123989720041,0
0.210877458999326,0.32116182616481,0
0.210964781476339,0.321199638869781,0
0.211052114230626,0.321237427832158,0
0.211139457255731,0.321275193049148,0
0.211226810545199,0.321312934517959,0
0.211314174092572,0.321350652235801,0
0.211401547891393,0.321388346199887,0
0.211488931935202,0.321426016407429,0
0.211576326217542,0.321463662855645,0
0.211663730731951,0.32150128554175,0
0.211751145471969,0.321538884462964,0
0.211838570431134,0.321576459616507,0
0.211926005602984,0.321614010999603,0
0.212013450981056,0.321651538609475,0
0.212100906558886,0.321689042443349,0
0.212188372330009,0.321726522498453,0
0.212275848287961,0.321763978772017,0
0.212363334426275,0.321801411261272,0
0.212450830738483,0.321838819963451,0
0.21253833721812,0.321876204875789,0
0.212625853858715,0.321913565995521,0
0.212713380653801,0.321950903319888,0
0.212800917596907,0.321988216846128,0
0.212888464681563,0.322025506571484,0
0.212976021901297,0.322062772493199,0
0.213063589249638,0.322100014608519,0
0.213151166720111,0.32213723291469,0
0.213238754306245,0.322174427408962,0
0.213326352001564,0.322211598088585,0
0.213413959799593,0.322248744950811,0
0.213501577693857,0.322285867992895,0
0.213589205677879,0.322322967212093,0
0.213676843745182,0.322360042605662,0
0.213764491889287,0.322397094170862,0
0.213852150103716,0.322434121904954,0
0.213939818381989,0.322471125805201,0
0.214027496717626,0.322508105868868,0
0.214115185104146,0.32254506209322,0
0.214202883535066,0.322581994475527,0
0.214290592003906,0.322618903013059,0
0.21437831050418,0.322655787703087,0
0.214466039029406,0.322692648542884,0
0.214553777573098,0.322729485529727,0
0.214641526128771,0.322766298660891,0
0.214729284689938,0.322803087933657,0
0.214817053250114,0.322839853345304,0
0.214904831802809,0.322876594893115,0
0.214992620341536,0.322913312574374,0
0.215080418859805,0.322950006386367,0
0.215168227351127,0.322986676326381,0
0.21525604580901,0.323023322391707,0
0.215343874226964,0.323059944579634,0
0.215431712598496,0.323096542887457,0
0.215519560917113,0.323133117312469,0
0.215607419176322,0.323169667851968,0
0.215695287369628,0.323206194503251,0
0.215783165490536,0.323242697263618,0
0.215871053532551,0.323279176130372,0
0.215958951489176,0.323315631100816,0
0.216046859353913,0.323352062172255,0
0.216134777120265,0.323388469341996,0
0.216222704781733,0.323424852607348,0
0.216310642331817,0.323461211965621,0
0.216398589764017,0.323497547414129,0
0.216486547071832,0.323533858950185,0
0.216574514248761,0.323570146571104,0
0.216662491288301,0.323606410274206,0
0.216750478183949,0.323642650056808,0
0.216838474929201,0.323678865916233,0
0.216926481517552,0.323715057849804,0
0.217014497942498,0.323751225854844,0
0.217102524197532,0.323787369928681,0
0.217190560276148,0.323823490068643,0
0.217278606171837,0.32385958627206,0
0.217366661878092,0.323895658536263,0
0.217454727388404,0.323931706858587,0
0.217542802696263,0.323967731236367,0
0.217630887795158,0.324003731666939,0
0.217718982678579,0.324039708147644,0
0.217807087340014,0.32407566067582,0
0.21789520177295,0.324111589248812,0
0.217983325970874,0.324147493863962,0
0.218071459927272,0.324183374518618,0
0.218159603635629,0.324219231210127,0
0.218247757089429,0.324255063935837,0
0.218335920282157,0.324290872693102,0
0.218424093207296,0.324326657479273,0
0.218512275858328,0.324362418291706,0
0.218600468228734,0.324398155127757,0
0.218688670311997,0.324433867984784,0
0.218776882101595,0.324469556860149,0
0.218865103591008,0.324505221751211,0
0.218953334773715,0.324540862655337,0
0.219041575643195,0.32457647956989,0
0.219129826192925,0.324612072492238,0
0.219218086416381,0.32464764141975,0
0.219306356307039,0.324683186349797,0
0.219394635858374,0.324718707279752,0
0.219482925063862,0.324754204206989,0
0.219571223916975,0.324789677128883,0
0.219659532411187,0.324825126042813,0
0.21974785053997,0.324860550946159,0
0.219836178296796,0.324895951836302,0
0.219924515675136,0.324931328710625,0
0.22001286266846,0.324966681566513,0
0.220101219270238,0.325002010401353,0
0.220189585473938,0.325037315212534,0
0.220277961273029,0.325072595997445,0
0.220366346660977,0.325107852753479,0
0.22045474163125,0.32514308547803,0
0.220543146177313,0.325178294168494,0
0.220631560292633,0.325213478822267,0
0.220719983970672,0.32524863943675,0
0.220808417204896,0.325283776009342,0
0.220896859988767,0.325318888537447,0
0.220985312315748,0.32535397701847,0
0.221073774179301,0.325389041449816,0
0.221162245572886,0.325424081828894,0
0.221250726489965,0.325459098153114,0
0.221339216923995,0.325494090419886,0
0.221427716868437,0.325529058626626,0
0.221516226316749,0.325564002770747,0
0.221604745262388,0.325598922849668,0
0.221693273698811,0.325633818860805,0
0.221781811619474,0.325668690801581,0
0.221870359017833,0.325703538669418,0
0.221958915887342,0.325738362461739,0
0.222047482221455,0.325773162175971,0
0.222136058013626,0.32580793780954,0
0.222224643257307,0.325842689359877,0
0.22231323794595,0.325877416824413,0
0.222401842073006,0.325912120200581,0
0.222490455631926,0.325946799485815,0
0.22257907861616,0.325981454677553,0
0.222667711019156,0.326016085773231,0
0.222756352834364,0.326050692770292,0
0.222845004055231,0.326085275666176,0
0.222933664675203,0.326119834458326,0
0.223022334687728,0.32615436914419,0
0.223111014086251,0.326188879721214,0
0.223199702864216,0.326223366186846,0
0.223288401015069,0.326257828538538,0
0.223377108532252,0.326292266773742,0
0.223465825409209,0.326326680889913,0
0.223554551639382,0.326361070884507,0
0.223643287216212,0.326395436754982,0
0.22373203213314,0.326429778498797,0
0.223820786383607,0.326464096113414,0
0.22390954996105,0.326498389596297,0
0.223998322858911,0.32653265894491,0
0.224087105070625,0.32656690415672,0
0.224175896589631,0.326601125229196,0
0.224264697409366,0.326635322159808,0
0.224353507523265,0.326669494946029,0
0.224442326924764,0.326703643585333,0
0.224531155607296,0.326737768075194,0
0.224619993564297,0.326771868413092,0
0.2247088407892,0.326805944596505,0
0.224797697275436,0.326839996622914,0
0.224886563016438,0.326874024489803,0
0.224975438005637,0.326908028194656,0
0.225064322236464,0.326942007734959,0
0.225153215702347,0.326975963108201,0
0.225242118396718,0.327009894311872,0
0.225331030313003,0.327043801343463,0
0.225419951444631,0.327077684200469,0
0.225508881785028,0.327111542880385,0
0.225597821327622,0.327145377380708,0
0.225686770065837,0.327179187698937,0
0.225775727993099,0.327212973832572,0
0.225864695102833,0.327246735779117,0
0.225953671388461,0.327280473536076,0
0.226042656843408,0.327314187100955,0
0.226131651461094,0.327347876471261,0
0.226220655234943,0.327381541644506,0
0.226309668158374,0.327415182618199,0
0.226398690224809,0.327448799389855,0
0.226487721427666,0.327482391956988,0
0.226576761760365,0.327515960317115,0
0.226665811216324,0.327549504467756,0
0.226754869788961,0.327583024406431,0
0.226843937471693,0.327616520130661,0
0.226933014257935,0.327649991637971,0
0.227022100141103,0.327683438925887,0
0.227111195114613,0.327716861991936,0
0.227200299171879,0.327750260833647,0
0.227289412306313,0.327783635448553,0
0.22737853451133,0.327816985834186,0
0.22746766578034,0.32785031198808,0
0.227556806106757,0.327883613907773,0
0.22764595548399,0.327916891590803,0
0.22773511390545,0.327950145034709,0
0.227824281364546,0.327983374237034,0
0.227913457854687,0.328016579195322,0
0.228002643369282,0.328049759907118,0
0.228091837901738,0.328082916369969,0
0.228181041445462,0.328116048581425,0
0.22827025399386,0.328149156539036,0
0.228359475540338,0.328182240240355,0
0.2284487060783,0.328215299682937,0
0.22853794560115,0.328248334864339,0
0.228627194102293,0.328281345782117,0
0.228716451575132,0.328314332433832,0
0.228805718013067,0.328347294817046,0
0.228894993409502,0.328380232929321,0
0.228984277757836,0.328413146768225,0
0.229073571051471,0.328446036331322,0
0.229162873283805,0.328478901616183,0
0.229252184448237,0.328511742620378,0
0.229341504538167,0.328544559341479,0
0.229430833546991,0.328577351777061,0
0.229520171468106,0.3286101199247,0
0.229609518294909,0.328642863781972,0
0.229698874020795,0.328675583346459,0
0.229788238639159,0.328708278615742,0
0.229877612143396,0.328740949587403,0
0.229966994526899,0.328773596259028,0
0.230056385783061,0.328806218628204,0
0.230145785905274,0.328838816692518,0
0.230235194886931,0.328871390449562,0
0.230324612721422,0.328903939896928,0
0.230414039402137,0.32893646503221,0
0.230503474922466,0.328968965853003,0
0.230592919275799,0.329001442356905,0
0.230682372455524,0.329033894541516,0
0.230771834455028,0.329066322404437,0
0.230861305267698,0.32909872594327,0
0.230950784886922,0.32913110515562,0
0.231040273306084,0.329163460039095,0
0.231129770518571,0.329195790591302,0
0.231219276517766,0.329228096809852,0
0.231308791297053,0.329260378692356,0
0.231398314849816,0.329292636236428,0
0.231487847169436,0.329324869439684,0
0.231577388249297,0.329357078299742,0
0.231666938082779,0.32938926281422,0
0.231756496663263,0.329421422980739,0
0.231846063984129,0.329453558796923,0
0.231935640038756,0.329485670260395,0
0.232025224820522,0.329517757368782,0
0.232114818322807,0.329549820119713,0
0.232204420538986,0.329581858510817,0
0.232294031462438,0.329613872539726,0
0.232383651086538,0.329645862204073,0
0.232473279404661,0.329677827501494,0
0.232562916410183,0.329709768429627,0
0.232652562096477,0.32974168498611,0
0.232742216456917,0.329773577168583,0
0.232831879484876,0.32980544497469,0
0.232921551173726,0.329837288402075,0
0.233011231516839,0.329869107448384,0
0.233100920507585,0.329900902111264,0
0.233190618139336,0.329932672388367,0
0.23328032440546,0.329964418277343,0
0.233370039299327,0.329996139775846,0
0.233459762814306,0.33002783688153,0
0.233549494943763,0.330059509592054,0
0.233639235681066,0.330091157905076,0
0.233728985019582,0.330122781818255,0
0.233818742952676,0.330154381329256,0
0.233908509473715,0.330185956435742,0
0.233998284576061,0.330217507135378,0
0.234088068253079,0.330249033425833,0
0.234177860498133,0.330280535304777,0
0.234267661304586,0.330312012769881,0
0.234357470665798,0.330343465818818,0
0.234447288575133,0.330374894449263,0
0.23453711502595,0.330406298658892,0
0.234626950011609,0.330437678445386,0
0.234716793525471,0.330469033806424,0
0.234806645560894,0.330500364739688,0
0.234896506111236,0.330531671242862,0
0.234986375169856,0.330562953313633,0
0.235076252730109,0.330594210949687,0
0.235166138785353,0.330625444148715,0
0.235256033328944,0.330656652908408,0
0.235345936354235,0.330687837226459,0
0.235435847854582,0.330718997100562,0
0.235525767823339,0.330750132528415,0
0.235615696253859,0.330781243507716,0
0.235705633139495,0.330812330036165,0
0.235795578473598,0.330843392111464,0
0.23588553224952,0.330874429731318,0
0.235975494460612,0.330905442893432,0
0.236065465100224,0.330936431595513,0
0.236155444161705,0.330967395835272,0
0.236245431638404,0.330998335610418,0
0.23633542752367,0.331029250918666,0
0.23642543181085,0.33106014175773,0
0.236515444493291,0.331091008125326,0
0.23660546556434,0.331121850019173,0
0.236695495017342,0.331152667436992,0
0.236785532845643,0.331183460376503,0
0.236875579042586,0.331214228835432,0
0.236965633601517,0.331244972811503,0
0.237055696515778,0.331275692302444,0
0.237145767778711,0.331306387305985,0
0.23723584738366,0.331337057819856,0
0.237325935323965,0.331367703841791,0
0.237416031592968,0.331398325369523,0
0.237506136184008,0.33142892240079,0
0.237596249090425,0.33145949493333,0
0.237686370305558,0.331490042964883,0
0.237776499822746,0.33152056649319,0
0.237866637635326,0.331551065515997,0
0.237956783736635,0.331581540031047,0
0.238046938120011,0.331611990036089,0
0.238137100778788,0.331642415528872,0
0.238227271706302,0.331672816507146,0
0.238317450895889,0.331703192968665,0
0.238407638340881,0.331733544911184,0
0.238497834034612,0.331763872332457,0
0.238588037970416,0.331794175230245,0
0.238678250141624,0.331824453602307,0
0.238768470541569,0.331854707446404,0
0.238858699163581,0.331884936760301,0
0.238948936000991,0.331915141541762,0
0.239039181047128,0.331945321788556,0
0.239129434295322,0.331975477498451,0
0.239219695738901,0.332005608669219,0
0.239309965371194,0.332035715298631,0
0.239400243185528,0.332065797384463,0
0.239490529175229,0.332095854924492,0
0.239580823333623,0.332125887916494,0
0.239671125654038,0.33215589635825,0
0.239761436129796,0.332185880247543,0
0.239851754754223,0.332215839582155,0
0.239942081520643,0.332245774359872,0
0.240032416422379,0.332275684578482,0
0.240122759452753,0.332305570235773,0
0.240213110605087,0.332335431329536,0
0.240303469872702,0.332365267857565,0
0.24039383724892,0.332395079817653,0
0.240484212727061,0.332424867207597,0
0.240574596300444,0.332454630025195,0
0.240664987962388,0.332484368268247,0
0.240755387706212,0.332514081934555,0
0.240845795525233,0.332543771021922,0
0.240936211412768,0.332573435528155,0
0.241026635362135,0.332603075451059,0
0.241117067366649,0.332632690788445,0
0.241207507419625,0.332662281538123,0
0.241297955514379,0.332691847697905,0
0.241388411644224,0.332721389265607,0
0.241478875802474,0.332750906239044,0
0.241569347982443,0.332780398616035,0
0.241659828177442,0.3328098663944,0
0.241750316380783,0.332839309571961,0
0.241840812585779,0.33286872814654,0
0.241931316785738,0.332898122115964,0
0.242021828973972,0.33292749147806,0
0.24211234914379,0.332956836230657,0
0.242202877288501,0.332986156371586,0
0.242293413401413,0.333015451898679,0
0.242383957475834,0.33304472280977,0
0.24247450950507,0.333073969102698,0
0.242565069482429,0.333103190775298,0
0.242655637401217,0.333132387825412,0
0.242746213254738,0.333161560250882,0
0.242836797036297,0.33319070804955,0
0.2429273887392,0.333219831219262,0
0.243017988356748,0.333248929757866,0
0.243108595882246,0.333278003663211,0
0.243199211308996,0.333307052933147,0
0.243289834630299,0.333336077565527,0
0.243380465839457,0.333365077558206,0
0.243471104929771,0.333394052909041,0
0.24356175189454,0.333423003615888,0
0.243652406727064,0.333451929676609,0
0.243743069420643,0.333480831089065,0
0.243833739968573,0.33350970785112,0
0.243924418364154,0.333538559960639,0
0.244015104600683,0.33356738741549,0
0.244105798671455,0.333596190213542,0
0.244196500569767,0.333624968352665,0
0.244287210288915,0.333653721830733,0
0.244377927822193,0.333682450645619,0
0.244468653162896,0.333711154795201,0
0.244559386304317,0.333739834277357,0
0.244650127239749,0.333768489089966,0
0.244740875962486,0.333797119230911,0
0.244831632465818,0.333825724698075,0
0.244922396743038,0.333854305489345,0
0.245013168787437,0.333882861602606,0
0.245103948592304,0.333911393035748,0
0.245194736150929,0.333939899786663,0
0.245285531456602,0.333968381853243,0
0.24537633450261,0.333996839233383,0
0.245467145282242,0.334025271924979,0
0.245557963788786,0.33405367992593,0
0.245648790015528,0.334082063234135,0
0.245739623955754,0.334110421847497,0
0.245830465602751,0.33413875576392,0
0.245921314949802,0.334167064981308,0
0.246012171990193,0.33419534949757,0
0.246103036717209,0.334223609310615,0
0.246193909124131,0.334251844418353,0
0.246284789204243,0.334280054818698,0
0.246375676950828,0.334308240509564,0
0.246466572357166,0.334336401488869,0
0.24655747541654,0.33436453775453,0
0.24664838612223,0.334392649304467,0
0.246739304467515,0.334420736136603,0
0.246830230445675,0.334448798248861,0
0.24692116404999,0.334476835639168,0
0.247012105273737,0.33450484830545,0
0.247103054110194,0.334532836245637,0
0.247194010552639,0.334560799457661,0
0.247284974594347,0.334588737939453,0
0.247375946228596,0.33461665168895,0
0.24746692544866,0.334644540704087,0
0.247557912247815,0.334672404982804,0
0.247648906619335,0.334700244523039,0
0.247739908556494,0.334728059322737,0
0.247830918052564,0.33475584937984,0
0.24792193510082,0.334783614692295,0
0.248012959694532,0.334811355258048,0
0.248103991826973,0.33483907107505,0
0.248195031491414,0.334866762141252,0
0.248286078681125,0.334894428454607,0
0.248377133389375,0.334922070013069,0
0.248468195609435,0.334949686814596,0
0.248559265334573,0.334977278857147,0
0.248650342558058,0.335004846138681,0
0.248741427273157,0.33503238865716,0
0.248832519473137,0.33505990641055,0
0.248923619151265,0.335087399396816,0
0.249014726300807,0.335114867613926,0
0.249105840915028,0.335142311059849,0
0.249196962987194,0.335169729732556,0
0.249288092510569,0.335197123630022,0
0.249379229478416,0.335224492750221,0
0.249470373883999,0.335251837091129,0
0.249561525720581,0.335279156650727,0
0.249652684981424,0.335306451426993,0
0.249743851659789,0.335333721417912,0
0.249835025748938,0.335360966621466,0
0.249926207242131,0.335388187035642,0
0.250017396132628,0.335415382658429,0
0.250108592413689,0.335442553487815,0
0.250199796078572,0.335469699521792,0
0.250291007120536,0.335496820758354,0
0.250382225532839,0.335523917195496,0
0.250473451308738,0.335550988831215,0
0.25056468444149,0.335578035663509,0
0.25065592492435,0.335605057690381,0
0.250747172750575,0.335632054909831,0
0.25083842791342,0.335659027319865,0
0.250929690406139,0.335685974918489,0
0.251020960221986,0.335712897703711,0
0.251112237354214,0.335739795673541,0
0.251203521796078,0.33576666882599,0
0.251294813540828,0.335793517159072,0
0.251386112581717,0.335820340670803,0
0.251477418911996,0.3358471393592,0
0.251568732524916,0.335873913222281,0
0.251660053413727,0.335900662258069,0
0.25175138157168,0.335927386464585,0
0.251842716992022,0.335954085839854,0
0.251934059668003,0.335980760381902,0
0.25202540959287,0.336007410088759,0
0.252116766759872,0.336034034958453,0
0.252208131162255,0.336060634989017,0
0.252299502793266,0.336087210178485,0
0.252390881646151,0.336113760524892,0
0.252482267714154,0.336140286026275,0
0.252573660990522,0.336166786680675,0
0.252665061468499,0.336193262486131,0
0.252756469141327,0.336219713440688,0
0.252847884002251,0.336246139542389,0
0.252939306044513,0.336272540789282,0
0.253030735261355,0.336298917179414,0
0.25312217164602,0.336325268710837,0
0.253213615191747,0.336351595381602,0
0.253305065891779,0.336377897189763,0
0.253396523739355,0.336404174133376,0
0.253487988727714,0.336430426210499,0
0.253579460850096,0.336456653419191,0
0.253670940099739,0.336482855757514,0
0.253762426469882,0.33650903322353,0
0.253853919953761,0.336535185815305,0
0.253945420544613,0.336561313530906,0
0.254036928235675,0.336587416368401,0
0.254128443020184,0.33661349432586,0
0.254219964891373,0.336639547401357,0
0.254311493842478,0.336665575592964,0
0.254403029866734,0.336691578898759,0
0.254494572957374,0.33671755731682,0
0.254586123107632,0.336743510845225,0
0.25467768031074,0.336769439482056,0
0.25476924455993,0.336795343225398,0
0.254860815848434,0.336821222073334,0
0.254952394169483,0.336847076023953,0
0.255043979516309,0.336872905075343,0
0.255135571882141,0.336898709225594,0
0.255227171260208,0.3369244884728,0
0.25531877764374,0.336950242815055,0
0.255410391025966,0.336975972250455,0
0.255502011400113,0.337001676777098,0
0.25559363875941,0.337027356393085,0
0.255685273097082,0.337053011096516,0
0.255776914406358,0.337078640885496,0
0.255868562680462,0.33710424575813,0
0.25596021791262,0.337129825712526,0
0.256051880096057,0.337155380746792,0
0.256143549223998,0.33718091085904,0
0.256235225289666,0.337206416047382,0
0.256326908286286,0.337231896309934,0
0.256418598207079,0.337257351644811,0
0.256510295045269,0.337282782050133,0
0.256601998794078,0.337308187524019,0
0.256693709446725,0.337333568064591,0
0.256785426996434,0.337358923669973,0
0.256877151436423,0.337384254338292,0
0.256968882759914,0.337409560067674,0
0.257060620960124,0.337434840856249,0
0.257152366030274,0.337460096702149,0
0.25724411796358,0.337485327603506,0
0.257335876753263,0.337510533558456,0
0.257427642392537,0.337535714565135,0
0.257519414874621,0.337560870621681,0
0.257611194192731,0.337586001726237,0
0.257702980340082,0.337611107876943,0
0.25779477330989,0.337636189071944,0
0.257886573095369,0.337661245309386,0
0.257978379689735,0.337686276587417,0
0.2580701930862,0.337711282904187,0
0.258162013277978,0.337736264257846,0
0.258253840258282,0.33776122064655,0
0.258345674020324,0.337786152068452,0
0.258437514557316,0.33781105852171,0
0.258529361862469,0.337835940004483,0
0.258621215928994,0.337860796514932,0
0.2587130767501,0.337885628051219,0
0.258804944318999,0.337910434611509,0
0.2588968186289,0.337935216193969,0
0.25898869967301,0.337959972796765,0
0.259080587444539,0.33798470441807,0
0.259172481936694,0.338009411056053,0
0.259264383142682,0.338034092708889,0
0.259356291055711,0.338058749374754,0
0.259448205668986,0.338083381051825,0
0.259540126975713,0.338107987738281,0
0.259632054969098,0.338132569432304,0
0.259723989642346,0.338157126132076,0
0.259815930988661,0.338181657835782,0
0.259907879001246,0.338206164541609,0
0.259999833673305,0.338230646247745,0
0.260091794998041,0.338255102952381,0
0.260183762968656,0.338279534653708,0
0.260275737578352,0.338303941349922,0
0.260367718820331,0.338328323039217,0
0.260459706687793,0.338352679719792,0
0.260551701173939,0.338377011389846,0
0.260643702271969,0.33840131804758,0
0.260735709975081,0.338425599691198,0
0.260827724276476,0.338449856318905,0
0.260919745169351,0.338474087928909,0
0.261011772646904,0.338498294519417,0
0.261103806702333,0.33852247608864,0
0.261195847328835,0.338546632634791,0
0.261287894519606,0.338570764156085,0
0.261379948267843,0.338594870650738,0
0.26147200856674,0.338618952116967,0
0.261564075409494,0.338643008552993,0
0.261656148789297,0.338667039957037,0
0.261748228699346,0.338691046327323,0
0.261840315132832,0.338715027662077,0
0.26193240808295,0.338738983959526,0
0.262024507542892,0.338762915217899,0
0.262116613505849,0.338786821435427,0
0.262208725965015,0.338810702610343,0
0.262300844913579,0.338834558740881,0
0.262392970344733,0.338858389825279,0
0.262485102251666,0.338882195861775,0
0.262577240627569,0.338905976848609,0
0.262669385465631,0.338929732784023,0
0.26276153675904,0.338953463666262,0
0.262853694500986,0.33897716949357,0
0.262945858684655,0.339000850264196,0
0.263038029303235,0.33902450597639,0
0.263130206349913,0.339048136628402,0
0.263222389817876,0.339071742218486,0
0.263314579700309,0.339095322744897,0
0.263406775990398,0.339118878205892,0
0.263498978681327,0.33914240859973,0
0.263591187766282,0.339165913924672,0
0.263683403238447,0.33918939417898,0
0.263775625091004,0.339212849360918,0
0.263867853317137,0.339236279468753,0
0.263960087910029,0.339259684500752,0
0.264052328862862,0.339283064455187,0
0.264144576168817,0.339306419330327,0
0.264236829821076,0.339329749124448,0
0.26432908981282,0.339353053835825,0
0.264421356137228,0.339376333462734,0
0.264513628787481,0.339399588003455,0
0.264605907756757,0.33942281745627,0
0.264698193038237,0.339446021819461,0
0.264790484625097,0.339469201091313,0
0.264882782510517,0.339492355270112,0
0.264975086687674,0.339515484354148,0
0.265067397149744,0.339538588341709,0
0.265159713889904,0.339561667231089,0
0.265252036901331,0.339584721020582,0
0.265344366177199,0.339607749708483,0
0.265436701710685,0.339630753293091,0
0.265529043494962,0.339653731772704,0
0.265621391523205,0.339676685145625,0
0.265713745788588,0.339699613410156,0
0.265806106284284,0.339722516564603,0
0.265898473003466,0.339745394607272,0
0.265990845939307,0.339768247536474,0
0.266083225084977,0.339791075350518,0
0.266175610433649,0.339813878047717,0
0.266268001978494,0.339836655626385,0
0.266360399712682,0.33985940808484,0
0.266452803629384,0.339882135421398,0
0.266545213721769,0.339904837634381,0
0.266637629983006,0.339927514722109,0
0.266730052406263,0.339950166682907,0
0.26682248098471,0.3399727935151,0
0.266914915711514,0.339995395217017,0
0.267007356579843,0.340017971786985,0
0.267099803582863,0.340040523223336,0
0.26719225671374,0.340063049524404,0
0.267284715965642,0.340085550688522,0
0.267377181331732,0.340108026714029,0
0.267469652805177,0.340130477599262,0
0.267562130379141,0.340152903342562,0
0.267654614046789,0.340175303942271,0
0.267747103801283,0.340197679396734,0
0.267839599635788,0.340220029704296,0
0.267932101543465,0.340242354863306,0
0.268024609517479,0.340264654872113,0
0.26811712355099,0.340286929729069,0
0.268209643637159,0.340309179432527,0
0.268302169769149,0.340331403980842,0
0.26839470194012,0.340353603372372,0
0.268487240143231,0.340375777605476,0
0.268579784371643,0.340397926678515,0
0.268672334618515,0.340420050589852,0
0.268764890877006,0.34044214933785,0
0.268857453140273,0.340464222920878,0
0.268950021401475,0.340486271337302,0
0.26904259565377,0.340508294585493,0
0.269135175890314,0.340530292663824,0
0.269227762104265,0.340552265570668,0
0.269320354288777,0.340574213304401,0
0.269412952437008,0.340596135863401,0
0.269505556542112,0.340618033246047,0
0.269598166597244,0.34063990545072,0
0.269690782595559,0.340661752475804,0
0.26978340453021,0.340683574319685,0
0.269876032394351,0.340705370980748,0
0.269968666181135,0.340727142457382,0
0.270061305883715,0.34074888874798,0
0.270153951495243,0.340770609850932,0
0.270246603008871,0.340792305764633,0
0.270339260417749,0.34081397648748,0
0.27043192371503,0.340835622017871,0
0.270524592893863,0.340857242354206,0
0.270617267947399,0.340878837494886,0
0.270709948868787,0.340900407438316,0
0.270802635651176,0.3409219521829,0
0.270895328287715,0.340943471727047,0
0.270988026771552,0.340964966069165,0
0.271080731095836,0.340986435207667,0
0.271173441253713,0.341007879140964,0
0.27126615723833,0.341029297867472,0
0.271358879042835,0.341050691385607,0
0.271451606660373,0.341072059693789,0
0.27154434008409,0.341093402790437,0
0.271637079307132,0.341114720673974,0
0.271729824322643,0.341136013342824,0
0.271822575123767,0.341157280795414,0
0.271915331703649,0.341178523030171,0
0.272008094055432,0.341199740045525,0
0.272100862172259,0.341220931839907,0
0.272193636047273,0.341242098411752,0
0.272286415673617,0.341263239759494,0
0.272379201044432,0.341284355881572,0
0.27247199215286,0.341305446776423,0
0.272564788992041,0.341326512442489,0
0.272657591555116,0.341347552878214,0
0.272750399835226,0.34136856808204,0
0.27284321382551,0.341389558052416,0
0.272936033519108,0.34141052278779,0
0.273028858909158,0.341431462286611,0
0.273121689988799,0.341452376547333,0
0.273214526751169,0.341473265568409,0
0.273307369189406,0.341494129348295,0
0.273400217296646,0.341514967885449,0
0.273493071066027,0.34153578117833,0
0.273585930490685,0.3415565692254,0
0.273678795563757,0.341577332025123,0
0.273771666278376,0.341598069575963,0
0.27386454262768,0.341618781876389,0
0.273957424604802,0.341639468924868,0
0.274050312202876,0.341660130719871,0
0.274143205415037,0.341680767259872,0
0.274236104234419,0.341701378543345,0
0.274329008654153,0.341721964568766,0
0.274421918667374,0.341742525334613,0
0.274514834267212,0.341763060839368,0
0.2746077554468,0.341783571081511,0
0.27470068219927,0.341804056059528,0
0.274793614517751,0.341824515771902,0
0.274886552395376,0.341844950217123,0
0.274979495825274,0.34186535939368,0
0.275072444800574,0.341885743300064,0
0.275165399314406,0.341906101934768,0
0.2752583593599,0.341926435296287,0
0.275351324930183,0.341946743383119,0
0.275444296018384,0.341967026193763,0
0.27553727261763,0.341987283726718,0
0.275630254721049,0.342007515980488,0
0.275723242321768,0.342027722953578,0
0.275816235412912,0.342047904644492,0
0.275909233987609,0.34206806105174,0
0.276002238038985,0.342088192173832,0
0.276095247560163,0.34210829800928,0
0.276188262544269,0.342128378556597,0
0.276281282984428,0.342148433814299,0
0.276374308873763,0.342168463780904,0
0.276467340205399,0.342188468454931,0
0.283681309531223,0.343737444040797,0
0.290895278857047,0.345283972370212,0
0.298109248182871,0.346828071297868,0
0.305323217508695,0.348369758439326,0
0.312537186834519,0.349909051175622,0
0.319751156160343,0.351445966657758,0
0.326965125486168,0.352980521811079,0
0.334179094811992,0.354512733339539,0
0.341393064137816,0.356042617729869,0
0.34860703346364,0.357570191255636,0
0.355821002789464,0.359095469981208,0
0.363034972115288,0.360618469765621,0
0.370248941441112,0.362139206266353,0
0.377462910766936,0.363657694943009,0
0.38467688009276,0.365173951060917,0
0.391890849418584,0.366687989694638,0
0.399104818744408,0.368199825731398,0
0.406318788070233,0.369709473874434,0
0.413532757396057,0.371216948646266,0
0.420746726721881,0.372722264391892,0
0.427960696047705,0.374225435281909,0
0.435174665373529,0.375726475315564,0
0.442388634699353,0.377225398323734,0
0.449602604025177,0.378722217971839,0
0.456816573351001,0.380216947762691,0
0.464030542676825,0.381709601039279,0
0.471244512002649,0.383200190987485,0
0.478458481328473,0.384688730638752,0
0.485672450654298,0.386175232872684,0
0.492886419980122,0.387659710419592,0
0.500100389305946,0.389142175862982,0
0.50731435863177,0.390622641641996,0
0.514528327957594,0.392101120053792,0
0.521742297283418,0.393577623255874,0
0.528956266609242,0.395052163268381,0
0.536170235935066,0.396524751976315,0
0.54338420526089,0.39799540113173,0
0.550598174586714,0.39946412235587,0
0.557812143912538,0.400930927141268,0
0.565026113238362,0.402395826853797,0
0.572240082564186,0.403858832734676,0
0.579454051890011,0.405319955902443,0
0.586668021215835,0.406779207354878,0
0.593881990541659,0.408236597970891,0
0.601095959867483,0.409692138512375,0
0.608309929193307,0.411145839626015,0
0.615523898519131,0.412597711845065,0
0.622737867844955,0.414047765591085,0
0.629951837170779,0.415496011175649,0
0.637165806496603,0.416942458802015,0
0.644379775822427,0.418387118566765,0
0.651593745148251,0.419830000461406,0
0.658807714474075,0.421271114373948,0
0.6660216837999,0.422710470090449,0
0.673235653125724,0.424148077296524,0
0.680449622451548,0.425583945578832,0
0.687663591777372,0.427018084426533,0
0.694877561103196,0.428450503232714,0
0.70209153042902,0.429881211295789,0
0.709305499754844,0.431310217820875,0
0.716519469080668,0.432737531921138,0
0.723733438406492,0.434163162619118,0
0.730947407732316,0.435587118848024,0
0.738161377058141,0.437009409453011,0
0.745375346383965,0.438430043192426,0
0.752589315709788,0.439849028739041,0
0.759803285035613,0.441266374681248,0
0.767017254361437,0.442682089524251,0
0.774231223687261,0.444096181691219,0
0.781445193013085,0.445508659524432,0
0.788659162338909,0.446919531286393,0
0.795873131664733,0.448328805160933,0
0.803087100990557,0.449736489254286,0
0.810301070316381,0.451142591596151,0
0.817515039642205,0.45254712014073,0
0.824729008968029,0.453950082767755,0
0.831942978293854,0.455351487283488,0
0.839156947619678,0.456751341421708,0
0.846370916945502,0.458149652844684,0
0.853584886271326,0.459546429144126,0
0.86079885559715,0.460941677842117,0
0.868012824922974,0.46233540639204,0
0.875226794248798,0.463727622179475,0
0.882440763574622,0.465118332523093,0
0.889654732900446,0.466507544675525,0
0.89686870222627,0.467895265824224,0
0.904082671552094,0.469281503092306,0
0.911296640877918,0.470666263539382,0
0.918510610203743,0.472049554162372,0
0.925724579529567,0.473431381896307,0
0.932938548855391,0.47481175361512,0
0.940152518181215,0.476190676132419,0
0.947366487507039,0.477568156202251,0
0.954580456832863,0.478944200519851,0
0.961794426158687,0.480318815722383,0
0.969008395484511,0.48169200838966,0
0.976222364810335,0.483063785044864,0
0.983436334136159,0.484434152155245,0
0.990650303461983,0.485803116132812,0
0.997864272787808,0.487170683335017,0
1.00507824211363,0.488536860065416,0
1.01229221143946,0.489901652574334,0
1.01950618076528,0.491265067059513,0
1.0267201500911,0.492627109666743,0
1.03393411941693,0.493987786490496,0
1.04114808874275,0.495347103574542,0
1.04836205806858,0.496705066912554,0
1.0555760273944,0.49806168244871,0
1.06278999672022,0.499416956078279,0
1.07000396604605,0.500770893648204,0
1.07721793537187,0.502123500957671,0
1.0844319046977,0.50347478375867,0
1.09164587402352,0.504824747756551,0
1.09885984334934,0.506173398610568,0
1.10607381267517,0.507520741934415,0
1.11328778200099,0.508866783296757,0
1.12050175132682,0.510211528221746,0
1.12771572065264,0.51155498218954,0
1.13492968997847,0.512897150636802,0
1.14214365930429,0.514238038957201,0
1.14935762863011,0.515577652501901,0
1.15657159795594,0.516915996580045,0
1.16378556728176,0.518253076459228,0
1.17099953660759,0.519588897365968,0
1.17821350593341,0.520923464486165,0
1.18542747525923,0.522256782965561,0
1.19264144458506,0.523588857910183,0
1.19985541391088,0.524919694386786,0
1.20706938323671,0.526249297423292,0
1.21428335256253,0.527577672009213,0
1.22149732188835,0.528904823096079,0
1.22871129121418,0.530230755597852,0
1.23592526054,0.531555474391338,0
1.24313922986583,0.532878984316591,0
1.25035319919165,0.534201290177314,0
1.25756716851747,0.535522396741251,0
1.2647811378433,0.536842308740574,0
1.27199510716912,0.53816103087227,0
1.27920907649495,0.53947856779851,0
1.28642304582077,0.540794924147032,0
1.2936370151466,0.542110104511497,0
1.30085098447242,0.543424113451857,0
1.30806495379824,0.544736955494711,0
1.31527892312407,0.546048635133653,0
1.32249289244989,0.547359156829624,0
1.32970686177572,0.54866852501125,0
1.33692083110154,0.54997674407518,0
1.34413480042736,0.551283818386422,0
1.35134876975319,0.552589752278668,0
1.35856273907901,0.553894550054618,0
1.36577670840484,0.555198215986303,0
1.37299067773066,0.556500754315393,0
1.38020464705648,0.557802169253517,0
1.38741861638231,0.559102464982563,0
1.39463258570813,0.560401645654982,0
1.40184655503396,0.561699715394091,0
1.40906052435978,0.562996678294362,0
1.4162744936856,0.564292538421716,0
1.42348846301143,0.565587299813808,0
1.43070243233725,0.566880966480314,0
1.43791640166308,0.568173542403206,0
1.4451303709889,0.56946503153703,0
1.45234434031472,0.57075543780918,0
1.45955830964055,0.572044765120163,0
1.46677227896637,0.573333017343869,0
1.4739862482922,0.574620198327827,0
1.48120021761802,0.575906311893471,0
1.48841418694385,0.577191361836386,0
1.49562815626967,0.57847535192657,0
1.50284212559549,0.579758285908674,0
1.51005609492132,0.581040167502254,0
1.51727006424714,0.582321000402009,0
1.52448403357297,0.583600788278023,0
1.53169800289879,0.584879534776002,0
1.53891197222461,0.586157243517505,0
1.54612594155044,0.587433918100175,0
1.55333991087626,0.58870956209797,0
1.56055388020209,0.589984179061382,0
1.56776784952791,0.591257772517666,0
1.57498181885373,0.592530345971051,0
1.58219578817956,0.593801902902968,0
1.58940975750538,0.59507244677225,0
1.59662372683121,0.596341981015356,0
1.60383769615703,0.597610509046571,0
1.61105166548285,0.598878034258217,0
1.61826563480868,0.600144560020855,0
1.6254796041345,0.601410089683488,0
1.63269357346033,0.602674626573755,0
1.63990754278615,0.603938173998133,0
1.64712151211198,0.605200735242129,0
1.6543354814378,0.60646231357047,0
1.66154945076362,0.607722912227296,0
1.66876342008945,0.608982534436343,0
1.67597738941527,0.610241183401131,0
1.6831913587411,0.611498862305147,0
1.69040532806692,0.612755574312022,0
1.69761929739274,0.614011322565715,0
1.70483326671857,0.615266110190684,0
1.71204723604439,0.616519940292064,0
1.71926120537022,0.617772815955839,0
1.72647517469604,0.619024740249008,0
1.73368914402186,0.62027571621976,0
1.74090311334769,0.621525746897636,0
1.74811708267351,0.622774835293694,0
1.75533105199934,0.624022984400673,0
1.76254502132516,0.625270197193152,0
1.76975899065098,0.626516476627709,0
1.77697295997681,0.62776182564308,0
1.78418692930263,0.629006247160312,0
1.79140089862846,0.630249744082918,0
1.79861486795428,0.631492319297028,0
1.80582883728011,0.632733975671537,0
1.81304280660593,0.63397471605826,0
1.82025677593175,0.635214543292069,0
1.82747074525758,0.636453460191046,0
1.8346847145834,0.637691469556624,0
1.84189868390923,0.638928574173726,0
1.84911265323505,0.64016477681091,0
1.85632662256087,0.641400080220505,0
1.8635405918867,0.642634487138745,0
1.87075456121252,0.643868000285913,0
1.87796853053835,0.645100622366467,0
1.88518249986417,0.646332356069176,0
1.89239646918999,0.647563204067251,0
1.89961043851582,0.648793169018477,0
1.90682440784164,0.650022253565337,0
1.91403837716747,0.651250460335141,0
1.92125234649329,0.652477791940151,0
1.92846631581911,0.653704250977709,0
1.93568028514494,0.654929840030355,0
1.94289425447076,0.656154561665948,0
1.95010822379659,0.657378418437793,0
1.95732219312241,0.658601412884753,0
1.96453616244823,0.659823547531368,0
1.97175013177406,0.661044824887977,0
1.97896410109988,0.662265247450825,0
1.98617807042571,0.663484817702184,0
1.99339203975153,0.664703538110459,0
2.00060600907736,0.665921411130308,0
2.00781997840318,0.667138439202743,0
2.015033947729,0.668354624755249,0
2.02224791705483,0.669569970201882,0
2.02946188638065,0.670784477943386,0
2.03667585570648,0.671998150367291,0
2.0438898250323,0.673210989848022,0
2.05110379435812,0.674422998747001,0
2.05831776368395,0.675634179412752,0
2.06553173300977,0.676844534180997,0
2.0727457023356,0.678054065374765,0
2.07995967166142,0.679262775304483,0
2.08717364098724,0.68047066626808,0
2.09438761031307,0.681677740551081,0
2.10160157963889,0.682884000426708,0
2.10881554896472,0.684089448155972,0
2.11602951829054,0.685294085987765,0
2.12324348761637,0.686497916158961,0
2.13045745694219,0.687700940894502,0
2.13767142626801,0.688903162407493,0
2.14488539559384,0.690104582899291,0
2.15209936491966,0.691305204559597,0
2.15931333424549,0.692505029566542,0
2.16652730357131,0.693704060086778,0
2.17374127289713,0.694902298275565,0
2.18095524222296,0.696099746276855,0
2.18816921154878,0.697296406223377,0
2.19538318087461,0.698492280236727,0
2.20259715020043,0.699687370427447,0
2.20981111952625,0.700881678895107,0
2.21702508885208,0.702075207728393,0
2.2242390581779,0.703267959005183,0
2.23145302750373,0.704459934792627,0
2.23866699682955,0.705651137147234,0
2.24588096615537,0.706841568114943,0
2.2530949354812,0.708031229731203,0
2.26030890480702,0.709220124021057,0
2.26752287413285,0.710408252999207,0
2.27473684345867,0.711595618670101,0
2.28195081278449,0.712782223028004,0
2.28916478211032,0.713968068057069,0
2.29637875143614,0.715153155731418,0
2.30359272076197,0.716337488015208,0
2.31080669008779,0.717521066862709,0
2.31802065941361,0.718703894218373,0
2.32523462873944,0.719885972016906,0
2.33244859806526,0.721067302183336,0
2.33966256739109,0.722247886633087,0
2.34687653671691,0.723427727272044,0
2.35409050604274,0.724606825996626,0
2.36130447536856,0.725785184693846,0
2.36851844469438,0.726962805241388,0
2.37573241402021,0.728139689507666,0
2.38294638334603,0.729315839351894,0
2.39016035267186,0.730491256624147,0
2.39737432199768,0.731665943165432,0
2.4045882913235,0.732839900807746,0
2.41180226064933,0.734013131374144,0
2.41901622997515,0.735185636678798,0
2.42623019930098,0.736357418527062,0
2.4334441686268,0.737528478715535,0
2.44065813795262,0.738698819032116,0
2.44787210727845,0.739868441256073,0
2.45508607660427,0.741037347158097,0
2.4623000459301,0.742205538500363,0
2.46951401525592,0.743373017036591,0
2.47672798458174,0.744539784512101,0
2.48394195390757,0.745705842663876,0
2.49115592323339,0.746871193220611,0
2.49836989255922,0.748035837902781,0
2.50558386188504,0.749199778422687,0
2.51279783121086,0.750363016484519,0
2.52001180053669,0.751525553784407,0
2.52722576986251,0.75268739201048,0
2.53443973918834,0.753848532842916,0
2.54165370851416,0.755008977953999,0
2.54886767783999,0.75616872900817,0
2.55608164716581,0.757327787662082,0
2.56329561649163,0.758486155564654,0
2.57050958581746,0.759643834357117,0
2.57772355514328,0.760800825673072,0
2.58493752446911,0.761957131138538,0
2.59215149379493,0.763112752372004,0
2.59936546312075,0.764267690984476,0
2.60657943244658,0.765421948579532,0
2.6137934017724,0.766575526753366,0
2.62100737109823,0.767728427094843,0
2.62822134042405,0.76888065118554,0
2.63543530974988,0.770032200599801,0
2.6426492790757,0.771183076904781,0
2.64986324840152,0.772333281660493,0
2.65707721772735,0.773482816419857,0
2.66429118705317,0.774631682728745,0
2.671505156379,0.775779882126029,0
2.67871912570482,0.776927416143622,0
2.68593309503064,0.778074286306527,0
2.69314706435647,0.779220494132884,0
2.70036103368229,0.780366041134009,0
2.70757500300812,0.781510928814442,0
2.71478897233394,0.782655158671987,0
2.72200294165976,0.783798732197763,0
2.72921691098559,0.784941650876238,0
2.73643088031141,0.786083916185277,0
2.74364484963724,0.787225529596183,0
2.75085881896306,0.788366492573738,0
2.75807278828888,0.789506806576246,0
2.76528675761471,0.790646473055574,0
2.77250072694053,0.791785493457194,0
2.77971469626636,0.792923869220219,0
2.78692866559218,0.794061601777448,0
2.794142634918,0.795198692555407,0
2.80135660424383,0.79633514297438,0
2.80857057356965,0.79747095444846,0
2.81578454289548,0.798606128385578,0
2.8229985122213,0.799740666187548,0
2.83021248154712,0.800874569250103,0
2.83742645087295,0.80200783896293,0
2.84464042019877,0.803140476709714,0
2.8518543895246,0.80427248386817,0
2.85906835885042,0.805403861810082,0
2.86628232817625,0.806534611901341,0
2.87349629750207,0.807664735501979,0
2.88071026682789,0.808794233966205,0
2.88792423615372,0.809923108642446,0
2.89513820547954,0.811051360873375,0
2.90235217480537,0.812178991995952,0
2.90956614413119,0.813306003341455,0
2.91678011345701,0.81443239623552,0
2.92399408278284,0.815558171998169,0
2.93120805210866,0.816683331943849,0
2.93842202143449,0.817807877381464,0
2.94563599076031,0.818931809614409,0
2.95284996008613,0.820055129940602,0
2.96006392941196,0.821177839652521,0
2.96727789873778,0.822299940037231,0
2.97449186806361,0.823421432376422,0
2.98170583738943,0.824542317946438,0
2.98891980671526,0.82566259801831,0
2.99613377604108,0.826782273857789,0
3.0033477453669,0.827901346725376,0
3.01056171469273,0.829019817876353,0
3.01777568401855,0.830137688560817,0
3.02498965334438,0.831254960023705,0
3.0322036226702,0.832371633504833,0
3.03941759199602,0.833487710238918,0
3.04663156132185,0.834603191455613,0
3.05384553064767,0.835718078379537,0
3.0610594999735,0.836832372230301,0
3.06827346929932,0.837946074222541,0
3.07548743862514,0.839059185565946,0
3.08270140795097,0.840171707465288,0
3.08991537727679,0.841283641120447,0
3.09712934660262,0.842394987726444,0
3.10434331592844,0.843505748473467,0
3.11155728525426,0.844615924546901,0
3.11877125458009,0.845725517127353,0
3.12598522390591,0.846834527390681,0
3.13319919323174,0.847942956508023,0
3.14041316255756,0.849050805645823,0
3.14762713188338,0.850158075965856,0
3.15484110120921,0.851264768625258,0
3.16205507053503,0.852370884776553,0
3.16926903986086,0.853476425567676,0
3.17648300918668,0.854581392142001,0
3.18369697851251,0.855685785638368,0
3.19091094783833,0.856789607191109,0
3.19812491716415,0.85789285793007,0
3.20533888648998,0.858995538980643,0
3.2125528558158,0.860097651463783,0
3.21976682514163,0.861199196496043,0
3.22698079446745,0.862300175189589,0
3.23419476379327,0.86340058865223,0
3.2414087331191,0.864500437987444,0
3.24862270244492,0.865599724294398,0
3.25583667177075,0.866698448667975,0
3.26305064109657,0.867796612198797,0
3.27026461042239,0.868894215973249,0
3.27747857974822,0.869991261073505,0
3.28469254907404,0.871087748577546,0
3.29190651839987,0.872183679559189,0
3.29912048772569,0.873279055088106,0
3.30633445705151,0.874373876229851,0
3.31354842637734,0.875468144045877,0
3.32076239570316,0.876561859593566,0
3.32797636502899,0.877655023926245,0
3.33519033435481,0.878747638093212,0
3.34240430368064,0.879839703139756,0
3.34961827300646,0.880931220107182,0
3.35683224233228,0.88202219003283,0
3.36404621165811,0.883112613950097,0
3.37126018098393,0.88420249288846,0
3.37847415030976,0.885291827873495,0
3.38568811963558,0.886380619926902,0
3.3929020889614,0.887468870066523,0
3.40011605828723,0.888556579306362,0
3.40733002761305,0.889643748656609,0
3.41454399693888,0.89073037912366,0
3.4217579662647,0.891816471710135,0
3.42897193559052,0.8929020274149,0
3.43618590491635,0.893987047233088,0
3.44339987424217,0.895071532156116,0
3.450613843568,0.896155483171711,0
3.45782781289382,0.897238901263922,0
3.46504178221964,0.898321787413145,0
3.47225575154547,0.899404142596141,0
3.47946972087129,0.900485967786055,0
3.48668369019712,0.901567263952436,0
3.49389765952294,0.902648032061254,0
3.50111162884877,0.903728273074922,0
3.50832559817459,0.904807987952314,0
3.51553956750041,0.905887177648781,0
3.52275353682624,0.906965843116173,0
3.52996750615206,0.908043985302855,0
3.53718147547789,0.909121605153728,0
3.54439544480371,0.910198703610245,0
3.55160941412953,0.911275281610428,0
3.55882338345536,0.912351340088888,0
3.56603735278118,0.913426879976845,0
3.57325132210701,0.91450190220214,0
3.58046529143283,0.915576407689256,0
3.58767926075865,0.916650397359336,0
3.59489323008448,0.917723872130199,0
3.6021071994103,0.918796832916357,0
3.60932116873613,0.919869280629034,0
3.61653513806195,0.92094121617618,0
3.62374910738777,0.92201264046249,0
3.6309630767136,0.923083554389421,0
3.63817704603942,0.924153958855207,0
3.64539101536525,0.925223854754878,0
3.65260498469107,0.926293242980271,0
3.65981895401689,0.927362124420056,0
3.66703292334272,0.92843049995974,0
3.67424689266854,0.929498370481694,0
3.68146086199437,0.930565736865162,0
3.68867483132019,0.931632599986281,0
3.69588880064601,0.932698960718093,0
3.70310276997184,0.933764819930564,0
3.71031673929766,0.9348301784906,0
3.71753070862349,0.935895037262055,0
3.72474467794931,0.936959397105759,0
3.73195864727514,0.938023258879522,0
3.73917261660096,0.939086623438153,0
3.74638658592678,0.940149491633479,0
3.75360055525261,0.941211864314354,0
3.76081452457843,0.942273742326676,0
3.76802849390426,0.943335126513404,0
3.77524246323008,0.944396017714568,0
3.7824564325559,0.94545641676729,0
3.78967040188173,0.946516324505791,0
3.79688437120755,0.947575741761411,0
3.80409834053338,0.948634669362622,0
3.8113123098592,0.949693108135039,0
3.81852627918503,0.950751058901441,0
3.82574024851085,0.951808522481777,0
3.83295421783667,0.952865499693186,0
3.8401681871625,0.953921991350005,0
3.84738215648832,0.954977998263791,0
3.85459612581415,0.956033521243326,0
3.86181009513997,0.957088561094637,0
3.86902406446579,0.958143118621004,0
3.87623803379162,0.959197194622979,0
3.88345200311744,0.960250789898397,0
3.89066597244327,0.961303905242385,0
3.89787994176909,0.962356541447383,0
3.90509391109491,0.96340869930315,0
3.91230788042074,0.964460379596782,0
3.91952184974656,0.965511583112723,0
3.92673581907239,0.966562310632775,0
3.93394978839821,0.967612562936115,0
3.94116375772403,0.968662340799308,0
3.94837772704986,0.969711644996314,0
3.95559169637568,0.970760476298506,0
3.96280566570151,0.971808835474681,0
3.97001963502733,0.97285672329107,0
3.97723360435315,0.973904140511354,0
3.98444757367898,0.974951087896671,0
3.9916615430048,0.975997566205636,0
3.99887551233063,0.977043576194345,0
4.00608948165645,0.978089118616389,0
4.01330345098227,0.979134194222873,0
4.0205174203081,0.980178803762415,0
4.02773138963392,0.981222947981169,0
4.03494535895975,0.982266627622831,0
4.04215932828557,0.983309843428652,0
4.0493732976114,0.984352596137449,0
4.05658726693722,0.985394886485618,0
4.06380123626304,0.986436715207143,0
4.07101520558887,0.987478083033609,0
4.07822917491469,0.988518990694213,0
4.08544314424052,0.989559438915775,0
4.09265711356634,0.990599428422747,0
4.09987108289216,0.991638959937229,0
4.10708505221799,0.992678034178975,0
4.11429902154381,0.993716651865408,0
4.12151299086964,0.994754813711624,0
4.12872696019546,0.995792520430414,0
4.13594092952128,0.996829772732262,0
4.14315489884711,0.997866571325365,0
4.15036886817293,0.998902916915641,0
4.15758283749876,0.999938810206737,0
4.16479680682458,1.00097425190004,0
4.1720107761504,1.0020092426947,0
4.17922474547623,1.0030437832876,0
4.18643871480205,1.00407787437343,0
4.19365268412788,1.00511151664464,0
4.2008666534537,1.00614471079149,0
4.20808062277952,1.00717745750202,0
4.21529459210535,1.0082097574621,0
4.22250856143117,1.00924161135542,0
4.229722530757,1.01027301986349,0
4.23693650008282,1.01130398366568,0
4.24415046940865,1.0123345034392,0
4.25136443873447,1.01336457985913,0
4.25857840806029,1.01439421359841,0
4.26579237738612,1.01542340532787,0
4.27300634671194,1.01645215571623,0
4.28022031603777,1.0174804654301,0
4.28743428536359,1.01850833513403,0
4.29464825468941,1.01953576549044,0
4.30186222401524,1.02056275715972,0
4.30907619334106,1.02158931080017,0
4.31629016266689,1.02261542706807,0
4.32350413199271,1.02364110661761,0
4.33071810131853,1.02466635010098,0
4.33793207064436,1.02569115816833,0
4.34514603997018,1.0267155314678,0
4.35236000929601,1.02773947064552,0
4.35957397862183,1.0287629763456,0
4.36678794794766,1.0297860492102,0
4.37400191727348,1.03080868987947,0
4.3812158865993,1.03183089899158,0
4.38842985592513,1.03285267718276,0
4.39564382525095,1.03387402508727,0
4.40285779457678,1.03489494333743,0
4.4100717639026,1.03591543256362,0
4.41728573322842,1.03693549339427,0
4.42449970255425,1.03795512645593,0
4.43171367188007,1.03897433237319,0
4.4389276412059,1.03999311176878,0
4.44614161053172,1.04101146526349,0
4.45335557985754,1.04202939347626,0
4.46056954918337,1.04304689702412,0
4.46778351850919,1.04406397652225,0
4.47499748783502,1.04508063258396,0
4.48221145716084,1.04609686582069,0
4.48942542648667,1.04711267684205,0
4.49663939581249,1.04812806625581,0
4.50385336513831,1.04914303466789,0
4.51106733446414,1.0501575826824,0
4.51828130378996,1.05117171090164,0
4.52549527311579,1.05218541992608,0
4.53270924244161,1.05319871035442,0
4.53992321176743,1.05421158278354,0
4.54713718109326,1.05522403780854,0
4.55435115041908,1.05623607602276,0
4.56156511974491,1.05724769801774,0
4.56877908907073,1.05825890438329,0
4.57599305839655,1.05926969570745,0
4.58320702772238,1.0602800725765,0
4.5904209970482,1.06129003557499,0
4.59763496637403,1.06229958528576,0
4.60484893569985,1.06330872228988,0
4.61206290502567,1.06431744716673,0
4.6192768743515,1.06532576049399,0
4.62649084367732,1.0663336628476,0
4.63370481300315,1.06734115480184,0
4.64091878232897,1.06834823692927,0
4.64813275165479,1.06935490980079,0
4.65534672098062,1.07036117398562,0
4.66256069030644,1.0713670300513,0
4.66977465963227,1.07237247856372,0
4.67698862895809,1.07337752008712,0
4.68420259828392,1.07438215518407,0
4.69141656760974,1.07538638441553,0
4.69863053693556,1.0763902083408,0
4.70584450626139,1.07739362751757,0
4.71305847558721,1.0783966425019,0
4.72027244491304,1.07939925384824,0
4.72748641423886,1.08040146210943,0
4.73470038356468,1.08140326783671,0
4.74191435289051,1.08240467157974,0
4.74912832221633,1.08340567388657,0
4.75634229154216,1.08440627530369,0
4.76355626086798,1.085406476376,0
4.7707702301938,1.08640627764684,0
4.77798419951963,1.08740567965798,0
4.78519816884545,1.08840468294966,0
4.79241213817128,1.08940328806055,0
4.7996261074971,1.09040149552777,0
4.80684007682292,1.09139930588693,0
4.81405404614875,1.09239671967209,0
4.82126801547457,1.09339373741579,0
4.8284819848004,1.09439035964906,0
4.83569595412622,1.09538658690141,0
4.84290992345204,1.09638241970087,0
4.85012389277787,1.09737785857392,0
4.85733786210369,1.0983729040456,0
4.86455183142952,1.09936755663944,0
4.87176580075534,1.10036181687748,0
4.87897977008116,1.1013556852803,0
4.88619373940699,1.10234916236701,0
4.89340770873281,1.10334224865525,0
4.90062167805864,1.10433494466121,0
4.90783564738446,1.10532725089962,0
4.91504961671029,1.10631916788378,0
4.92226358603611,1.10731069612553,0
4.92947755536193,1.10830183613529,0
4.93669152468776,1.10929258842205,0
4.94390549401358,1.11028295349337,0
4.95111946333941,1.1112729318554,0
4.95833343266523,1.11226252401288,0
4.96554740199105,1.11325173046913,0
4.97276137131688,1.1142405517261,0
4.9799753406427,1.11522898828431,0
4.98718930996853,1.11621704064291,0
4.99440327929435,1.11720470929967,0
5.00161724862017,1.11819199475097,0
5.008831217946,1.11917889749183,0
5.01604518727182,1.12016541801588,0
5.02325915659765,1.12115155681542,0
5.03047312592347,1.12213731438137,0
5.03768709524929,1.12312269120329,0
5.04490106457512,1.12410768776944,0
5.05211503390094,1.12509230456668,0
5.05932900322677,1.12607654208058,0
5.06654297255259,1.12706040079535,0
5.07375694187841,1.1280438811939,0
5.08097091120424,1.1290269837578,0
5.08818488053006,1.13000970896731,0
5.09539884985589,1.13099205730138,0
5.10261281918171,1.13197402923767,0
5.10982678850754,1.13295562525251,0
5.11704075783336,1.13393684582097,0
5.12425472715918,1.13491769141681,0
5.13146869648501,1.1358981625125,0
5.13868266581083,1.13687825957925,0
5.14589663513666,1.13785798308697,0
5.15311060446248,1.13883733350433,0
5.16032457378831,1.13981631129871,0
5.16753854311413,1.14079491693623,0
5.17475251243995,1.14177315088179,0
5.18196648176578,1.14275101359898,0
5.1891804510916,1.1437285055502,0
5.19639442041743,1.14470562719658,0
5.20360838974325,1.14568237899802,0
5.21082235906907,1.14665876141318,0
5.2180363283949,1.14763477489951,0
5.22525029772072,1.14861041991323,0
5.23246426704655,1.14958569690933,0
5.23967823637237,1.1505606063416,0
5.24689220569819,1.15153514866263,0
5.25410617502402,1.15250932432378,0
5.26132014434984,1.15348313377523,0
5.26853411367567,1.15445657746597,0
5.27574808300149,1.15542965584378,0
5.28296205232731,1.15640236935527,0
5.29017602165314,1.15737471844586,0
5.29738999097896,1.15834670355979,0
5.30460396030479,1.15931832514015,0
5.31181792963061,1.16028958362883,0
5.31903189895643,1.16126047946658,0
5.32624586828226,1.16223101309297,0
5.33345983760808,1.16320118494644,0
5.34067380693391,1.16417099546425,0
5.34788777625973,1.16514044508255,0
5.35510174558556,1.16610953423631,0
5.36231571491138,1.16707826335938,0
5.3695296842372,1.16804663288447,0
5.37674365356303,1.16901464324318,0
5.38395762288885,1.16998229486596,0
5.39117159221468,1.17094958818214,0
5.3983855615405,1.17191652361996,0
5.40559953086632,1.1728831016065,0
5.41281350019215,1.17384932256778,0
5.42002746951797,1.17481518692869,0
5.4272414388438,1.17578069511301,0
5.43445540816962,1.17674584754345,0
5.44166937749544,1.1777106446416,0
5.44888334682127,1.17867508682798,0
5.45609731614709,1.17963917452201,0
5.46331128547292,1.18060290814205,0
5.47052525479874,1.18156628810537,0
5.47773922412456,1.18252931482816,0
5.48495319345039,1.18349198872555,0
5.49216716277621,1.1844543102116,0
5.49938113210204,1.18541627969932,0
5.50659510142786,1.18637789760065,0
5.51380907075369,1.18733916432648,0
5.52102304007951,1.18830008028665,0
5.52823700940533,1.18926064588996,0
5.53545097873116,1.19022086154415,0
5.54266494805698,1.19118072765594,0
5.54987891738281,1.192140244631,0
5.55709288670863,1.193099412874,0
5.56430685603445,1.19405823278853,0
5.57152082536028,1.19501670477721,0
5.5787347946861,1.1959748292416,0
5.58594876401193,1.19693260658227,0
5.59316273333775,1.19789003719876,0
5.60037670266357,1.19884712148961,0
5.6075906719894,1.19980385985235,0
5.61480464131522,1.20076025268351,0
5.62201861064105,1.20171630037862,0
5.62923257996687,1.20267200333222,0
5.63644654929269,1.20362736193785,0
5.64366051861852,1.20458237658808,0
5.65087448794434,1.20553704767446,0
5.65808845727017,1.2064913755876,0
5.66530242659599,1.20744536071711,0
5.67251639592181,1.20839900345163,0
5.67973036524764,1.20935230417883,0
5.68694433457346,1.21030526328541,0
5.69415830389929,1.21125788115711,0
5.70137227322511,1.21221015817871,0
5.70858624255093,1.21316209473403,0
5.71580021187676,1.21411369120595,0
5.72301418120258,1.21506494797637,0
5.73022815052841,1.21601586542627,0
5.73744211985423,1.21696644393568,0
5.74465608918005,1.21791668388369,0
5.75187005850588,1.21886658564844,0
5.7590840278317,1.21981614960715,0
5.76629799715753,1.2207653761361,0
5.77351196648335,1.22171426561067,0
5.78072593580918,1.22266281840527,0
5.787939905135,1.22361103489343,0
5.79515387446082,1.22455891544774,0
5.80236784378665,1.22550646043988,0
5.80958181311247,1.22645367024062,0
5.8167957824383,1.22740054521982,0
5.82400975176412,1.22834708574645,0
5.83122372108994,1.22929329218855,0
5.83843769041577,1.23023916491329,0
5.84565165974159,1.23118470428692,0
5.85286562906742,1.2321299106748,0
5.86007959839324,1.23307478444143,0
5.86729356771906,1.23401932595039,0
5.87450753704489,1.23496353556439,0
5.88172150637071,1.23590741364525,0
5.88893547569654,1.23685096055393,0
5.89614944502236,1.23779417665051,0
5.90336341434818,1.23873706229418,0
5.91057738367401,1.23967961784328,0
5.91779135299983,1.24062184365529,0
5.92500532232566,1.2415637400868,0
5.93221929165148,1.24250530749358,0
5.9394332609773,1.2434465462305,0
5.94664723030313,1.24438745665161,0
5.95386119962895,1.24532803911009,0
5.96107516895478,1.24626829395828,0
5.9682891382806,1.24720822154767,0
5.97550310760643,1.24814782222892,0
5.98271707693225,1.24908709635183,0
5.98993104625807,1.25002604426537,0
5.9971450155839,1.25096466631769,0
6.00435898490972,1.2519029628561,0
6.01157295423555,1.25284093422707,0
6.01878692356137,1.25377858077627,0
6.0260008928872,1.25471590284851,0
6.03321486221302,1.25565290078782,0
6.04042883153884,1.25658957493739,0
6.04764280086467,1.2575259256396,0
6.05485677019049,1.25846195323602,0
6.06207073951632,1.2593976580674,0
6.06928470884214,1.2603330404737,0
6.07649867816796,1.26126810079406,0
6.08371264749379,1.26220283936684,0
6.09092661681961,1.26313725652958,0
6.09814058614544,1.26407135261904,0
6.10535455547126,1.26500512797118,0
6.11256852479708,1.26593858292115,0
6.11978249412291,1.26687171780336,0
6.12699646344873,1.26780453295138,0
6.13421043277456,1.26873702869804,0
6.14142440210038,1.26966920537537,0
6.1486383714262,1.27060106331462,0
6.15585234075203,1.27153260284627,0
6.16306631007785,1.27246382430003,0
6.17028027940368,1.27339472800484,0
6.1774942487295,1.27432531428887,0
6.18470821805532,1.27525558347952,0
6.19192218738115,1.27618553590343,0
6.19913615670697,1.27711517188648,0
6.2063501260328,1.27804449175381,0
6.21356409535862,1.27897349582978,0
6.22077806468445,1.27990218443801,0
6.22799203401027,1.28083055790136,0
6.23520600333609,1.28175861654196,0
6.24241997266192,1.28268636068117,0
6.24963394198774,1.28361379063963,0
6.25684791131357,1.28454090673723,0
6.26406188063939,1.28546770929312,0
6.27127584996521,1.28639419862572,0
6.27848981929104,1.28732037505271,0
6.28570378861686,1.28824623889104,0
6.29291775794269,1.28917179045694,0
6.30013172726851,1.2900970300659,0
6.30734569659433,1.2910219580327,0
6.31455966592016,1.29194657467139,0
6.32177363524598,1.2928708802953,0
6.32898760457181,1.29379487521704,0
6.33620157389763,1.29471855974852,0
6.34341554322345,1.29564193420093,0
6.35062951254928,1.29656499888475,0
6.3578434818751,1.29748775410973,0
6.36505745120093,1.29841020018495,0
6.37227142052675,1.29933233741878,0
6.37948538985258,1.30025416611886,0
6.3866993591784,1.30117568659216,0
6.39391332850422,1.30209689914495,0
6.40112729783005,1.30301780408279,0
6.40834126715587,1.30393840171056,0
6.4155552364817,1.30485869233245,0
6.42276920580752,1.30577867625196,0
6.42998317513334,1.3066983537719,0
6.43719714445917,1.3076177251944,0
6.44441111378499,1.30853679082092,0
6.45162508311082,1.30945555095221,0
6.45883905243664,1.31037400588838,0
6.46605302176246,1.31129215592883,0
6.47326699108829,1.31221000137232,0
6.48048096041411,1.31312754251691,0
6.48769492973994,1.31404477966002,0
6.49490889906576,1.31496171309837,0
6.50212286839158,1.31587834312805,0
6.50933683771741,1.31679467004446,0
6.51655080704323,1.31771069414236,0
6.52376477636906,1.31862641571583,0
6.53097874569488,1.31954183505831,0
6.5381927150207,1.32045695246259,0
6.54540668434653,1.32137176822079,0
6.55262065367235,1.3222862826244,0
6.55983462299818,1.32320049596424,0
6.567048592324,1.3241144085305,0
6.57426256164982,1.32502802061271,0
6.58147653097565,1.32594133249979,0
6.58869050030147,1.32685434447999,0
6.5959044696273,1.32776705684092,0
6.60311843895312,1.32867946986957,0
6.61033240827894,1.32959158385229,0
6.61754637760477,1.33050339907481,0
6.62476034693059,1.33141491582219,0
6.63197431625642,1.33232613437892,0
6.63918828558224,1.3332370550288,0
6.64640225490807,1.33414767805506,0
6.65361622423389,1.33505800374028,0
6.66083019355971,1.33596803236642,0
6.66804416288554,1.33687776421482,0
6.67525813221136,1.33778719956622,0
6.68247210153719,1.33869633870073,0
6.68968607086301,1.33960518189784,0
6.69690004018883,1.34051372943645,0
6.70411400951466,1.34142198159482,0
6.71132797884048,1.34232993865065,0
6.71854194816631,1.34323760088098,0
6.72575591749213,1.34414496856228,0
6.73296988681795,1.34505204197041,0
6.74018385614378,1.34595882138063,0
6.7473978254696,1.34686530706759,0
6.75461179479543,1.34777149930536,0
6.76182576412125,1.34867739836742,0
6.76903973344707,1.34958300452662,0
6.7762537027729,1.35048831805527,0
6.78346767209872,1.35139333922504,0
6.79068164142455,1.35229806830705,0
6.79789561075037,1.35320250557182,0
6.8051095800762,1.35410665128928,0
6.81232354940202,1.35501050572879,0
6.81953751872784,1.35591406915912,0
6.82675148805367,1.35681734184847,0
6.83396545737949,1.35772032406444,0
6.84117942670531,1.35862301607409,0
6.84839339603114,1.35952541814387,0
6.85560736535696,1.36042753053968,0
6.86282133468279,1.36132935352685,0
6.87003530400861,1.36223088737013,0
6.87724927333444,1.36313213233371,0
6.88446324266026,1.36403308868121,0
6.89167721198609,1.3649337566757,0
6.89889118131191,1.36583413657966,0
6.90610515063773,1.36673422865504,0
6.91331911996356,1.3676340331632,0
6.92053308928938,1.36853355036499,0
6.92774705861521,1.36943278052065,0
6.93496102794103,1.3703317238899,0
6.94217499726685,1.3712303807319,0
6.94938896659268,1.37212875130526,0
6.9566029359185,1.37302683586803,0
6.96381690524433,1.37392463467774,0
6.97103087457015,1.37482214799134,0
6.97824484389597,1.37571937606526,0
6.9854588132218,1.37661631915538,0
6.99267278254762,1.37751297751704,0
6.99988675187345,1.37840935140504,0
7.00710072119927,1.37930544107363,0
7.0143146905251,1.38020124677655,0
7.02152865985092,1.38109676876699,0
7.02874262917674,1.3819920072976,0
7.03595659850257,1.38288696262051,0
7.04317056782839,1.38378163498732,0
7.05038453715421,1.38467602464909,0
7.05759850648004,1.38557013185637,0
7.06481247580586,1.38646395685917,0
7.07202644513169,1.38735749990697,0
7.07924041445751,1.38825076124876,0
7.08645438378334,1.38914374113298,0
7.09366835310916,1.39003643980756,0
7.10088232243498,1.3909288575199,0
7.10809629176081,1.39182099451691,0
7.11531026108663,1.39271285104496,0
7.12252423041246,1.39360442734992,0
7.12973819973828,1.39449572367714,0
7.1369521690641,1.39538674027147,0
7.14416613838993,1.39627747737724,0
7.15138010771575,1.39716793523828,0
7.15859407704158,1.39805811409791,0
7.1658080463674,1.39894801419895,0
7.17302201569323,1.3998376357837,0
7.18023598501905,1.40072697909399,0
7.18744995434487,1.40161604437112,0
7.1946639236707,1.4025048318559,0
7.20187789299652,1.40339334178865,0
7.20909186232235,1.40428157440919,0
7.21630583164817,1.40516952995684,0
7.22351980097399,1.40605720867043,0
7.23073377029982,1.4069446107883,0
7.23794773962564,1.4078317365483,0
7.24516170895147,1.40871858618779,0
7.25237567827729,1.40960515994364,0
7.25958964760311,1.41049145805223,0
7.26680361692894,1.41137748074946,0
7.27401758625476,1.41226322827076,0
7.28123155558059,1.41314870085105,0
7.28844552490641,1.41403389872479,0
7.29565949423223,1.41491882212595,0
7.30287346355806,1.41580347128802,0
7.31008743288388,1.41668784644404,0
7.31730140220971,1.41757194782653,0
7.32451537153553,1.41845577566757,0
7.33172934086135,1.41933933019875,0
7.33894331018718,1.42022261165121,0
7.346157279513,1.42110562025559,0
7.35337124883883,1.42198835624208,0
7.36058521816465,1.42287081984039,0
7.36779918749047,1.42375301127978,0
7.3750131568163,1.42463493078904,0
7.38222712614212,1.42551657859649,0
7.38944109546795,1.42639795492999,0
7.39665506479377,1.42727906001694,0
7.4038690341196,1.42815989408427,0
7.41108300344542,1.42904045735848,0
7.41829697277124,1.42992075006558,0
7.42551094209707,1.43080077243113,0
7.43272491142289,1.43168052468027,0
7.43993888074872,1.43256000703763,0
7.44715285007454,1.43343921972744,0
7.45436681940036,1.43431816297344,0
7.46158078872619,1.43519683699895,0
7.46879475805201,1.43607524202681,0
7.47600872737784,1.43695337827945,0
7.48322269670366,1.43783124597882,0
7.49043666602948,1.43870884534645,0
7.49765063535531,1.4395861766034,0
7.50486460468113,1.44046323997033,0
7.51207857400696,1.4413400356674,0
7.51929254333278,1.44221656391439,0
7.52650651265861,1.44309282493059,0
7.53372048198443,1.4439688189349,0
7.54093445131025,1.44484454614574,0
7.54814842063608,1.44572000678112,0
7.5553623899619,1.44659520105861,0
7.56257635928772,1.44747012919535,0
7.56979032861355,1.44834479140805,0
7.57700429793937,1.44921918791297,0
7.5842182672652,1.45009331892596,0
7.59143223659102,1.45096718466245,0
7.59864620591685,1.45184078533741,0
7.60586017524267,1.45271412116542,0
7.6130741445685,1.45358719236062,0
7.62028811389432,1.45445999913672,0
7.62750208322014,1.45533254170701,0
7.63471605254597,1.45620482028437,0
7.64193002187179,1.45707683508125,0
7.64914399119762,1.45794858630968,0
7.65635796052344,1.45882007418128,0
7.66357192984926,1.45969129890725,0
7.67078589917509,1.46056226069836,0
7.67799986850091,1.46143295976499,0
7.68521383782674,1.46230339631709,0
7.69242780715256,1.46317357056421,0
7.69964177647838,1.46404348271547,0
7.70685574580421,1.46491313297959,0
7.71406971513003,1.4657825215649,0
7.72128368445586,1.46665164867928,0
7.72849765378168,1.46752051453025,0
7.7357116231075,1.46838911932488,0
7.74292559243333,1.46925746326987,0
7.75013956175915,1.47012554657149,0
7.75735353108498,1.47099336943564,0
7.7645675004108,1.47186093206779,0
7.77178146973662,1.47272823467301,0
7.77899543906245,1.47359527745598,0
7.78620940838827,1.47446206062099,0
7.7934233777141,1.47532858437192,0
7.80063734703992,1.47619484891226,0
7.80785131636575,1.47706085444509,0
7.81506528569157,1.47792660117312,0
7.82227925501739,1.47879208929865,0
7.82949322434322,1.4796573190236,0
7.83670719366904,1.48052229054947,0
7.84392116299486,1.48138700407742,0
7.85113513232069,1.48225145980817,0
7.85834910164651,1.48311565794208,0
7.86556307097234,1.48397959867913,0
7.87277704029816,1.48484328221888,0
7.87999100962399,1.48570670876055,0
7.88720497894981,1.48656987850294,0
7.89441894827563,1.48743279164448,0
7.90163291760146,1.48829544838321,0
7.90884688692728,1.48915784891682,0
7.91606085625311,1.49001999344258,0
7.92327482557893,1.4908818821574,0
7.93048879490475,1.49174351525781,0
7.93770276423058,1.49260489293996,0
7.9449167335564,1.49346601539964,0
7.95213070288223,1.49432688283224,0
7.95934467220805,1.4951874954328,0
7.96655864153387,1.49604785339596,0
7.9737726108597,1.49690795691601,0
7.98098658018552,1.49776780618686,0
7.98820054951135,1.49862740140205,0
7.99541451883717,1.49948674275476,0
8.002628488163,1.50034583043778,0
8.00984245748882,1.50120466464356,0
8.01705642681464,1.50206324556417,0
8.02427039614047,1.5029215733913,0
8.03148436546629,1.50377964831631,0
8.03869833479212,1.50463747053015,0
8.04591230411794,1.50549504022346,0
8.05312627344376,1.50635235758648,0
8.06034024276959,1.5072094228091,0
8.06755421209541,1.50806623608086,0
8.07476818142124,1.50892279759091,0
8.08198215074706,1.50977910752809,0
8.08919612007288,1.51063516608085,0
8.09641008939871,1.51149097343728,0
8.10362405872453,1.51234652978514,0
8.11083802805036,1.51320183531181,0
8.11805199737618,1.51405689020433,0
8.125265966702,1.51491169464939,0
8.13247993602783,1.51576624883332,0
8.13969390535365,1.5166205529421,0
8.14690787467948,1.51747460716136,0
8.1541218440053,1.51832841167639,0
8.16133581333112,1.51918196667212,0
8.16854978265695,1.52003527233315,0
8.17576375198277,1.5208883288437,0
8.1829777213086,1.52174113638768,0
8.19019169063442,1.52259369514863,0
8.19740565996024,1.52344600530977,0
8.20461962928607,1.52429806705396,0
8.21183359861189,1.52514988056372,0
8.21904756793772,1.52600144602123,0
8.22626153726354,1.52685276360834,0
8.23347550658937,1.52770383350653,0
8.24068947591519,1.52855465589699,0
8.24790344524101,1.52940523096052,0
8.25511741456684,1.53025555887762,0
8.26233138389266,1.53110563982843,0
8.26954535321848,1.53195547399278,0
8.27675932254431,1.53280506155015,0
8.28397329187013,1.53365440267967,0
8.29118726119596,1.53450349756018,0
8.29840123052178,1.53535234637015,0
8.30561519984761,1.53620094928773,0
8.31282916917343,1.53704930649074,0
8.32004313849925,1.53789741815668,0
8.32725710782508,1.53874528446271,0
8.3344710771509,1.53959290558566,0
8.34168504647673,1.54044028170205,0
8.34889901580255,1.54128741298805,0
8.35611298512837,1.54213429961953,0
8.3633269544542,1.542980941772,0
8.37054092378002,1.54382733962069,0
8.37775489310585,1.54467349334047,0
8.38496886243167,1.54551940310592,0
8.39218283175749,1.54636506909126,0
8.39939680108332,1.54721049147042,0
8.40661077040915,1.548055670417,0
8.41382473973497,1.54890060610429,0
8.42103870906079,1.54974529870524,0
8.42825267838662,1.5505897483925,0
8.43546664771244,1.5514339553384,0
8.44268061703826,1.55227791971496,0
8.44989458636409,1.55312164169386,0
8.45710855568991,1.5539651214465,0
8.46432252501574,1.55480835914394,0
8.47153649434156,1.55565135495693,0
8.47875046366739,1.55649410905593,0
8.48596443299321,1.55733662161107,0
8.49317840231903,1.55817889279217,0
8.50039237164486,1.55902092276873,0
8.50760634097068,1.55986271170997,0
8.51482031029651,1.56070425978478,0
8.52203427962233,1.56154556716175,0
8.52924824894815,1.56238663400914,0
8.53646221827398,1.56322746049495,0
8.5436761875998,1.56406804678684,0
8.55089015692563,1.56490839305217,0
8.55810412625145,1.565748499458,0
8.56531809557727,1.5665883661711,0
8.5725320649031,1.5674279933579,0
8.57974603422892,1.56826738118457,0
8.58696000355475,1.56910652981696,0
8.59417397288057,1.56994543942062,0
8.60138794220639,1.57078411016079,0
8.60860191153222,1.57162254220244,0
8.61581588085804,1.57246073571022,0
8.62302985018387,1.57329869084848,0
8.63024381950969,1.57413640778129,0
8.63745778883552,1.5749738866724,0
8.64467175816134,1.5758111276853,0
8.65188572748716,1.57664813098314,0
8.65909969681299,1.57748489672882,0
8.66631366613881,1.57832142508492,0
8.67352763546464,1.57915771621374,0
8.68074160479046,1.57999377027727,0
8.68795557411628,1.58082958743723,0
8.69516954344211,1.58166516785505,0
8.70238351276793,1.58250051169185,0
8.70959748209376,1.58333561910847,0
8.71681145141958,1.58417049026547,0
8.7240254207454,1.58500512532312,0
8.73123939007123,1.5858395244414,0
8.73845335939705,1.58667368778,0
8.74566732872288,1.58750761549832,0
8.7528812980487,1.58834130775549,0
8.76009526737452,1.58917476471035,0
8.76730923670035,1.59000798652146,0
8.77452320602617,1.59084097334707,0
8.781737175352,1.59167372534519,0
8.78895114467782,1.59250624267353,0
8.79616511400364,1.5933385254895,0
8.80337908332947,1.59417057395025,0
8.81059305265529,1.59500238821266,0
8.81780702198112,1.59583396843331,0
8.82502099130694,1.5966653147685,0
8.83223496063277,1.59749642737428,0
8.83944892995859,1.59832730640639,0
8.84666289928441,1.59915795202031,0
8.85387686861024,1.59998836437125,0
8.86109083793606,1.60081854361413,0
8.86830480726188,1.60164848990361,0
8.87551877658771,1.60247820339407,0
8.88273274591353,1.6033076842396,0
8.88994671523936,1.60413693259405,0
8.89716068456518,1.60496594861098,0
8.90437465389101,1.60579473244367,0
8.91158862321683,1.60662328424514,0
8.91880259254265,1.60745160416815,0
8.92601656186848,1.60827969236517,0
8.9332305311943,1.60910754898842,0
8.94044450052013,1.60993517418984,0
8.94765846984595,1.6107625681211,0
8.95487243917177,1.61158973093361,0
8.9620864084976,1.61241666277851,0
8.96930037782342,1.61324336380669,0
8.97651434714925,1.61406983416874,0
8.98372831647507,1.61489607401502,0
8.99094228580089,1.61572208349562,0
8.99815625512672,1.61654786276034,0
9.00537022445254,1.61737341195875,0
9.01258419377837,1.61819873124014,0
9.01979816310419,1.61902382075354,0
9.02701213243002,1.61984868064774,0
9.03422610175584,1.62067331107123,0
9.04144007108166,1.62149771217227,0
9.04865404040749,1.62232188409886,0
9.05586800973331,1.62314582699872,0
9.06308197905914,1.62396954101934,0
9.07029594838496,1.62479302630794,0
9.07750991771078,1.62561628301148,0
9.08472388703661,1.62643931127666,0
9.09193785636243,1.62726211124994,0
9.09915182568826,1.6280846830775,0
9.10636579501408,1.62890702690531,0
9.1135797643399,1.62972914287903,0
9.12079373366573,1.63055103114411,0
9.12800770299155,1.63137269184572,0
9.13522167231738,1.6321941251288,0
9.1424356416432,1.63301533113803,0
9.14964961096902,1.63383631001783,0
9.15686358029485,1.63465706191237,0
9.16407754962067,1.63547758696559,0
9.1712915189465,1.63629788532117,0
9.17850548827232,1.63711795712252,0
9.18571945759814,1.63793780251284,0
9.19293342692397,1.63875742163504,0
9.20014739624979,1.63957681463183,0
9.20736136557562,1.64039598164564,0
9.21457533490144,1.64121492281866,0
9.22178930422726,1.64203363829284,0
9.22900327355309,1.64285212820989,0
9.23621724287892,1.64367039271126,0
9.24343121220474,1.64448843193816,0
9.25064518153056,1.64530624603157,0
9.25785915085639,1.64612383513222,0
9.26507312018221,1.64694119938059,0
9.27228708950803,1.64775833891694,0
9.27950105883386,1.64857525388125,0
9.28671502815968,1.64939194441331,0
9.29392899748551,1.65020841065262,0
9.30114296681133,1.65102465273848,0
9.30835693613716,1.65184067080993,0
9.31557090546298,1.65265646500578,0
9.3227848747888,1.65347203546459,0
9.32999884411463,1.6542873823247,0
9.33721281344045,1.6551025057242,0
9.34442678276628,1.65591740580095,0
9.3516407520921,1.65673208269257,0
9.35885472141792,1.65754653653646,0
9.36606869074375,1.65836076746976,0
9.37328266006957,1.65917477562938,0
9.3804966293954,1.65998856115203,0
9.38771059872122,1.66080212417414,0
9.39492456804704,1.66161546483193,0
9.40213853737287,1.6624285832614,0
9.40935250669869,1.6632414795983,0
9.41656647602452,1.66405415397814,0
9.42378044535034,1.66486660653623,0
9.43099441467616,1.66567883740763,0
9.43820838400199,1.66649084672717,0
9.44542235332781,1.66730263462945,0
9.45263632265364,1.66811420124885,0
9.45985029197946,1.66892554671951,0
9.46706426130528,1.66973667117536,0
9.47427823063111,1.6705475747501,0
9.48149219995693,1.67135825757717,0
9.48870616928276,1.67216871978983,0
9.49592013860858,1.67297896152108,0
9.50313410793441,1.67378898290373,0
9.51034807726023,1.67459878407032,0
9.51756204658605,1.6754083651532,0
9.52477601591188,1.67621772628449,0
9.5319899852377,1.67702686759608,0
9.53920395456353,1.67783578921963,0
9.54641792388935,1.6786444912866,0
9.55363189321517,1.67945297392822,0
9.560845862541,1.68026123727548,0
9.56805983186682,1.68106928145917,0
9.57527380119265,1.68187710660986,0
9.58248777051847,1.68268471285788,0
9.58970173984429,1.68349210033336,0
9.59691570917012,1.68429926916622,0
9.60412967849594,1.68510621948612,0
9.61134364782177,1.68591295142254,0
9.61855761714759,1.68671946510474,0
9.62577158647341,1.68752576066174,0
9.63298555579924,1.68833183822237,0
9.64019952512506,1.68913769791522,0
9.64741349445089,1.68994333986868,0
9.65462746377671,1.69074876421092,0
9.66184143310254,1.6915539710699,0
9.66905540242836,1.69235896057335,0
9.67626937175418,1.69316373284881,0
9.68348334108001,1.69396828802358,0
9.69069731040583,1.69477262622477,0
9.69791127973165,1.69557674757926,0
9.70512524905748,1.69638065221374,0
9.7123392183833,1.69718434025467,0
9.71955318770913,1.69798781182829,0
9.72676715703495,1.69879106706066,0
9.73398112636078,1.69959410607761,0
9.7411950956866,1.70039692900475,0
9.74840906501242,1.7011995359675,0
9.75562303433825,1.70200192709107,0
9.76283700366407,1.70280410250045,0
9.7700509729899,1.70360606232043,0
9.77726494231572,1.70440780667559,0
9.78447891164154,1.7052093356903,0
9.79169288096737,1.70601064948873,0
9.79890685029319,1.70681174819484,0
9.80612081961902,1.70761263193238,0
9.81333478894484,1.7084133008249,0
9.82054875827066,1.70921375499575,0
9.82776272759649,1.71001399456806,0
9.83497669692231,1.71081401966476,0
9.84219066624814,1.7116138304086,0
9.84940463557396,1.71241342692209,0
9.85661860489979,1.71321280932756,0
9.86383257422561,1.71401197774714,0
9.87104654355143,1.71481093230274,0
9.87826051287726,1.71560967311609,0
9.88547448220308,1.7164082003087,0
9.8926884515289,1.71720651400188,0
9.89990242085473,1.71800461431676,0
9.90711639018055,1.71880250137424,0
9.91433035950638,1.71960017529506,0
9.9215443288322,1.72039763619972,0
9.92875829815803,1.72119488420854,0
9.93597226748385,1.72199191944165,0
9.94318623680967,1.72278874201897,0
9.9504002061355,1.72358535206022,0
9.95761417546132,1.72438174968493,0
9.96482814478715,1.72517793501243,0
9.97204211411297,1.72597390816186,0
9.97925608343879,1.72676966925216,0
9.98647005276462,1.72756521840207,0
9.99368402209044,1.72836055573015,0
10.0008979914163,1.72915568135474,0
10.0081119607421,1.729950595394,0
10.0153259300679,1.73074529796591,0
10.0225398993937,1.73153978918823,0
10.0297538687196,1.73233406917854,0
10.0369678380454,1.73312813805424,0
10.0441818073712,1.73392199593251,0
10.051395776697,1.73471564293037,0
10.0586097460229,1.73550907916462,0
10.0658237153487,1.73630230475187,0
10.0730376846745,1.73709531980857,0
10.0802516540003,1.73788812445095,0
10.0874656233262,1.73868071879506,0
10.094679592652,1.73947310295676,0
10.1018935619778,1.74026527705172,0
10.1091075313036,1.74105724119543,0
10.1163215006295,1.74184899550317,0
10.1235354699553,1.74264054009005,0
10.1307494392811,1.743431875071,0
10.1379634086069,1.74422300056073,0
10.1451773779327,1.7450139166738,0
10.1523913472586,1.74580462352456,0
10.1596053165844,1.74659512122719,0
10.1668192859102,1.74738540989566,0
10.174033255236,1.74817548964379,0
10.1812472245619,1.74896536058518,0
10.1884611938877,1.74975502283326,0
10.1956751632135,1.75054447650129,0
10.2028891325393,1.75133372170232,0
10.2101031018652,1.75212275854923,0
10.217317071191,1.75291158715472,0
10.2245310405168,1.75370020763131,0
10.2317450098426,1.75448862009131,0
10.2389589791685,1.75527682464689,0
10.2461729484943,1.75606482141001,0
10.2533869178201,1.75685261049245,0
10.2606008871459,1.75764019200581,0
10.2678148564718,1.75842756606154,0
10.2750288257976,1.75921473277085,0
10.2822427951234,1.76000169224483,0
10.2894567644492,1.76078844459435,0
10.2966707337751,1.76157498993013,0
10.3038847031009,1.76236132836268,0
10.3110986724267,1.76314746000235,0
10.3183126417525,1.76393338495933,0
10.3255266110784,1.76471910334358,0
10.3327405804042,1.76550461526494,0
10.33995454973,1.76628992083305,0
10.3471685190558,1.76707502015735,0
10.3543824883816,1.76785991334714,0
10.3615964577075,1.76864460051152,0
10.3688104270333,1.76942908175944,0
10.3760243963591,1.77021335719964,0
10.3832383656849,1.77099742694071,0
10.3904523350108,1.77178129109105,0
10.3976663043366,1.77256494975892,0
10.4048802736624,1.77334840305235,0
10.4120942429882,1.77413165107924,0
10.4193082123141,1.77491469394731,0
10.4265221816399,1.77569753176409,0
10.4337361509657,1.77648016463695,0
10.4409501202915,1.77726259267309,0
10.4481640896174,1.77804481597953,0
10.4553780589432,1.77882683466313,0
10.462592028269,1.77960864883056,0
10.4698059975948,1.78039025858834,0
10.4770199669207,1.7811716640428,0
10.4842339362465,1.78195286530012,0
10.4914479055723,1.78273386246629,0
10.4986618748981,1.78351465564715,0
10.505875844224,1.78429524494836,0
10.5130898135498,1.7850756304754,0
10.5203037828756,1.78585581233361,0
10.5275177522014,1.78663579062813,0
10.5347317215272,1.78741556546396,0
10.5419456908531,1.78819513694592,0
10.5491596601789,1.78897450517865,0
10.5563736295047,1.78975367026665,0
10.5635875988305,1.79053263231423,0
10.5708015681564,1.79131139142555,0
10.5780155374822,1.79208994770459,0
10.585229506808,1.79286830125518,0
10.5924434761338,1.79364645218096,0
10.5996574454597,1.79442440058544,0
10.6068714147855,1.79520214657193,0
10.6140853841113,1.79597969024361,0
10.6212993534371,1.79675703170346,0
10.628513322763,1.79753417105432,0
10.6357272920888,1.79831110839887,0
10.6429412614146,1.79908784383961,0
10.6501552307404,1.79986437747888,0
10.6573692000663,1.80064070941887,0
10.6645831693921,1.8014168397616,0
10.6717971387179,1.80219276860892,0
10.6790111080437,1.80296849606254,0
10.6862250773696,1.80374402222398,0
10.6934390466954,1.80451934719463,0
10.7006530160212,1.8052944710757,0
10.707866985347,1.80606939396824,0
10.7150809546729,1.80684411597314,0
10.7222949239987,1.80761863719114,0
10.7295088933245,1.80839295772282,0
10.7367228626503,1.80916707766858,0
10.7439368319761,1.80994099712869,0
10.751150801302,1.81071471620324,0
10.7583647706278,1.81148823499217,0
10.7655787399536,1.81226155359528,0
10.7727927092794,1.81303467211217,0
10.7800066786053,1.81380759064231,0
10.7872206479311,1.81458030928503,0
10.7944346172569,1.81535282813947,0
10.8016485865827,1.81612514730462,0
10.8088625559086,1.81689726687933,0
10.8160765252344,1.81766918696229,0
10.8232904945602,1.81844090765201,0
10.830504463886,1.81921242904689,0
10.8377184332119,1.81998375124513,0
10.8449324025377,1.82075487434481,0
10.8521463718635,1.82152579844382,0
10.8593603411893,1.82229652363993,0
10.8665743105152,1.82306705003075,0
10.873788279841,1.82383737771371,0
10.8810022491668,1.82460750678611,0
10.8882162184926,1.82537743734511,0
10.8954301878185,1.82614716948768,0
10.9026441571443,1.82691670331067,0
10.9098581264701,1.82768603891075,0
10.9170720957959,1.82845517638447,0
10.9242860651218,1.82922411582821,0
10.9315000344476,1.8299928573382,0
10.9387140037734,1.83076140101051,0
10.9459279730992,1.83152974694109,0
10.953141942425,1.8322978952257,0
10.9603559117509,1.83306584595997,0
10.9675698810767,1.83383359923939,0
10.9747838504025,1.83460115515929,0
10.9819978197283,1.83536851381484,0
10.9892117890542,1.83613567530107,0
10.99642575838,1.83690263971287,0
11.0036397277058,1.83766940714498,0
11.0108536970316,1.83843597769198,0
11.0180676663575,1.8392023514483,0
11.0252816356833,1.83996852850824,0
11.0324956050091,1.84073450896594,0
11.0397095743349,1.84150029291539,0
11.0469235436608,1.84226588045046,0
11.0541375129866,1.84303127166482,0
11.0613514823124,1.84379646665206,0
11.0685654516382,1.84456146550556,0
11.0757794209641,1.84532626831861,0
11.0829933902899,1.84609087518431,0
11.0902073596157,1.84685528619565,0
11.0974213289415,1.84761950144544,0
11.1046352982674,1.84838352102638,0
11.1118492675932,1.849147345031,0
11.119063236919,1.84991097355171,0
11.1262772062448,1.85067440668074,0
11.1334911755706,1.85143764451022,0
11.1407051448965,1.8522006871321,0
11.1479191142223,1.8529635346382,0
11.1551330835481,1.85372618712021,0
11.1623470528739,1.85448864466966,0
11.1695610221998,1.85525090737794,0
11.1767749915256,1.85601297533631,0
11.1839889608514,1.85677484863588,0
11.1912029301772,1.8575365273676,0
11.1984168995031,1.85829801162232,0
11.2056308688289,1.85905930149072,0
11.2128448381547,1.85982039706334,0
11.2200588074805,1.86058129843059,0
11.2272727768064,1.86134200568272,0
11.2344867461322,1.86210251890987,0
11.241700715458,1.86286283820202,0
11.2489146847838,1.86362296364902,0
11.2561286541097,1.86438289534056,0
11.2633426234355,1.86514263336623,0
11.2705565927613,1.86590217781543,0
11.2777705620871,1.86666152877747,0
11.284984531413,1.8674206863415,0
11.2921985007388,1.86817965059652,0
11.2994124700646,1.86893842163141,0
11.3066264393904,1.86969699953492,0
11.3138404087163,1.87045538439563,0
11.3210543780421,1.87121357630202,0
11.3282683473679,1.87197157534241,0
11.3354823166937,1.87272938160499,0
11.3426962860195,1.87348699517781,0
11.3499102553454,1.87424441614879,0
11.3571242246712,1.87500164460571,0
11.364338193997,1.87575868063623,0
11.3715521633228,1.87651552432784,0
11.3787661326487,1.87727217576792,0
11.3859801019745,1.87802863504372,0
11.3931940713003,1.87878490224234,0
11.4004080406261,1.87954097745075,0
11.407622009952,1.88029686075579,0
11.4148359792778,1.88105255224416,0
11.4220499486036,1.88180805200244,0
11.4292639179294,1.88256336011705,0
11.4364778872553,1.8833184766743,0
11.4436918565811,1.88407340176037,0
11.4509058259069,1.88482813546128,0
11.4581197952327,1.88558267786295,0
11.4653337645586,1.88633702905114,0
11.4725477338844,1.8870911891115,0
11.4797617032102,1.88784515812954,0
11.486975672536,1.88859893619062,0
11.4941896418619,1.88935252338,0
11.5014036111877,1.8901059197828,0
11.5086175805135,1.89085912548398,0
11.5158315498393,1.89161214056842,0
11.5230455191651,1.89236496512082,0
11.530259488491,1.89311759922579,0
11.5374734578168,1.89387004296778,0
11.5446874271426,1.89462229643113,0
11.5519013964684,1.89537435970004,0
11.5591153657943,1.89612623285858,0
11.5663293351201,1.8968779159907,0
11.5735433044459,1.89762940918021,0
11.5807572737717,1.89838071251079,0
11.5879712430976,1.89913182606602,0
11.5951852124234,1.89988274992932,0
11.6023991817492,1.90063348418398,0
11.609613151075,1.90138402891319,0
11.6168271204009,1.90213438419999,0
11.6240410897267,1.9028845501273,0
11.6312550590525,1.90363452677792,0
11.6384690283783,1.9043843142345,0
11.6456829977042,1.9051339125796,0
11.65289696703,1.90588332189561,0
11.6601109363558,1.90663254226483,0
11.6673249056816,1.90738157376942,0
11.6745388750075,1.90813041649141,0
11.6817528443333,1.90887907051271,0
11.6889668136591,1.9096275359151,0
11.6961807829849,1.91037581278025,0
11.7033947523107,1.91112390118968,0
11.7106087216366,1.91187180122481,0
11.7178226909624,1.91261951296691,0
11.7250366602882,1.91336703649715,0
11.732250629614,1.91411437189657,0
11.7394645989399,1.91486151924607,0
11.7466785682657,1.91560847862645,0
11.7538925375915,1.91635525011836,0
11.7611065069173,1.91710183380236,0
11.7683204762432,1.91784822975885,0
11.775534445569,1.91859443806814,0
11.7827484148948,1.9193404588104,0
11.7899623842206,1.92008629206567,0
11.7971763535465,1.9208319379139,0
11.8043903228723,1.92157739643487,0
11.8116042921981,1.92232266770828,0
11.8188182615239,1.9230677518137,0
11.8260322308498,1.92381264883055,0
11.8332462001756,1.92455735883817,0
11.8404601695014,1.92530188191575,0
11.8476741388272,1.92604621814238,0
11.8548881081531,1.926790367597,0
11.8621020774789,1.92753433035846,0
11.8693160468047,1.92827810650547,0
11.8765300161305,1.92902169611664,0
11.8837439854564,1.92976509927044,0
11.8909579547822,1.93050831604523,0
11.898171924108,1.93125134651924,0
11.9053858934338,1.9319941907706,0
11.9125998627596,1.93273684887732,0
11.9198138320855,1.93347932091726,0
11.9270278014113,1.9342216069682,0
11.9342417707371,1.93496370710778,0
11.9414557400629,1.93570562141352,0
11.9486697093888,1.93644734996284,0
11.9558836787146,1.93718889283303,0
11.9630976480404,1.93793025010126,0
11.9703116173662,1.93867142184459,0
11.9775255866921,1.93941240813995,0
11.9847395560179,1.94015320906417,0
11.9919535253437,1.94089382469396,0
11.9991674946695,1.9416342551059,0
12.0063814639954,1.94237450037647,0
12.0135954333212,1.94311456058202,0
12.020809402647,1.94385443579879,0
12.0280233719728,1.94459412610291,0
12.0352373412987,1.94533363157038,0
12.0424513106245,1.9460729522771,0
12.0496652799503,1.94681208829885,0
12.0568792492761,1.94755103971128,0
12.064093218602,1.94828980658996,0
12.0713071879278,1.9490283890103,0
12.0785211572536,1.94976678704763,0
12.0857351265794,1.95050500077716,0
12.0929490959053,1.95124303027397,0
12.1001630652311,1.95198087561304,0
12.1073770345569,1.95271853686923,0
12.1145910038827,1.9534560141173,0
12.1218049732085,1.95419330743187,0
12.1290189425344,1.95493041688747,0
12.1362329118602,1.95566734255852,0
12.143446881186,1.9564040845193,0
12.1506608505118,1.95714064284399,0
12.1578748198377,1.95787701760669,0
12.1650887891635,1.95861320888133,0
12.1723027584893,1.95934921674177,0
12.1795167278151,1.96008504126174,0
12.186730697141,1.96082068251487,0
12.1939446664668,1.96155614057467,0
12.2011586357926,1.96229141551453,0
12.2083726051184,1.96302650740776,0
12.2155865744443,1.96376141632752,0
12.2228005437701,1.96449614234689,0
12.2300145130959,1.96523068553881,0
12.2372284824217,1.96596504597615,0
12.2444424517476,1.96669922373162,0
12.2516564210734,1.96743321887787,0
12.2588703903992,1.9681670314874,0
12.266084359725,1.96890066163262,0
12.2732983290509,1.96963410938583,0
12.2805122983767,1.97036737481922,0
12.2877262677025,1.97110045800486,0
12.2949402370283,1.97183335901472,0
12.3021542063541,1.97256607792066,0
12.30936817568,1.97329861479443,0
12.3165821450058,1.97403096970768,0
12.3237961143316,1.97476314273194,0
12.3310100836574,1.97549513393864,0
12.3382240529833,1.97622694339909,0
12.3454380223091,1.9769585711845,0
12.3526519916349,1.97769001736598,0
12.3598659609607,1.97842128201452,0
12.3670799302866,1.97915236520101,0
12.3742938996124,1.97988326699624,0
12.3815078689382,1.98061398747086,0
12.388721838264,1.98134452669546,0
12.3959358075899,1.98207488474048,0
12.4031497769157,1.98280506167629,0
12.4103637462415,1.98353505757313,0
12.4175777155673,1.98426487250115,0
12.4247916848932,1.98499450653037,0
12.432005654219,1.98572395973072,0
12.4392196235448,1.98645323217204,0
12.4464335928706,1.98718232392404,0
12.4536475621965,1.98791123505632,0
12.4608615315223,1.98863996563841,0
12.4680755008481,1.98936851573969,0
12.4752894701739,1.99009688542947,0
12.4825034394998,1.99082507477695,0
12.4897174088256,1.99155308385121,0
12.4969313781514,1.99228091272123,0
12.5041453474772,1.99300856145589,0
12.511359316803,1.99373603012398,0
12.5185732861289,1.99446331879416,0
12.5257872554547,1.99519042753501,0
12.5330012247805,1.99591735641498,0
12.5402151941063,1.99664410550243,0
12.5474291634322,1.99737067486564,0
12.554643132758,1.99809706457275,0
12.5618571020838,1.99882327469181,0
12.5690710714096,1.99954930529078,0
12.5762850407355,2.0002751564375,0
12.5834990100613,2.00100082819972,0
12.5907129793871,2.00172632064508,0
12.5979269487129,2.00245163384112,0
12.6051409180388,2.00317676785528,0
12.6123548873646,2.00390172275489,0
12.6195688566904,2.0046264986072,0
12.6267828260162,2.00535109547933,0
12.6339967953421,2.00607551343832,0
12.6412107646679,2.0067997525511,0
12.6484247339937,2.0075238128845,0
12.6556387033195,2.00824769450524,0
12.6628526726454,2.00897139747997,0
12.6700666419712,2.0096949218752,0
12.677280611297,2.01041826775736,0
12.6844945806228,2.01114143519279,0
12.6917085499487,2.0118644242477,0
12.6989225192745,2.01258723498823,0
12.7061364886003,2.01330986748041,0
12.7133504579261,2.01403232179016,0
12.7205644272519,2.01475459798332,0
12.7277783965778,2.0154766961256,0
12.7349923659036,2.01619861628265,0
12.7422063352294,2.01692035852,0
12.7494203045552,2.01764192290307,0
12.7566342738811,2.0183633094972,0
12.7638482432069,2.01908451836763,0
12.7710622125327,2.01980554957949,0
12.7782761818585,2.02052640319783,0
12.7854901511844,2.02124707928758,0
12.7927041205102,2.02196757791358,0
12.799918089836,2.02268789914058,0
12.8071320591618,2.02340804303324,0
12.8143460284877,2.02412800965609,0
12.8215599978135,2.02484779907359,0
12.8287739671393,2.02556741135009,0
12.8359879364651,2.02628684654986,0
12.843201905791,2.02700610473706,0
12.8504158751168,2.02772518597574,0
12.8576298444426,2.02844409032988,0
12.8648438137684,2.02916281786335,0
12.8720577830943,2.02988136863993,0
12.8792717524201,2.03059974272328,0
12.8864857217459,2.031317940177,0
12.8936996910717,2.03203596106457,0
12.9009136603975,2.03275380544939,0
12.9081276297234,2.03347147339474,0
12.9153415990492,2.03418896496383,0
12.922555568375,2.03490628021976,0
12.9297695377008,2.03562341922555,0
12.9369835070267,2.0363403820441,0
12.9441974763525,2.03705716873824,0
12.9514114456783,2.03777377937069,0
12.9586254150041,2.03849021400408,0
12.96583938433,2.03920647270094,0
12.9730533536558,2.03992255552373,0
12.9802673229816,2.04063846253478,0
12.9874812923074,2.04135419379634,0
12.9946952616333,2.04206974937059,0
13.0019092309591,2.04278512931957,0
13.0091232002849,2.04350033370527,0
13.0163371696107,2.04421536258956,0
13.0235511389366,2.04493021603422,0
13.0307651082624,2.04564489410095,0
13.0379790775882,2.04635939685135,0
13.045193046914,2.04707372434692,0
13.0524070162399,2.04778787664908,0
13.0596209855657,2.04850185381913,0
13.0668349548915,2.04921565591832,0
13.0740489242173,2.04992928300777,0
13.0812628935432,2.05064273514853,0
13.088476862869,2.05135601240155,0
13.0956908321948,2.05206911482769,0
13.1029048015206,2.05278204248771,0
13.1101187708464,2.05349479544229,0
13.1173327401723,2.054207373752,0
13.1245467094981,2.05491977747736,0
13.1317606788239,2.05563200667874,0
13.1389746481497,2.05634406141647,0
13.1461886174756,2.05705594175075,0
13.1534025868014,2.05776764774173,0
13.1606165561272,2.05847917944942,0
13.167830525453,2.05919053693379,0
13.1750444947789,2.05990172025468,0
13.1822584641047,2.06061272947186,0
13.1894724334305,2.061323564645,0
13.1966864027563,2.06203422583369,0
13.2039003720822,2.06274471309742,0
13.211114341408,2.06345502649559,0
13.2183283107338,2.06416516608752,0
13.2255422800596,2.06487513193243,0
13.2327562493855,2.06558492408947,0
13.2399702187113,2.06629454261767,0
13.2471841880371,2.06700398757599,0
13.2543981573629,2.0677132590233,0
13.2616121266888,2.06842235701837,0
13.2688260960146,2.0691312816199,0
13.2760400653404,2.06984003288649,0
13.2832540346662,2.07054861087665,0
13.290468003992,2.0712570156488,0
13.2976819733179,2.07196524726128,0
13.3048959426437,2.07267330577233,0
13.3121099119695,2.07338119124012,0
13.3193238812953,2.07408890372271,0
13.3265378506212,2.07479644327809,0
13.333751819947,2.07550380996415,0
13.3409657892728,2.0762110038387,0
13.3481797585986,2.07691802495946,0
13.3553937279245,2.07762487338407,0
13.3626076972503,2.07833154917006,0
13.3698216665761,2.0790380523749,0
13.3770356359019,2.07974438305596,0
13.3842496052278,2.08045054127052,0
13.3914635745536,2.08115652707578,0
13.3986775438794,2.08186234052885,0
13.4058915132052,2.08256798168676,0
13.4131054825311,2.08327345060644,0
13.4203194518569,2.08397874734475,0
13.4275334211827,2.08468387195845,0
13.4347473905085,2.08538882450422,0
13.4419613598344,2.08609360503865,0
13.4491753291602,2.08679821361826,0
13.456389298486,2.08750265029946,0
13.4636032678118,2.0882069151386,0
13.4708172371377,2.08891100819191,0
13.4780312064635,2.08961492951558,0
13.4852451757893,2.09031867916567,0
13.4924591451151,2.09102225719819,0
13.4996731144409,2.09172566366905,0
13.5068870837668,2.09242889863407,0
13.5141010530926,2.09313196214899,0
13.5213150224184,2.09383485426947,0
13.5285289917442,2.09453757505108,0
13.5357429610701,2.09524012454932,0
13.5429569303959,2.09594250281957,0
13.5501708997217,2.09664470991717,0
13.5573848690475,2.09734674589734,0
13.5645988383734,2.09804861081525,0
13.5718128076992,2.09875030472595,0
13.579026777025,2.09945182768443,0
13.5862407463508,2.10015317974559,0
13.5934547156767,2.10085436096424,0
13.6006686850025,2.10155537139513,0
13.6078826543283,2.1022562110929,0
13.6150966236541,2.10295688011212,0
13.62231059298,2.10365737850727,0
13.6295245623058,2.10435770633275,0
13.6367385316316,2.10505786364289,0
13.6439525009574,2.10575785049191,0
13.6511664702833,2.10645766693398,0
13.6583804396091,2.10715731302316,0
13.6655944089349,2.10785678881344,0
13.6728083782607,2.10855609435873,0
13.6800223475866,2.10925522971286,0
13.6872363169124,2.10995419492955,0
13.6944502862382,2.11065299006249,0
13.701664255564,2.11135161516523,0
13.7088782248898,2.11205007029129,0
13.7160921942157,2.11274835549407,0
13.7233061635415,2.11344647082692,0
13.7305201328673,2.11414441634308,0
13.7377341021931,2.11484219209572,0
13.744948071519,2.11553979813794,0
13.7521620408448,2.11623723452275,0
13.7593760101706,2.11693450130306,0
13.7665899794964,2.11763159853175,0
13.7738039488223,2.11832852626156,0
13.7810179181481,2.11902528454518,0
13.7882318874739,2.11972187343523,0
13.7954458567997,2.12041829298423,0
13.8026598261256,2.12111454324462,0
13.8098737954514,2.12181062426877,0
13.8170877647772,2.12250653610896,0
13.824301734103,2.1232022788174,0
13.8315157034289,2.12389785244622,0
13.8387296727547,2.12459325704747,0
13.8459436420805,2.1252884926731,0
13.8531576114063,2.125983559375,0
13.8603715807322,2.12667845720499,0
13.867585550058,2.1273731862148,0
13.8747995193838,2.12806774645606,0
13.8820134887096,2.12876213798035,0
13.8892274580354,2.12945636083917,0
13.8964414273613,2.13015041508392,0
13.9036553966871,2.13084430076594,0
13.9108693660129,2.13153801793648,0
13.9180833353387,2.13223156664673,0
13.9252973046646,2.13292494694777,0
13.9325112739904,2.13361815889062,0
13.9397252433162,2.13431120252624,0
13.946939212642,2.13500407790548,0
13.9541531819679,2.13569678507912,0
13.9613671512937,2.13638932409788,0
13.9685811206195,2.13708169501238,0
13.9757950899453,2.13777389787318,0
13.9830090592712,2.13846593273075,0
13.990223028597,2.13915779963548,0
13.9974369979228,2.1398494986377,0
14.0046509672486,2.14054102978765,0
14.0118649365745,2.14123239313549,0
14.0190789059003,2.1419235887313,0
14.0262928752261,2.14261461662511,0
14.0335068445519,2.14330547686684,0
14.0407208138778,2.14399616950635,0
14.0479347832036,2.14468669459342,0
14.0551487525294,2.14537705217775,0
14.0623627218552,2.14606724230898,0
14.0695766911811,2.14675726503664,0
14.0767906605069,2.14744712041022,0
14.0840046298327,2.14813680847912,0
14.0912185991585,2.14882632929264,0
14.0984325684843,2.14951568290005,0
14.1056465378102,2.15020486935051,0
14.112860507136,2.15089388869311,0
14.1200744764618,2.15158274097688,0
14.1272884457876,2.15227142625075,0
14.1345024151135,2.15295994456359,0
14.1417163844393,2.1536482959642,0
14.1489303537651,2.15433648050129,0
14.1561443230909,2.15502449822349,0
14.1633582924168,2.15571234917939,0
14.1705722617426,2.15640003341746,0
14.1777862310684,2.15708755098613,0
14.1850002003942,2.15777490193373,0
14.1922141697201,2.15846208630853,0
14.1994281390459,2.15914910415872,0
14.2066421083717,2.15983595553243,0
14.2138560776975,2.16052264047768,0
14.2210700470234,2.16120915904246,0
14.2282840163492,2.16189551127464,0
14.235497985675,2.16258169722206,0
14.2427119550008,2.16326771693246,0
14.2499259243267,2.16395357045351,0
14.2571398936525,2.16463925783281,0
14.2643538629783,2.16532477911787,0
14.2715678323041,2.16601013435616,0
14.2787818016299,2.16669532359504,0
14.2859957709558,2.16738034688182,0
14.2932097402816,2.16806520426373,0
14.3004237096074,2.16874989578793,0
14.3076376789332,2.16943442150149,0
14.3148516482591,2.17011878145142,0
14.3220656175849,2.17080297568467,0
14.3292795869107,2.1714870042481,0
14.3364935562365,2.17217086718849,0
14.3437075255624,2.17285456455256,0
14.3509214948882,2.17353809638696,0
14.358135464214,2.17422146273826,0
14.3653494335398,2.17490466365296,0
14.3725634028657,2.17558769917749,0
14.3797773721915,2.1762705693582,0
14.3869913415173,2.17695327424137,0
14.3942053108431,2.17763581387321,0
14.401419280169,2.17831818829987,0
14.4086332494948,2.1790003975674,0
14.4158472188206,2.1796824417218,0
14.4230611881464,2.180364320809,0
14.4302751574723,2.18104603487484,0
14.4374891267981,2.18172758396511,0
14.4447030961239,2.1824089681255,0
14.4519170654497,2.18309018740167,0
14.4591310347756,2.18377124183916,0
14.4663450041014,2.18445213148348,0
14.4735589734272,2.18513285638004,0
14.480772942753,2.18581341657419,0
14.4879869120788,2.18649381211122,0
14.4952008814047,2.18717404303634,0
14.5024148507305,2.18785410939468,0
14.5096288200563,2.1885340112313,0
14.5168427893821,2.18921374859121,0
14.524056758708,2.18989332151934,0
14.5312707280338,2.19057273006052,0
14.5384846973596,2.19125197425956,0
14.5456986666854,2.19193105416116,0
14.5529126360113,2.19260996980997,0
14.5601266053371,2.19328872125056,0
14.5673405746629,2.19396730852743,0
14.5745545439887,2.19464573168503,0
14.5817685133146,2.1953239907677,0
14.5889824826404,2.19600208581975,0
14.5961964519662,2.19668001688541,0
14.603410421292,2.19735778400881,0
14.6106243906179,2.19803538723406,0
14.6178383599437,2.19871282660516,0
14.6250523292695,2.19939010216606,0
14.6322662985953,2.20006721396063,0
14.6394802679212,2.20074416203269,0
14.646694237247,2.20142094642597,0
14.6539082065728,2.20209756718414,0
14.6611221758986,2.20277402435079,0
14.6683361452245,2.20345031796947,0
14.6755501145503,2.20412644808363,0
14.6827640838761,2.20480241473666,0
14.6899780532019,2.20547821797189,0
14.6971920225277,2.20615385783258,0
14.7044059918536,2.2068293343619,0
14.7116199611794,2.20750464760299,0
14.7188339305052,2.20817979759889,0
14.726047899831,2.20885478439258,0
14.7332618691569,2.20952960802698,0
14.7404758384827,2.21020426854493,0
14.7476898078085,2.21087876598921,0
14.7549037771343,2.21155310040252,0
14.7621177464602,2.21222727182752,0
14.769331715786,2.21290128030677,0
14.7765456851118,2.21357512588278,0
14.7837596544376,2.214248808598,0
14.7909736237635,2.21492232849478,0
14.7981875930893,2.21559568561543,0
14.8054015624151,2.21626888000219,0
14.8126155317409,2.21694191169723,0
14.8198295010668,2.21761478074265,0
14.8270434703926,2.21828748718048,0
14.8342574397184,2.21896003105269,0
14.8414714090442,2.21963241240118,0
14.8486853783701,2.22030463126778,0
14.8558993476959,2.22097668769426,0
14.8631133170217,2.22164858172232,0
14.8703272863475,2.22232031339359,0
14.8775412556733,2.22299188274963,0
14.8847552249992,2.22366328983194,0
14.891969194325,2.22433453468197,0
14.8991831636508,2.22500561734107,0
14.9063971329766,2.22567653785054,0
14.9136111023025,2.22634729625162,0
14.9208250716283,2.22701789258547,0
14.9280390409541,2.2276883268932,0
14.9352530102799,2.22835859921584,0
14.9424669796058,2.22902870959436,0
14.9496809489316,2.22969865806967,0
14.9568949182574,2.23036844468259,0
14.9641088875832,2.23103806947391,0
14.9713228569091,2.23170753248433,0
14.9785368262349,2.23237683375449,0
14.9857507955607,2.23304597332497,0
14.9929647648865,2.23371495123627,0
15.0001787342124,2.23438376752884,0
15.0073927035382,2.23505242224305,0
15.014606672864,2.23572091541923,0
15.0218206421898,2.23638924709761,0
15.0290346115157,2.23705741731839,0
15.0362485808415,2.23772542612168,0
15.0434625501673,2.23839327354754,0
15.0506765194931,2.23906095963595,0
15.057890488819,2.23972848442684,0
15.0651044581448,2.24039584796006,0
15.0723184274706,2.24106305027541,0
15.0795323967964,2.24173009141262,0
15.0867463661222,2.24239697141136,0
15.0939603354481,2.24306369031123,0
15.1011743047739,2.24373024815176,0
15.1083882740997,2.24439664497242,0
15.1156022434255,2.24506288081263,0
15.1228162127514,2.24572895571172,0
15.1300301820772,2.24639486970898,0
15.137244151403,2.24706062284362,0
15.1444581207288,2.2477262151548,0
15.1516720900547,2.2483916466816,0
15.1588860593805,2.24905691746305,0
15.1661000287063,2.2497220275381,0
15.1733139980321,2.25038697694566,0
15.180527967358,2.25105176572455,0
15.1877419366838,2.25171639391355,0
15.1949559060096,2.25238086155136,0
15.2021698753354,2.25304516867663,0
15.2093838446613,2.25370931532793,0
15.2165978139871,2.25437330154378,0
15.2238117833129,2.25503712736264,0
15.2310257526387,2.25570079282289,0
15.2382397219646,2.25636429796286,0
15.2454536912904,2.25702764282082,0
15.2526676606162,2.25769082743497,0
15.259881629942,2.25835385184343,0
15.2670955992678,2.2590167160843,0
15.2743095685937,2.25967942019558,0
15.2815235379195,2.26034196421523,0
15.2887375072453,2.26100434818112,0
15.2959514765711,2.26166657213109,0
15.303165445897,2.2623286361029,0
15.3103794152228,2.26299054013425,0
15.3175933845486,2.26365228426277,0
15.3248073538744,2.26431386852605,0
15.3320213232003,2.26497529296159,0
15.3392352925261,2.26563655760685,0
15.3464492618519,2.26629766249921,0
15.3536632311777,2.26695860767602,0
15.3608772005036,2.26761939317452,0
15.3680911698294,2.26828001903192,0
15.3753051391552,2.26894048528537,0
15.382519108481,2.26960079197195,0
15.3897330778069,2.27026093912868,0
15.3969470471327,2.2709209267925,0
15.4041610164585,2.27158075500033,0
15.4113749857843,2.27224042378899,0
15.4185889551102,2.27289993319525,0
15.425802924436,2.27355928325583,0
15.4330168937618,2.27421847400737,0
15.4402308630876,2.27487750548648,0
15.4474448324135,2.27553637772967,0
15.4546588017393,2.2761950907734,0
15.4618727710651,2.2768536446541,0
15.4690867403909,2.2775120394081,0
15.4763007097167,2.27817027507168,0
15.4835146790426,2.27882835168108,0
15.4907286483684,2.27948626927245,0
15.4979426176942,2.28014402788189,0
15.50515658702,2.28080162754545,0
15.5123705563459,2.2814590682991,0
15.5195845256717,2.28211635017877,0
15.5267984949975,2.28277347322032,0
15.5340124643233,2.28343043745955,0
15.5412264336492,2.28408724293219,0
15.548440402975,2.28474388967393,0
15.5556543723008,2.28540037772038,0
15.5628683416266,2.2860567071071,0
15.5700823109525,2.28671287786959,0
15.5772962802783,2.2873688900433,0
15.5845102496041,2.28802474366359,0
15.5917242189299,2.28868043876579,0
15.5989381882558,2.28933597538516,0
15.6061521575816,2.2899913535569,0
15.6133661269074,2.29064657331614,0
15.6205800962332,2.29130163469796,0
15.6277940655591,2.2919565377374,0
15.6350080348849,2.2926112824694,0
15.6422220042107,2.29326586892887,0
15.6494359735365,2.29392029715065,0
15.6566499428623,2.29457456716953,0
15.6638639121882,2.29522867902022,0
15.671077881514,2.2958826327374,0
15.6782918508398,2.29653642835566,0
15.6855058201656,2.29719006590956,0
15.6927197894915,2.29784354543358,0
15.6999337588173,2.29849686696215,0
15.7071477281431,2.29915003052964,0
15.7143616974689,2.29980303617036,0
15.7215756667948,2.30045588391856,0
15.7287896361206,2.30110857380843,0
15.7360036054464,2.30176110587411,0
15.7432175747722,2.30241348014968,0
15.7504315440981,2.30306569666914,0
15.7576455134239,2.30371775546647,0
15.7648594827497,2.30436965657556,0
15.7720734520755,2.30502140003025,0
15.7792874214014,2.30567298586432,0
15.7865013907272,2.3063244141115,0
15.793715360053,2.30697568480547,0
15.8009293293788,2.30762679797982,0
15.8081432987047,2.3082777536681,0
15.8153572680305,2.30892855190382,0
15.8225712373563,2.3095791927204,0
15.8297852066821,2.31022967615123,0
15.836999176008,2.31088000222961,0
15.8442131453338,2.31153017098882,0
15.8514271146596,2.31218018246205,0
15.8586410839854,2.31283003668245,0
15.8658550533112,2.31347973368312,0
15.8730690226371,2.31412927349707,0
15.8802829919629,2.31477865615729,0
15.8874969612887,2.31542788169669,0
15.8947109306145,2.31607695014812,0
15.9019248999404,2.31672586154439,0
15.9091388692662,2.31737461591824,0
15.916352838592,2.31802321330236,0
15.9235668079178,2.31867165372938,0
15.9307807772437,2.31931993723186,0
15.9379947465695,2.31996806384233,0
15.9452087158953,2.32061603359324,0
15.9524226852211,2.32126384651699,0
15.959636654547,2.32191150264592,0
15.9668506238728,2.32255900201233,0
15.9740645931986,2.32320634464844,0
15.9812785625244,2.32385353058642,0
15.9884925318503,2.3245005598584,0
15.9957065011761,2.32514743249644,0
16.0029204705019,2.32579414853253,0
16.0101344398277,2.32644070799862,0
16.0173484091536,2.3270871109266,0
16.0245623784794,2.32773335734832,0
16.0317763478052,2.32837944729554,0
16.038990317131,2.32902538079998,0
16.0462042864568,2.32967115789332,0
16.0534182557827,2.33031677860716,0
16.0606322251085,2.33096224297305,0
16.0678461944343,2.3316075510225,0
16.0750601637601,2.33225270278693,0
16.082274133086,2.33289769829773,0
16.0894881024118,2.33354253758624,0
16.0967020717376,2.33418722068373,0
16.1039160410634,2.33483174762141,0
16.1111300103893,2.33547611843044,0
16.1183439797151,2.33612033314193,0
16.1255579490409,2.33676439178693,0
16.1327719183667,2.33740829439642,0
16.1399858876926,2.33805204100136,0
16.1471998570184,2.33869563163262,0
16.1544138263442,2.33933906632103,0
16.16162779567,2.33998234509736,0
16.1688417649959,2.34062546799233,0
16.1760557343217,2.3412684350366,0
16.1832697036475,2.34191124626077,0
16.1904836729733,2.34255390169539,0
16.1976976422992,2.34319640137096,0
16.204911611625,2.34383874531793,0
16.2121255809508,2.34448093356667,0
16.2193395502766,2.34512296614751,0
16.2265535196025,2.34576484309073,0
16.2337674889283,2.34640656442655,0
16.2409814582541,2.34704813018513,0
16.2481954275799,2.34768954039659,0
16.2554093969057,2.34833079509097,0
16.2626233662316,2.34897189429829,0
16.2698373355574,2.34961283804849,0
16.2770513048832,2.35025362637145,0
16.284265274209,2.35089425929701,0
16.2914792435349,2.35153473685497,0
16.2986932128607,2.35217505907503,0
16.3059071821865,2.35281522598689,0
16.3131211515123,2.35345523762014,0
16.3203351208382,2.35409509400437,0
16.327549090164,2.35473479516908,0
16.3347630594898,2.35537434114373,0
16.3419770288156,2.35601373195772,0
16.3491909981415,2.35665296764038,0
16.3564049674673,2.35729204822103,0
16.3636189367931,2.3579309737289,0
16.3708329061189,2.35856974419317,0
16.3780468754448,2.35920835964298,0
16.3852608447706,2.35984682010739,0
16.3924748140964,2.36048512561544,0
16.3996887834222,2.3611232761961,0
16.4069027527481,2.36176127187828,0
16.4141167220739,2.36239911269084,0
16.4213306913997,2.36303679866259,0
16.4285446607255,2.36367432982229,0
16.4357586300513,2.36431170619863,0
16.4429725993772,2.36494892782027,0
16.450186568703,2.3655859947158,0
16.4574005380288,2.36622290691376,0
16.4646145073546,2.36685966444263,0
16.4718284766805,2.36749626733086,0
16.4790424460063,2.36813271560681,0
16.4862564153321,2.36876900929883,0
16.4934703846579,2.36940514843517,0
16.5006843539838,2.37004113304407,0
16.5078983233096,2.37067696315369,0
16.5151122926354,2.37131263879215,0
16.5223262619612,2.3719481599875,0
16.5295402312871,2.37258352676775,0
16.5367542006129,2.37321873916087,0
16.5439681699387,2.37385379719475,0
16.5511821392645,2.37448870089724,0
16.5583961085904,2.37512345029615,0
16.5656100779162,2.3757580454192,0
16.572824047242,2.37639248629411,0
16.5800380165678,2.37702677294849,0
16.5872519858937,2.37766090540995,0
16.5944659552195,2.37829488370601,0
16.6016799245453,2.37892870786415,0
16.6088938938711,2.37956237791181,0
16.6161078631969,2.38019589387635,0
16.6233218325228,2.38082925578511,0
16.6305358018486,2.38146246366535,0
16.6377497711744,2.38209551754429,0
16.6449637405002,2.3827284174491,0
16.6521777098261,2.38336116340689,0
16.6593916791519,2.38399375544473,0
16.6666056484777,2.38462619358962,0
16.6738196178035,2.38525847786852,0
16.6810335871294,2.38589060830833,0
16.6882475564552,2.38652258493592,0
16.695461525781,2.38715440777808,0
16.7026754951068,2.38778607686156,0
16.7098894644327,2.38841759221306,0
16.7171034337585,2.38904895385922,0
16.7243174030843,2.38968016182664,0
16.7315313724101,2.39031121614186,0
16.738745341736,2.39094211683138,0
16.7459593110618,2.39157286392162,0
16.7531732803876,2.39220345743898,0
16.7603872497134,2.39283389740979,0
16.7676012190393,2.39346418386033,0
16.7748151883651,2.39409431681684,0
16.7820291576909,2.3947242963055,0
16.7892431270167,2.39535412235244,0
16.7964570963426,2.39598379498373,0
16.8036710656684,2.39661331422541,0
16.8108850349942,2.39724268010344,0
16.81809900432,2.39787189264375,0
16.8253129736459,2.39850095187221,0
16.8325269429717,2.39912985781465,0
16.8397409122975,2.39975861049683,0
16.8469548816233,2.40038720994448,0
16.8541688509491,2.40101565618326,0
16.861382820275,2.40164394923878,0
16.8685967896008,2.40227208913662,0
16.8758107589266,2.40290007590229,0
16.8830247282524,2.40352790956125,0
16.8902386975783,2.40415559013891,0
16.8974526669041,2.40478311766065,0
16.9046666362299,2.40541049215176,0
16.9118806055557,2.40603771363751,0
16.9190945748816,2.40666478214311,0
16.9263085442074,2.40729169769372,0
16.9335225135332,2.40791846031445,0
16.940736482859,2.40854507003036,0
16.9479504521849,2.40917152686644,0
16.9551644215107,2.40979783084766,0
16.9623783908365,2.41042398199893,0
16.9695923601623,2.4110499803451,0
16.9768063294882,2.41167582591098,0
16.984020298814,2.41230151872131,0
16.9912342681398,2.41292705880082,0
16.9984482374656,2.41355244617414,0
17.0056622067914,2.41417768086588,0
17.0128761761173,2.41480276290061,0
17.0200901454431,2.41542769230281,0
17.0273041147689,2.41605246909695,0
17.0345180840947,2.41667709330743,0
17.0417320534206,2.4173015649586,0
17.0489460227464,2.41792588407476,0
17.0561599920722,2.41855005068017,0
17.063373961398,2.41917406479903,0
17.0705879307239,2.41979792645549,0
17.0778019000497,2.42042163567366,0
17.0850158693755,2.42104519247759,0
17.0922298387013,2.42166859689129,0
17.0994438080272,2.4222918489387,0
17.106657777353,2.42291494864373,0
17.1138717466788,2.42353789603024,0
17.1210857160046,2.42416069112203,0
17.1282996853305,2.42478333394286,0
17.1355136546563,2.42540582451642,0
17.1427276239821,2.42602816286639,0
17.1499415933079,2.42665034901635,0
17.1571555626338,2.42727238298988,0
17.1643695319596,2.42789426481047,0
17.1715835012854,2.42851599450159,0
17.1787974706112,2.42913757208665,0
17.1860114399371,2.42975899758899,0
17.1932254092629,2.43038027103194,0
17.2004393785887,2.43100139243875,0
17.2076533479145,2.43162236183264,0
17.2148673172404,2.43224317923677,0
17.2220812865662,2.43286384467424,0
17.229295255892,2.43348435816813,0
17.2365092252178,2.43410471974144,0
17.2437231945436,2.43472492941715,0
17.2509371638695,2.43534498721817,0
17.2581511331953,2.43596489316736,0
17.2653651025211,2.43658464728756,0
17.2725790718469,2.43720424960152,0
17.2797930411728,2.43782370013196,0
17.2870070104986,2.43844299890156,0
17.2942209798244,2.43906214593295,0
17.3014349491502,2.43968114124869,0
17.3086489184761,2.44029998487131,0
17.3158628878019,2.44091867682329,0
17.3230768571277,2.44153721712706,0
17.3302908264535,2.44215560580499,0
17.3375047957794,2.44277384287942,0
17.3447187651052,2.44339192837262,0
17.351932734431,2.44400986230684,0
17.3591467037568,2.44462764470425,0
17.3663606730827,2.445245275587,0
17.3735746424085,2.44586275497717,0
17.3807886117343,2.4464800828968,0
17.3880025810601,2.44709725936788,0
17.3952165503859,2.44771428441235,0
17.4024305197118,2.44833115805212,0
17.4096444890376,2.44894788030902,0
17.4168584583634,2.44956445120486,0
17.4240724276892,2.45018087076138,0
17.4312863970151,2.45079713900028,0
17.4385003663409,2.45141325594322,0
17.4457143356667,2.45202922161181,0
17.4529283049925,2.4526450360276,0
17.4601422743184,2.45326069921209,0
17.4673562436442,2.45387621118676,0
17.47457021297,2.45449157197302,0
17.4817841822958,2.45510678159222,0
17.4889981516217,2.45572184006568,0
17.4962121209475,2.45633674741469,0
17.5034260902733,2.45695150366045,0
17.5106400595991,2.45756610882413,0
17.517854028925,2.45818056292688,0
17.5250679982508,2.45879486598976,0
17.5322819675766,2.4594090180338,0
17.5394959369024,2.46002301907998,0
17.5467099062283,2.46063686914925,0
17.5539238755541,2.46125056826249,0
17.5611378448799,2.46186411644053,0
17.5683518142057,2.46247751370417,0
17.5755657835316,2.46309076007415,0
17.5827797528574,2.46370385557117,0
17.5899937221832,2.46431680021588,0
17.597207691509,2.46492959402888,0
17.6044216608348,2.46554223703072,0
17.6116356301607,2.46615472924192,0
17.6188495994865,2.46676707068292,0
17.6260635688123,2.46737926137415,0
17.6332775381381,2.46799130133596,0
17.640491507464,2.46860319058868,0
17.6477054767898,2.46921492915257,0
17.6549194461156,2.46982651704786,0
17.6621334154414,2.47043795429473,0
17.6693473847673,2.47104924091329,0
17.6765613540931,2.47166037692363,0
17.6837753234189,2.4722713623458,0
17.6909892927447,2.47288219719976,0
17.6982032620706,2.47349288150547,0
17.7054172313964,2.47410341528282,0
17.7126312007222,2.47471379855165,0
17.719845170048,2.47532403133176,0
17.7270591393739,2.47593411364291,0
17.7342731086997,2.47654404550479,0
17.7414870780255,2.47715382693707,0
17.7487010473513,2.47776345795936,0
17.7559150166772,2.47837293859122,0
17.763128986003,2.47898226885218,0
17.7703429553288,2.47959144876169,0
17.7775569246546,2.48020047833919,0
17.7847708939805,2.48080935760405,0
17.7919848633063,2.48141808657561,0
17.7991988326321,2.48202666527315,0
17.8064128019579,2.4826350937159,0
17.8136267712837,2.48324337192305,0
17.8208407406096,2.48385149991376,0
17.8280547099354,2.48445947770712,0
17.8352686792612,2.48506730532217,0
17.842482648587,2.48567498277793,0
17.8496966179129,2.48628251009335,0
17.8569105872387,2.48688988728735,0
17.8641245565645,2.48749711437878,0
17.8713385258903,2.48810419138647,0
17.8785524952162,2.4887111183292,0
17.885766464542,2.48931789522568,0
17.8929804338678,2.4899245220946,0
17.9001944031936,2.49053099895458,0
17.9074083725195,2.49113732582423,0
17.9146223418453,2.49174350272207,0
17.9218363111711,2.49234952966661,0
17.9290502804969,2.49295540667629,0
17.9362642498228,2.49356113376952,0
17.9434782191486,2.49416671096465,0
17.9506921884744,2.49477213827998,0
17.9579061578002,2.4953774157338,0
17.9651201271261,2.49598254334431,0
17.9723340964519,2.49658752112969,0
17.9795480657777,2.49719234910805,0
17.9867620351035,2.4977970272975,0
17.9939760044293,2.49840155571605,0
18.0011899737552,2.49900593438169,0
18.008403943081,2.49961016331237,0
18.0156179124068,2.50021424252599,0
18.0228318817326,2.50081817204039,0
18.0300458510585,2.50142195187339,0
18.0372598203843,2.50202558204273,0
18.0444737897101,2.50262906256613,0
18.0516877590359,2.50323239346127,0
18.0589017283618,2.50383557474576,0
18.0661156976876,2.50443860643717,0
18.0733296670134,2.50504148855305,0
18.0805436363392,2.50564422111087,0
18.0877576056651,2.50624680412807,0
18.0949715749909,2.50684923762205,0
18.1021855443167,2.50745152161015,0
18.1093995136425,2.50805365610968,0
18.1166134829684,2.50865564113789,0
18.1238274522942,2.50925747671201,0
18.13104142162,2.50985916284918,0
18.1382553909458,2.51046069956653,0
18.1454693602717,2.51106208688114,0
18.1526833295975,2.51166332481004,0
18.1598972989233,2.51226441337021,0
18.1671112682491,2.5128653525786,0
18.174325237575,2.51346614245208,0
18.1815392069008,2.51406678300752,0
18.1887531762266,2.51466727426172,0
18.1959671455524,2.51526761623142,0
18.2031811148782,2.51586780893336,0
18.2103950842041,2.51646785238418,0
18.2176090535299,2.51706774660053,0
18.2248230228557,2.51766749159896,0
18.2320369921815,2.51826708739602,0
18.2392509615074,2.51886653400819,0
18.2464649308332,2.51946583145192,0
18.253678900159,2.52006497974359,0
18.2608928694848,2.52066397889956,0
18.2681068388107,2.52126282893614,0
18.2753208081365,2.52186152986959,0
18.2825347774623,2.52246008171612,0
18.2897487467881,2.52305848449191,0
18.296962716114,2.52365673821309,0
18.3041766854398,2.52425484289573,0
18.3113906547656,2.52485279855586,0
18.3186046240914,2.5254506052095,0
18.3258185934173,2.52604826287257,0
18.3330325627431,2.52664577156098,0
18.3402465320689,2.52724313129059,0
18.3474605013947,2.52784034207722,0
18.3546744707206,2.52843740393662,0
18.3618884400464,2.52903431688453,0
18.3691024093722,2.52963108093662,0
18.376316378698,2.53022769610852,0
18.3835303480239,2.53082416241583,0
18.3907443173497,2.53142047987408,0
18.3979582866755,2.53201664849878,0
18.4051722560013,2.53261266830538,0
18.4123862253271,2.53320853930929,0
18.419600194653,2.53380426152588,0
18.4268141639788,2.53439983497048,0
18.4340281333046,2.53499525965834,0
18.4412421026304,2.53559053560472,0
18.4484560719563,2.53618566282479,0
18.4556700412821,2.5367806413337,0
18.4628840106079,2.53737547114654,0
18.4700979799337,2.53797015227838,0
18.4773119492596,2.53856468474422,0
18.4845259185854,2.53915906855903,0
18.4917398879112,2.53975330373772,0
18.498953857237,2.54034739029518,0
18.5061678265629,2.54094132824624,0
18.5133817958887,2.54153511760568,0
18.5205957652145,2.54212875838825,0
18.5278097345403,2.54272225060865,0
18.5350237038662,2.54331559428153,0
18.542237673192,2.5439087894215,0
18.5494516425178,2.54450183604314,0
18.5566656118436,2.54509473416096,0
18.5638795811695,2.54568748378945,0
18.5710935504953,2.54628008494303,0
18.5783075198211,2.5468725376361,0
18.5855214891469,2.547464841883,0
18.5927354584727,2.54805699769803,0
18.5999494277986,2.54864900509546,0
18.6071633971244,2.54924086408949,0
18.6143773664502,2.5498325746943,0
18.621591335776,2.55042413692401,0
18.6288053051019,2.5510155507927,0
18.6360192744277,2.55160681631442,0
18.6432332437535,2.55219793350314,0
18.6504472130793,2.55278890237283,0
18.6576611824052,2.55337972293739,0
18.664875151731,2.55397039521069,0
18.6720891210568,2.55456091920653,0
18.6793030903826,2.55515129493869,0
18.6865170597085,2.55574152242091,0
18.6937310290343,2.55633160166687,0
18.7009449983601,2.55692153269021,0
18.7081589676859,2.55751131550453,0
18.7153729370118,2.55810095012339,0
18.7225869063376,2.55869043656029,0
18.7298008756634,2.55927977482871,0
18.7370148449892,2.55986896494207,0
18.7442288143151,2.56045800691375,0
18.7514427836409,2.56104690075708,0
18.7586567529667,2.56163564648536,0
18.7658707222925,2.56222424411183,0
18.7730846916184,2.56281269364971,0
18.7802986609442,2.56340099511214,0
18.78751263027,2.56398914851226,0
18.7947265995958,2.56457715386313,0
18.8019405689216,2.56516501117779,0
18.8091545382475,2.56575272046922,0
18.8163685075733,2.56634028175037,0
18.8235824768991,2.56692769503413,0
18.8307964462249,2.56751496033337,0
18.8380104155508,2.5681020776609,0
18.8452243848766,2.56868904702947,0
18.8524383542024,2.56927586845184,0
18.8596523235282,2.56986254194066,0
18.8668662928541,2.57044906750859,0
18.8740802621799,2.57103544516822,0
18.8812942315057,2.5716216749321,0
18.8885082008315,2.57220775681274,0
18.8957221701574,2.57279369082261,0
18.9029361394832,2.57337947697413,0
18.910150108809,2.57396511527967,0
18.9173640781348,2.57455060575158,0
18.9245780474607,2.57513594840215,0
18.9317920167865,2.57572114324362,0
18.9390059861123,2.5763061902882,0
18.9462199554381,2.57689108954805,0
18.953433924764,2.57747584103529,0
18.9606478940898,2.578060444762,0
18.9678618634156,2.57864490074021,0
18.9750758327414,2.57922920898192,0
18.9822898020672,2.57981336949906,0
18.9895037713931,2.58039738230353,0
18.9967177407189,2.58098124740721,0
19.0039317100447,2.58156496482191,0
19.0111456793705,2.58214853455939,0
19.0183596486964,2.5827319566314,0
19.0255736180222,2.58331523104961,0
19.032787587348,2.58389835782568,0
19.0400015566738,2.5844813369712,0
19.0472155259997,2.58506416849773,0
19.0544294953255,2.58564685241679,0
19.0616434646513,2.58622938873985,0
19.0688574339771,2.58681177747834,0
19.076071403303,2.58739401864364,0
19.0832853726288,2.5879761122471,0
19.0904993419546,2.58855805830002,0
19.0977133112804,2.58913985681366,0
19.1049272806063,2.58972150779922,0
19.1121412499321,2.59030301126789,0
19.1193552192579,2.59088436723079,0
19.1265691885837,2.591465575699,0
19.1337831579096,2.59204663668357,0
19.1409971272354,2.59262755019549,0
19.1482110965612,2.59320831624573,0
19.155425065887,2.5937889348452,0
19.1626390352129,2.59436940600477,0
19.1698530045387,2.59494972973527,0
19.1770669738645,2.59552990604748,0
19.1842809431903,2.59610993495215,0
19.1914949125161,2.59668981645997,0
19.198708881842,2.59726955058161,0
19.2059228511678,2.59784913732767,0
19.2131368204936,2.59842857670874,0
19.2203507898194,2.59900786873533,0
19.2275647591453,2.59958701341793,0
19.2347787284711,2.600166010767,0
19.2419926977969,2.60074486079292,0
19.2492066671227,2.60132356350606,0
19.2564206364486,2.60190211891673,0
19.2636346057744,2.60248052703521,0
19.2708485751002,2.60305878787172,0
19.278062544426,2.60363690143646,0
19.2852765137519,2.60421486773956,0
19.2924904830777,2.60479268679113,0
19.2997044524035,2.60537035860123,0
19.3069184217293,2.60594788317988,0
19.3141323910552,2.60652526053704,0
19.321346360381,2.60710249068266,0
19.3285603297068,2.60767957362662,0
19.3357742990326,2.60825650937877,0
19.3429882683585,2.60883329794891,0
19.3502022376843,2.6094099393468,0
19.3574162070101,2.60998643358217,0
19.3646301763359,2.61056278066468,0
19.3718441456618,2.61113898060398,0
19.3790581149876,2.61171503340966,0
19.3862720843134,2.61229093909126,0
19.3934860536392,2.61286669765829,0
19.400700022965,2.61344230912022,0
19.4079139922909,2.61401777348647,0
19.4151279616167,2.61459309076641,0
19.4223419309425,2.61516826096938,0
19.4295559002683,2.61574328410469,0
19.4367698695942,2.61631816018157,0
19.44398383892,2.61689288920925,0
19.4511978082458,2.61746747119688,0
19.4584117775716,2.6180419061536,0
19.4656257468975,2.61861619408848,0
19.4728397162233,2.61919033501056,0
19.4800536855491,2.61976432892885,0
19.4872676548749,2.6203381758523,0
19.4944816242008,2.62091187578982,0
19.5016955935266,2.62148542875029,0
19.5089095628524,2.62205883474253,0
19.5161235321782,2.62263209377533,0
19.5233375015041,2.62320520585743,0
19.5305514708299,2.62377817099753,0
19.5377654401557,2.6243509892043,0
19.5449794094815,2.62492366048636,0
19.5521933788074,2.62549618485227,0
19.5594073481332,2.62606856231057,0
19.566621317459,2.62664079286975,0
19.5738352867848,2.62721287653826,0
19.5810492561106,2.6277848133245,0
19.5882632254365,2.62835660323685,0
19.5954771947623,2.62892824628362,0
19.6026911640881,2.62949974247308,0
19.6099051334139,2.63007109181349,0
19.6171191027398,2.63064229431303,0
19.6243330720656,2.63121334997986,0
19.6315470413914,2.63178425882209,0
19.6387610107172,2.63235502084778,0
19.6459749800431,2.63292563606497,0
19.6531889493689,2.63349610448163,0
19.6604029186947,2.63406642610572,0
19.6676168880205,2.63463660094513,0
19.6748308573464,2.63520662900772,0
19.6820448266722,2.63577651030131,0
19.689258795998,2.63634624483367,0
19.6964727653238,2.63691583261253,0
19.7036867346497,2.63748527364558,0
19.7109007039755,2.63805456794047,0
19.7181146733013,2.63862371550481,0
19.7253286426271,2.63919271634616,0
19.732542611953,2.63976157047205,0
19.7397565812788,2.64033027788994,0
19.7469705506046,2.64089883860729,0
19.7541845199304,2.64146725263148,0
19.7613984892563,2.64203551996988,0
19.7686124585821,2.64260364062978,0
19.7758264279079,2.64317161461846,0
19.7830403972337,2.64373944194316,0
19.7902543665595,2.64430712261105,0
19.7974683358854,2.64487465662928,0
19.8046823052112,2.64544204400495,0
19.811896274537,2.64600928474512,0
19.8191102438628,2.64657637885681,0
19.8263242131887,2.64714332634699,0
19.8335381825145,2.64771012722261,0
19.8407521518403,2.64827678149054,0
19.8479661211661,2.64884328915765,0
19.855180090492,2.64940965023074,0
19.8623940598178,2.64997586471657,0
19.8696080291436,2.65054193262187,0
19.8768219984694,2.65110785395333,0
19.8840359677953,2.65167362871758,0
19.8912499371211,2.65223925692122,0
19.8984639064469,2.65280473857082,0
19.9056778757727,2.65337007367288,0
19.9128918450986,2.65393526223388,0
19.9201058144244,2.65450030426024,0
19.9273197837502,2.65506519975837,0
19.934533753076,2.6556299487346,0
19.9417477224019,2.65619455119525,0
19.9489616917277,2.65675900714657,0
19.9561756610535,2.65732331659479,0
19.9633896303793,2.65788747954609,0
19.9706035997052,2.65845149600661,0
19.977817569031,2.65901536598244,0
19.9850315383568,2.65957908947963,0
19.9922455076826,2.66014266650421,0
19.9994594770084,2.66070609706215,0
20.0066734463343,2.66126938115936,0
20.0138874156601,2.66183251880174,0
20.0211013849859,2.66239550999514,0
20.0283153543117,2.66295835474536,0
20.0355293236376,2.66352105305816,0
20.0427432929634,2.66408360493926,0
20.0499572622892,2.66464601039435,0
20.057171231615,2.66520826942905,0
20.0643852009409,2.66577038204896,0
20.0715991702667,2.66633234825964,0
20.0788131395925,2.66689416806659,0
20.0860271089183,2.66745584147529,0
20.0932410782442,2.66801736849117,0
20.10045504757,2.66857874911961,0
20.1076690168958,2.66913998336595,0
20.1148829862216,2.6697010712355,0
20.1220969555475,2.67026201273352,0
20.1293109248733,2.67082280786523,0
20.1365248941991,2.67138345663581,0
20.1437388635249,2.67194395905039,0
20.1509528328508,2.67250431511407,0
20.1581668021766,2.67306452483189,0
20.1653807715024,2.67362458820888,0
20.1725947408282,2.67418450524999,0
20.179808710154,2.67474427596016,0
20.1870226794799,2.67530390034428,0
20.1942366488057,2.67586337840717,0
20.2014506181315,2.67642271015366,0
20.2086645874573,2.67698189558849,0
20.2158785567832,2.67754093471639,0
20.223092526109,2.67809982754203,0
20.2303064954348,2.67865857407006,0
20.2375204647606,2.67921717430505,0
20.2447344340865,2.67977562825157,0
20.2519484034123,2.68033393591413,0
20.2591623727381,2.68089209729719,0
20.2663763420639,2.68145011240518,0
20.2735903113898,2.68200798124249,0
20.2808042807156,2.68256570381345,0
20.2880182500414,2.68312328012238,0
20.2952322193672,2.68368071017353,0
20.3024461886931,2.68423799397112,0
20.3096601580189,2.68479513151933,0
20.3168741273447,2.68535212282228,0
20.3240880966705,2.68590896788409,0
20.3313020659964,2.68646566670879,0
20.3385160353222,2.68702221930041,0
20.345730004648,2.68757862566289,0
20.3529439739738,2.68813488580019,0
20.3601579432996,2.68869099971617,0
20.3673719126255,2.68924696741468,0
20.3745858819513,2.68980278889953,0
20.3817998512771,2.69035846417448,0
20.3890138206029,2.69091399324323,0
20.3962277899288,2.69146937610948,0
20.4034417592546,2.69202461277685,0
20.4106557285804,2.69257970324895,0
20.4178696979062,2.69313464752931,0
20.4250836672321,2.69368944562146,0
20.4322976365579,2.69424409752886,0
20.4395116058837,2.69479860325493,0
20.4467255752095,2.69535296280307,0
20.4539395445354,2.69590717617662,0
20.4611535138612,2.69646124337887,0
20.468367483187,2.6970151644131,0
20.4755814525128,2.69756893928251,0
20.4827954218387,2.69812256799029,0
20.4900093911645,2.69867605053957,0
20.4972233604903,2.69922938693345,0
20.5044373298161,2.69978257717497,0
20.511651299142,2.70033562126715,0
20.5188652684678,2.70088851921296,0
20.5260792377936,2.70144127101532,0
20.5332932071194,2.70199387667713,0
20.5405071764453,2.70254633620122,0
20.5477211457711,2.70309864959039,0
20.5549351150969,2.70365081684741,0
20.5621490844227,2.704202837975,0
20.5693630537485,2.70475471297583,0
20.5765770230744,2.70530644185254,0
20.5837909924002,2.70585802460773,0
20.591004961726,2.70640946124394,0
20.5982189310518,2.70696075176369,0
20.6054329003777,2.70751189616944,0
20.6126468697035,2.70806289446363,0
20.6198608390293,2.70861374664864,0
20.6270748083551,2.70916445272681,0
20.634288777681,2.70971501270045,0
20.6415027470068,2.71026542657182,0
20.6487167163326,2.71081569434313,0
20.6559306856584,2.71136581601656,0
20.6631446549843,2.71191579159426,0
20.6703586243101,2.71246562107831,0
20.6775725936359,2.71301530447076,0
20.6847865629617,2.71356484177364,0
20.6920005322876,2.7141142329889,0
20.6992145016134,2.71466347811847,0
20.7064284709392,2.71521257716424,0
20.713642440265,2.71576153012806,0
20.7208564095909,2.71631033701172,0
20.7280703789167,2.71685899781699,0
20.7352843482425,2.71740751254559,0
20.7424983175683,2.71795588119919,0
20.7497122868941,2.71850410377943,0
20.75692625622,2.71905218028791,0
20.7641402255458,2.71960011072617,0
20.7713541948716,2.72014789509572,0
20.7785681641974,2.72069553339804,0
20.7857821335233,2.72124302563456,0
20.7929961028491,2.72179037180665,0
20.8002100721749,2.72233757191566,0
20.8074240415007,2.7228846259629,0
20.8146380108266,2.72343153394962,0
20.8218519801524,2.72397829587704,0
20.8290659494782,2.72452491174634,0
20.836279918804,2.72507138155866,0
20.8434938881299,2.72561770531509,0
20.8507078574557,2.72616388301667,0
20.8579218267815,2.72670991466443,0
20.8651357961073,2.72725580025932,0
20.8723497654332,2.72780153980228,0
20.879563734759,2.72834713329419,0
20.8867777040848,2.72889258073589,0
20.8939916734106,2.72943788212818,0
20.9012056427365,2.72998303747183,0
20.9084196120623,2.73052804676754,0
20.9156335813881,2.731072910016,0
20.9228475507139,2.73161762721785,0
20.9300615200398,2.73216219837366,0
20.9372754893656,2.732706623484,0
20.9444894586914,2.73325090254937,0
20.9517034280172,2.73379503557024,0
20.9589173973431,2.73433902254704,0
20.9661313666689,2.73488286348014,0
20.9733453359947,2.73542655836989,0
20.9805593053205,2.73597010721659,0
20.9877732746463,2.7365135100205,0
20.9949872439722,2.73705676678183,0
21.002201213298,2.73759987750076,0
21.0094151826238,2.73814284217742,0
21.0166291519496,2.73868566081189,0
21.0238431212755,2.73922833340424,0
21.0310570906013,2.73977085995446,0
21.0382710599271,2.74031324046253,0
21.0454850292529,2.74085547492836,0
21.0526989985788,2.74139756335183,0
21.0599129679046,2.74193950573279,0
21.0671269372304,2.74248130207103,0
21.0743409065562,2.74302295236631,0
21.0815548758821,2.74356445661835,0
21.0887688452079,2.7441058148268,0
21.0959828145337,2.74464702699132,0
21.1031967838595,2.74518809311147,0
21.1104107531854,2.74572901318681,0
21.1176247225112,2.74626978721685,0
21.124838691837,2.74681041520104,0
21.1320526611628,2.74735089713881,0
21.1392666304887,2.74789123302953,0
21.1464805998145,2.74843142287254,0
21.1536945691403,2.74897146666714,0
21.1609085384661,2.74951136441257,0
21.1681225077919,2.75005111610806,0
21.1753364771178,2.75059072175276,0
21.1825504464436,2.75113018134581,0
21.1897644157694,2.75166949488628,0
21.1969783850952,2.75220866237323,0
21.2041923544211,2.75274768380565,0
21.2114063237469,2.7532865591825,0
21.2186202930727,2.7538252885027,0
21.2258342623985,2.75436387176512,0
21.2330482317244,2.7549023089686,0
21.2402622010502,2.75544060011192,0
21.247476170376,2.75597874519384,0
21.2546901397018,2.75651674421306,0
21.2619041090277,2.75705459716825,0
21.2691180783535,2.75759230405802,0
21.2763320476793,2.75812986488097,0
21.2835460170051,2.75866727963562,0
21.290759986331,2.75920454832047,0
21.2979739556568,2.75974167093398,0
21.3051879249826,2.76027864747456,0
21.3124018943084,2.76081547794058,0
21.3196158636343,2.76135216233036,0
21.3268298329601,2.7618887006422,0
21.3340438022859,2.76242509287433,0
21.3412577716117,2.76296133902496,0
21.3484717409375,2.76349743909225,0
21.3556857102634,2.76403339307431,0
21.3628996795892,2.76456920096922,0
21.370113648915,2.76510486277501,0
21.3773276182408,2.76564037848967,0
21.3845415875667,2.76617574811115,0
21.3917555568925,2.76671097163736,0
21.3989695262183,2.76724604906616,0
21.4061834955441,2.76778098039537,0
21.41339746487,2.76831576562276,0
21.4206114341958,2.76885040474609,0
21.4278254035216,2.76938489776304,0
21.4350393728474,2.76991924467126,0
21.4422533421733,2.77045344546837,0
21.4494673114991,2.77098750015193,0
21.4566812808249,2.77152140871947,0
21.4638952501507,2.77205517116847,0
21.4711092194766,2.77258878749638,0
21.4783231888024,2.77312225770059,0
21.4855371581282,2.77365558177846,0
21.492751127454,2.7741887597273,0
21.4999650967799,2.77472179154438,0
21.5071790661057,2.77525467722694,0
21.5143930354315,2.77578741677216,0
21.5216070047573,2.77632001017719,0
21.5288209740832,2.77685245743912,0
21.536034943409,2.77738475855503,0
21.5432489127348,2.77791691352191,0
21.5504628820606,2.77844892233676,0
21.5576768513864,2.7789807849965,0
21.5648908207123,2.77951250149802,0
21.5721047900381,2.78004407183817,0
21.5793187593639,2.78057549601376,0
21.5865327286897,2.78110677402154,0
21.5937466980156,2.78163790585825,0
21.6009606673414,2.78216889152054,0
21.6081746366672,2.78269973100507,0
21.615388605993,2.78323042430843,0
21.6226025753189,2.78376097142715,0
21.6298165446447,2.78429137235776,0
21.6370305139705,2.78482162709671,0
21.6442444832963,2.78535173564044,0
21.6514584526222,2.78588169798531,0
21.658672421948,2.78641151412766,0
21.6658863912738,2.78694118406379,0
21.6731003605996,2.78747070778996,0
21.6803143299255,2.78800008530237,0
21.6875282992513,2.78852931659718,0
21.6947422685771,2.78905840167053,0
21.7019562379029,2.78958734051849,0
21.7091702072288,2.7901161331371,0
21.7163841765546,2.79064477952235,0
21.7235981458804,2.79117327967021,0
21.7308121152062,2.79170163357658,0
21.738026084532,2.79222984123733,0
21.7452400538579,2.79275790264828,0
21.7524540231837,2.79328581780522,0
21.7596679925095,2.79381358670388,0
21.7668819618353,2.79434120933997,0
21.7740959311612,2.79486868570913,0
21.781309900487,2.79539601580698,0
21.7885238698128,2.79592319962909,0
21.7957378391386,2.79645023717097,0
21.8029518084645,2.79697712842812,0
21.8101657777903,2.79750387339597,0
21.8173797471161,2.79803047206992,0
21.8245937164419,2.79855692444533,0
21.8318076857678,2.79908323051749,0
21.8390216550936,2.7996093902817,0
21.8462356244194,2.80013540373315,0
21.8534495937452,2.80066127086705,0
21.8606635630711,2.80118699167853,0
21.8678775323969,2.80171256616269,0
21.8750915017227,2.80223799431457,0
21.8823054710485,2.80276327612919,0
21.8895194403744,2.80328841160151,0
21.8967334097002,2.80381340072647,0
21.903947379026,2.80433824349894,0
21.9111613483518,2.80486293991375,0
21.9183753176777,2.80538748996571,0
21.9255892870035,2.80591189364957,0
21.9328032563293,2.80643615096003,0
21.9400172256551,2.80696026189176,0
21.947231194981,2.80748422643938,0
21.9544451643068,2.80800804459747,0
21.9616591336326,2.80853171636058,0
21.9688731029584,2.80905524172318,0
21.9760870722842,2.80957862067973,0
21.9833010416101,2.81010185322465,0
21.9905150109359,2.81062493935228,0
21.9977289802617,2.81114787905695,0
22.0049429495875,2.81167067233294,0
22.0121569189134,2.81219331917448,0
22.0193708882392,2.81271581957576,0
22.026584857565,2.81323817353093,0
22.0337988268908,2.81376038103409,0
22.0410127962167,2.8142824420793,0
22.0482267655425,2.81480435666058,0
22.0554407348683,2.8153261247719,0
22.0626547041941,2.81584774640719,0
22.06986867352,2.81636922156034,0
22.0770826428458,2.81689055022519,0
22.0842966121716,2.81741173239554,0
22.0915105814974,2.81793276806516,0
22.0987245508233,2.81845365722774,0
22.1059385201491,2.81897439987696,0
22.1131524894749,2.81949499600645,0
22.1203664588007,2.82001544560978,0
22.1275804281265,2.8205357486805,0
22.1347943974524,2.8210559052121,0
22.1420083667782,2.82157591519804,0
22.149222336104,2.82209577863172,0
22.1564363054298,2.8226154955065,0
22.1636502747557,2.82313506581571,0
22.1708642440815,2.82365448955262,0
22.1780782134073,2.82417376671047,0
22.1852921827331,2.82469289728244,0
22.192506152059,2.82521188126169,0
22.1997201213848,2.82573071864131,0
22.2069340907106,2.82624940941437,0
22.2141480600364,2.82676795357388,0
22.2213620293623,2.8272863511128,0
22.2285759986881,2.82780460202407,0
22.2357899680139,2.82832270630057,0
22.2430039373397,2.82884066393514,0
22.2502179066656,2.82935847492057,0
22.2574318759914,2.82987613924962,0
22.2646458453172,2.830393656915,0
22.271859814643,2.83091102790936,0
22.2790737839689,2.83142825222533,0
22.2862877532947,2.83194532985549,0
22.2935017226205,2.83246226079237,0
22.3007156919463,2.83297904502845,0
22.3079296612722,2.83349568255618,0
22.315143630598,2.83401217336796,0
22.3223575999238,2.83452851745615,0
22.3295715692496,2.83504471481305,0
22.3367855385755,2.83556076543094,0
22.3439995079013,2.83607666930204,0
22.3512134772271,2.83659242641853,0
22.3584274465529,2.83710803677255,0
22.3656414158787,2.83762350035618,0
22.3728553852046,2.83813881716147,0
22.3800693545304,2.83865398718044,0
22.3872833238562,2.83916901040502,0
22.394497293182,2.83968388682715,0
22.4017112625079,2.84019861643869,0
22.4089252318337,2.84071319923147,0
22.4161392011595,2.84122763519727,0
22.4233531704853,2.84174192432782,0
22.4305671398112,2.84225606661482,0
22.437781109137,2.84277006204992,0
22.4449950784628,2.84328391062472,0
22.4522090477886,2.84379761233078,0
22.4594230171145,2.84431116715962,0
22.4666369864403,2.84482457510271,0
22.4738509557661,2.84533783615148,0
22.4810649250919,2.8458509502973,0
22.4882788944178,2.84636391753151,0
22.4954928637436,2.84687673784542,0
22.5027068330694,2.84738941123026,0
22.5099208023952,2.84790193767724,0
22.5171347717211,2.84841431717752,0
22.5243487410469,2.84892654972221,0
22.5315627103727,2.84943863530239,0
22.5387766796985,2.84995057390907,0
22.5459906490243,2.85046236553325,0
22.5532046183502,2.85097401016585,0
22.560418587676,2.85148550779777,0
22.5676325570018,2.85199685841985,0
22.5748465263276,2.8525080620229,0
22.5820604956535,2.85301911859767,0
22.5892744649793,2.85353002813487,0
22.5964884343051,2.85404079062517,0
22.6037024036309,2.8545514060592,0
22.6109163729568,2.85506187442753,0
22.6181303422826,2.85557219572069,0
22.6253443116084,2.85608236992917,0
22.6325582809342,2.85659239704341,0
22.6397722502601,2.85710227705381,0
22.6469862195859,2.85761200995073,0
22.6542001889117,2.85812159572447,0
22.6614141582375,2.85863103436529,0
22.6686281275634,2.85914032586341,0
22.6758420968892,2.859649470209,0
22.683056066215,2.86015846739219,0
22.6902700355408,2.86066731740307,0
22.6974840048667,2.86117602023166,0
22.7046979741925,2.86168457586797,0
22.7119119435183,2.86219298430193,0
22.7191259128441,2.86270124552345,0
22.7263398821699,2.86320935952238,0
22.7335538514958,2.86371732628853,0
22.7407678208216,2.86422514581167,0
22.7479817901474,2.86473281808153,0
22.7551957594732,2.86524034308776,0
22.7624097287991,2.86574772082001,0
22.7696236981249,2.86625495126786,0
22.7768376674507,2.86676203442084,0
22.7840516367765,2.86726897026844,0
22.7912656061024,2.86777575880012,0
22.7984795754282,2.86828240000528,0
22.805693544754,2.86878889387326,0
22.8129075140798,2.86929524039339,0
22.8201214834057,2.86980143955493,0
22.8273354527315,2.87030749134709,0
22.8345494220573,2.87081339575906,0
22.8417633913831,2.87131915277995,0
22.848977360709,2.87182476239885,0
22.8561913300348,2.8723302246048,0
22.8634052993606,2.87283553938679,0
22.8706192686864,2.87334070673376,0
22.8778332380123,2.87384572663461,0
22.8850472073381,2.87435059907819,0
22.8922611766639,2.87485532405332,0
22.8994751459897,2.87535990154875,0
22.9066891153156,2.87586433155321,0
22.9139030846414,2.87636861405535,0
22.9211170539672,2.8768727490438,0
22.928331023293,2.87737673650714,0
22.9355449926188,2.87788057643391,0
22.9427589619447,2.87838426881258,0
22.9499729312705,2.8788878136316,0
22.9571869005963,2.87939121087936,0
22.9644008699221,2.87989446054421,0
22.971614839248,2.88039756261445,0
22.9788288085738,2.88090051707833,0
22.9860427778996,2.88140332392407,0
22.9932567472254,2.88190598313982,0
23.0004707165513,2.88240849471369,0
23.0076846858771,2.88291085863377,0
23.0148986552029,2.88341307488808,0
23.0221126245287,2.88391514346458,0
23.0293265938546,2.88441706435122,0
23.0365405631804,2.88491883753587,0
23.0437545325062,2.88542046300638,0
23.050968501832,2.88592194075053,0
23.0581824711579,2.88642327075607,0
23.0653964404837,2.8869244530107,0
23.0726104098095,2.88742548750207,0
23.0798243791353,2.88792637421778,0
23.0870383484612,2.8884271131454,0
23.094252317787,2.88892770427243,0
23.1014662871128,2.88942814758635,0
23.1086802564386,2.88992844307456,0
23.1158942257644,2.89042859072444,0
23.1231081950903,2.89092859052332,0
23.1303221644161,2.89142844245846,0
23.1375361337419,2.89192814651712,0
23.1447501030677,2.89242770268646,0
23.1519640723936,2.89292711095363,0
23.1591780417194,2.89342637130572,0
23.1663920110452,2.89392548372977,0
23.173605980371,2.89442444821277,0
23.1808199496969,2.89492326474168,0
23.1880339190227,2.8954219333034,0
23.1952478883485,2.89592045388478,0
23.2024618576743,2.89641882647263,0
23.2096758270002,2.89691705105372,0
23.216889796326,2.89741512761476,0
23.2241037656518,2.89791305614241,0
23.2313177349776,2.8984108366233,0
23.2385317043035,2.89890846904399,0
23.2457456736293,2.89940595339101,0
23.2529596429551,2.89990328965084,0
23.2601736122809,2.90040047780991,0
23.2673875816068,2.9008975178546,0
23.2746015509326,2.90139440977125,0
23.2818155202584,2.90189115354615,0
23.2890294895842,2.90238774916553,0
23.2962434589101,2.90288419661558,0
23.3034574282359,2.90338049588246,0
23.3106713975617,2.90387664695227,0
23.3178853668875,2.90437264981104,0
23.3250993362133,2.90486850444479,0
23.3323133055392,2.90536421083947,0
23.339527274865,2.90585976898098,0
23.3467412441908,2.90635517885519,0
23.3539552135166,2.90685044044791,0
23.3611691828425,2.90734555374489,0
23.3683831521683,2.90784051873187,0
23.3755971214941,2.90833533539449,0
23.3828110908199,2.90883000371839,0
23.3900250601458,2.90932452368914,0
23.3972390294716,2.90981889529225,0
23.4044529987974,2.91031311851322,0
23.4116669681232,2.91080719333745,0
23.4188809374491,2.91130111975034,0
23.4260949067749,2.91179489773722,0
23.4333088761007,2.91228852728336,0
23.4405228454265,2.91278200837401,0
23.4477368147524,2.91327534099435,0
23.4549507840782,2.91376852512952,0
23.462164753404,2.91426156076461,0
23.4693787227298,2.91475444788467,0
23.4765926920557,2.91524718647468,0
23.4838066613815,2.91573977651959,0
23.4910206307073,2.9162322180043,0
23.4982346000331,2.91672451091366,0
23.505448569359,2.91721665523246,0
23.5126625386848,2.91770865094547,0
23.5198765080106,2.91820049803737,0
23.5270904773364,2.91869219649284,0
23.5343044466622,2.91918374629646,0
23.5415184159881,2.9196751474328,0
23.5487323853139,2.92016639988636,0
23.5559463546397,2.92065750364162,0
23.5631603239655,2.92114845868296,0
23.5703742932914,2.92163926499477,0
23.5775882626172,2.92212992256134,0
23.584802231943,2.92262043136695,0
23.5920162012688,2.9231107913958,0
23.5992301705947,2.92360100263207,0
23.6064441399205,2.92409106505987,0
23.6136581092463,2.92458097866327,0
23.6208720785721,2.92507074342629,0
23.628086047898,2.9255603593329,0
23.6353000172238,2.92604982636701,0
23.6425139865496,2.9265391445125,0
23.6497279558754,2.92702831375319,0
23.6569419252013,2.92751733407286,0
23.6641558945271,2.92800620545522,0
23.6713698638529,2.92849492788395,0
23.6785838331787,2.92898350134267,0
23.6857978025046,2.92947192581496,0
23.6930117718304,2.92996020128435,0
23.7002257411562,2.93044832773431,0
23.707439710482,2.93093630514827,0
23.7146536798078,2.9314241335096,0
23.7218676491337,2.93191181280163,0
23.7290816184595,2.93239934300764,0
23.7362955877853,2.93288672411085,0
23.7435095571111,2.93337395609445,0
23.750723526437,2.93386103894156,0
23.7579374957628,2.93434797263527,0
23.7651514650886,2.93483475715859,0
23.7723654344144,2.93532139249451,0
23.7795794037403,2.93580787862595,0
23.7867933730661,2.9362942155358,0
23.7940073423919,2.93678040320688,0
23.8012213117177,2.93726644162198,0
23.8084352810436,2.93775233076381,0
23.8156492503694,2.93823807061507,0
23.8228632196952,2.93872366115836,0
23.830077189021,2.93920910237628,0
23.8372911583469,2.93969439425136,0
23.8445051276727,2.94017953676606,0
23.8517190969985,2.94066452990281,0
23.8589330663243,2.941149373644,0
23.8661470356502,2.94163406797194,0
23.873361004976,2.94211861286891,0
23.8805749743018,2.94260300831714,0
23.8877889436276,2.94308725429881,0
23.8950029129535,2.94357135079602,0
23.9022168822793,2.94405529779087,0
23.9094308516051,2.94453909526536,0
23.9166448209309,2.94502274320147,0
23.9238587902567,2.94550624158113,0
23.9310727595826,2.94598959038619,0
23.9382867289084,2.94647278959849,0
23.9455006982342,2.94695583919979,0
23.95271466756,2.9474387391718,0
23.9599286368859,2.94792148949619,0
23.9671426062117,2.94840409015458,0
23.9743565755375,2.94888654112853,0
23.9815705448633,2.94936884239955,0
23.9887845141892,2.9498509939491,0
23.995998483515,2.95033299575861,0
24.0032124528408,2.95081484780941,0
24.0104264221666,2.95129655008283,0
24.0176403914925,2.95177810256011,0
24.0248543608183,2.95225950522247,0
24.0320683301441,2.95274075805105,0
24.0392822994699,2.95322186102696,0
24.0464962687958,2.95370281413126,0
24.0537102381216,2.95418361734492,0
24.0609242074474,2.95466427064892,0
24.0681381767732,2.95514477402413,0
24.0753521460991,2.95562512745141,0
24.0825661154249,2.95610533091155,0
24.0897800847507,2.95658538438528,0
24.0969940540765,2.9570652878533,0
24.1042080234024,2.95754504129625,0
24.1114219927282,2.95802464469469,0
24.118635962054,2.95850409802918,0
24.1258499313798,2.95898340128019,0
24.1330639007056,2.95946255442814,0
24.1402778700315,2.95994155745342,0
24.1474918393573,2.96042041033635,0
24.1547058086831,2.9608991130572,0
24.1619197780089,2.96137766559619,0
24.1691337473348,2.96185606793349,0
24.1763477166606,2.96233432004921,0
24.1835616859864,2.96281242192341,0
24.1907756553122,2.96329037353611,0
24.1979896246381,2.96376817486727,0
24.2052035939639,2.96424582589678,0
24.2124175632897,2.9647233266045,0
24.2196315326155,2.96520067697023,0
24.2268455019414,2.96567787697372,0
24.2340594712672,2.96615492659466,0
24.241273440593,2.96663182581269,0
24.2484874099188,2.9671085746074,0
24.2557013792447,2.96758517295833,0
24.2629153485705,2.96806162084496,0
24.2701293178963,2.96853791824672,0
24.2773432872221,2.96901406514298,0
24.284557256548,2.96949006151308,0
24.2917712258738,2.96996590733627,0
24.2989851951996,2.97044160259179,0
24.3061991645254,2.97091714725878,0
24.3134131338512,2.97139254131637,0
24.3206271031771,2.9718677847436,0
24.3278410725029,2.97234287751949,0
24.3350550418287,2.97281781962299,0
24.3422690111545,2.97329261103298,0
24.3494829804804,2.97376725172832,0
24.3566969498062,2.9742417416878,0
24.363910919132,2.97471608089014,0
24.3711248884578,2.97519026931404,0
24.3783388577837,2.97566430693812,0
24.3855528271095,2.97613819374096,0
24.3927667964353,2.97661192970108,0
24.3999807657611,2.97708551479694,0
24.407194735087,2.97755894900696,0
24.4144087044128,2.9780322323095,0
24.4216226737386,2.97850536468286,0
24.4288366430644,2.9789783461053,0
24.4360506123903,2.979451176555,0
24.4432645817161,2.97992385601012,0
24.4504785510419,2.98039638444875,0
24.4576925203677,2.98086876184891,0
24.4649064896936,2.98134098818858,0
24.4721204590194,2.9818130634457,0
24.4793344283452,2.98228498759813,0
24.486548397671,2.98275676062368,0
24.4937623669969,2.98322838250013,0
24.5009763363227,2.98369985320518,0
24.5081903056485,2.98417117271647,0
24.5154042749743,2.98464234101161,0
24.5226182443001,2.98511335806814,0
24.529832213626,2.98558422386354,0
24.5370461829518,2.98605493837526,0
24.5442601522776,2.98652550158066,0
24.5514741216034,2.98699591345708,0
24.5586880909293,2.98746617398177,0
24.5659020602551,2.98793628313196,0
24.5731160295809,2.98840624088479,0
24.5803299989067,2.98887604721738,0
24.5875439682326,2.98934570210677,0
24.5947579375584,2.98981520552994,0
24.6019719068842,2.99028455746384,0
24.60918587621,2.99075375788535,0
24.6163998455359,2.99122280677129,0
24.6236138148617,2.99169170409843,0
24.6308277841875,2.99216044984348,0
24.6380417535133,2.99262904398311,0
24.6452557228392,2.99309748649392,0
24.652469692165,2.99356577735245,0
24.6596836614908,2.99403391653519,0
24.6668976308166,2.99450190401858,0
24.6741116001425,2.994969739779,0
24.6813255694683,2.99543742379276,0
24.6885395387941,2.99590495603615,0
24.6957535081199,2.99637233648536,0
24.7029674774457,2.99683956511655,0
24.7101814467716,2.99730664190583,0
24.7173954160974,2.99777356682922,0
24.7246093854232,2.99824033986272,0
24.731823354749,2.99870696098226,0
24.7390373240749,2.9991734301637,0
24.7462512934007,2.99963974738287,0
24.7534652627265,3.00010591261552,0
24.7606792320523,3.00057192583736,0
24.7678932013782,3.00103778702402,0
24.775107170704,3.00150349615111,0
24.7823211400298,3.00196905319415,0
24.7895351093556,3.00243445812861,0
24.7967490786815,3.00289971092992,0
24.8039630480073,3.00336481157344,0
24.8111770173331,3.00382976003447,0
24.8183909866589,3.00429455628825,0
24.8256049559848,3.00475920030998,0
24.8328189253106,3.00522369207479,0
24.8400328946364,3.00568803155775,0
24.8472468639622,3.00615221873388,0
24.8544608332881,3.00661625357815,0
24.8616748026139,3.00708013606544,0
24.8688887719397,3.00754386617062,0
24.8761027412655,3.00800744386846,0
24.8833167105914,3.00847086913369,0
24.8905306799172,3.00893414194099,0
24.897744649243,3.00939726226497,0
24.9049586185688,3.00986023008018,0
24.9121725878946,3.01032304536113,0
24.9193865572205,3.01078570808225,0
24.9266005265463,3.01124821821793,0
24.9338144958721,3.01171057574248,0
24.9410284651979,3.01217278063018,0
24.9482424345238,3.01263483285523,0
24.9554564038496,3.01309673239178,0
24.9626703731754,3.01355847921392,0
24.9698843425012,3.01402007329568,0
24.9770983118271,3.01448151461103,0
24.9843122811529,3.0149428031339,0
24.9915262504787,3.01540393883812,0
24.9987402198045,3.01586492169751,0
25.0059541891304,3.0163257516858,0
25.0131681584562,3.01678642877667,0
25.020382127782,3.01724695294374,0
25.0275960971078,3.01770732416056,0
25.0348100664337,3.01816754240066,0
25.0420240357595,3.01862760763745,0
25.0492380050853,3.01908751984434,0
25.0564519744111,3.01954727899465,0
25.063665943737,3.02000688506163,0
25.0708799130628,3.0204663380185,0
25.0780938823886,3.0209256378384,0
25.0853078517144,3.02138478449443,0
25.0925218210403,3.02184377795959,0
25.0997357903661,3.02230261820688,0
25.1069497596919,3.02276130520918,0
25.1141637290177,3.02321983893935,0
25.1213776983435,3.02367821937019,0
25.1285916676694,3.0241364464744,0
25.1358056369952,3.02459452022468,0
25.143019606321,3.02505244059361,0
25.1502335756468,3.02551020755375,0
25.1574475449727,3.02596782107759,0
25.1646615142985,3.02642528113756,0
25.1718754836243,3.02688258770601,0
25.1790894529501,3.02733974075527,0
25.186303422276,3.02779674025756,0
25.1935173916018,3.02825358618509,0
25.2007313609276,3.02871027850997,0
25.2079453302534,3.02916681720427,0
25.2151592995793,3.02962320223998,0
25.2223732689051,3.03007943358906,0
25.2295872382309,3.03053551122339,0
25.2368012075567,3.03099143511478,0
25.2440151768826,3.03144720523499,0
25.2512291462084,3.03190282155572,0
25.2584431155342,3.03235828404861,0
25.26565708486,3.03281359268524,0
25.2728710541859,3.03326874743711,0
25.2800850235117,3.03372374827568,0
25.2872989928375,3.03417859517235,0
25.2945129621633,3.03463328809844,0
25.3017269314891,3.03508782702521,0
25.308940900815,3.03554221192388,0
25.3161548701408,3.03599644276559,0
25.3233688394666,3.03645051952142,0
25.3305828087924,3.03690444216239,0
25.3377967781183,3.03735821065947,0
25.3450107474441,3.03781182498354,0
25.3522247167699,3.03826528510544,0
25.3594386860957,3.03871859099595,0
25.3666526554216,3.03917174262577,0
25.3738666247474,3.03962473996555,0
25.3810805940732,3.04007758298587,0
25.388294563399,3.04053027165726,0
25.3955085327249,3.04098280595017,0
25.4027225020507,3.04143518583501,0
25.4099364713765,3.0418874112821,0
25.4171504407023,3.04233948226172,0
25.4243644100282,3.04279139874408,0
25.431578379354,3.04324316069932,0
25.4387923486798,3.04369476809751,0
25.4460063180056,3.04414622090869,0
25.4532202873315,3.04459751910281,0
25.4604342566573,3.04504866264976,0
25.4676482259831,3.04549965151936,0
25.4748621953089,3.04595048568139,0
25.4820761646347,3.04640116510554,0
25.4892901339606,3.04685168976145,0
25.4965041032864,3.0473020596187,0
25.5037180726122,3.0477522746468,0
25.510932041938,3.0482023348152,0
25.5181460112639,3.04865224009327,0
25.5253599805897,3.04910199045033,0
25.5325739499155,3.04955158585565,0
25.5397879192413,3.0500010262784,0
25.5470018885672,3.05045031168773,0
25.554215857893,3.05089944205268,0
25.5614298272188,3.05134841734225,0
25.5686437965446,3.05179723752539,0
25.5758577658705,3.05224590257095,0
25.5830717351963,3.05269441244773,0
25.5902857045221,3.05314276712449,0
25.5974996738479,3.05359096656989,0
25.6047136431738,3.05403901075254,0
25.6119276124996,3.05448689964098,0
25.6191415818254,3.0549346332037,0
25.6263555511512,3.0553822114091,0
25.6335695204771,3.05582963422554,0
25.6407834898029,3.05627690162129,0
25.6479974591287,3.05672401356458,0
25.6552114284545,3.05717097002355,0
25.6624253977804,3.0576177709663,0
25.6696393671062,3.05806441636084,0
25.676853336432,3.05851090617513,0
25.6840673057578,3.05895724037706,0
25.6912812750837,3.05940341893445,0
25.6984952444095,3.05984944181506,0
25.7057092137353,3.06029530898657,0
25.7129231830611,3.06074102041662,0
25.7201371523869,3.06118657607275,0
25.7273511217128,3.06163197592248,0
25.7345650910386,3.0620772199332,0
25.7417790603644,3.0625223080723,0
25.7489930296902,3.06296724030706,0
25.7562069990161,3.0634120166047,0
25.7634209683419,3.06385663693239,0
25.7706349376677,3.06430110125722,0
25.7778489069935,3.0647454095462,0
25.7850628763194,3.06518956176631,0
25.7922768456452,3.06563355788442,0
25.799490814971,3.06607739786737,0
25.8067047842968,3.06652108168191,0
25.8139187536227,3.06696460929473,0
25.8211327229485,3.06740798067245,0
25.8283466922743,3.06785119578162,0
25.8355606616001,3.06829425458872,0
25.842774630926,3.06873715706019,0
25.8499886002518,3.06917990316236,0
25.8572025695776,3.06962249286153,0
25.8644165389034,3.07006492612389,0
25.8716305082292,3.07050720291561,0
25.8788444775551,3.07094932320275,0
25.8860584468809,3.07139128695133,0
25.8932724162067,3.07183309412729,0
25.9004863855325,3.0722747446965,0
25.9077003548584,3.07271623862476,0
25.9149143241842,3.07315757587782,0
25.92212829351,3.07359875642132,0
25.9293422628358,3.07403978022089,0
25.9365562321617,3.07448064724203,0
25.9437702014875,3.07492135745022,0
25.9509841708133,3.07536191081083,0
25.9581981401391,3.07580230728921,0
25.965412109465,3.07624254685058,0
25.9726260787908,3.07668262946014,0
25.9798400481166,3.077122555083,0
25.9870540174424,3.0775623236842,0
25.9942679867683,3.07800193522872,0
26.0014819560941,3.07844138968146,0
26.0086959254199,3.07888068700725,0
26.0159098947457,3.07931982717086,0
26.0231238640716,3.07975881013697,0
26.0303378333974,3.08019763587022,0
26.0375518027232,3.08063630433515,0
26.044765772049,3.08107481549625,0
26.0519797413749,3.08151316931793,0
26.0591937107007,3.08195136576453,0
26.0664076800265,3.08238940480033,0
26.0736216493523,3.08282728638951,0
26.0808356186782,3.08326501049621,0
26.088049588004,3.0837025770845,0
26.0952635573298,3.08413998611834,0
26.1024775266556,3.08457723756167,0
26.1096914959814,3.08501433137832,0
26.1169054653073,3.08545126753206,0
26.1241194346331,3.08588804598661,0
26.1313334039589,3.08632466670558,0
26.1385473732847,3.08676112965254,0
26.1457613426106,3.08719743479097,0
26.1529753119364,3.08763358208429,0
26.1601892812622,3.08806957149584,0
26.167403250588,3.08850540298888,0
26.1746172199139,3.08894107652663,0
26.1818311892397,3.08937659207219,0
26.1890451585655,3.08981194958863,0
26.1962591278913,3.09024714903893,0
26.2034730972172,3.09068219038599,0
26.210687066543,3.09111707359265,0
26.2179010358688,3.09155179862168,0
26.2251150051946,3.09198636543575,0
26.2323289745205,3.09242077399749,0
26.2395429438463,3.09285502426945,0
26.2467569131721,3.09328911621408,0
26.2539708824979,3.0937230497938,0
26.2611848518238,3.09415682497091,0
26.2683988211496,3.09459044170768,0
26.2756127904754,3.09502389996627,0
26.2828267598012,3.0954571997088,0
26.290040729127,3.09589034089728,0
26.2972546984529,3.09632332349367,0
26.3044686677787,3.09675614745985,0
26.3116826371045,3.09718881275764,0
26.3188966064303,3.09762131934875,0
26.3261105757562,3.09805366719485,0
26.333324545082,3.09848585625752,0
26.3405385144078,3.09891788649826,0
26.3477524837336,3.09934975787852,0
26.3549664530595,3.09978147035964,0
26.3621804223853,3.10021302390292,0
26.3693943917111,3.10064441846956,0
26.3766083610369,3.10107565402069,0
26.3838223303628,3.10150673051738,0
26.3910362996886,3.1019376479206,0
26.3982502690144,3.10236840619126,0
26.4054642383402,3.10279900529019,0
26.4126782076661,3.10322944517815,0
26.4198921769919,3.10365972581581,0
26.4271061463177,3.10408984716379,0
26.4343201156435,3.10451980918261,0
26.4415340849694,3.10494961183271,0
26.4487480542952,3.10537925507448,0
26.455962023621,3.10580873886821,0
26.4631759929468,3.10623806317412,0
26.4703899622727,3.10666722795237,0
26.4776039315985,3.10709623316301,0
26.4848179009243,3.10752507876604,0
26.4920318702501,3.10795376472138,0
26.4992458395759,3.10838229098885,0
26.5064598089018,3.10881065752823,0
26.5136737782276,3.1092388642992,0
26.5208877475534,3.10966691126135,0
26.5281017168792,3.11009479837422,0
26.5353156862051,3.11052252559726,0
26.5425296555309,3.11095009288984,0
26.5497436248567,3.11137750021125,0
26.5569575941825,3.11180474752071,0
26.5641715635084,3.11223183477736,0
26.5713855328342,3.11265876194025,0
26.57859950216,3.11308552896838,0
26.5858134714858,3.11351213582063,0
26.5930274408117,3.11393858245584,0
26.6002414101375,3.11436486883275,0
26.6074553794633,3.11479099491003,0
26.6146693487891,3.11521696064626,0
26.621883318115,3.11564276599995,0
26.6290972874408,3.11606841092953,0
26.6363112567666,3.11649389539335,0
26.6435252260924,3.11691921934967,0
26.6507391954183,3.1173443827567,0
26.6579531647441,3.11776938557254,0
26.6651671340699,3.11819422775522,0
26.6723811033957,3.11861890926268,0
26.6795950727215,3.11904343005281,0
26.6868090420474,3.11946779008339,0
26.6940230113732,3.11989198931213,0
26.701236980699,3.12031602769666,0
26.7084509500248,3.12073990519453,0
26.7156649193507,3.1211636217632,0
26.7228788886765,3.12158717736006,0
26.7300928580023,3.12201057194243,0
26.7373068273281,3.12243380546751,0
26.744520796654,3.12285687789246,0
26.7517347659798,3.12327978917434,0
26.7589487353056,3.12370253927013,0
26.7661627046314,3.12412512813672,0
26.7733766739573,3.12454755573094,0
26.7805906432831,3.12496982200952,0
26.7878046126089,3.1253919269291,0
26.7950185819347,3.12581387044627,0
26.8022325512606,3.12623565251751,0
26.8094465205864,3.12665727309923,0
26.8166604899122,3.12707873214774,0
26.823874459238,3.1275000296193,0
26.8310884285639,3.12792116547005,0
26.8383023978897,3.12834213965608,0
26.8455163672155,3.12876295213337,0
26.8527303365413,3.12918360285783,0
26.8599443058671,3.12960409178529,0
26.867158275193,3.13002441887149,0
26.8743722445188,3.13044458407209,0
26.8815862138446,3.13086458734266,0
26.8888001831704,3.13128442863869,0
26.8960141524963,3.13170410791558,0
26.9032281218221,3.13212362512867,0
26.9104420911479,3.13254298023318,0
26.9176560604737,3.13296217318427,0
26.9248700297996,3.13338120393702,0
26.9320839991254,3.13380007244639,0
26.9392979684512,3.13421877866729,0
26.946511937777,3.13463732255454,0
26.9537259071029,3.13505570406286,0
26.9609398764287,3.1354739231469,0
26.9681538457545,3.13589197976121,0
26.9753678150803,3.13630987386027,0
26.9825817844062,3.13672760539846,0
26.989795753732,3.13714517433008,0
26.9970097230578,3.13756258060936,0
27.0042236923836,3.13797982419041,0
27.0114376617095,3.13839690502728,0
27.0186516310353,3.13881382307393,0
27.0258656003611,3.13923057828423,0
27.0330795696869,3.13964717061195,0
27.0402935390128,3.14006360001079,0
27.0475075083386,3.14047986643437,0
27.0547214776644,3.1408959698362,0
27.0619354469902,3.14131191016972,0
27.069149416316,3.14172768738827,0
27.0763633856419,3.14214330144512,0
27.0835773549677,3.14255875229343,0
27.0907913242935,3.1429740398863,0
27.0980052936193,3.14338916417671,0
27.1052192629452,3.14380412511757,0
27.112433232271,3.1442189226617,0
27.1196472015968,3.14463355676183,0
27.1268611709226,3.14504802737061,0
27.1340751402485,3.14546233444059,0
27.1412891095743,3.14587647792423,0
27.1485030789001,3.14629045777391,0
27.1557170482259,3.14670427394191,0
27.1629310175518,3.14711792638043,0
27.1701449868776,3.14753141504157,0
27.1773589562034,3.14794473987737,0
27.1845729255292,3.14835790083973,0
27.1917868948551,3.1487708978805,0
27.1990008641809,3.14918373095144,0
27.2062148335067,3.14959640000419,0
27.2134288028325,3.15000890499031,0
27.2206427721584,3.1504212458613,0
27.2278567414842,3.15083342256853,0
27.23507071081,3.1512454350633,0
27.2422846801358,3.15165728329681,0
27.2494986494616,3.15206896722018,0
27.2567126187875,3.15248048678441,0
27.2639265881133,3.15289184194046,0
27.2711405574391,3.15330303263914,0
27.2783545267649,3.15371405883121,0
27.2855684960908,3.15412492046733,0
27.2927824654166,3.15453561749804,0
27.2999964347424,3.15494614987383,0
27.3072104040682,3.15535651754507,0
27.3144243733941,3.15576672046204,0
27.3216383427199,3.15617675857494,0
27.3288523120457,3.15658663183386,0
27.3360662813715,3.15699634018881,0
27.3432802506974,3.15740588358969,0
27.3504942200232,3.15781526198634,0
27.357708189349,3.15822447532847,0
27.3649221586748,3.15863352356571,0
27.3721361280007,3.15904240664761,0
27.3793500973265,3.1594511245236,0
27.3865640666523,3.15985967714303,0
27.3937780359781,3.16026806445516,0
27.400992005304,3.16067628640914,0
27.4082059746298,3.16108434295405,0
27.4154199439556,3.16149223403885,0
27.4226339132814,3.16189995961242,0
27.4298478826073,3.16230751962353,0
27.4370618519331,3.16271491402087,0
27.4442758212589,3.16312214275303,0
27.4514897905847,3.1635292057685,0
27.4587037599105,3.16393610301568,0
27.4659177292364,3.16434283444287,0
27.4731316985622,3.16474939999827,0
27.480345667888,3.16515579962998,0
27.4875596372138,3.16556203328603,0
27.4947736065397,3.16596810091432,0
27.5019875758655,3.16637400246267,0
27.5092015451913,3.1667797378788,0
27.5164155145171,3.16718530711034,0
27.523629483843,3.16759071010481,0
27.5308434531688,3.16799594680963,0
27.5380574224946,3.16840101717214,0
27.5452713918204,3.16880592113956,0
27.5524853611463,3.16921065865904,0
27.5596993304721,3.1696152296776,0
27.5669132997979,3.17001963414218,0
27.5741272691237,3.17042387199962,0
27.5813412384496,3.17082794319666,0
27.5885552077754,3.17123184767993,0
27.5957691771012,3.17163558539598,0
27.602983146427,3.17203915629125,0
27.6101971157529,3.17244256031207,0
27.6174110850787,3.17284579740469,0
27.6246250544045,3.17324886751525,0
27.6318390237303,3.17365177058979,0
27.6390529930562,3.17405450657425,0
27.646266962382,3.17445707541447,0
27.6534809317078,3.17485947705618,0
27.6606949010336,3.17526171144504,0
27.6679088703594,3.17566377852656,0
27.6751228396853,3.17606567824619,0
27.6823368090111,3.17646741054927,0
27.6895507783369,3.17686897538102,0
27.6967647476627,3.17727037268657,0
27.7039787169886,3.17767160241096,0
27.7111926863144,3.1780726644991,0
27.7184066556402,3.17847355889582,0
27.725620624966,3.17887428554585,0
27.7328345942919,3.1792748443938,0
27.7400485636177,3.17967523538418,0
27.7472625329435,3.18007545846141,0
27.7544765022693,3.18047551356979,0
27.7616904715952,3.18087540065353,0
27.768904440921,3.18127511965674,0
27.7761184102468,3.18167467052339,0
27.7833323795726,3.1820740531974,0
27.7905463488985,3.18247326762254,0
27.7977603182243,3.1828723137425,0
27.8049742875501,3.18327119150086,0
27.8121882568759,3.18366990084109,0
27.8194022262018,3.18406844170657,0
27.8266161955276,3.18446681404054,0
27.8338301648534,3.18486501778618,0
27.8410441341792,3.18526305288653,0
27.848258103505,3.18566091928453,0
27.8554720728309,3.18605861692304,0
27.8626860421567,3.18645614574477,0
27.8699000114825,3.18685350569236,0
27.8771139808083,3.18725069670832,0
27.8843279501342,3.18764771873508,0
27.89154191946,3.18804457171492,0
27.8987558887858,3.18844125559006,0
27.9059698581116,3.18883777030258,0
27.9131838274375,3.18923411579447,0
27.9203977967633,3.18963029200759,0
27.9276117660891,3.19002629888372,0
27.9348257354149,3.1904221363645,0
27.9420397047408,3.1908178043915,0
27.9492536740666,3.19121330290615,0
27.9564676433924,3.19160863184978,0
27.9636816127182,3.19200379116361,0
27.9708955820441,3.19239878078876,0
27.9781095513699,3.19279360066623,0
27.9853235206957,3.1931882507369,0
27.9925374900215,3.19358273094157,0
27.9997514593474,3.1939770412209,0
28.0069654286732,3.19437118151546,0
28.014179397999,3.19476515176569,0
28.0213933673248,3.19515895191194,0
28.0286073366507,3.19555258189443,0
28.0358213059765,3.19594604165328,0
28.0430352753023,3.19633933112849,0
28.0502492446281,3.19673245025997,0
28.057463213954,3.19712539898748,0
28.0646771832798,3.1975181772507,0
28.0718911526056,3.19791078498918,0
28.0791051219314,3.19830322214237,0
28.0863190912572,3.19869548864959,0
28.0935330605831,3.19908758445008,0
28.1007470299089,3.19947950948291,0
28.1079609992347,3.1998712636871,0
28.1151749685605,3.20026284700151,0
28.1223889378864,3.20065425936491,0
28.1296029072122,3.20104550071593,0
28.136816876538,3.20143657099313,0
28.1440308458638,3.20182747013491,0
28.1512448151897,3.20221819807957,0
28.1584587845155,3.20260875476531,0
28.1656727538413,3.2029991401302,0
28.1728867231671,3.20338935411219,0
28.180100692493,3.20377939664913,0
28.1873146618188,3.20416926767873,0
28.1945286311446,3.20455896713861,0
28.2017426004704,3.20494849496626,0
28.2089565697963,3.20533785109905,0
28.2161705391221,3.20572703547423,0
28.2233845084479,3.20611604802896,0
28.2305984777737,3.20650488870025,0
28.2378124470995,3.206893557425,0
28.2450264164254,3.20728205414001,0
28.2522403857512,3.20767037878193,0
28.259454355077,3.20805853128732,0
28.2666683244028,3.20844651159261,0
28.2738822937287,3.20883431963411,0
28.2810962630545,3.20922195534801,0
28.2883102323803,3.20960941867039,0
28.2955242017061,3.20999670953719,0
28.302738171032,3.21038382788426,0
28.3099521403578,3.2107707736473,0
28.3171661096836,3.2111575467619,0
28.3243800790094,3.21154414716353,0
28.3315940483353,3.21193057478755,0
28.3388080176611,3.21231682956919,0
28.3460219869869,3.21270291144354,0
28.3532359563127,3.21308882034561,0
28.3604499256386,3.21347455621024,0
28.3676638949644,3.21386011897218,0
28.3748778642902,3.21424550856605,0
28.382091833616,3.21463072492635,0
28.3893058029419,3.21501576798745,0
28.3965197722677,3.21540063768359,0
28.4037337415935,3.21578533394891,0
28.4109477109193,3.2161698567174,0
28.4181616802452,3.21655420592294,0
28.425375649571,3.21693838149929,0
28.4325896188968,3.21732238338008,0
28.4398035882226,3.2177062114988,0
28.4470175575485,3.21808986578884,0
28.4542315268743,3.21847334618346,0
28.4614454962001,3.21885665261577,0
28.4686594655259,3.21923978501879,0
28.4758734348517,3.21962274332538,0
28.4830874041776,3.22000552746831,0
28.4903013735034,3.22038813738018,0
28.4975153428292,3.22077057299349,0
28.504729312155,3.22115283424062,0
28.5119432814809,3.22153492105381,0
28.5191572508067,3.22191683336516,0
28.5263712201325,3.22229857110667,0
28.5335851894583,3.22268013421018,0
28.5407991587842,3.22306152260744,0
28.54801312811,3.22344273623002,0
28.5552270974358,3.22382377500942,0
28.5624410667616,3.22420463887697,0
28.5696550360875,3.22458532776387,0
28.5768690054133,3.22496584160121,0
28.5840829747391,3.22534618031994,0
28.5912969440649,3.22572634385088,0
28.5985109133908,3.22610633212472,0
28.6057248827166,3.22648614507202,0
28.6129388520424,3.2268657826232,0
28.6201528213682,3.22724524470856,0
28.627366790694,3.22762453125826,0
28.6345807600199,3.22800364220234,0
28.6417947293457,3.22838257747068,0
28.6490086986715,3.22876133699307,0
28.6562226679973,3.22913992069912,0
28.6634366373232,3.22951832851834,0
28.670650606649,3.22989656038009,0
28.6778645759748,3.23027461621361,0
28.6850785453006,3.23065249594798,0
28.6922925146265,3.23103019951219,0
28.6995064839523,3.23140772683504,0
28.7067204532781,3.23178507784524,0
28.7139344226039,3.23216225247134,0
28.7211483919298,3.23253925064175,0
28.7283623612556,3.23291607228478,0
28.7355763305814,3.23329271732856,0
28.7427902999072,3.23366918570111,0
28.7500042692331,3.2340454773303,0
28.7572182385589,3.23442159214388,0
28.7644322078847,3.23479753006943,0
28.7716461772105,3.23517329103443,0
28.7788601465364,3.2355488749662,0
28.7860741158622,3.23592428179192,0
28.793288085188,3.23629951143864,0
28.8005020545138,3.23667456383326,0
28.8077160238397,3.23704943890257,0
28.8149299931655,3.23742413657318,0
28.8221439624913,3.23779865677159,0
28.8293579318171,3.23817299942414,0
28.836571901143,3.23854716445704,0
28.8437858704688,3.23892115179636,0
28.8509998397946,3.23929496136803,0
28.8582138091204,3.23966859309782,0
28.8654277784462,3.24004204691138,0
28.8726417477721,3.24041532273421,0
28.8798557170979,3.24078842049166,0
28.8870696864237,3.24116134010896,0
28.8942836557495,3.24153408151117,0
28.9014976250754,3.24190664462322,0
28.9087115944012,3.24227902936989,0
28.915925563727,3.24265123567583,0
28.9231395330528,3.24302326346552,0
28.9303535023787,3.24339511266332,0
28.9375674717045,3.24376678319344,0
28.9447814410303,3.24413827497993,0
28.9519954103561,3.24450958794671,0
28.959209379682,3.24488072201754,0
28.9664233490078,3.24525167711604,0
28.9736373183336,3.2456224531657,0
28.9808512876594,3.24599305008983,0
28.9880652569853,3.24636346781162,0
28.9952792263111,3.2467337062541,0
29.0024931956369,3.24710376534015,0
29.0097071649627,3.24747364499251,0
29.0169211342886,3.24784334513376,0
29.0241351036144,3.24821286568634,0
29.0313490729402,3.24858220657254,0
29.038563042266,3.2489513677145,0
29.0457770115918,3.2493203490342,0
29.0529909809177,3.24968915045347,0
29.0602049502435,3.25005777189402,0
29.0674189195693,3.25042621327736,0
29.0746328888951,3.25079447452488,0
29.081846858221,3.25116255555782,0
29.0890608275468,3.25153045629725,0
29.0962747968726,3.2518981766641,0
29.1034887661984,3.25226571657913,0
29.1107027355243,3.25263307596298,0
29.1179167048501,3.2530002547361,0
29.1251306741759,3.25336725281881,0
29.1323446435017,3.25373407013126,0
29.1395586128276,3.25410070659345,0
29.1467725821534,3.25446716212524,0
29.1539865514792,3.25483343664631,0
29.161200520805,3.2551995300762,0
29.1684144901309,3.25556544233428,0
29.1756284594567,3.25593117333978,0
29.1828424287825,3.25629672301177,0
29.1900563981083,3.25666209126915,0
29.1972703674342,3.25702727803066,0
29.20448433676,3.25739228321491,0
29.2116983060858,3.25775710674033,0
29.2189122754116,3.25812174852518,0
29.2261262447375,3.25848620848759,0
29.2333402140633,3.25885048654551,0
29.2405541833891,3.25921458261673,0
29.2477681527149,3.25957849661889,0
29.2549821220407,3.25994222846946,0
29.2621960913666,3.26030577808576,0
29.2694100606924,3.26066914538492,0
29.2766240300182,3.26103233028395,0
29.283837999344,3.26139533269967,0
29.2910519686699,3.26175815254874,0
29.2982659379957,3.26212078974767,0
29.3054799073215,3.26248324421278,0
29.3126938766473,3.26284551586025,0
29.3199078459732,3.26320760460609,0
29.327121815299,3.26356951036614,0
29.3343357846248,3.26393123305609,0
29.3415497539506,3.26429277259143,0
29.3487637232765,3.26465412888753,0
29.3559776926023,3.26501530185955,0
29.3631916619281,3.26537629142252,0
29.3704056312539,3.26573709749128,0
29.3776196005798,3.2660977199805,0
29.3848335699056,3.2664581588047,0
29.3920475392314,3.26681841387822,0
29.3992615085572,3.26717848511523,0
29.4064754778831,3.26753837242973,0
29.4136894472089,3.26789807573557,0
29.4209034165347,3.2682575949464,0
29.4281173858605,3.26861692997572,0
29.4353313551863,3.26897608073684,0
29.4425453245122,3.26933504714293,0
29.449759293838,3.26969382910696,0
29.4569732631638,3.27005242654173,0
29.4641872324896,3.27041083935989,0
29.4714012018155,3.27076906747388,0
29.4786151711413,3.27112711079601,0
29.4858291404671,3.27148496923838,0
29.4930431097929,3.27184264271293,0
29.5002570791188,3.27220013113144,0
29.5074710484446,3.27255743440547,0
29.5146850177704,3.27291455244646,0
29.5218989870962,3.27327148516564,0
29.5291129564221,3.27362823247406,0
29.5363269257479,3.27398479428262,0
29.5435408950737,3.27434117050201,0
29.5507548643995,3.27469736104278,0
29.5579688337254,3.27505336581526,0
29.5651828030512,3.27540918472962,0
29.572396772377,3.27576481769587,0
29.5796107417028,3.27612026462381,0
29.5868247110287,3.27647552542307,0
29.5940386803545,3.27683060000311,0
29.6012526496803,3.2771854882732,0
29.6084666190061,3.27754019014242,0
29.615680588332,3.27789470551968,0
29.6228945576578,3.2782490343137,0
29.6301085269836,3.27860317643304,0
29.6373224963094,3.27895713178603,0
29.6445364656352,3.27931090028086,0
29.6517504349611,3.27966448182553,0
29.6589644042869,3.28001787632782,0
29.6661783736127,3.28037108369536,0
29.6733923429385,3.28072410383559,0
29.6806063122644,3.28107693665575,0
29.6878202815902,3.2814295820629,0
29.695034250916,3.28178203996392,0
29.7022482202418,3.28213431026549,0
29.7094621895677,3.28248639287411,0
29.7166761588935,3.28283828769608,0
29.7238901282193,3.28318999463753,0
29.7311040975451,3.28354151360439,0
29.738318066871,3.28389284450239,0
29.7455320361968,3.28424398723709,0
29.7527460055226,3.28459494171384,0
29.7599599748484,3.28494570783781,0
29.7671739441743,3.28529628551397,0
29.7743879135001,3.2856466746471,0
29.7816018828259,3.28599687514179,0
29.7888158521517,3.28634688690244,0
29.7960298214776,3.28669670983325,0
29.8032437908034,3.28704634383822,0
29.8104577601292,3.28739578882115,0
29.817671729455,3.28774504468568,0
29.8248856987809,3.28809411133521,0
29.8320996681067,3.28844298867296,0
29.8393136374325,3.28879167660196,0
29.8465276067583,3.28914017502504,0
29.8537415760841,3.28948848384483,0
29.86095554541,3.28983660296374,0
29.8681695147358,3.29018453228402,0
29.8753834840616,3.2905322717077,0
29.8825974533874,3.29087982113659,0
29.8898114227133,3.29122718047233,0
29.8970253920391,3.29157434961635,0
29.9042393613649,3.29192132846988,0
29.9114533306907,3.29226811693392,0
29.9186673000166,3.29261471490931,0
29.9258812693424,3.29296112229666,0
29.9330952386682,3.29330733899637,0
29.940309207994,3.29365336490867,0
29.9475231773199,3.29399919993353,0
29.9547371466457,3.29434484397077,0
29.9619511159715,3.29469029691996,0
29.9691650852973,3.2950355586805,0
29.9763790546232,3.29538062915155,0
29.983593023949,3.29572550823208,0
29.9908069932748,3.29607019582084,0
29.9980209626006,3.29641469181639,0
30.0052349319265,3.29675899611706,0
30.0124489012523,3.29710310862097,0
30.0196628705781,3.29744702922606,0
30.0268768399039,3.29779075783001,0
30.0340908092297,3.29813429433032,0
30.0413047785556,3.29847763862427,0
30.0485187478814,3.29882079060894,0
30.0557327172072,3.29916375018116,0
30.062946686533,3.29950651723758,0
30.0701606558589,3.29984909167462,0
30.0773746251847,3.30019147338848,0
30.0845885945105,3.30053366227517,0
30.0918025638363,3.30087565823044,0
30.0990165331622,3.30121746114987,0
30.106230502488,3.30155907092878,0
30.1134444718138,3.30190048746229,0
30.1206584411396,3.30224171064531,0
30.1278724104655,3.30258274037252,0
30.1350863797913,3.30292357653838,0
30.1423003491171,3.30326421903711,0
30.1495143184429,3.30360466776275,0
30.1567282877688,3.30394492260909,0
30.1639422570946,3.30428498346968,0
30.1711562264204,3.3046248502379,0
30.1783701957462,3.30496452280685,0
30.1855841650721,3.30530400106943,0
30.1927981343979,3.30564328491833,0
30.2000121037237,3.30598237424598,0
30.2072260730495,3.3063212689446,0
30.2144400423754,3.30665996890619,0
30.2216540117012,3.30699847402251,0
30.228867981027,3.3073367841851,0
30.2360819503528,3.30767489928526,0
30.2432959196786,3.30801281921407,0
30.2505098890045,3.30835054386237,0
30.2577238583303,3.30868807312078,0
30.2649378276561,3.30902540687967,0
30.2721517969819,3.30936254502921,0
30.2793657663078,3.3096994874593,0
30.2865797356336,3.31003623405962,0
30.2937937049594,3.31037278471963,0
30.3010076742852,3.31070913932853,0
30.3082216436111,3.3110452977753,0
30.3154356129369,3.31138125994868,0
30.3226495822627,3.31171702573717,0
30.3298635515885,3.31205259502903,0
30.3370775209144,3.31238796771228,0
30.3442914902402,3.31272314367472,0
30.351505459566,3.31305812280388,0
30.3587194288918,3.31339290498707,0
30.3659333982177,3.31372749011135,0
30.3731473675435,3.31406187806354,0
30.3803613368693,3.31439606873022,0
30.3875753061951,3.31473006199773,0
30.394789275521,3.31506385775214,0
30.4020032448468,3.3153974558793,0
30.4092172141726,3.31573085626482,0
30.4164311834984,3.31606405879403,0
30.4236451528242,3.31639706335206,0
30.4308591221501,3.31672986982374,0
30.4380730914759,3.31706247809369,0
30.4452870608017,3.31739488804626,0
30.4525010301275,3.31772709956557,0
30.4597149994534,3.31805911253546,0
30.4669289687792,3.31839092683955,0
30.474142938105,3.31872254236118,0
30.4813569074308,3.31905395898345,0
30.4885708767567,3.31938517658921,0
30.4957848460825,3.31971619506104,0
30.5029988154083,3.32004701428129,0
30.5102127847341,3.32037763413203,0
30.51742675406,3.32070805449507,0
30.5246407233858,3.32103827525199,0
30.5318546927116,3.32136829628409,0
30.5390686620374,3.32169811747241,0
30.5462826313633,3.32202773869774,0
30.5534966006891,3.3223571598406,0
30.5607105700149,3.32268638078126,0
30.5679245393407,3.32301540139971,0
30.5751385086666,3.3233442215757,0
30.5823524779924,3.32367284118868,0
30.5895664473182,3.32400126011788,0
30.596780416644,3.32432947824224,0
30.6039943859698,3.32465749544042,0
30.6112083552957,3.32498531159084,0
30.6184223246215,3.32531292657163,0
30.6256362939473,3.32564034026068,0
30.6328502632731,3.32596755253557,0
30.640064232599,3.32629456327365,0
30.6472782019248,3.32662137235196,0
30.6544921712506,3.3269479796473,0
30.6617061405764,3.32727438503618,0
30.6689201099023,3.32760058839484,0
30.6761340792281,3.32792658959924,0
30.6833480485539,3.32825238852508,0
30.6905620178797,3.32857798504777,0
30.6977759872056,3.32890337904244,0
30.7049899565314,3.32922857038394,0
30.7122039258572,3.32955355894687,0
30.719417895183,3.32987834460551,0
30.7266318645089,3.33020292723389,0
30.7338458338347,3.33052730670573,0
30.7410598031605,3.3308514828945,0
30.7482737724863,3.33117545567337,0
30.7554877418122,3.33149922491521,0
30.762701711138,3.33182279049262,0
30.7699156804638,3.33214615227794,0
30.7771296497896,3.33246931014317,0
30.7843436191155,3.33279226396006,0
30.7915575884413,3.33311501360005,0
30.7987715577671,3.33343755893432,0
30.8059855270929,3.33375989983372,0
30.8131994964187,3.33408203616885,0
30.8204134657446,3.33440396780997,0
30.8276274350704,3.33472569462709,0
30.8348414043962,3.33504721648991,0
30.842055373722,3.33536853326782,0
30.8492693430479,3.33568964482993,0
30.8564833123737,3.33601055104505,0
30.8636972816995,3.33633125178169,0
30.8709112510253,3.33665174690807,0
30.8781252203512,3.33697203629209,0
30.885339189677,3.33729211980137,0
30.8925531590028,3.33761199730321,0
30.8997671283286,3.33793166866463,0
30.9069810976545,3.33825113375231,0
30.9141950669803,3.33857039243267,0
30.9214090363061,3.33888944457178,0
30.9286230056319,3.33920829003544,0
30.9358369749578,3.33952692868912,0
30.9430509442836,3.33984536039799,0
30.9502649136094,3.3401635850269,0
30.9574788829352,3.3404816024404,0
30.9646928522611,3.34079941250273,0
30.9719068215869,3.34111701507781,0
30.9791207909127,3.34143441002924,0
30.9863347602385,3.34175159722031,0
30.9935487295643,3.34206857651402,0
31.0007626988902,3.342385347773,0
31.007976668216,3.34270191085961,0
31.0151906375418,3.34301826563586,0
31.0224046068676,3.34333441196347,0
31.0296185761935,3.3436503497038,0
31.0368325455193,3.34396607871792,0
31.0440465148451,3.34428159886656,0
31.0512604841709,3.34459691001013,0
31.0584744534968,3.34491201200872,0
31.0656884228226,3.34522690472209,0
31.0729023921484,3.34554158800966,0
31.0801163614742,3.34585606173054,0
31.0873303308001,3.3461703257435,0
31.0945443001259,3.34648437990698,0
31.1017582694517,3.34679822407909,0
31.1089722387775,3.3471118581176,0
31.1161862081034,3.34742528187995,0
31.1234001774292,3.34773849522326,0
31.130614146755,3.34805149800429,0
31.1378281160808,3.34836429007946,0
31.1450420854067,3.34867687130488,0
31.1522560547325,3.34898924153629,0
31.1594700240583,3.3493014006291,0
31.1666839933841,3.34961334843839,0
31.17389796271,3.34992508481888,0
31.1811119320358,3.35023660962494,0
31.1883259013616,3.35054792271062,0
31.1955398706874,3.35085902392959,0
31.2027538400133,3.35116991313521,0
31.2099678093391,3.35148059018045,0
31.2171817786649,3.35179105491796,0
31.2243957479907,3.35210130720003,0
31.2316097173166,3.35241134687858,0
31.2388236866424,3.3527211738052,0
31.2460376559682,3.35303078783111,0
31.253251625294,3.35334018880719,0
31.2604655946198,3.35364937658393,0
31.2676795639457,3.35395835101149,0
31.2748935332715,3.35426711193966,0
31.2821075025973,3.35457565921786,0
31.2893214719231,3.35488399269517,0
31.296535441249,3.35519211222029,0
31.3037494105748,3.35550001764154,0
31.3109633799006,3.3558077088069,0
31.3181773492264,3.35611518556396,0
31.3253913185523,3.35642244775997,0
31.3326052878781,3.35672949524178,0
31.3398192572039,3.35703632785587,0
31.3470332265297,3.35734294544837,0
31.3542471958556,3.35764934786501,0
31.3614611651814,3.35795553495116,0
31.3686751345072,3.35826150655181,0
31.375889103833,3.35856726251156,0
31.3831030731588,3.35887280267465,0
31.3903170424847,3.35917812688491,0
31.3975310118105,3.35948323498583,0
31.4047449811363,3.35978812682047,0
31.4119589504622,3.36009280223154,0
31.419172919788,3.36039726106134,0
31.4263868891138,3.3607015031518,0
31.4336008584396,3.36100552834443,0
31.4408148277654,3.3613093364804,0
31.4480287970913,3.36161292740043,0
31.4552427664171,3.36191630094489,0
31.4624567357429,3.36221945695374,0
31.4696707050687,3.36252239526654,0
31.4768846743946,3.36282511572245,0
31.4840986437204,3.36312761816023,0
31.4913126130462,3.36342990241826,0
31.498526582372,3.36373196833448,0
31.5057405516979,3.36403381574647,0
31.5129545210237,3.36433544449137,0
31.5201684903495,3.36463685440592,0
31.5273824596753,3.36493804532647,0
31.5345964290012,3.36523901708894,0
31.541810398327,3.36553976952885,0
31.5490243676528,3.3658403024813,0
31.5562383369786,3.36614061578097,0
31.5634523063045,3.36644070926215,0
31.5706662756303,3.36674058275868,0
31.5778802449561,3.367040236104,0
31.5850942142819,3.36733966913113,0
31.5923081836077,3.36763888167266,0
31.5995221529336,3.36793787356077,0
31.6067361222594,3.36823664462719,0
31.6139500915852,3.36853519470324,0
31.621164060911,3.36883352361982,0
31.6283780302369,3.36913163120737,0
31.6355919995627,3.36942951729594,0
31.6428059688885,3.36972718171511,0
31.6500199382143,3.37002462429405,0
31.6572339075402,3.37032184486147,0
31.664447876866,3.37061884324567,0
31.6716618461918,3.37091561927448,0
31.6788758155176,3.3712121727753,0
31.6860897848435,3.37150850357511,0
31.6933037541693,3.37180461150042,0
31.7005177234951,3.37210049637728,0
31.7077316928209,3.37239615803133,0
31.7149456621468,3.37269159628774,0
31.7221596314726,3.37298681097121,0
31.7293736007984,3.37328180190603,0
31.7365875701242,3.37357656891599,0
31.7438015394501,3.37387111182445,0
31.7510155087759,3.37416543045431,0
31.7582294781017,3.374459524628,0
31.7654434474275,3.3747533941675,0
31.7726574167534,3.3750470388943,0
31.7798713860792,3.37534045862945,0
31.787085355405,3.37563365319353,0
31.7942993247308,3.37592662240663,0
31.8015132940567,3.3762193660884,0
31.8087272633825,3.376511884058,0
31.8159412327083,3.37680417613411,0
31.8231552020341,3.37709624213493,0
31.8303691713599,3.3773880818782,0
31.8375831406858,3.37767969518117,0
31.8447971100116,3.37797108186061,0
31.8520110793374,3.37826224173279,0
31.8592250486632,3.37855317461352,0
31.8664390179891,3.3788438803181,0
31.8736529873149,3.37913435866135,0
31.8808669566407,3.3794246094576,0
31.8880809259665,3.37971463252068,0
31.8952948952924,3.38000442766392,0
31.9025088646182,3.38029399470016,0
31.909722833944,3.38058333344174,0
31.9169368032698,3.3808724437005,0
31.9241507725957,3.38116132528777,0
31.9313647419215,3.38144997801437,0
31.9385787112473,3.38173840169063,0
31.9457926805731,3.38202659612635,0
31.953006649899,3.38231456113082,0
31.9602206192248,3.38260229651284,0
31.9674345885506,3.38288980208066,0
31.9746485578764,3.38317707764203,0
31.9818625272023,3.38346412300418,0
31.9890764965281,3.38375093797381,0
31.9962904658539,3.38403752235711,0
32.0035044351797,3.38432387595972,0
32.0107184045056,3.38460999858677,0
32.0179323738314,3.38489589004286,0
32.0251463431572,3.38518155013203,0
32.032360312483,3.38546697865782,0
32.0395742818088,3.3857521754232,0
32.0467882511347,3.38603714023064,0
32.0540022204605,3.38632187288202,0
32.0612161897863,3.38660637317872,0
32.0684301591121,3.38689064092153,0
32.075644128438,3.38717467591073,0
32.0828580977638,3.38745847794603,0
32.0900720670896,3.38774204682659,0
32.0972860364154,3.388025382351,0
32.1045000057413,3.38830848431732,0
32.1117139750671,3.38859135252303,0
32.1189279443929,3.38887398676505,0
32.1261419137187,3.38915638683974,0
32.1333558830446,3.38943855254288,0
32.1405698523704,3.3897204836697,0
32.1477838216962,3.39000218001484,0
32.154997791022,3.39028364137237,0
32.1622117603479,3.39056486753579,0
32.1694257296737,3.390845858298,0
32.1766396989995,3.39112661345136,0
32.1838536683253,3.39140713278759,0
32.1910676376512,3.39168741609787,0
32.198281606977,3.39196746317275,0
32.2054955763028,3.39224727380223,0
32.2127095456286,3.39252684777569,0
32.2199235149544,3.3928061848819,0
32.2271374842803,3.39308528490907,0
32.2343514536061,3.39336414764477,0
32.2415654229319,3.39364277287598,0
32.2487793922577,3.39392116038907,0
32.2559933615836,3.39419930996981,0
32.2632073309094,3.39447722140334,0
32.2704213002352,3.3947548944742,0
32.277635269561,3.3950323289663,0
32.2848492388869,3.39530952466293,0
32.2920632082127,3.39558648134676,0
32.2992771775385,3.39586319879984,0
32.3064911468643,3.39613967680358,0
32.3137051161902,3.39641591513876,0
32.320919085516,3.39669191358553,0
32.3281330548418,3.3969676719234,0
32.3353470241676,3.39724318993123,0
32.3425609934935,3.39751846738726,0
32.3497749628193,3.39779350406906,0
32.3569889321451,3.39806829975356,0
32.3642029014709,3.39834285421704,0
32.3714168707968,3.39861716723513,0
32.3786308401226,3.39889123858278,0
32.3858448094484,3.39916506803432,0
32.3930587787742,3.39943865536337,0
32.4002727481001,3.39971200034291,0
32.4074867174259,3.39998510274526,0
32.4147006867517,3.40025796234203,0
32.4219146560775,3.4005305789042,0
32.4291286254033,3.40080295220203,0
32.4363425947292,3.40107508200512,0
32.443556564055,3.40134696808239,0
32.4507705333808,3.40161861020206,0
32.4579845027066,3.40189000813166,0
32.4651984720325,3.40216116163802,0
32.4724124413583,3.40243207048729,0
32.4796264106841,3.40270273444491,0
32.4868403800099,3.40297315327561,0
32.4940543493358,3.40324332674342,0
32.5012683186616,3.40351325461166,0
32.5084822879874,3.40378293664292,0
32.5156962573132,3.40405237259911,0
32.5229102266391,3.40432156224138,0
32.5301241959649,3.40459050533017,0
32.5373381652907,3.40485920162521,0
32.5445521346165,3.40512765088546,0
32.5517661039424,3.4053958528692,0
32.5589800732682,3.40566380733392,0
32.566194042594,3.40593151403639,0
32.5734080119198,3.40619897273266,0
32.5806219812457,3.40646618317799,0
32.5878359505715,3.40673314512691,0
32.5950499198973,3.4069998583332,0
32.6022638892231,3.40726632254987,0
32.6094778585489,3.40753253752917,0
32.6166918278748,3.40779850302259,0
32.6239057972006,3.40806421878084,0
32.6311197665264,3.40832968455387,0
32.6383337358522,3.40859490009085,0
32.6455477051781,3.40885986514015,0
32.6527616745039,3.40912457944939,0
32.6599756438297,3.40938904276536,0
32.6671896131555,3.4096532548341,0
32.6744035824814,3.40991721540083,0
32.6816175518072,3.41018092420998,0
32.688831521133,3.41044438100516,0
32.6960454904588,3.41070758552919,0
32.7032594597847,3.41097053752407,0
32.7104734291105,3.41123323673099,0
32.7176873984363,3.41149568289032,0
32.7249013677621,3.4117578757416,0
32.732115337088,3.41201981502355,0
32.7393293064138,3.41228150047405,0
32.7465432757396,3.41254293183016,0
32.7537572450654,3.41280410882807,0
32.7609712143913,3.41306503120316,0
32.7681851837171,3.41332569868995,0
32.7753991530429,3.4135861110221,0
32.7826131223687,3.41384626793241,0
32.7898270916946,3.41410616915283,0
32.7970410610204,3.41436581441446,0
32.8042550303462,3.41462520344749,0
32.811468999672,3.41488433598126,0
32.8186829689978,3.41514321174424,0
32.8258969383237,3.415401830464,0
32.8331109076495,3.41566019186724,0
32.8403248769753,3.41591829567974,0
32.8475388463011,3.41617614162641,0
32.854752815627,3.41643372943124,0
32.8619667849528,3.41669105881735,0
32.8691807542786,3.41694812950689,0
32.8763947236044,3.41720494122116,0
32.8836086929303,3.41746149368049,0
32.8908226622561,3.41771778660431,0
32.8980366315819,3.41797381971112,0
32.9052506009077,3.41822959271848,0
32.9124645702336,3.41848510534301,0
32.9196785395594,3.4187403573004,0
32.9268925088852,3.41899534830536,0
32.934106478211,3.41925007807169,0
32.9413204475369,3.4195045463122,0
32.9485344168627,3.41975875273875,0
32.9557483861885,3.42001269706222,0
32.9629623555143,3.42026637899253,0
32.9701763248402,3.42051979823861,0
32.977390294166,3.42077295450841,0
32.9846042634918,3.4210258475089,0
32.9918182328176,3.42127847694603,0
32.9990322021434,3.42153084252479,0
33.0062461714693,3.42178294394912,0
33.0134601407951,3.42203478092199,0
33.0206741101209,3.42228635314532,0
33.0278880794467,3.42253766032004,0
33.0351020487726,3.42278870214602,0
33.0423160180984,3.42303947832214,0
33.0495299874242,3.42328998854619,0
33.05674395675,3.42354023251496,0
33.0639579260759,3.42379020992417,0
33.0711718954017,3.42403992046849,0
33.0783858647275,3.42428936384153,0
33.0855998340533,3.42453853973583,0
33.0928138033792,3.42478744784287,0
33.100027772705,3.42503608785302,0
33.1072417420308,3.42528445945562,0
33.1144557113566,3.42553256233886,0
33.1216696806825,3.42578039618987,0
33.1288836500083,3.42602796069468,0
33.1360976193341,3.42627525553818,0
33.1433115886599,3.42652228040419,0
33.1505255579858,3.42676903497537,0
33.1577395273116,3.42701551893327,0
33.1649534966374,3.42726173195832,0
33.1721674659632,3.42750767372978,0
33.1793814352891,3.42775334392578,0
33.1865954046149,3.42799874222331,0
33.1938093739407,3.42824386829818,0
33.2010233432665,3.42848872182505,0
33.2082373125923,3.42873330247738,0
33.2154512819182,3.4289776099275,0
33.222665251244,3.42922164384651,0
33.2298792205698,3.42946540390433,0
33.2370931898956,3.42970888976969,0
33.2443071592215,3.42995210111011,0
33.2515211285473,3.4301950375919,0
33.2587350978731,3.43043769888013,0
33.2659490671989,3.43068008463867,0
33.2731630365248,3.43092219453014,0
33.2803770058506,3.43116402821592,0
33.2875909751764,3.43140558535614,0
33.2948049445022,3.43164686560969,0
33.3020189138281,3.43188786863417,0
33.3092328831539,3.43212859408593,0
33.3164468524797,3.43236904162004,0
33.3236608218055,3.43260921089027,0
33.3308747911314,3.43284910154911,0
33.3380887604572,3.43308871324774,0
33.345302729783,3.43332804563604,0
33.3525166991088,3.43356709836257,0
33.3597306684347,3.43380587107457,0
33.3669446377605,3.43404436341793,0
33.3741586070863,3.43428257503722,0
33.3813725764121,3.43452050557565,0
33.388586545738,3.43475815467507,0
33.3958005150638,3.434995521976,0
33.4030144843896,3.43523260711752,0
33.4102284537154,3.4354694097374,0
33.4174424230413,3.43570592947198,0
33.4246563923671,3.43594216595619,0
33.4318703616929,3.4361781188236,0
33.4390843310187,3.43641378770632,0
33.4462983003445,3.43664917223506,0
33.4535122696704,3.43688427203909,0
33.4607262389962,3.43711908674624,0
33.467940208322,3.43735361598288,0
33.4751541776478,3.43758785937393,0
33.4823681469737,3.43782181654285,0
33.4895821162995,3.43805548711159,0
33.4967960856253,3.43828887070066,0
33.5040100549511,3.43852196692902,0
33.511224024277,3.43875477541417,0
33.5184379936028,3.43898729577206,0
33.5256519629286,3.43921952761714,0
33.5328659322544,3.43945147056232,0
33.5400799015803,3.43968312421895,0
33.5472938709061,3.43991448819684,0
33.5545078402319,3.44014556210423,0
33.5617218095577,3.44037634554779,0
33.5689357788835,3.4406068381326,0
33.5761497482094,3.44083703946215,0
33.5833637175352,3.44106694913832,0
33.590577686861,3.44129656676139,0
33.5977916561868,3.44152589192998,0
33.6050056255127,3.44175492424111,0
33.6122195948385,3.44198366329014,0
33.6194335641643,3.44221210867076,0
33.6266475334902,3.44244025997501,0
33.633861502816,3.44266811679324,0
33.6410754721418,3.4428956787141,0
33.6482894414676,3.44312294532456,0
33.6555034107934,3.44334991620986,0
33.6627173801193,3.44357659095352,0
33.6699313494451,3.44380296913732,0
33.6771453187709,3.44402905034131,0
33.6843592880967,3.44425483414375,0
33.6915732574226,3.44448032012115,0
33.6987872267484,3.44470550784823,0
33.7060011960742,3.44493039689792,0
33.7132151654,3.44515498684134,0
33.7204291347259,3.44537927724778,0
33.7276431040517,3.44560326768471,0
33.7348570733775,3.44582695771776,0
33.7420710427033,3.44605034691067,0
33.7492850120292,3.44627343482536,0
33.756498981355,3.44649622102182,0
33.7637129506808,3.44671870505817,0
33.7709269200066,3.44694088649061,0
33.7781408893324,3.44716276487344,0
33.7853548586583,3.44738433975898,0
33.7925688279841,3.44760561069764,0
33.7997827973099,3.44782657723785,0
33.8069967666357,3.44804723892607,0
33.8142107359616,3.44826759530676,0
33.8214247052874,3.44848764592238,0
33.8286386746132,3.44870739031337,0
33.835852643939,3.44892682801813,0
33.8430666132649,3.44914595857303,0
33.8502805825907,3.44936478151236,0
33.8574945519165,3.44958329636834,0
33.8647085212423,3.44980150267109,0
33.8719224905682,3.45001939994863,0
33.879136459894,3.45023698772685,0
33.8863504292198,3.45045426552952,0
33.8935643985456,3.45067123287823,0
33.9007783678715,3.45088788929241,0
33.9079923371973,3.45110423428931,0
33.9152063065231,3.45132026738398,0
33.9224202758489,3.45153598808924,0
33.9296342451748,3.45175139591569,0
33.9368482145006,3.45196649037166,0
33.9440621838264,3.45218127096324,0
33.9512761531522,3.45239573719421,0
33.9584901224781,3.45260988856606,0
33.9657040918039,3.45282372457796,0
33.9729180611297,3.45303724472674,0
33.9801320304555,3.45325044850688,0
33.9873459997813,3.45346333541049,0
33.9945599691072,3.45367590492728,0
34.001773938433,3.45388815654457,0
34.0089879077588,3.45410008974724,0
34.0162018770846,3.45431170401773,0
34.0234158464105,3.454522998836,0
34.0306298157363,3.45473397367956,0
34.0378437850621,3.45494462802338,0
34.0450577543879,3.45515496133994,0
34.0522717237138,3.45536497309917,0
34.0594856930396,3.45557466276842,0
34.0666996623654,3.45578402981249,0
34.0739136316912,3.45599307369355,0
34.0811276010171,3.45620179387117,0
34.0883415703429,3.45641018980226,0
34.0955555396687,3.45661826094108,0
34.1027695089945,3.4568260067392,0
34.1099834783204,3.45703342664548,0
34.1171974476462,3.45724052010605,0
34.124411416972,3.45744728656431,0
34.1316253862978,3.45765372546086,0
34.1388393556237,3.45785983623353,0
34.1460533249495,3.45806561831731,0
34.1532672942753,3.45827107114436,0
34.1604812636011,3.45847619414399,0
34.167695232927,3.45868098674259,0
34.1749092022528,3.45888544836368,0
34.1821231715786,3.45908957842782,0
34.1893371409044,3.4592933763526,0
34.1965511102303,3.45949684155266,0
34.2037650795561,3.4596999734396,0
34.2109790488819,3.45990277142201,0
34.2181930182077,3.4601052349054,0
34.2254069875335,3.46030736329221,0
34.2326209568594,3.46050915598176,0
34.2398349261852,3.46071061237024,0
34.247048895511,3.46091173185067,0
34.2542628648368,3.46111251381288,0
34.2614768341627,3.46131295764348,0
34.2686908034885,3.46151306272583,0
34.2759047728143,3.46171282844003,0
34.2831187421401,3.46191225416287,0
34.290332711466,3.46211133926779,0
34.2975466807918,3.4623100831249,0
34.3047606501176,3.4625084851009,0
34.3119746194434,3.46270654455907,0
34.3191885887693,3.46290426085925,0
34.3264025580951,3.46310163335779,0
34.3336165274209,3.46329866140755,0
34.3408304967467,3.4634953443578,0
34.3480444660726,3.46369168155429,0
34.3552584353984,3.46388767233913,0
34.3624724047242,3.46408331605081,0
34.36968637405,3.46427861202411,0
34.3769003433759,3.46447355959016,0
34.3841143127017,3.46466815807631,0
34.3913282820275,3.46486240680616,0
34.3985422513533,3.46505630509947,0
34.4057562206791,3.4652498522722,0
34.412970190005,3.4654430476364,0
34.4201841593308,3.46563589050021,0
34.4273981286566,3.46582838016783,0
34.4346120979824,3.46602051593947,0
34.4418260673083,3.46621229711129,0
34.4490400366341,3.46640372297543,0
34.4562540059599,3.46659479281988,0
34.4634679752857,3.46678550592853,0
34.4706819446116,3.46697586158107,0
34.4778959139374,3.46716585905296,0
34.4851098832632,3.46735549761542,0
34.492323852589,3.46754477653536,0
34.4995378219149,3.46773369507534,0
34.5067517912407,3.46792225249353,0
34.5139657605665,3.46811044804369,0
34.5211797298923,3.46829828097509,0
34.5283936992182,3.46848575053249,0
34.535607668544,3.4686728559561,0
34.5428216378698,3.4688595964815,0
34.5500356071956,3.46904597133963,0
34.5572495765214,3.46923197975674,0
34.5644635458473,3.46941762095431,0
34.5716775151731,3.46960289414907,0
34.5788914844989,3.46978779855285,0
34.5861054538248,3.46997233337263,0
34.5933194231506,3.47015649781044,0
34.6005333924764,3.47034029106332,0
34.6077473618022,3.47052371232324,0
34.614961331128,3.47070676077712,0
34.6221753004539,3.47088943560668,0
34.6293892697797,3.47107173598849,0
34.6366032391055,3.47125366109383,0
34.6438172084313,3.47143521008867,0
34.6510311777572,3.47161638213362,0
34.658245147083,3.47179717638388,0
34.6654591164088,3.47197759198912,0
34.6726730857346,3.47215762809353,0
34.6798870550605,3.47233728383565,0
34.6871010243863,3.47251655834839,0
34.6943149937121,3.47269545075892,0
34.7015289630379,3.47287396018862,0
34.7087429323638,3.47305208575306,0
34.7159569016896,3.47322982656184,0
34.7231708710154,3.47340718171863,0
34.7303848403412,3.47358415032104,0
34.7375988096671,3.47376073146057,0
34.7448127789929,3.47393692422253,0
34.7520267483187,3.474112727686,0
34.7592407176445,3.47428814092372,0
34.7664546869704,3.47446316300207,0
34.7736686562962,3.47463779298094,0
34.780882625622,3.47481202991369,0
34.7880965949478,3.47498587284707,0
34.7953105642736,3.47515932082113,0
34.8025245335995,3.47533237286918,0
34.8097385029253,3.47550502801767,0
34.8169524722511,3.47567728528611,0
34.8241664415769,3.47584914368702,0
34.8313804109028,3.47602060222584,0
34.8385943802286,3.47619165990081,0
34.8458083495544,3.47636231570294,0
34.8530223188802,3.47653256861586,0
34.8602362882061,3.4767024176158,0
34.8674502575319,3.47687186167145,0
34.8746642268577,3.47704089974387,0
34.8818781961835,3.47720953078643,0
34.8890921655094,3.4773777537447,0
34.8963061348352,3.47754556755632,0
34.903520104161,3.47771297115097,0
34.9107340734868,3.47787996345019,0
34.9179480428127,3.47804654336737,0
34.9251620121385,3.47821270980755,0
34.9323759814643,3.47837846166738,0
34.9395899507901,3.47854379783501,0
34.946803920116,3.47870871718994,0
34.9540178894418,3.47887321860295,0
34.9612318587676,3.47903730093597,0
34.9684458280934,3.47920096304196,0
34.9756597974193,3.47936420376481,0
34.9828737667451,3.4795270219392,0
34.9900877360709,3.4796894163905,0
34.9973017053967,3.47985138593462,0
35.0045156747225,3.48001292937791,0
35.0117296440484,3.48017404551703,0
35.0189436133742,3.48033473313879,0
35.0261575827,3.48049499102004,0
35.0333715520258,3.48065481792755,0
35.0405855213517,3.48081421261783,0
35.0477994906775,3.48097317383702,0
35.0550134600033,3.48113170032073,0
35.0622274293291,3.48128979079392,0
35.069441398655,3.4814474439707,0
35.0766553679808,3.48160465855423,0
35.0838693373066,3.48176143323654,0
35.0910833066324,3.48191776669836,0
35.0982972759583,3.48207365760899,0
35.1055112452841,3.4822291046261,0
35.1127252146099,3.48238410639559,0
35.1199391839357,3.48253866155139,0
35.1271531532616,3.4826927687153,0
35.1343671225874,3.48284642649684,0
35.1415810919132,3.482999633493,0
35.148795061239,3.48315238828812,0
35.1560090305649,3.48330468945363,0
35.1632229998907,3.48345653554794,0
35.1704369692165,3.48360792511617,0
35.1776509385423,3.48375885668998,0
35.1848649078681,3.48390932878734,0
35.192078877194,3.48405933991236,0
35.1992928465198,3.48420888855501,0
35.2065068158456,3.48435797319096,0
35.2137207851714,3.48450659228132,0
35.2209347544973,3.48465474427241,0
35.2281487238231,3.48480242759553,0
35.2353626931489,3.48494964066673,0
35.2425766624747,3.48509638188652,0
35.2497906318006,3.48524264963966,0
35.2570046011264,3.4853884422949,0
35.2642185704522,3.48553375820466,0
35.271432539778,3.48567859570485,0
35.2786465091039,3.48582295311449,0
35.2858604784297,3.48596682873551,0
35.2930744477555,3.48611022085242,0
35.3002884170813,3.48625312773199,0
35.3075023864072,3.486395547623,0
35.314716355733,3.48653747875589,0
35.3219303250588,3.48667891934244,0
35.3291442943846,3.48681986757544,0
35.3363582637105,3.48696032162839,0
35.3435722330363,3.48710027965509,0
35.3507862023621,3.48723973978935,0
35.3580001716879,3.48737870014459,0
35.3652141410138,3.48751715881347,0
35.3724281103396,3.48765511386752,0
35.3796420796654,3.48779256335675,0
35.3868560489912,3.48792950530921,0
35.394070018317,3.48806593773066,0
35.4012839876429,3.48820185860403,0
35.4084979569687,3.48833726588911,0
35.4157119262945,3.48847215752201,0
35.4229258956203,3.48860653141472,0
35.4301398649462,3.48874038545469,0
35.437353834272,3.48887371750427,0
35.4445678035978,3.48900652540027,0
35.4517817729236,3.48913880695342,0
35.4589957422495,3.48927055994785,0
35.4662097115753,3.48940178214054,0
35.4734236809011,3.48953247126079,0
35.4806376502269,3.4896626250096,0
35.4878516195528,3.48979224105912,0
35.4950655888786,3.48992131705203,0
35.5022795582044,3.49004985060092,0
35.5094935275302,3.49017783928761,0
35.5167074968561,3.49030528066254,0
35.5239214661819,3.49043217224406,0
35.5311354355077,3.49055851151769,0
35.5383494048335,3.49068429593546,0
35.5455633741594,3.49080952291512,0
35.5527773434852,3.49093418983934,0
35.559991312811,3.49105829405499,0
35.5672052821368,3.49118183287222,0
35.5744192514627,3.49130480356368,0
35.5816332207885,3.49142720336361,0
35.5888471901143,3.49154902946694,0
35.5960611594401,3.49167027902833,0
35.6032751287659,3.49179094916123,0
35.6104890980918,3.49191103693685,0
35.6177030674176,3.49203053938315,0
35.6249170367434,3.49214945348372,0
35.6321310060692,3.49226777617671,0
35.6393449753951,3.49238550435365,0
35.6465589447209,3.49250263485829,0
35.6537729140467,3.49261916448529,0
35.6609868833725,3.49273508997904,0
35.6682008526984,3.49285040803222,0
35.6754148220242,3.49296511528453,0
35.68262879135,3.49307920832115,0
35.6898427606758,3.49319268367134,0
35.6970567300017,3.49330553780684,0
35.7042706993275,3.49341776714028,0
35.7114846686533,3.49352936802353,0
35.7186986379791,3.49364033674593,0
35.725912607305,3.4937506695325,0
35.7331265766308,3.49386036254208,0
35.7403405459566,3.49396941186532,0
35.7475545152824,3.4940778135227,0
35.7547684846082,3.49418556346236,0
35.7619824539341,3.49429265755787,0
35.7691964232599,3.49439909160598,0
35.7764103925857,3.49450486132412,0
35.7836243619115,3.49460996234793,0
35.7908383312374,3.49471439022861,0
35.7980523005632,3.49481814043013,0
35.805266269889,3.49492120832638,0
35.8124802392148,3.49502358919812,0
35.8196942085407,3.4951252782298,0
35.8269081778665,3.49522627050627,0
35.8341221471923,3.49532656100926,0
35.8413361165181,3.49542614461374,0
35.848550085844,3.49552501608408,0
35.8557640551698,3.49562317006997,0
35.8629780244956,3.49572060110222,0
35.8701919938214,3.49581730358823,0
35.8774059631473,3.49591327180734,0
35.8846199324731,3.49600849990576,0
35.8918339017989,3.49610298189144,0
35.8990478711247,3.49619671162842,0
35.9062618404506,3.49628968283104,0
35.9134758097764,3.4963818890577,0
35.9206897791022,3.49647332370431,0
35.927903748428,3.49656397999735,0
35.9351177177539,3.49665385098644,0
35.9423316870797,3.49674292953654,0
35.9495456564055,3.49683120831956,0
35.9567596257313,3.49691867980554,0
35.9639735950571,3.49700533625314,0
35.971187564383,3.49709116969957,0
35.9784015337088,3.49717617194978,0
35.9856155030346,3.49726033456497,0
35.9928294723604,3.49734364885018,0
36.0000434416863,3.49742610584109,0
36.0072574110121,3.49750769628973,0
36.0144713803379,3.49758841064923,0
36.0216853496637,3.49766823905731,0
36.0288993189896,3.49774717131846,0
36.0361132883154,3.49782519688473,0
36.0433272576412,3.49790230483488,0
36.050541226967,3.49797848385182,0
36.0577551962929,3.49805372219801,0
36.0649691656187,3.49812800768873,0
36.0721831349445,3.49820132766287,0
36.0793971042703,3.49827366895101,0
36.0866110735962,3.49834501784037,0
36.093825042922,3.49841536003633,0
36.1010390122478,3.49848468061997,0
36.1082529815736,3.49855296400118,0
36.1154669508995,3.49862019386665,0
36.1226809202253,3.49868635312205,0
36.1298948895511,3.49875142382752,0
36.1371088588769,3.4988153871254,0
36.1443228282028,3.49887822315909,0
36.1515367975286,3.49893991098135,0
36.1587507668544,3.49900042845048,0
36.1659647361802,3.49905975211205,0
36.173178705506,3.49911785706351,0
36.1803926748319,3.49917471679848,0
36.1876066441577,3.49923030302642,0
36.1948206134835,3.4992845854626,0
36.2020345828093,3.49933753158173,0
36.2092485521352,3.49938910632665,0
36.216462521461,3.49943927176106,0
36.2236764907868,3.49948798665163,0
36.2308904601126,3.49953520595979,0
36.2381044294385,3.49958088021653,0
36.2453183987643,3.49962495474303,0
36.2525323680901,3.49966736866454,0
36.2597463374159,3.49970805364091,0
36.2669603067418,3.4997469321998,0
36.2741742760676,3.4997839154964,0
36.2813882453934,3.49981890021759,0
36.2886022147192,3.49985176415756,0
36.2958161840451,3.49988235962595,0
36.3030301533709,3.49991050309187,0
36.3102441226967,3.49993595773545,0
36.3174580920225,3.49995840104443,0
36.3246720613484,3.49997735514193,0
36.3318860306742,3.49999199338513,0
36.3391,3.5,0
