-3.27790209411249,-3.20473689686899,-3.13055747062231,-3.05545457630189,-2.97951972850826,-2.90284501325483,-2.82552300280729,-2.7476466653856,-2.6693092799269,-2.59060433466736,-2.51162541697952,-2.43246603709579,-2.35321969792035,-2.27397976158196,-2.19483930567782,-2.11589104933328,-2.03722724885148,-1.95893960188492,-1.88111911180049,-1.80385599424977,-1.72723964440842,-1.65135858375769,-1.57630032734316,-1.50215125569478,-1.42899651386041,-1.35691996628694,-1.28600413146878,-1.21632994755668,-1.14797687423036,-1.08102276955146,-1.01554375645648,-0.95161416464972,-0.889306527040608,-0.828691314857512,-0.7698368120972,-0.71280928693045,-0.657672758924283,-0.604488908475691,-0.553316958893972,-0.504213543134516,-0.457232443612604,-0.41242451423588,-0.369837191433229,-0.329513928819867,-0.291493820257786,-0.255809067873518,-0.222482153330618,-0.191518162229814,-0.162884769415538,-0.13645039612238,-0.111435809382084,-0.0860319952877246,-0.0599643097169206,-0.0331708934785653,-0.00557287328459629,0.022975904855689,0.0525780064878258,0.0833829865748533,0.115875038901313,0.150373475972936,0.186970073716709,0.225672934623345,0.266464674291488,0.309344530925879,0.354453476145476,0.402080688317977,0.452415788050268,0.505424918433826,0.561054305987662,0.61924532935689,0.679935586327439,0.743058943870151,0.808545871909492,0.876323801409573,0.946317246802007,1.01844788214627,1.09263477397335,1.16879441293802,1.24684082824173,1.32668576125317,1.40823871290429,1.49140716525841,1.57609647213141,1.66221010790894,1.74964966455424,1.83831518663509,1.92810500668367,2.01891601559441,2.11064378238186,2.2031826161348,2.29642562363296,2.39026486990196,2.48459145112154,2.57929563346154,2.67426700256208,2.76939455497308,2.86456683404428,2.95967209136627,3.05459821684068,3.14923296589648
-3.29754097378,-3.22393742222839,-3.14931356512806,-3.07376070718399,-2.99737091128771,-2.92023681516713,-2.84245154571574,-2.76410862815358,-2.68530190027941,-2.60612541044508,-2.52667330673269,-2.44703965962211,-2.36731853222101,-2.28760384601825,-2.20798923626639,-2.12856797759848,-2.0494328790524,-1.97067618766838,-1.89238945204136,-1.81466342833152,-1.73758804730746,-1.66125236080874,-1.58574440820944,-1.51115108757077,-1.43755805406975,-1.3650496746099,-1.29370896207833,-1.22361733955016,-1.15485474277152,-1.08749949627468,-1.02162817907116,-0.957315566196465,-0.894634625126103,-0.83365624930239,-0.774449131831688,-0.717079937916962,-0.661613070685367,-0.608110580079374,-0.556632044232619,-0.507234435405257,-0.459971858238903,-0.414895471321986,-0.372052995289047,-0.331488144098744,-0.293240245835946,-0.257341695559638,-0.223815109627658,-0.192665604110073,-0.163860660181759,-0.137267910750057,-0.11210345423183,-0.0865474383834918,-0.0603235736086002,-0.0333696300993629,-0.00560626201455105,0.0231135602882669,0.0528930168551051,0.0838825586769617,0.116569280486362,0.151274407884576,0.188090266655279,0.227025007833597,0.268061142863094,0.311197905384368,0.356577111618986,0.404489672487666,0.455126344670357,0.508453068411799,0.564415748058193,0.6229554110368,0.684009281263455,0.747510829486485,0.813390109055138,0.881574116150994,0.951986912949331,1.02454970423578,1.09918107164501,1.17579700550263,1.25431101993365,1.33463432752324,1.41667588699668,1.50034262611503,1.5855393316409,1.67216889964649,1.76013233250342,1.84932907591693,1.93965685329941,2.03101193778814,2.12328927272082,2.21638253396076,2.31018418785881,2.4045856527703,2.49947737240001,2.59474895546999,2.69028932609531,2.78598681577143,2.88172930007838,2.97740436108903,3.0728992170203,3.16810095081076
-3.3156602340806,-3.2416522472482,-3.16661834851316,-3.09065034427965,-3.01384080330449,-2.93628287233947,-2.85807018998982,-2.77929679537602,-2.70005704191487,-2.62044549473314,-2.54055681923588,-2.4604856027995,-2.38032642538771,-2.30017372456721,-2.22012165009565,-2.14026398912959,-2.0606940606721,-1.98150461864057,-1.90278771466926,-1.82463460360345,-1.74713571036145,-1.67038057610305,-1.59445772395927,-1.51945452947701,-1.44545711848957,-1.37255032147803,-1.30081760746698,-1.23034084693337,-1.16120041485264,-1.09347506613309,-1.027241800571,-0.962575804074222,-0.899550445058435,-0.838237006509788,-0.778704558988108,-0.721020134006947,-0.665248488574439,-0.611452013583799,-0.55969061453737,-0.510021576745307,-0.4624993021423,-0.417175230421933,-0.37409734443311,-0.33330959833305,-0.294851536305773,-0.258755731413966,-0.225044924287368,-0.193724259107721,-0.16476103836613,-0.138022167641958,-0.112719437985777,-0.0870229974673333,-0.0606550383397947,-0.0335529888563011,-0.00563706718772788,0.0232405642038108,0.0531836523159233,0.0843434748346176,0.117209802970534,0.152105627388768,0.189123781182811,0.228272460175931,0.269534079715928,0.312907869232427,0.358536424195853,0.406712254018262,0.457627163545487,0.511246905871423,0.567517088098586,0.62637841361296,0.687767761389642,0.751618236613395,0.817859508292052,0.88641817146731,0.957217871052853,1.03017937887199,1.10522082918342,1.18225775069815,1.26120318232035,1.34196784876794,1.4244602085145,1.50858667790963,1.59425152054023,1.68135709891382,1.76980387143188,1.85949073127602,1.95031483987129,2.04217190039877,2.13495627893297,2.22856106710951,2.32287814040557,2.41779832054428,2.51321144924275,2.6090065286473,2.70507187253553,2.80129519880909,2.89756376694905,2.99376454131656,3.08978412041753,3.18550896673619
-3.33240699494279,-3.25802520803141,-3.18261232753407,-3.10626062355142,-3.0290631323872,-2.95111347125952,-2.87250575172414,-2.79333448787503,-2.7136945096899,-2.63368085992575,-2.55338868212438,-2.47291304140476,-2.3923489954358,-2.31179145877015,-2.23133505669774,-2.15107405007597,-2.07110222924423,-1.99151281660205,-1.91239832871878,-1.83385048135031,-1.75596015613381,-1.6788173464842,-1.60251102264578,-1.52712900148249,-1.45275784383262,-1.37948280863966,-1.30738778651417,-1.23655506144509,-1.16706541436638,-1.09899799796219,-1.03243020093995,-0.967437588957023,-0.90409390099883,-0.842470780088143,-0.782637645646875,-0.724661867751836,-0.668608530486325,-0.614540339867939,-0.562517503970167,-0.512597597440226,-0.464835296986492,-0.419282302114531,-0.375986838025368,-0.3349930808802,-0.2963407745931,-0.260062656747017,-0.226181582830228,-0.194702723006746,-0.16559321461886,-0.138719291011664,-0.113288762144225,-0.0874625338568331,-0.060961395249264,-0.0337224585368228,-0.00566553892774113,0.0233579478147801,0.0534522726944403,0.0847694774716861,0.117801807097156,0.152873883599549,0.190079008954422,0.229425420380567,0.270895444409094,0.314488306577626,0.360347322578828,0.408766479233426,0.459938550156564,0.513829115467616,0.570383507541056,0.629542130267094,0.691241543808697,0.755414515477811,0.821990359053975,0.890895298824594,0.962052594048521,1.03538261638281,1.1108030865981,1.18822910675716,1.26757327654045,1.34874586975365,1.4316548825117,1.51620625849125,1.602303777733,1.68984930959633,1.77874280971729,1.86888266060642,1.96016550427097,2.05248651710887,2.14573953165803,2.23981709958052,2.33461055023741,2.43001015391338,2.52590519593729,2.62218411782669,2.71873466925359,2.8154440010044,2.91219880312956,3.00888546906899,3.1053900245595,3.20159835862922
-3.34791192612046,-3.27318405768643,-3.19742029822268,-3.12071334714166,-3.04315667362384,-2.96484433046694,-2.88587086710637,-2.80633123738866,-2.72632071251381,-2.64593477745116,-2.56526901842372,-2.48441894286684,-2.40348005073112,-2.32254769818502,-2.24171695078839,-2.16108250797296,-2.08073859646321,-2.00077887240128,-1.92129628281505,-1.84238297019295,-1.76413023902372,-1.68662850144115,-1.60996714164784,-1.5342343850996,-1.45951719538261,-1.3859012281308,-1.31347076427865,-1.24230847066377,-1.17249550407543,-1.10411138547718,-1.0372338636485,-0.97193885583656,-0.908300444117489,-0.846390604852733,-0.786279080456978,-0.728033554464662,-0.671719413780512,-0.617399656178948,-0.565134769867919,-0.514982597376372,-0.46699806981096,-0.42123312722328,-0.377736219195238,-0.336551727429655,-0.297719580759988,-0.261272669089707,-0.227233954248474,-0.195608630455898,-0.166363682151803,-0.139364720295486,-0.113815868966086,-0.0878694771174053,-0.0612450347444605,-0.0338793614600098,-0.0056918993907015,0.0234666270288945,0.0537009739517224,0.0851638905539298,0.118349912089859,0.153585170980614,0.190963403314605,0.230492884636526,0.272155859246863,0.315951549079839,0.362023936643413,0.41066837661207,0.4620785395327,0.516219845376808,0.573037372162852,0.632471246493909,0.694457733361824,0.758929287260152,0.825814893081538,0.895040431851788,0.966528805772559,1.04020001600835,1.11597140050327,1.19375766630932,1.27347100645317,1.35502127726493,1.43831604678642,1.52326082107161,1.60975893247166,1.69771179376639,1.78701889510822,1.87757814620462,1.96928570816164,2.06203626965685,2.15572316925513,2.2502384586859,2.34547296169046,2.44131643800613,2.53765765783158,2.63438454362816,2.73138432279264,2.82854362104973,2.92574860124448,3.02288512823134,3.11983869745081,3.21649466699865
-3.36229122068853,-3.28724239577285,-3.21115323067152,-3.13411682294128,-3.05622704321314,-2.9775783482419,-2.89826569355319,-2.81838444082066,-2.7380302704345,-2.65729907747232,-2.57628685870035,-2.49508953175875,-2.41380300677076,-2.33252304945995,-2.25134513369312,-2.17036436563641,-2.08967537671846,-2.0093722253349,-1.92954825772143,-1.85029601211885,-1.77170718516899,-1.69387257732615,-1.61688195669839,-1.5408239276702,-1.4657858273367,-1.39185367922309,-1.31911212625079,-1.24764419031181,-1.1775313767641,-1.10885354811409,-1.04168878707257,-0.976113336951545,-0.91220159800997,-0.850025855748034,-0.789656152124361,-0.73116046137443,-0.674604451239974,-0.620051390071095,-0.56756202587283,-0.517194449608006,-0.469003828312591,-0.423042325120904,-0.379358597705991,-0.337997218390257,-0.298998287501651,-0.262394836205906,-0.22820992495383,-0.196448770274224,-0.167078214804955,-0.139963292303874,-0.114304708559988,-0.0882468768587649,-0.0615080824036749,-0.03402487344747,-0.0057163461204234,0.0235674162820211,0.0539316198408866,0.0855296697906184,0.118858225416374,0.154244819879256,0.191783591864536,0.231482852460402,0.273324769706544,0.317308562195389,0.363578830840322,0.412432198865284,0.464063168632911,0.518437011593351,0.57549856987494,0.635187712924286,0.697440431991132,0.762188891460818,0.829361771215835,0.898884633940712,0.970680050701761,1.04466767906818,1.12076450195023,1.19888486006637,1.27894056931198,1.36084109884977,1.44449361972594,1.52980323214261,1.616672853263,1.70500347243445,1.7946941481192,1.88564235154652,1.97774379783401,2.07089272334672,2.16498200853823,2.25990324149975,2.35554677706011,2.45180190147428,2.54855690720854,2.64569923535073,2.74311562893889,2.84069222675479,2.93831470271243,3.03586843145539,3.13323841662666,3.23030952393456
-3.37564834199518,-3.30030137626048,-3.22390993745897,-3.14656749298904,-3.06836828639448,-2.98940714967137,-2.90977941556797,-2.82958082459408,-2.74890743724219,-2.66785552954508,-2.58652147962809,-2.50500158617617,-2.42339214032749,-2.34178928824691,-2.26028888308307,-2.17898640882324,-2.09797687283118,-2.01735470716124,-1.93721362887871,-1.85764654384406,-1.77874551297551,-1.70060169744346,-1.62330522197097,-1.54694504293454,-1.47160884438675,-1.39738299159202,-1.32435246372632,-1.25260061249647,-1.18220926705066,-1.11325860715905,-1.04582702572575,-0.979991068948845,-0.915825432651589,-0.853402689497342,-0.792793159695143,-0.734065087516603,-0.67728440157675,-0.6225146215671,-0.569816736821717,-0.519249069077026,-0.470867004526928,-0.424722913530296,-0.380865647058857,-0.339339954504123,-0.3001860954976,-0.263437232425448,-0.22911651734899,-0.197229187520342,-0.167741953855611,-0.140519313942416,-0.1147587982738,-0.0885974485855337,-0.0617524309339124,-0.0341600415017078,-0.00573905501847826,0.023661040783143,0.0541458699284599,0.0858694470733482,0.119330404543932,0.154857576667655,0.192545476107458,0.232402446968367,0.274410586450383,0.318569110041693,0.36502319310085,0.414070637224554,0.465906717460342,0.520496567294863,0.577784809734929,0.637711075351022,0.70021110111014,0.765216781912183,0.832656514311576,0.902455565281328,0.974536198291653,1.04881775174142,1.12521687874514,1.2036475797291,1.28402132026633,1.36624720987447,1.45023205082514,1.53588056631917,1.6230952878461,1.71177681142111,1.80182379450357,1.89313330101443,1.98560063178659,2.07911960302585,2.17358266964005,2.26888098904055,2.36490448047708,2.46154199038044,2.55868136744477,2.65620960560363,2.75401299796763,2.85197723099064,2.94998752441204,3.04792879751187,3.14568559709575,3.24314233148667
-3.38807556047916,-3.31245121004368,-3.23577854138522,-3.15815136599604,-3.07966427437106,-3.00041244762387,-2.92049156946373,-2.83999773286259,-2.75902735195305,-2.67767705720153,-2.59604358154284,-2.51422357817897,-2.4323136927373,-2.35041042533825,-2.26860998200725,-2.18700819824934,-2.10570043119141,-2.02478146053294,-1.94434534835218,-1.8644853425362,-1.78529384291917,-1.7068623462751,-1.62928130911508,-1.55264001530239,-1.47702647169249,-1.40252736149758,-1.32922797673867,-1.2572119759762,-1.18656148960674,-1.11735699257682,-1.04967716638864,-0.983598839039902,-0.919196981341409,-0.85654443312782,-0.795711773487216,-0.736767497927824,-0.67977777777636,-0.62480636656774,-0.571914478164088,-0.521160649009315,-0.472600469197805,-0.426286501886325,-0.382267777888114,-0.340589211336507,-0.301291210076092,-0.264407058578083,-0.229959994136534,-0.197955273284146,-0.168359484385542,-0.141036626185477,-0.115181274940391,-0.0889236140326266,-0.0619797682846623,-0.0342857993580231,-0.00576018295698979,0.0237481472864219,0.0543452042451406,0.0861855695694635,0.119769711266317,0.155427674244232,0.193254319108052,0.233258020681055,0.275420810255306,0.319741900430871,0.366367001019451,0.415595009953957,0.467621921173656,0.522412739806514,0.57991188499273,0.640058765056863,0.702788880385945,0.768033875155613,0.835721882317102,0.905777893718894,0.978123886649487,1.05267890255758,1.12935928772183,1.20807872596697,1.28874835693259,1.37127695552925,1.45557098092751,1.54153480557315,1.62907060213208,1.71807860067051,1.80845708556216,1.90010274177588,1.9929104847017,2.08677373963709,2.18158456556996,2.27723371921513,2.37361071456759,2.47060398885385,2.56810097789072,2.66598825958764,2.76415170845109,2.86247659009743,2.96084770171037,3.05914953890815,3.15726622346334,3.25508173815609
-3.39965530029889,-3.32377248151273,-3.24683776156926,-3.16894527258895,-3.09018992835744,-3.01066723529763,-2.93047320414585,-2.8497042562999,-2.76845713541591,-2.6868288022232,-2.60491632026968,-2.52281667309797,-2.44062683665015,-2.35844364086404,-2.27636362057733,-2.19448293884094,-2.11289727869266,-2.03170174376932,-1.95099071763386,-1.87085776687529,-1.79139560713125,-1.71269604789277,-1.63484985483253,-1.55794661696754,-1.48207464194245,-1.40732090923472,-1.33377100237579,-1.2615088658537,-1.19061691076972,-1.12117588711704,-1.05326474531494,-0.986960575943271,-0.922338606047532,-0.859471924413832,-0.798431351354945,-0.739285616482544,-0.682101117283218,-0.626941825188249,-0.573869163276053,-0.522941868055964,-0.474215719617785,-0.42774346076826,-0.383574289897776,-0.341753274646868,-0.302320960965756,-0.265310747085077,-0.23074594971914,-0.198631843366382,-0.168934902197385,-0.14151866013281,-0.11557494065773,-0.0892275365089547,-0.0621916022824619,-0.0344029811117917,-0.00577987006808437,0.0238293135301696,0.0545309448859189,0.0864801339774922,0.120179059307703,0.15595889381015,0.193914822303558,0.234055248234613,0.276362141482065,0.320834711954806,0.367619167470467,0.417015427533122,0.469220155948687,0.524198238239913,0.581893903583141,0.642246353213145,0.705190867070656,0.770658855705273,0.838578206441561,0.908873654765688,0.981466911300702,1.05627674079576,1.13321920361844,1.21220768858269,1.29315303162181,1.37596369585791,1.46054582075838,1.54680345193388,1.63463842769675,1.72395063712025,1.81463801693519,1.90659689900105,1.99972183955047,2.09390589963066,2.18904076930954,2.28501683193104,2.38172322387187,2.47904800106014,2.57687821459159,2.67510005472249,2.77359900590204,2.87225994160826,2.97096726528551,3.06960507778202,3.16805710482259,3.26620693266458
-3.41046131651153,-3.33433729945743,-3.25715803771263,-3.17901796260243,-3.10001228960185,-3.02023682870689,-2.93978789583001,-2.85876221885043,-2.77725684893001,-2.69536905499378,-2.61319620911222,-2.53083560309614,-2.44838452113173,-2.36594010093679,-2.28359918419099,-2.20145823960553,-2.11961325435266,-2.03815963436208,-1.95719206320076,-1.87680440486492,-1.79708966969466,-1.71813995900318,-1.64004632696752,-1.56289864736895,-1.48678550854348,-1.41179416643825,-1.3380104766173,-1.26551865039145,-1.19440136081078,-1.12473961453739,-1.05661261293937,-0.990097691633779,-0.925270316779976,-0.862203809481331,-0.800969215157393,-0.741635481881187,-0.684269218187853,-0.628934598845854,-0.575693242170684,-0.524604071369337,-0.475723043832106,-0.42910307001203,-0.384793504679647,-0.342839558725797,-0.303281906978527,-0.266154053826834,-0.231479390098653,-0.199263207057747,-0.169471872310757,-0.141968486012408,-0.115942302808361,-0.0895111517937296,-0.0623892821656241,-0.0345123331309875,-0.00579824174525328,0.0239050564880867,0.0547042748921922,0.0867550164721235,0.120561055936357,0.156454618872297,0.194531192649546,0.234799207425669,0.277240575769551,0.321854505078732,0.3687876679015,0.418340937054764,0.4707116014526,0.525864435004204,0.58374348961488,0.644287773266738,0.707432360183769,0.773108442899728,0.841243679524548,0.91176256631145,0.98458656503582,1.05963418223551,1.13682121147074,1.21606076625641,1.29726339911227,1.38033728220478,1.46518825665976,1.55172006309087,1.63983422779741,1.72943032164382,1.82040595694645,1.91265713604913,2.00607808002493,2.10056151000891,2.19599877179916,2.29227990031619,2.38929367954982,2.48692780960691,2.58506898256811,2.6836030269383,2.78241506317188,2.88138959881004,2.98041066986629,3.07936200879618,3.17812697173948,3.27658877492521
-3.42055972283013,-3.34421030188386,-3.26680251165797,-3.18843106308975,-3.1091914535881,-3.02917977684326,-2.94849263395997,-2.86722703922955,-2.78548033118322,-2.70335006676017,-2.62093390635044,-2.53832942984676,-2.45563420949466,-2.37294567063759,-2.2903609417043,-2.20797677705069,-2.12588944806789,-2.04419464318341,-1.96298732632309,-1.8823616394153,-1.80241086820457,-1.72322738671691,-1.64490251874158,-1.56752640417695,-1.49118789366985,-1.41597450153306,-1.34197233754972,-1.26926586238108,-1.19793799387287,-1.12806997854863,-1.0597412522924,-0.993029379712695,-0.928010050424848,-0.864756802636664,-0.803340892133813,-0.74383147114518,-0.686295345434368,-0.6307968797919,-0.577397874985653,-0.52615742869476,-0.477131663999845,-0.43037364802227,-0.385932881672489,-0.343854709711189,-0.304179927404949,-0.266942138349556,-0.232164802633398,-0.199853227187714,-0.169973680033331,-0.142388855963314,-0.116285608999111,-0.0897761951110316,-0.0625740173855146,-0.0346145244566219,-0.00581541039067775,0.0239758395731541,0.0548662547371331,0.0870118988482028,0.120918038296236,0.156917882391558,0.195107201242724,0.235494449969071,0.278061487582439,0.322807519133464,0.369879651469156,0.419579648293512,0.472105382694841,0.527421524277569,0.585471959284195,0.646195515098921,0.709527073699934,0.775397623881472,0.843734609548488,0.914462303386936,0.987501934619818,1.06277176848212,1.14018734919805,1.21966153301084,1.30110460758546,1.38442447318534,1.46952669213104,1.55631472001131,1.64468979154395,1.73455118022184,1.82579619519048,1.91832053085572,2.01201809507827,2.10678129133954,2.20250114371154,2.29906736150723,2.39636839940479,2.49429162499014,2.59272339483814,2.69154919939088,2.79065381894338,2.88992141906264,2.98923569239179,3.08848002711713,3.18753743399493,3.28629078345641
-3.43000988851822,-3.35344953288973,-3.27582788396748,-3.19723991435177,-3.11778138528738,-3.03754865594779,-2.95663859432285,-2.87514848273052,-2.79317592862446,-2.71081875846969,-2.6281749024679,-2.54534221010109,-2.46241852318291,-2.37950153621909,-2.29668864598035,-2.21407687413109,-2.13176275803665,-2.0498422504881,-1.9684105777733,-1.88756214191162,-1.80739048637316,-1.72798824039067,-1.64944698005858,-1.57185709430964,-1.49530767926319,-1.41988649101253,-1.34567987724097,-1.27277253195381,-1.2012476020784,-1.13118655860244,-1.06266905687181,-0.995772875786976,-0.930573914075056,-0.867145913111853,-0.805560325545257,-0.74588649465476,-0.688191410771872,-0.632539616511209,-0.578993083380977,-0.527611072332671,-0.478449861501189,-0.431562664619306,-0.386999119356323,-0.344804695749355,-0.305020301772273,-0.26767963385934,-0.232806216913401,-0.200405372527442,-0.170443275529123,-0.142782241370974,-0.116606877551988,-0.0900242246697564,-0.0627468940138968,-0.0347101558789141,-0.00583147694007002,0.0240420789242653,0.0550178367120043,0.08725229133586,0.121252105112538,0.157351407927782,0.195646234479413,0.236145063246185,0.278829703120847,0.323699356957786,0.370901538024069,0.420738843722629,0.473409693816477,0.528878660300842,0.587089474389703,0.647980794462362,0.711487322591922,0.777539856911619,0.846065640871752,0.916988737942322,0.990230159722038,1.06570794563282,1.14333740656833,1.22303115801502,1.30469923978474,1.38824929769197,1.47358663314918,1.56061443501666,1.64923366514799,1.73934331875348,1.83084042126906,1.92362037892984,2.01757680649004,2.11260181016833,2.20858611296303,2.30541911948102,2.40298897622821,2.50118273961482,2.59988645224687,2.69898528820469,2.79836370945957,2.89790556155647,2.99749421580985,3.09701273823626,3.19634381637943,3.29536999707038
-3.43886522118973,-3.36210720799156,-3.28428516153518,-3.20549429961375,-3.12583063070097,-3.04539076274298,-2.96427181381583,-2.88257131739341,-2.80038713292472,-2.71781733943553,-2.6349601199561,-2.55191357658861,-2.46877580374711,-2.38564474815737,-2.30261805804156,-2.21979300554703,-2.13726637727178,-2.05513437373036,-1.97349246705841,-1.89243530299513,-1.81205666651384,-1.73244942599026,-1.65370539394285,-1.57591519266346,-1.49916814829287,-1.42355224348624,-1.3491540488526,-1.27605847705366,-1.20434888967901,-1.13410696805184,-1.06541257316598,-0.998343684725421,-0.932976397406705,-0.869384642965387,-0.80764005852024,-0.747812166375843,-0.689968129814128,-0.634172658080817,-0.58048788267733,-0.528973217550478,-0.47968508612967,-0.432676839530755,-0.387998243573706,-0.345694885686644,-0.305807779456462,-0.268370708312259,-0.23340725789164,-0.200922763526468,-0.170883312717204,-0.143150865453125,-0.116907924116304,-0.0902566422090217,-0.0629088890630822,-0.0347997678588727,-0.0058465321935384,0.0241041488931309,0.055159877482377,0.0874775525133034,0.121565144363966,0.157757645550652,0.196151338706092,0.23675472419812,0.279549563955097,0.324535058773402,0.371859102758378,0.421825074535392,0.47463190613216,0.530244078078645,0.588605176318454,0.649653700863862,0.713324185206867,0.779547248820708,0.848249947318486,0.919356148123176,0.992786658907377,1.06845930749356,1.14628918613166,1.22618868470557,1.30806761077493,1.39183337172137,1.47739102447193,1.56464350794741,1.65349152831241,1.74383382001095,1.83556714262722,1.9285866323643,2.02278562931926,2.118055961159,2.21428806875896,2.31137107119947,2.40919282621176,2.50764009861709,2.60659863681516,2.70595331843765,2.80558830716878,2.90538714867495,3.00523291316778,3.10500836477272,3.20459588816537,3.30387772694529
-3.44717385041556,-3.37023038247265,-3.2922203104648,-3.21323908224055,-3.13338293823929,-3.05274871982122,-2.97143377970905,-2.88953588702692,-2.80715313766165,-2.72438384760739,-2.64132643711405,-2.55807924530793,-2.47474060360859,-2.39140869539056,-2.30818140480347,-2.22515623901356,-2.14243021846455,-2.06009977610069,-1.97826061472751,-1.89700760875738,-1.81643476975717,-1.73663519048151,-1.65770090527674,-1.57972275538691,-1.50279028277333,-1.42699168266573,-1.35241373483604,-1.27914155710314,-1.20725871246626,-1.13684707959849,-1.06798671244554,-1.00075577911784,-0.935230558144014,-0.871485159905836,-0.809591394604255,-0.749618952516427,-0.691635159197234,-0.635704880236161,-0.581890397250315,-0.530251267736318,-0.480844051448012,-0.433722228402674,-0.388935684659289,-0.346530117789587,-0.306546640473236,-0.269019117763347,-0.233971192282697,-0.201408212253822,-0.171296183241323,-0.14349673171653,-0.117190384908619,-0.0904747109401433,-0.06306088299149,-0.0348838474460873,-0.0058606579778098,0.0241623868359043,0.0552931490532776,0.0876889066963453,0.121858857448469,0.158138803200083,0.196625259212025,0.237326746389831,0.28022498259693,0.325319166698747,0.372757550127013,0.42284424449904,0.475778662481463,0.53152519878579,0.590027303053836,0.651223326707994,0.715047645066874,0.781430709973693,0.850299400800893,0.921577401027817,0.995185326990785,1.07104080797638,1.14905873108924,1.22915127453879,1.31122802797107,1.39519617505501,1.48096054332608,1.56842383719614,1.65748652292638,1.74804709029344,1.84000204944277,1.93324628321641,2.02767287401085,2.12317338813822,2.21963800176858,2.31695556608329,2.41501366786707,2.5136987983541,2.6128964299012,2.71249116199335,2.81236687844308,2.91240684355193,3.01249384501788,3.11251036371325,3.21233850014368,3.31186021339794
-3.45497922523646,-3.37786153555907,-3.29967482672399,-3.22051476270066,-3.14047780184399,-3.05966100479036,-2.97816194469653,-2.89607861206354,-2.813509324895,-2.73055262180021,-2.64730714588033,-2.56387145892918,-2.48034411501645,-2.39682351983153,-2.3134077791614,-2.23019462095605,-2.1472812853409,-2.06476442361158,-1.9827399552718,-1.90130296955639,-1.82054769090095,-1.74056742284839,-1.6614544081368,-1.58329969370043,-1.50619302424889,-1.43022279471079,-1.355475981352,-1.28203789472214,-1.20999228703067,-1.13942122234713,-1.07040493588193,-1.0030217727402,-0.937348184166675,-0.873458448349962,-0.811424538089577,-0.751316301461139,-0.693201216463595,-0.637144295560434,-0.583207961391932,-0.531451906309693,-0.481932818134815,-0.434704297978432,-0.389816344855648,-0.347314759810399,-0.307240748613066,-0.269628252996802,-0.234500969117956,-0.20186425730895,-0.171684046161386,-0.143821648829859,-0.117455737025835,-0.09067957122899,-0.0632036706342503,-0.0349628343252895,-0.00587392816208216,0.0242170973013481,0.0554183483533758,0.0878874591378816,0.122134780305541,0.158496874097075,0.197070474311119,0.237864121146945,0.280859491072065,0.326055781137906,0.373601578459298,0.423801683248112,0.476855959697561,0.532728721898724,0.591363291447444,0.652697880176326,0.716666714811175,0.783200089718546,0.852224718705135,0.923664112448139,0.997438707536848,1.0734659467473,1.1516605244645,1.23193442004455,1.31419701841892,1.39835529309418,1.48431385610844,1.57197519156891,1.66123954036426,1.75200516242337,1.8441683335614,1.93762369860549,2.03226409786048,2.12798085211402,2.22466388886402,2.32220180761953,2.42048194063,2.51939052211374,2.61881276510464,2.71863300778833,2.81873487105753,2.91900135489117,3.01931498158551,3.11955796591637,3.21961214143167,3.31935919994221
-3.46232063701239,-3.38503908159855,-3.306686235491,-3.22735796593347,-3.1471509362432,-3.06616241329865,-2.98449017758769,-2.9022324278293,-2.8194876909409,-2.73635471491441,-2.6529323524556,-2.56931937479016,-2.48561454540322,-2.4019164790843,-2.3183234900833,-2.23493351401026,-2.15184399761403,-2.06915179756257,-1.98695303717687,-1.90534300774486,-1.82441613391762,-1.7442659174968,-1.66498479722509,-1.58666401350046,-1.50939350172912,-1.4332618446682,-1.35835620339756,-1.28476206974141,-1.2125633738725,-1.14184235423654,-1.07267941653406,-1.00515307234401,-0.939339935360755,-0.875314441605047,-0.81314871680987,-0.752912757469529,-0.694674184965535,-0.638498149904977,-0.584447207568667,-0.532581177147221,-0.482956866916474,-0.435627991883424,-0.390644657305016,-0.34805276154685,-0.307893597936569,-0.270201180329393,-0.23499925523313,-0.202293194370256,-0.172048853934765,-0.144127252388526,-0.117705316220018,-0.0908722543187156,-0.0633379707679492,-0.0350371261073531,-0.00588640954693827,0.0242685556956586,0.055536105621562,0.0880742093280879,0.12239430189914,0.158833660729378,0.197489225165025,0.238369553552241,0.281456283423253,0.326748610123323,0.374395436496873,0.424702210419254,0.477869220770847,0.533860705814505,0.592619866711333,0.654084784001578,0.718189544650816,0.784864294909585,0.854035592860308,0.92562678664965,0.999558143804305,1.07574693167622,1.15410766338632,1.23455213125753,1.31698952767526,1.40132662847608,1.48746784301025,1.57531544817553,1.6647694728846,1.75572796088101,1.84808696757862,1.94174091393759,2.03658241256143,2.13250255330763,2.22939102978339,2.32713620478522,2.42562517115728,2.52474392137938,2.62437742457705,2.72440977316858,2.82472434075519,2.92520387870498,3.02573065968832,3.12618664820175,3.22645342670377,3.32641243561465
-3.46923367753273,-3.39179781794546,-3.31328852867253,-3.23380186837094,-3.1534346933607,-3.07228446472811,-2.99044915819442,-2.908027168547,-2.825117219427,-2.74181825599146,-2.65822932832035,-2.57444940485086,-2.49057744626417,-2.40671226424899,-2.3229523693543,-2.23939589273321,-2.15614047570158,-2.07328316831616,-1.99092028582253,-1.90914730977191,-1.82805885334832,-1.7477486050437,-1.66830918816853,-1.58983202529586,-1.51240723140137,-1.43612356611091,-1.36106836453445,-1.28732728919341,-1.21498443783967,-1.14412221312029,-1.07482118127778,-1.00716001065122,-0.941215467905635,-0.877062137684427,-0.81477228973038,-0.75441606029626,-0.696061205779773,-0.639773006870929,-0.585614143751508,-0.533644555050073,-0.483921162468678,-0.436497788264352,-0.391424637736677,-0.348747700894197,-0.308508353512854,-0.270740677361613,-0.235468466361732,-0.202697102961137,-0.172392375180607,-0.144415023984605,-0.117940332472351,-0.0910536943533458,-0.0634644344910701,-0.0351070829651632,-0.00589816264319467,0.024317011493513,0.055646991755099,0.0882500626477873,0.12263868041205,0.159150795867262,0.197883541913538,0.238845493985056,0.28201825295063,0.32740101254891,0.375142972931097,0.425550191844868,0.478823358077282,0.534926638487539,0.593803120829378,0.655390762011589,0.719623517394526,0.786431393755277,0.855740802538507,0.927474938843997,1.00155391100065,1.07789482117231,1.15641201179257,1.23701709906456,1.31961909406271,1.40412458648763,1.49043779482855,1.57846080086446,1.66809343390082,1.75923353411028,1.85177694936581,1.94561788982324,2.04064875367107,2.13676041331146,2.23384234210838,2.33178267995798,2.43046829426845,2.52978494988651,2.62961738626137,2.72984946438452,2.83036432499515,2.93104448535694,3.03177198308006,3.13242854698551,3.2328955230935,3.33305411510238
-3.47575064097655,-3.39816931794893,-3.31951254879549,-3.23987657261968,-3.1593584276863,-3.07805575816255,-2.99606672381728,-2.91348990427271,-2.83042420862256,-2.74696876789259,-2.66322281822856,-2.5792855139801,-2.49525600172628,-2.41123327877376,-2.32731604072382,-2.24360260306918,-2.16019079054514,-2.07717783551719,-1.99466023415934,-1.91273364738509,-1.83149286610958,-1.75103175481878,-1.67144311081627,-1.5928185284126,-1.51524829186468,-1.43882132753348,-1.36362513458821,-1.28974553646751,-1.21726678890108,-1.14627144932956,-1.07684023533932,-1.00905196304808,-0.942983543327257,-0.878709700927649,-0.81630284135093,-0.755833232600976,-0.697368758356042,-0.640974821936063,-0.586714221267684,-0.534647007574325,-0.484830209485581,-0.437317750363721,-0.392159929819094,-0.349402824252582,-0.309087887164617,-0.271249264346845,-0.235910794417461,-0.203077869935331,-0.172716214653953,-0.14468630793937,-0.118161883658209,-0.0912247389276473,-0.0635836525772544,-0.0351730317012732,-0.005909242355288,0.0243626910555422,0.0557515247571206,0.0884158405934805,0.12286905745532,0.159449761003407,0.198255266602231,0.239294165794944,0.28254802488755,0.328016036104132,0.375847679868722,0.42634958885918,0.47972282885691,0.535931499408477,0.594918581357833,0.656621915065681,0.720975331827364,0.787908706937543,0.85734831360461,0.929217202650167,1.00343533232642,1.07991964907346,1.15858433441692,1.23934083853077,1.32209800156655,1.40676223775338,1.49323758565472,1.58142594310996,1.67122695125367,1.76253825835103,1.85525551662499,1.94927273750494,2.04448211704913,2.14077432266324,2.23803862008673,2.33616293908629,2.43503393455025,2.53453715673436,2.6345571285706,2.73497749288308,2.83568117089059,2.93655045916522,3.03746717372453,3.13831282121683,3.23896852477055,3.33931526492491
-3.48190087714081,-3.40418227629672,-3.32538632635726,-3.24560943671808,-3.16494881735025,-3.0835022851994,-3.00136817372513,-2.91864523698334,-2.83543255908442,-2.75182944646348,-2.66793531086167,-2.58384948207925,-2.49967128213217,-2.41549988349986,-2.3314341564225,-2.2475725903591,-2.16401318314289,-2.08085333918911,-1.99818972541883,-1.91611817201469,-1.83473363762147,-1.75413015281554,-1.67440067910251,-1.59563697286631,-1.51792947811912,-1.44136727857444,-1.36603802822861,-1.29202770238228,-1.21942070585312,-1.14829974216467,-1.07874567173065,-1.01083745013153,-0.944652124330189,-0.880264551300634,-0.817747264663889,-0.75717065676095,-0.698602731388197,-0.642109007594772,-0.587752394426363,-0.53559304936522,-0.485688101951383,-0.438091570962889,-0.392853845013731,-0.350021082035599,-0.309634808879645,-0.271729231757466,-0.236328231468974,-0.203437210115006,-0.173021830798274,-0.144942326007258,-0.118370967555524,-0.091386158357975,-0.0636961619370818,-0.0352352693224147,-0.00591969858181019,0.0244058001042241,0.0558501754024607,0.0885722897627333,0.123086470555017,0.159731902557218,0.198606073330434,0.239717589620295,0.283047985114936,0.328596450609108,0.376512731027953,0.427104001626627,0.480571683966385,0.536879814069018,0.595971271884799,0.657783787784819,0.72225107598089,0.789302887684116,0.85886536564555,0.930861424527539,1.00521088095083,1.08183053439472,1.16063441453166,1.24153381484936,1.32443741419473,1.40925146119971,1.49587982462688,1.58422422872681,1.67418413705207,1.76565701675953,1.85853833543189,1.95272191695495,2.04809976663112,2.14456235840537,2.2419987620762,2.3402967091054,2.43934265382053,2.53902194396196,2.63921889812849,2.73981695325369,2.84069882338898,2.94174659683378,3.04284188048264,3.14386597131345,3.2446997821056,3.34522408279696
-3.48771110233588,-3.40986281297144,-3.33093537674626,-3.25102536393369,-3.17023014671847,-3.08864770527272,-3.00637653714443,-2.92351556117974,-2.84016402683007,-2.75642140624251,-2.67238727704593,-2.5881611347916,-2.50384246723344,-2.41953061233938,-2.33532460533368,-2.2513231000241,-2.16762425777218,-2.08432564553131,-2.00152409153,-1.91931558586208,-1.83779524562919,-1.75705725831593,-1.67719474055217,-1.59829960183511,-1.52046243710023,-1.44377247871449,-1.36831752694184,-1.29418370054937,-1.22145554520051,-1.15021590242564,-1.08054576756971,-1.01252422796586,-0.946228459144714,-0.881733442993639,-0.81911183417003,-0.758434142478124,-0.699768485191788,-0.643180490691377,-0.588733172998488,-0.536486789979766,-0.486498566506945,-0.43882261149884,-0.393509397652598,-0.350605159923341,-0.310151494457811,-0.272182664547285,-0.236722590841409,-0.20377668445547,-0.173310551194424,-0.14518419031762,-0.118568492414021,-0.0915386538420533,-0.0638024513054398,-0.0352940661856213,-0.005929576744073,0.024446525903055,0.0559433722244618,0.0887200897627112,0.123291864142493,0.159998446137131,0.198937485984578,0.240117604792483,0.28352030543437,0.329144777354673,0.377141015356909,0.427816707277571,0.481373610788757,0.537775701899401,0.596965765243923,0.658881427284492,0.72345629162226,0.790619992244638,0.860298548657568,0.932414746891602,1.006888269766,1.08363577792391,1.16257115757965,1.24360555419694,1.32664749423571,1.41160306988559,1.49837598949559,1.58686781332418,1.67697783715943,1.76860335706231,1.86163966618298,1.95598041123184,2.05151741730126,2.14814097557079,2.24573997073043,2.34420194690021,2.44341316893475,2.54325879325497,2.64362294542285,2.74438886786396,2.84543907891539,2.9466554701181,3.04791945080484,3.14911211987454,3.25011419138652,3.35080623632024
-3.49320567346664,-3.41523474121385,-3.33618296200274,-3.25614705824434,-3.17522455552439,-3.09351358837385,-3.01111280951461,-2.92812129363046,-2.84463844653128,-2.76076389707347,-2.67659737976138,-2.59223854689246,-2.50778704295453,-2.42334236241341,-2.33900369651438,-2.25486985448524,-2.17103915233186,-2.08760931071544,-2.00467731040855,-1.92233929272868,-1.84069052462582,-1.75982534196832,-1.67983700808285,-1.60081757726164,-1.52285778716426,-1.4460470107351,-1.37047318655946,-1.29622256907669,-1.22337983714421,-1.15202796280168,-1.08224806899484,-1.01411936765172,-0.947719155885976,-0.88312253371209,-0.820402270248258,-0.759628986380488,-0.700870906695212,-0.644193762964317,-0.589660668482247,-0.537331976046433,-0.487265000681179,-0.439513936548971,-0.394129335862094,-0.351157506414631,-0.310640109884263,-0.272611463540961,-0.237095525719175,-0.204097716058913,-0.173583586180209,-0.145412914783997,-0.118755286272893,-0.091682864652522,-0.063902966255425,-0.0353496687718048,-0.00593891825208199,0.0244850391776735,0.0560315059112732,0.0888598601822283,0.12348609924325,0.160250509114056,0.199250893871654,0.240495888205463,0.283966965848468,0.329663314968147,0.377735166671166,0.428490693528178,0.482131971062111,0.538622918529385,0.597906230426822,0.659919434952766,0.724596031106889,0.791865542021359,0.861653870652592,0.93388368138756,1.00847453051313,1.08534294737887,1.16440268253469,1.24556474146207,1.32873750651271,1.41382692193305,1.50073654437337,1.58936777900929,1.67961976297857,1.77138963054149,1.86457250989209,1.95906188019086,2.05474939611045,2.15152517599417,2.24927792947996,2.34789502352386,2.44726254380114,2.54726546580709,2.6477877325541,2.7487124025268,2.84992180898064,2.95129765738744,3.05272117025116,3.1540732591529,3.25523445022783,3.35608512630585
-3.49840683005708,-3.42031980414533,-3.34115032196426,-3.26099524993831,-3.17995225886249,-3.09811962938369,-3.01559616111132,-2.93248107624494,-2.84887392860323,-2.76487449538349,-2.68058265958829,-2.59609822189086,-2.51152097514322,-2.42695056195199,-2.34248632125176,-2.25822720939089,-2.17427168876137,-2.09071762552415,-2.00766214484986,-1.92520153120419,-1.84343119338341,-1.76244560771589,-1.68233817639132,-1.60320109076482,-1.52512522359842,-1.44820008090704,-1.37251373221082,-1.29815256037639,-1.22520137034247,-1.15374325768872,-1.08385946614769,-1.01562932558882,-0.949130248216144,-0.884437445863205,-0.821623795996693,-0.760760024652532,-0.701914457999134,-0.645152925678729,-0.590538634957367,-0.538132028493874,-0.487990506650907,-0.440168344282543,-0.394716168870032,-0.351680357156758,-0.311102632851935,-0.273017364321724,-0.237448545572981,-0.204401604315204,-0.173842040877025,-0.145629425178965,-0.118932105188692,-0.0918193744891287,-0.0639981136258226,-0.0354023021349357,-0.00594776091601144,0.0245214958122924,0.0561149331879596,0.0889921667483499,0.123669962032604,0.160489111724241,0.199547565524195,0.240853970978377,0.284389774235363,0.330154162253864,0.378297589824918,0.429128688368137,0.482849834283793,0.53942489310642,0.598796474008663,0.660902012172406,0.725674907581649,0.793044578433075,0.86293681735741,0.935274173593918,1.00997608365399,1.08695895260482,1.16613640257648,1.24741930654339,1.33071591044451,1.41593201848337,1.50297104371235,1.59173424450579,1.68212060782318,1.7740271147644,1.86734873737616,1.96197879621634,2.05780878463844,2.15472865737908,2.25262695837211,2.35139088687025,2.45090635893774,2.55105817880585,2.65173011668564,2.75280505694341,2.85416515763646,2.95569194810375,3.05726647399725,3.15876946958311,3.26008128310768,3.36108211929867
-3.50333490832336,-3.42513788406266,-3.34585687871592,-3.26558889515979,-3.18443174177456,-3.1024838376515,-3.01984412157543,-2.9366119555166,-2.85288703353154,-2.76876927337004,-2.68435869873622,-2.5997552508889,-2.51505886325463,-2.43036931880295,-2.3457860964036,-2.26140829180112,-2.17733450608791,-2.0936627432854,-2.01049026538092,-1.92791349247257,-1.84602796775552,-1.76492830064351,-1.68470802489848,-1.60545946174214,-1.52727361194571,-1.45024010760794,-1.37444714230932,-1.29998122060085,-1.2269272668829,-1.15536849378884,-1.08538625949629,-1.01706000562381,-0.950467253423177,-0.885683320676104,-0.822781187509116,-0.761831679587326,-0.702903219327729,-0.646061729104377,-0.591370505221091,-0.53889007548007,-0.488677921101769,-0.440788393395278,-0.395272191158934,-0.352175756465349,-0.311540871798409,-0.273401953937738,-0.237783030689676,-0.204689537409538,-0.174086925827527,-0.145834568045423,-0.119099640512974,-0.0919487170972999,-0.0640882654372508,-0.0354521720683661,-0.00595613931015687,0.0245560383502074,0.0561939802502628,0.0891175267719625,0.123844171403237,0.160715186889847,0.199828660910901,0.241193253193793,0.284790383750963,0.330619238395824,0.378830483859593,0.429733186319723,0.48353000725675,0.5401847613039,0.599639976789453,0.661833000762511,0.726697139390058,0.794161711442762,0.86415240501813,0.93659166025336,1.011398800173,1.08849011208709,1.16777909644836,1.24917650068122,1.33259044147404,1.41792659034016,1.50508822427344,1.59397646255449,1.68449014984942,1.77652612213911,1.86997920352126,1.96474256427827,2.06070754491429,2.1577639451492,2.25580015191273,2.3547032055593,2.45435886144728,2.55465176153585,2.65546551230739,2.75668283315167,2.85818571612637,2.95985552368511,3.06157313391321,3.16321911307154,3.26467364085737,3.36581675324718
-3.50800853083868,-3.42970718786944,-3.35032041772964,-3.26994535270255,-3.18867993164973,-3.10662270495837,-3.02387274340254,-2.9405295415063,-2.85669292632297,-2.77246294889761,-2.68793976637089,-2.60322345332824,-2.51841407651235,-2.4336115520082,-2.34891549139527,-2.26442512261674,-2.18023917830376,-2.09645579321998,-2.01317235910504,-1.93048542468624,-1.84849066061811,-1.76728280252804,-1.68695550895665,-1.60760122428674,-1.52931107068906,-1.45217479983604,-1.37628072296276,-1.3017154600216,-1.22856404870628,-1.15690981265996,-1.08683421859611,-1.01841681411232,-0.95173522387759,-0.88686486615128,-0.82387881841902,-0.762848000830877,-0.703840927082741,-0.646923607492382,-0.592159422804029,-0.53960898156697,-0.489329841684462,-0.441376426972933,-0.395799503865433,-0.352645576390603,-0.311956482772233,-0.273766685703639,-0.238100245045446,-0.204962603404004,-0.174319166420408,-0.14602911859185,-0.119258525340156,-0.0920713812460969,-0.0641737623617966,-0.0354994670241529,-0.00596408509539084,0.0245887973232213,0.0562689458068526,0.0892364139724528,0.124009385669931,0.160929588919815,0.200095242255043,0.241515016955514,0.285170308247043,0.331060300856878,0.379335862513129,0.430306471702858,0.484175060267062,0.5409053945659,0.600439926257587,0.662715918809083,0.727666589414491,0.795221162552214,0.865305227183993,0.937841119978327,1.01274805633267,1.0899422118802,1.16933697167893,1.25084296408593,1.33436818321269,1.41981817473362,1.50709608660935,1.59610290620867,1.68673734325147,1.77889609609272,1.87247384852022,1.96736362830027,2.06345663097983,2.16064250926616,2.25880950119161,2.35784449641684,2.45763309789218,2.55805979368349,2.65900803499841,2.76036038476856,2.86199867762317,2.9638041177475,3.06565742431232,3.16743900424797,3.26902887740551,3.37030691972343
-3.51244477485184,-3.43404441163766,-3.35455724861664,-3.27408054090599,-3.1927123512212,-3.11055135457677,-3.02769674703211,-2.94424814893253,-2.8603055135731,-2.77596901852391,-2.69133894758481,-2.60651550189603,-2.52159887474513,-2.43668910857143,-2.35188594092369,-2.26728872522921,-2.18299631897688,-2.09910698103203,-2.01571822629636,-1.93292672559314,-1.85082827056246,-1.76951771663482,-1.68908884079188,-1.60963420432202,-1.53124504462953,-1.45401122688722,-1.37802117400898,-1.30336161548718,-1.23011769655461,-1.15837284622589,-1.08820863423767,-1.01970470878384,-0.952938792697885,-0.88798639961346,-0.824920699430327,-0.763812701984505,-0.704731007614628,-0.647741710115417,-0.592908270382693,-0.540291373611597,-0.489948650493377,-0.441934593669078,-0.396300033771218,-0.35309153363765,-0.312350984400977,-0.274112892336199,-0.238401347730155,-0.205221800071937,-0.174539611254454,-0.146213787698953,-0.119409340229689,-0.0921878151459139,-0.0642549168021512,-0.035544359816366,-0.00597162730532727,0.024619892431445,0.0563401037791803,0.0893492627593816,0.124166208519681,0.161133101231461,0.200348283635277,0.241820437976768,0.285530935954066,0.331478961263419,0.379815572420975,0.430850639281737,0.484787350315262,0.541589426060474,0.601199245399689,0.663553992462952,0.728586799990517,0.796226802957731,0.866399496225789,0.939027118249776,1.01402878226656,1.09132055790463,1.17081572068834,1.25242478595497,1.3360556314649,1.42161368344521,1.50900196737694,1.59812134541708,1.68887039919332,1.78114569642492,1.87484178771629,1.96985156555613,2.0660660878968,2.16337486789986,2.26166600226293,2.36082623760682,2.46074103221481,2.56129472807583,2.66237062900937,2.7638511494356,2.86561797455124,2.96755215831182,3.06953426904501,3.17144456244321,3.27316290663,3.37456902563443
-3.51665932190813,-3.43816488688893,-3.35858234802276,-3.27800907712229,-3.19654325456743,-3.11428367377185,-3.03132964981934,-2.94778092258862,-2.86373756530773,-2.7792998757488,-2.69456825804123,-2.60964303355556,-2.52462451580027,-2.4396128672546,-2.35470794514138,-2.2700092221011,-2.18561567424074,-2.10162567832546,-2.01813686626411,-1.93524602487429,-1.85304906073552,-1.77164094309438,-1.69111556145457,-1.61156558816785,-1.53308237011334,-1.45575588029216,-1.37967464771596,-1.30492550594296,-1.23159370237085,-1.15976276611989,-1.08951436480144,-1.02092824217843,-0.954082214343212,-0.889051885537483,-0.825910513456827,-0.764729193141248,-0.705576607242238,-0.648518928859794,-0.593619695035824,-0.540939663781023,-0.490536534937128,-0.442464866530351,-0.396775550184372,-0.353515204607325,-0.312725771196562,-0.274441797630813,-0.238687403102608,-0.205468043639827,-0.174749039573465,-0.146389228147995,-0.119552618292582,-0.0922984303754345,-0.0643320156287006,-0.0355870091351835,-0.00597879260069681,0.0246494335920395,0.0564077057014179,0.0894564720385255,0.124315194300854,0.161326443214324,0.200588679519953,0.24211059588112,0.285873541644046,0.331876699525503,0.380271309295229,0.43136761261794,0.48536904176699,0.542239273749942,0.601920618310115,0.664350184205423,0.729461023942773,0.797182187467281,0.867439080242178,0.940153847417257,1.01524550517417,1.09263002243421,1.1722205706619,1.25392755782277,1.33765875114068,1.42331946336455,1.51081260361671,1.60003891509964,1.69089685775015,1.78328287518013,1.87709139146636,1.97221517058029,2.06854513975584,2.16597067958248,2.26437975248625,2.36365896919632,2.46369365055855,2.56436799978498,2.66556518067252,2.7671674665516,2.86905640065421,2.9711128942137,3.0732173722529,3.1752499467842,3.27709034178617,3.37861813696995
-3.52066659106643,-3.44208271083807,-3.36240948685734,-3.28174440189302,-3.20018574820262,-3.11783243177589,-3.03478388086716,-2.95113994900977,-2.86700082346624,-2.78246691629901,-2.69763874604901,-2.61261674840402,-2.52750135118077,-2.44239283099469,-2.35739115885691,-2.272595920758,-2.18810620558926,-2.10402050221714,-2.02043655380308,-1.93745125745422,-1.85516062903662,-1.77365974601527,-1.69304260488193,-1.61340198358944,-1.53482933310762,-1.45741472896276,-1.38124680104621,-1.3064124818639,-1.23299711595383,-1.16108432761851,-1.09075587753041,-1.02209160032126,-0.95516940075567,-0.890064969227122,-0.826851646909097,-0.765600609855126,-0.706380618981277,-0.649257922792474,-0.594296130731729,-0.541556070044111,-0.491095506320914,-0.442969059757779,-0.397227679969908,-0.353918038787932,-0.313082125401848,-0.274754526857822,-0.238959389832447,-0.205702176570807,-0.174948167886055,-0.146556040166268,-0.119688849720258,-0.0924036053780567,-0.0644053226165324,-0.03562756089499,-0.00598560549583378,0.0246775218729791,0.0564719828572799,0.0895584086006419,0.124456852732458,0.161510276341486,0.200817252365761,0.242386483374039,0.286199297459933,0.332254876408911,0.380704632329971,0.431859160411371,0.485922124739613,0.542857160931842,0.602606512992738,0.665107218015008,0.730292252218203,0.798090584699131,0.868427535919788,0.941225162313568,1.01640238778024,1.09387508548682,1.17355632795584,1.25535642106178,1.33918302692832,1.4249413504073,1.51253418998498,1.60186217575972,1.6928236519624,1.78531494420135,1.8792303562485,1.97446252987875,2.07090226803649,2.16843882525926,2.26696003630512,2.36635238269503,2.46650105459678,2.56729012327077,2.66860261937789,2.77032068209781,2.87232571967983,2.97449850765446,3.07671933478759,3.17886817647804,3.28082461964863,3.38246810679034
-3.52447985770203,-3.44581086254422,-3.36605134375569,-3.28529888968976,-3.20365189906517,-3.12120938499766,-3.03807088343325,-2.95433635605755,-2.87010609864683,-2.78548063202077,-2.70056058359288,-2.61544649783374,-2.5302389113344,-2.4450382093208,-2.35994447108362,-2.27505739047593,-2.19047616371313,-2.10629938633588,-2.02262490737212,-1.93954972887918,-1.85716997071877,-1.77558081333517,-1.69487635502863,-1.61514947424063,-1.53649172099239,-1.45899326837183,-1.38274284226616,-1.30782746933873,-1.23433258656498,-1.1623419088217,-1.09193728533708,-1.02319863721249,-0.95620395359191,-0.891029006849795,-0.827747217596124,-0.766429838975874,-0.707145706380702,-0.649961140069897,-0.594939818382452,-0.542142634445991,-0.491627416418252,-0.443448843654517,-0.397657920953991,-0.354301370697994,-0.313421227555409,-0.275052116033947,-0.239218208963695,-0.205924974505942,-0.175137655869169,-0.146714776372539,-0.11981848582339,-0.0925036885799967,-0.0644750806187562,-0.035666149436607,-0.00599208856065711,0.0247042503257802,0.0565331481856363,0.0896554101435659,0.124591653103871,0.161685209619645,0.201034759394186,0.242649014422084,0.286509282573236,0.332614744746896,0.38111697704792,0.432326911073094,0.486448431499382,0.543445134557328,0.60325920169556,0.665827601811074,0.731083238529344,0.798955004012946,0.869368137837778,0.942244612015833,1.01750326263261,1.09505987173656,1.17482741769826,1.25671610924367,1.34063350848443,1.42648471759889,1.51417242979346,1.60359716753803,1.69465716495916,1.78724863537451,1.88126576807541,1.97660108855611,2.07314528148864,2.1707874814611,2.26941540174433,2.36891540090639,2.46917254476345,2.57007077901244,2.67149300762367,2.77332124212067,2.87543676230489,2.97772021457372,3.08005175803272,3.18231123808094,3.28437811122068,3.38613168936597
-3.52811135962299,-3.44936130665847,-3.36951960642547,-3.28868394782897,-3.20695283097434,-3.12442537099701,-3.04120120640135,-2.95738040187007,-2.87306335652073,-2.78835069474616,-2.70334314764287,-2.618141363279,-2.532845981835,-2.44755749197028,-2.36237607609375,-2.27740153077957,-2.19273315445147,-2.10846964423957,-2.02470894999204,-1.94154817371376,-1.85908353430503,-1.77741031028076,-1.69662269689681,-1.61681366829341,-1.53807486882174,-1.46049656448095,-1.38416757257832,-1.30917500944647,-1.23560440009214,-1.16353954564901,-1.09306237967989,-1.0242529056341,-0.957189193012902,-0.891947092263994,-0.828600099647412,-0.767219541724901,-0.707874324813718,-0.650630837507251,-0.595552823756448,-0.542701239431098,-0.492133972273072,-0.443905757977365,-0.39806765389676,-0.354666430553699,-0.31374416592813,-0.275335520203659,-0.239464691117219,-0.206137152464302,-0.175318111641198,-0.146865946194396,-0.119941942639431,-0.0925990011754253,-0.0645415135077423,-0.0357028986011423,-0.00599826260108211,0.0247297047293052,0.0565913979826339,0.0897477879715875,0.124720028026087,0.16185180445719,0.201241898644343,0.242899031558674,0.286804491810356,0.332957459454669,0.381509666775237,0.432772365741989,0.486949651107595,0.544005081593418,0.603880779073851,0.666513647500828,0.731836521366042,0.799778219565018,0.870263904643105,0.943215468214959,1.01855166273759,1.0961881834842,1.17603791916129,1.25801098597699,1.34201485079816,1.42795451802373,1.51573258059853,1.60524945849427,1.69640328098149,1.78909015443962,1.88320415913634,1.97863770982786,2.0752813785515,2.17302418566347,2.27175372873827,2.37135624925176,2.47171669459591,2.57271889088931,2.67424562145059,2.77617877623203,2.87839951270991,2.9807883543038,3.08322533663936,3.1855901813125,3.28776222062167,3.38962064212807
-3.53157239200276,-3.45274508623769,-3.37282506231204,-3.29191010496238,-3.21009881092141,-3.12749039255527,-3.04418458611245,-2.9602815544378,-2.87588179513915,-2.79108603132061,-2.70599509289458,-2.62070972666368,-2.53533067153512,-2.44995851474638,-2.36469353698405,-2.27963563272147,-2.19488419779286,-2.11053802614894,-2.02669516372547,-1.94345280778314,-1.86090727161179,-1.77915392719332,-1.69828706218795,-1.61839974194235,-1.53958370070966,-1.4619292930388,-1.38552542336574,-1.31045929348307,-1.23681651229649,-1.16468096314754,-1.09413465997481,-1.02525768470997,-0.958128183439481,-0.892822081019369,-0.829412945808561,-0.767972174339251,-0.70856874052492,-0.651269098085323,-0.59613705350341,-0.543233622445907,-0.492616749441821,-0.444341223881167,-0.398458153203343,-0.355014353812079,-0.314051944965286,-0.27560562084777,-0.239699602934135,-0.206339370389598,-0.175490096479346,-0.147010019820043,-0.12005960415996,-0.0926898396180753,-0.0646048279117736,-0.0357379226906664,-0.00600414682041892,0.0247539642551779,0.0566469134244299,0.0898358294103407,0.124842376787621,0.16201057901923,0.20143931438789,0.243137312419892,0.287085843369772,0.333284086488456,0.381883922907008,0.433196909929582,0.487427342523205,0.544538743660808,0.604473178439081,0.667167488913535,0.732554443687356,0.800562791828309,0.87111762246715,0.944140750595204,1.01955084896667,1.0972635301529,1.1771915974053,1.25924507875717,1.34333135030153,1.42935532324782,1.51721949498581,1.60682418780045,1.69806743102841,1.79084522913078,1.88505155846934,1.98057872826054,2.07731720319426,2.1751558947571,2.27398229025819,2.37368251957774,2.47414141724257,2.57524269540618,2.67686902239911,2.77890217230919,2.88122318602971,2.98371246977521,3.08624994148784,3.18871520477191,3.2909874735524,3.39294581687506
-3.53487339243821,-3.45597240590384,-3.37597767983295,-3.29498709036257,-3.21309932638491,-3.130413693001,-3.04703001968393,-2.96304856290189,-2.87856991419896,-2.79369489082625,-2.70852441694304,-2.62315933352109,-2.53770047362942,-2.45224851852552,-2.36690384262948,-2.28176643378712,-2.19693578073905,-2.11251076977983,-2.02858953848984,-1.94526937498117,-1.86264668256874,-1.78081692237974,-1.69987447020611,-1.61991247838377,-1.54102276691086,-1.46329577479176,-1.38682048956237,-1.31168419452381,-1.23797257860138,-1.16576960354331,-1.09515735994754,-1.02621600459924,-0.959023756628893,-0.893656611860331,-0.83018820741766,-0.768690006568216,-0.709231047696171,-0.651877846636319,-0.59669426951225,-0.543741389022717,-0.493077203858131,-0.444756554620766,-0.398830596520719,-0.355346189721539,-0.31434549285048,-0.275863232521394,-0.23992365284897,-0.206532238119861,-0.175654129046314,-0.147147431739034,-0.120171825222315,-0.0927764778536763,-0.0646652147710523,-0.0357713273289604,-0.00600975896398238,0.0247771020639824,0.0566998619315323,0.0899197999705008,0.124959068361343,0.16216201212962,0.201627601980696,0.243364575600448,0.287354185736509,0.333595610872641,0.38224087410491,0.433601823953587,0.487882946342501,0.545047730149097,0.605038186317657,0.667791097869253,0.733239170565127,0.801311086873997,0.871931865906587,0.945023249573815,1.02050383461239,1.09828915471578,1.17829193163162,1.26042210929539,1.3445869772235,1.43069135774484,1.51863765711239,1.60832610444122,1.69965463375486,1.79251915230862,1.88681353736277,1.982429997474,2.07925889494828,2.17718903743655,2.27610780708105,2.3759012273263,2.47645402505267,2.5776498037181,2.67937112198189,2.78149964342478,2.88391629774766,2.98650137937941,3.08913469402011,3.19169573273823,3.29406359655864,3.39611724149156
-3.53802401727483,-3.45905270646566,-3.37898668127235,-3.29792390506871,-3.21596315470813,-3.13320382380206,-3.04974583080137,-2.96568952153265,-2.88113557719697,-2.79618490490365,-2.71093851876543,-2.62549734963343,-2.53996232044894,-2.45443420220646,-2.36901345878955,-2.28380016716298,-2.19889390474147,-2.1143936459567,-2.03039761585888,-1.94700318927274,-1.8643068554373,-1.78240416056403,-1.7013895645618,-1.621356302793,-1.54239627709474,-1.46460000707946,-1.38805655959749,-1.31285329574535,-1.23907598082267,-1.16680865141262,-1.09613347128031,-1.02713066865447,-0.959878532382108,-0.894453126021987,-0.830928152330808,-0.769375138270963,-0.70986318376038,-0.652458863919272,-0.597226101794961,-0.544226024520162,-0.493516682479393,-0.445152965154234,-0.399186073349306,-0.35566290899452,-0.314625668293022,-0.276109108810415,-0.240137496270116,-0.206716319846911,-0.175810689183039,-0.147278583919498,-0.120278934104352,-0.092859169323194,-0.064722850733958,-0.0358032102338934,-0.00601511544885522,0.0247991858402527,0.0567503983930691,0.0899999452893394,0.125070444102603,0.162306546772378,0.201807312216403,0.243581485908433,0.287610303886716,0.3338929439028,0.3825815645506,0.433988292300281,0.488317795333528,0.545533529985499,0.605577455514962,0.668386298597834,0.73389270501615,0.802025293673472,0.872709016850223,0.945865546706057,1.02141340742314,1.0992680574103,1.17934214062426,1.26154552073374,1.34578540462248,1.43196652978774,1.51999121549741,1.60975960194098,1.70116953217081,1.79411682066456,1.88849525009557,1.98419693294622,2.08111213380267,2.17912956121034,2.27813649693545,2.37801886283545,2.47866128304804,2.57994725728718,2.68175923953696,2.78397878790514,2.8864867259655,2.98916324145362,3.09188803294067,3.19454048408577,3.29699958815679,3.39914419327773
-3.54103321019716,-3.46199473197805,-3.38186060828819,-3.3007288858221,-3.21869842544579,-3.13586870530788,-3.05233972884281,-2.9682119272242,-2.88358606728546,-2.79856314196034,-2.71324425127706,-2.62773041193135,-2.54212263270244,-2.45652177029349,-2.37102837403554,-2.28574260601175,-2.20076412833034,-2.11619199960364,-2.03212452842513,-1.94865917243971,-1.86589250295327,-1.78392014744216,-1.70283664615616,-1.62273531375706,-1.54370813024717,-1.46584569222853,-1.3892371423054,-1.31396991587747,-1.24012985119028,-1.16780105630258,-1.09706576486215,-1.02800427333418,-0.960694937152633,-0.895213884570555,-0.831634881030996,-0.770029514332119,-0.710466943163358,-0.653013799269012,-0.597734060064825,-0.544688904673925,-0.493936432854381,-0.445531580772883,-0.399525592781834,-0.355965410702607,-0.314893266627455,-0.276343947684308,-0.240341740235289,-0.206892138123886,-0.175960221317072,-0.147403848663371,-0.120381234856253,-0.0929381487630554,-0.0647778994118049,-0.0358336619115266,-0.00602023148050095,0.024820278273245,0.0567986662669869,0.090076492875521,0.125176820173921,0.162444593238261,0.201978955238788,0.243788659087537,0.287854924863459,0.334176929618754,0.382906961362673,0.434357412038075,0.488733123902919,0.545997522210908,0.606092516855462,0.668954780696684,0.734516902229877,0.802707439646894,0.873451281397873,0.946670033022353,1.02228214940493,1.10020301704933,1.18034520561343,1.26261850210234,1.34693003447655,1.43318445920976,1.52128401248956,1.61112874957174,1.70261642662118,1.79564276950273,1.89010147054876,1.98588455048018,2.08288218054995,2.18098297464688,2.28007411866701,2.38004143744101,2.48076945697602,2.58214157789911,2.68404015421803,2.78634664330227,2.88894176736255,2.99170561223063,3.09451777415778,3.1972575342154,3.29980378275162,3.40203526484718
-3.54390926395741,-3.46480659009285,-3.38460738086607,-3.30340976260584,-3.2213126764737,-3.13841568141519,-3.05481886208828,-2.97062273123755,-2.88592813753997,-2.80083615595653,-2.71544796862964,-2.62986467430156,-2.54418736379159,-2.45851697571948,-2.37295414108318,-2.28759910331826,-2.20255160547924,-2.1179107866346,-2.0337750352248,-1.95024188805057,-1.86740799485374,-1.78536906078002,-1.70421970286548,-1.62405331156278,-1.54496194158109,-1.46703626310568,-1.3903654911431,-1.31503713210874,-1.24113709396661,-1.16874955308864,-1.0979568099134,-1.02883922612348,-0.96147522079372,-0.895940984009085,-0.832310341125484,-0.770654938085227,-0.711043989748952,-0.653544181979763,-0.59821954415634,-0.545131305091958,-0.49433761173374,-0.445893444867945,-0.399850090468026,-0.356254528481855,-0.315149025302905,-0.276568396313475,-0.240536947601251,-0.207060177471866,-0.176103137529977,-0.147523571175999,-0.120479009399055,-0.0930136338252829,-0.0648305125080754,-0.0358627662807789,-0.00602512115771078,0.0248404374896153,0.056844798570187,0.0901496536793505,0.125278489727124,0.162576531956563,0.20214300406274,0.243986666066872,0.288088722794717,0.334448350630072,0.383217961271649,0.434710200389393,0.489130076615679,0.546440985497929,0.60658478974834,0.66949811079224,0.735113482372799,0.803359404656296,0.874160705086707,0.947438925531002,1.02311245464222,1.10109661020037,1.18130389085175,1.26364401032979,1.34802402116362,1.43434850238823,1.52251961078667,1.61243732043888,1.70399930446654,1.79710120404224,1.89163662515448,1.98749750082258,2.08457391309578,2.18275438539424,2.28192601198554,2.38197452496642,2.4827843565552,2.58423881267602,2.68622015178371,2.78860973496652,2.89128818755687,2.99413549799133,3.09703116472834,3.19985437079048,3.3024839081597,3.40479842343259
-3.54665987600772,-3.46749580644938,-3.38723435045077,-3.30597371050161,-3.22381290455681,-3.14085156883476,-3.05718986567435,-2.97292838583333,-2.88816805626255,-2.80301003037252,-2.71755556883838,-2.63190584887038,-2.54616203974965,-2.46042515843964,-2.37479591404325,-2.28937462780018,-2.20426112018072,-2.11955460720034,-2.03535355366386,-1.95175557207539,-1.86885738719167,-1.78675477844011,-1.705542436294,-1.62531382369117,-1.54616106678924,-1.4681749061473,-1.39144462601633,-1.31605780072997,-1.24210040492987,-1.16965668032162,-1.09880899122143,-1.02963776168476,-0.962221471651575,-0.896636370341925,-0.832956340411408,-0.771253083410471,-0.711595867921004,-0.654051431564465,-0.598683853416067,-0.545554409811944,-0.494721292830088,-0.446239525930201,-0.400160434891441,-0.35653103612526,-0.315393628830275,-0.276783055410808,-0.240723640819767,-0.207220887630302,-0.176239820321806,-0.147638071881959,-0.120572519415926,-0.0930858265376203,-0.0648808308361279,-0.0358906012364005,-0.00602979756718589,0.0248597174433626,0.0568889187708746,0.0902196235079416,0.125375724869962,0.162702716047235,0.202299897747495,0.244176036791067,0.288312323415799,0.334707933366234,0.383515396635723,0.435047601554751,0.489509715873543,0.546865106728904,0.607055591709662,0.670017743049739,0.735684042128243,0.803982933616715,0.874839186613808,0.948174282091058,1.0239065453587,1.10195122847048,1.18222076215833,1.26462479007984,1.34907029262278,1.43546177476095,1.52370131733623,1.61368881679323,1.70532186683241,1.79849602762809,1.89310482259082,1.98904010086354,2.08619185918245,2.18444853444495,2.28369713328662,2.38382329911494,2.48471137445007,2.58624457464383,2.68830506676571,2.79077411982214,2.89353226649267,2.99645940206663,3.099434931475,3.202337943968,3.30504713745174,3.40744106433416
-3.54929219870769,-3.4700693737613,-3.38974834789697,-3.3084273964901,-3.22620561098647,-3.14318270155426,-3.05945890487261,-2.97513488635749,-2.8903116478675,-2.80509041788899,-2.71957253225252,-2.63385924326183,-2.54805179528567,-2.46225128026202,-2.37655848203987,-2.2910737963171,-2.20589711765051,-2.12112773569347,-2.03686418833115,-1.95320416051545,-1.87024444879197,-1.7880809036754,-1.70680828591809,-1.62652012782584,-1.54730862393208,-1.46926458214333,-1.39247735297715,-1.31703457576463,-1.24302228895762,-1.17052479678568,-1.09962452469564,-1.0304019564335,-0.962935630186868,-0.89730185176777,-0.833574558667347,-0.771825505652769,-0.712124012716902,-0.65453686701372,-0.599128195177768,-0.545959319024337,-0.495088473821444,-0.446570723867076,-0.400457433034264,-0.356795652629929,-0.315627713247056,-0.27698848314992,-0.24090230534535,-0.207374686490494,-0.176370625105995,-0.147747648515068,-0.120662008059029,-0.0931549146212843,-0.0649289852376702,-0.0359172391570508,-0.00603427286889714,0.024878168267752,0.056931141593895,0.0902865843023923,0.125468778440967,0.162823473624159,0.202450044260456,0.2443572636769,0.288526308150773,0.33495635281486,0.383800040869917,0.43537049287142,0.489873028844621,0.547270988737496,0.607506146956026,0.670515028658192,0.736230065110939,0.804579647877609,0.875488490220656,0.948878014834975,1.02466648641204,1.10276909410586,1.18309820365467,1.26556339165379,1.35007156945205,1.43652717114706,1.52483220490533,1.61488649287485,1.70658755275036,1.79983086719119,1.8945098805812,1.99051636179402,2.08774022592169,2.18606982705974,2.28539208798033,2.38559256721574,2.48655552144542,2.5881640793439,2.69030032052534,2.7928454258743,2.89567983940196,2.99868336725624,3.10173532486271,3.20471471173192,3.30750013573987,3.40997005915635
-3.55181288469799,-3.47253379617741,-3.39215572680319,-3.31077702174531,-3.22849684282373,-3.14541497102017,-3.06163171420124,-2.97724780927491,-2.89236432983069,-2.80708257624678,-2.72150395632184,-2.6357297942684,-2.54986140635834,-2.46399995632454,-2.37824629959205,-2.29270090315919,-2.20746373252727,-2.12263414786458,-2.03831075703731,-1.9545913143726,-1.8715726851604,-1.78935078798784,-1.7080204509058,-1.62767527264616,-1.54840751321835,-1.47030804502013,-1.39346628202524,-1.31796992580572,-1.24390507591738,-1.17135609646217,-1.10040547142496,-1.03113374171083,-0.963619501284731,-0.897939110150622,-0.834166558309603,-0.772373651488651,-0.712629758911274,-0.655001715163278,-0.599553692421563,-0.546347056051803,-0.495440082680353,-0.44688787571153,-0.400741835496683,-0.357049046758288,-0.315851870152261,-0.27718519870611,-0.241073392714921,-0.207521962746636,-0.176495882464058,-0.147852578007164,-0.120747701492042,-0.0932210726818402,-0.0649750974127998,-0.0359427473644579,-0.00603855837322613,0.0248958365933521,0.0569715737485311,0.0903507052919927,0.12555788561342,0.16293910987665,0.202593823065281,0.244530804737115,0.288731217800942,0.335194236803732,0.384072613352523,0.435679690379129,0.490220933725848,0.54765965730491,0.607937594170828,0.670991224402132,0.736752931278857,0.805151055508466,0.876110256885223,0.949551902298893,1.02539419839302,1.10355227408948,1.18393843288916,1.26646218716922,1.35103038216751,1.4375473841113,1.52591513157388,1.61603337555754,1.70779956097471,1.8011090962571,1.89585535011346,1.9919300145523,2.08922292648401,2.18762236071388,2.2870151597073,2.38728680072092,2.48832145823396,2.59000217791965,2.6922109556458,2.79482888791235,2.89773633382252,3.00081301416329,3.10393815865076,3.20699068086168,3.30984910246007,3.41239179940038
-3.55422812795983,-3.47489512942468,-3.39446240272567,-3.31302835990777,-3.23069223022128,-3.14755386249927,-3.06371363281802,-2.97927234658687,-2.89433114612568,-2.80899140069722,-2.72335458705774,-2.63752209832052,-2.55159531965283,-2.46567548357917,-2.3798635141066,-2.29425994655126,-2.20896481439133,-2.12407754536029,-2.03969681437797,-1.95592044224474,-1.87284536011925,-1.79056755181354,-1.70918190986185,-1.62878209664346,-1.5494604349049,-1.47130785883742,-1.39441384321653,-1.31886614925159,-1.24475093504637,-1.17215262207065,-1.10115375039866,-1.03183491570355,-0.964274765394359,-0.898549711400107,-0.834733794035306,-0.772898867855036,-0.713114349254085,-0.655447118265974,-0.599961390704874,-0.546718573665088,-0.495776983401248,-0.447191760788152,-0.401014341129536,-0.35729184116563,-0.316066650357719,-0.277373685460675,-0.241237323334653,-0.207663078294802,-0.17661590018591,-0.147953118197306,-0.120829810286024,-0.0932844632868538,-0.0650192806711268,-0.0359671885389235,-0.00604266461077172,0.0249127658358352,0.0570103145871055,0.0904121440386956,0.125643265346824,0.163049908953064,0.202731587463894,0.244697086407244,0.288927555882625,0.335422169875695,0.384333783865039,0.435975953856589,0.490554285410025,0.548032067490927,0.608350993532114,0.67144750041838,0.737253925450193,0.805698560606485,0.876706014449955,0.950197600399622,1.02609146947931,1.1043026928983,1.18474351452361,1.26732338520055,1.35194908682144,1.43852492058233,1.52695275837442,1.61713228303041,1.70896086972495,1.80233385576719,1.89714453735626,1.99328453285095,2.0906436042504,2.18910995038645,2.28857033677702,2.38891016280296,2.4900135241818,2.59176338705747,2.69404166705464,2.7967293798185,2.89970680309611,3.00285357588424,3.10604884577483,3.20917144400551,3.31209980963467,3.41471223591204
-3.55654370101912,-3.47715901718198,-3.39667388871011,-3.31518679176376,-3.23279702024089,-3.1496044880259,-3.0657096365899,-2.98121333701677,-2.8962167975204,-2.81082145340544,-2.72512884754008,-2.63924043909503,-2.55325767928977,-2.46728186660164,-2.38141399078948,-2.29575465266802,-2.21040395088707,-2.12546137795707,-2.0410256730844,-1.95719472079949,-1.87406551541147,-1.79173410326566,-1.71029543871858,-1.62984324517042,-1.55046990551577,-1.47226641318936,-1.39532230125934,-1.31972538811135,-1.245561887981,-1.17291627733849,-1.10187115003278,-1.03250715424491,-0.964902988622612,-0.899135114877104,-0.835277621560033,-0.77340241003959,-0.713578941935217,-0.655874140852652,-0.60035226444255,-0.547074759805823,-0.496099981190035,-0.447483105394163,-0.401275601231949,-0.357524616140088,-0.316272567196526,-0.277554393904332,-0.241394489005144,-0.207798370406674,-0.176730965118601,-0.148049509380483,-0.120908530684204,-0.0933452379423515,-0.0650616406123674,-0.0359906210958108,-0.00604660139560242,0.0249289964567535,0.0570474567017382,0.0904710473835093,0.125725121702084,0.163156135667529,0.202863666718601,0.244856506106985,0.289115791651518,0.33564069679971,0.384584176615209,0.436259991385105,0.490873880620719,0.548389109370462,0.608747333080533,0.671884947224471,0.737734245020621,0.806223471730272,0.877277186798743,0.950816652380888,1.02675996617608,1.10502214406263,1.18551537273462,1.26814904404475,1.35282987915392,1.43946211691056,1.52794756527561,1.61818584172531,1.71007425457444,1.80350807294459,1.89838052351757,1.99458315404171,2.09200565469632,2.19053615147496,2.29006133612353,2.39046653336076,2.49163576339276,2.59345191611612,2.69579683022375,2.79855144384277,2.90159595672141,3.00480992944146,3.10807243085974,3.21126221327266,3.31425763654188,3.4169369146254
-3.55876498870009,-3.4793307240803,-3.39879532752813,-3.31725733670844,-3.23481610753457,-3.15157161629349,-3.06762436718839,-2.98307529430355,-2.89802566906384,-2.81257699012669,-2.72683086378028,-2.64088881256301,-2.55485235105712,-2.46882284100727,-2.38290133524683,-2.29718849742215,-2.21178448870098,-2.12678886373319,-2.04230042339406,-1.95841711334913,-1.87523598848664,-1.79285315513898,-1.71136362696769,-1.63086118590917,-1.55143827255702,-1.47318593717716,-1.39619376875681,-1.3205496405298,-1.24633982057799,-1.17364883813254,-1.10255933862748,-1.0331520206138,-0.96550563189151,-0.899696681927056,-0.835799305545087,-0.773885449020769,-0.714024617356742,-0.656283775956793,-0.600727222604562,-0.547416442778587,-0.496409827172368,-0.4477625870463,-0.401526223359672,-0.357747912995754,-0.316470099524652,-0.277727744271376,-0.241545255212383,-0.207928153701669,-0.1768413448436,-0.148141975712689,-0.120984045749479,-0.093403537978721,-0.0651022757438167,-0.036013099527117,-0.00605037788264177,0.0249445662001289,0.0570830864657605,0.090527552305122,0.125803645034708,0.163258037048392,0.202990367977374,0.245009434564033,0.289296362846576,0.335850325756279,0.38482437388695,0.436532463488931,0.491180462570949,0.548731613238102,0.609127534496703,0.672304582095224,0.738195006964817,0.806727009551375,0.877825102182793,0.951410497837137,1.02740124306058,1.10571230065345,1.18625580246485,1.2689410837569,1.35367480743194,1.44036115252949,1.52890186568332,1.61919650167439,1.71114230467998,1.80463447841061,1.89956618286135,1.99582889804521,2.09331224524601,2.19190428058486,2.29149162503946,2.39195953170654,2.49319194835545,2.59507169174008,2.69748052675409,2.80029931716287,2.9034081878918,3.00668662430058,3.11001361971686,3.21326785071012,3.31632760117004,3.4190710089915
-3.56089701878676,-3.48141516567977,-3.40083152096031,-3.31924468132646,-3.23675406221491,-3.15345969980773,-3.06946215851943,-2.98486243290316,-2.89976185505476,-2.81426198443878,-2.72846448821497,-2.64247094974313,-2.55638294442216,-2.4703018947218,-2.38432891401543,-2.29856472625625,-2.21310955261784,-2.12806300739254,-2.04352395064649,-1.95959038672379,-1.87635942865753,-1.79392724035671,-1.71238889240486,-1.63183822292245,-1.55236772788358,-1.47406851210169,-1.39703021823613,-1.32134077216493,-1.24708649365253,-1.17435196257094,-1.10321987386646,-1.03377097443599,-0.966084059256784,-0.900235683631533,-0.836300026798526,-0.774349078135415,-0.714452384284779,-0.65667695076889,-0.601087113891719,-0.547744395967304,-0.496707222670583,-0.448030838338615,-0.401766774784536,-0.357962237154942,-0.31665969444757,-0.277894128932507,-0.241689963208848,-0.208052721938393,-0.176947289200412,-0.148230726487275,-0.121056526406775,-0.0934594953554526,-0.0651412780412533,-0.0360346747117526,-0.00605400261979706,0.0249595103073702,0.0571172845255288,0.0905817866998628,0.1258790130787,0.163355843744811,0.20311197802277,0.245156217925021,0.289469678182517,0.336051531231044,0.385054919355902,0.436793986896327,0.491474725195064,0.549060354335826,0.6094924583493,0.67270735485515,0.738637254196559,0.807210313804831,0.878351000783748,0.951980480910646,1.02801675163398,1.10637472480893,1.18696647964341,1.26970129708297,1.35448578411238,1.44122406236552,1.52981781961328,1.62016655046062,1.71216743752459,1.80571562173298,1.90070419907381,1.99702458454656,2.09456633330797,2.19321743441439,2.29286444091897,2.39339253717442,2.49468560142403,2.59662638021808,2.69909656761643,2.80197695601085,2.9051475985104,3.00848790827536,3.11187680613917,3.21519289598734,3.31831438879029,3.42111934943622
-3.56294448990927,-3.48341693573366,-3.40278695642922,-3.3211532053859,-3.23861515520302,-3.15527289958219,-3.0712270607612,-2.98657869136381,-2.90142918175055,-2.81588014978136,-2.73003332107335,-2.64399033739549,-2.55785283255123,-2.47172228732699,-2.38569987323504,-2.29988637214362,-2.2143820628522,-2.12928661693011,-2.04469895128678,-1.96071712661758,-1.87743831179438,-1.7949587260192,-1.71337349453999,-1.63277650943296,-1.55326031985621,-1.47491608300733,-1.39783349308907,-1.32210052653573,-1.24780355274454,-1.17502720021986,-1.10385421145656,-1.03436537978,-0.966639545473544,-0.900753307858227,-0.836780888824467,-0.774794319142907,-0.714863185444575,-0.657054531779073,-0.601432731442946,-0.548059342124786,-0.496992823093565,-0.448288450451139,-0.401997785640794,-0.358168060951489,-0.316841769800107,-0.278053914571098,-0.241828931906246,-0.208172349643962,-0.177049031672303,-0.14831595729579,-0.121126132391082,-0.0935132333930466,-0.0651787334590789,-0.0360553941977394,-0.00605748359536985,0.024973861712737,0.0571501262477254,0.090633870091074,0.125951391932356,0.163449771306039,0.203228764862559,0.245297179675405,0.289636119616738,0.336244756646505,0.3852763211049,0.437045137960211,0.491757316997626,0.549376057152864,0.609842908868164,0.673094153146619,0.739061961353209,0.807674449610664,0.878856041592297,0.952527857746755,1.02860784837206,1.10701087639876,1.18764897048143,1.2704313594033,1.35526459644932,1.44205274812452,1.5306974456715,1.62109812590586,1.71315191232594,1.80675388556691,1.9017970801483,1.99817284863458,2.09577068267808,2.19447850693029,2.29418280921377,2.39476870786366,2.49612001435473,2.59811940781798,2.70064851428883,2.80358805761617,2.90681802194112,3.01021775108803,3.11366609627133,3.2170415915753,3.32022237794319,3.42308645015204
-3.56491179693674,-3.48534033101436,-3.40466583125069,-3.3229870055079,-3.24040338130987,-3.15701510762571,-3.07292286225256,-2.98822775361114,-2.90303122804544,-2.81743495952451,-2.731540729834,-2.64545023686517,-2.55926517053937,-2.47308706767638,-2.38701715565113,-2.30115627197931,-2.21560475083011,-2.13046231880727,-2.04582794743795,-1.96179975156249,-1.87847495370527,-1.79594982619652,-1.71431954680829,-1.63367805946002,-1.55411796441155,-1.4757304691936,-1.39860531753427,-1.3228305344447,-1.24849253701167,-1.1756760004678,-1.10446371299487,-1.03493651252888,-0.96717328288546,-0.901250665680553,-0.837242923786757,-0.775222127747059,-0.715257902615271,-0.657417329459886,-0.601764817121651,-0.54836195727871,-0.497267241478764,-0.448535976344795,-0.402219751790129,-0.358365826183399,-0.317016716404549,-0.278207444164865,-0.241962459599011,-0.208287293597633,-0.177146790648117,-0.148397851085015,-0.121193013110706,-0.0935648674394757,-0.0652147223948423,-0.0360753024591744,-0.00606082828122721,0.0249876512213274,0.0571816821266639,0.0906839142750524,0.126020936955909,0.163540021346319,0.203340979178115,0.245432622387679,0.289796044413531,0.336430416758409,0.385489054369809,0.437286455772956,0.492028844558126,0.549679399341053,0.610179638290603,0.673465807226941,0.739470040062948,0.808120413230117,0.87934130867172,0.953053803282455,1.02917580205597,1.10762212091374,1.18830473993627,1.2711328377868,1.35601291615294,1.4428489885693,1.53154263196344,1.62199322762422,1.71409784224593,1.80775149853171,1.90284717193929,1.99927615504262,2.09692787847602,2.19569020500769,2.2954495597836,2.39609099770609,2.49749826609555,2.59955397930336,2.70213969800386,2.80513608018669,2.90842304372531,3.01187986582283,3.11538533080046,3.21881790567413,3.32205566410171,3.42497653349409
-3.56680305412644,-3.48718937394587,-3.40647207474245,-3.32474991674482,-3.24212248027824,-3.15868996744285,-3.07455310944735,-2.98981306835254,-2.90457134432173,-2.81892966526402,-2.73298986696236,-2.64685370126078,-2.56062291202916,-2.47439908995461,-2.38828351611522,-2.30237708152297,-2.21678017357638,-2.13159257178612,-2.04691330018576,-1.9628405256675,-1.87947152233424,-1.7969026135906,-1.71522902770236,-1.63454475842808,-1.55494245515389,-1.47651337379795,-1.3993473056992,-1.32353232256782,-1.24915488733657,-1.17629972015999,-1.10504965314065,-1.03548556710069,-0.967686387705198,-0.901728797230023,-0.83768709794571,-0.775633398630109,-0.715637361274523,-0.657766102535294,-0.602084065423354,-0.548652874292464,-0.497531051721267,-0.448773933674014,-0.402433137433518,-0.358555946439921,-0.317184900129227,-0.27835503879244,-0.242090825535511,-0.208397794183336,-0.177240770572595,-0.148476579120598,-0.121257308434249,-0.0936145054777578,-0.0652493201127185,-0.0360944411304889,-0.00606404367215842,0.0250009076713374,0.0572120181556042,0.0907320239099135,0.126087793589859,0.163626782606848,0.203448855644838,0.245562829315121,0.289949787025905,0.336608899840396,0.385693564042743,0.437518445005943,0.492289875726026,0.549971015284238,0.610503350823665,0.6738230943416,0.739862343746602,0.808549137313272,0.879807816867983,0.953559417435147,1.02972180045536,1.10820973665825,1.18893515942797,1.27180719924522,1.3567323081949,1.44361444888887,1.53235514603925,1.62285372755469,1.71500720552128,1.80871054694961,1.90385667051873,2.00033681113114,2.09804034076187,2.19685506268809,2.29666734180201,2.39736217202533,2.49882323900402,2.60093309481405,2.7035732372953,2.8066242611241,2.90996602046793,3.01347772848402,3.11703810518625,3.22052555311486,3.32381808124334,3.42679355222065
-3.56862211625162,-3.48896783326006,-3.40820936840224,-3.32644553227432,-3.24377595598732,-3.16030089274423,-3.07612112512648,-2.9913378667873,-2.90605266965485,-2.82036731351928,-2.73438368609957,-2.64820359113297,-2.56192882437853,-2.47566102833439,-2.38950153573178,-2.3035512890369,-2.21791072684562,-2.13267967955597,-2.04795722170354,-1.96384157024547,-1.88043004889424,-1.79781903017919,-1.71610379093233,-1.63537837284885,-1.55573547256587,-1.47726639254186,-1.40006096990918,-1.32420732129438,-1.24979195372615,-1.17689963056612,-1.10561322616107,-1.03601366258219,-0.968179905746484,-0.902188677037608,-0.838114316620108,-0.776028970047163,-0.716002334837544,-0.658101561876949,-0.602391127042111,-0.548932686115083,-0.497784791520901,-0.449002807445043,-0.402638377495028,-0.358738809225455,-0.31734666376735,-0.278496999282194,-0.242214291352071,-0.208504076624115,-0.177331162996257,-0.148552301866557,-0.121319149408877,-0.0936622486804796,-0.0652825971300108,-0.0361128492202527,-0.00606713632179513,0.0250136580821534,0.0572411961656465,0.0907782970530424,0.126152098101851,0.163710231925016,0.203552614137274,0.245688065846372,0.290097660813098,0.336780569677896,0.385890266956705,0.437741578501206,0.492540942536823,0.550251499356016,0.610814706260433,0.674166742715616,0.740239672000204,0.808961495688466,0.880256517021263,0.954045730751034,1.03024695642788,1.10877492131468,1.1895415138818,1.27245581826667,1.35742423884495,1.44435068924963,1.53313664397064,1.62368137957407,1.7158818556224,1.8096329855596,1.90482763345348,2.00135697873656,2.0991103369638,2.1979754541923,2.29783863736059,2.39858482173749,2.50009763364893,2.60225956527263,2.70495205401267,2.80805563364889,2.91145009707464,3.01501459584613,3.11862778812468,3.22216801443609,3.32551322153868,3.42854120979161
-3.57037259790604,-3.49067924287028,-3.40988116434461,-3.32807722139382,-3.24536709399999,-3.16185108454235,-3.07763002503824,-2.99280517878823,-2.90747814753379,-2.8217507609901,-2.73572495685414,-2.64950258879998,-2.56318550251953,-2.47687539036867,-2.39067363478437,-2.30468122774718,-2.21899865712012,-2.13372580227006,-2.04896178633069,-1.96480487443653,-1.88135243803934,-1.79870089694114,-1.71694557470916,-1.63618055916795,-1.55649859242422,-1.47799102172215,-1.40074772826102,-1.3248568718904,-1.25040500207242,-1.17747692374688,-1.10615555191208,-1.03652184833316,-0.968654817661498,-0.902631218914147,-0.838525428721014,-0.776409628024139,-0.716353548530344,-0.658424374064199,-0.602686612129163,-0.549201948750704,-0.498028965075012,-0.449223052444825,-0.402835879799898,-0.358914777900148,-0.317502328753701,-0.278633607718777,-0.242333102383231,-0.208606352110035,-0.177418147534679,-0.148625169788873,-0.121378658916596,-0.0937081919164643,-0.0653146195702992,-0.0361305633065273,-0.00607011237543155,0.0250259277896642,0.0572692741353786,0.0908228256521584,0.126213978269098,0.16379053512,0.203652460830242,0.245808580834501,0.29023995960986,0.33694576738995,0.386079553973073,0.437956299639388,0.492782543876465,0.550521408896327,0.611114323284239,0.674497435200476,0.740602774599331,0.809358307738385,0.880688300727701,0.954513709566037,1.03075231349232,1.1093187979414,1.19012500816318,1.27307998369898,1.35809008301392,1.44505917260867,1.53388867864441,1.62447782828032,1.71672353053546,1.8105206473067,1.90576199010952,2.00233868499771,2.1001399932333,2.19905360581052,2.29896577389915,2.39976137632642,2.50132398233461,2.60353602646148,2.70627888795373,2.80943304199059,2.9128782225014,3.01649352176373,3.12015753841828,3.2237485533144,3.32714445334082,3.43022297891528
-3.57205789116187,-3.49232691913513,-3.41149070216506,-3.32964814598005,-3.24689897761331,-3.16334354678896,-3.07908273311923,-2.99421784770317,-2.90885054024047,-2.82308268851215,-2.73701627833198,-2.65075321145118,-2.56439538163505,-2.47804452924044,-2.39180208455903,-2.30576908724179,-2.22004607258418,-2.13473296709831,-2.0499289407061,-1.96573230492539,-1.88224047716935,-1.79954992275224,-1.71775601023608,-1.63695287185691,-1.55723329349773,-1.47868866552059,-1.40140891155066,-1.32548223305086,-1.25099522033655,-1.17803271837728,-1.10667768130906,-1.0370111091127,-0.969112043731511,-0.903057280414457,-0.838921230898828,-0.776776110197634,-0.716691682932571,-0.658735164640433,-0.60297109327362,-0.549461183974741,-0.498264045541555,-0.449435095462713,-0.403026027066833,-0.359084193454974,-0.317652196734894,-0.278765128821143,-0.242447488860246,-0.208704818829877,-0.177501892745942,-0.148695324090538,-0.121435952274547,-0.0937524242142208,-0.0653454494864634,-0.036147617715556,-0.00607297760004548,0.0250377405700304,0.0572963064741105,0.0908656959944963,0.126273554002592,0.163867847802818,0.203748589206022,0.245924607812679,0.290376959161892,0.337104813095625,0.386261791891015,0.438163024505739,0.493015147918483,0.550781266934153,0.611402782491036,0.674815812609958,0.740952355161876,0.809740342402882,0.881104004695002,0.954964260726514,1.03123885092636,1.10984242045907,1.19068677296358,1.27368090504593,1.35873113097038,1.44574127186052,1.53461270734853,1.62524461702664,1.71753386125271,1.81137525229617,1.90666155107719,2.00328383225872,2.10113130483169,2.20009160677804,2.30005093557566,2.40089411571207,2.50250466147172,2.60476495189891,2.70755631024879,2.81075915528228,2.91425316416051,3.01791737209,3.12163032040739,3.22527023250792,3.32871493764031,3.43184211851312
-3.57368118173847,-3.49391397666638,-3.41304102438203,-3.33116127556066,-3.24837450255555,-3.16478110069388,-3.08048199543175,-2.99557854390815,-2.91017244201658,-2.82436561383555,-2.73826009152538,-2.65195782314566,-2.56556074876641,-2.47917065497951,-2.39288901817077,-2.30681692390771,-2.2210549531732,-2.13570307789007,-2.05086051304718,-1.96662561483915,-1.88309584494965,-1.80036771253077,-1.71853662948394,-1.63769677082277,-1.55794096459599,-1.47936064269723,-1.40204576961663,-1.32608458689952,-1.25156372421147,-1.17856806507908,-1.10718060133615,-1.03748236977323,-0.969552448253553,-0.903467666925003,-0.839302471340646,-0.777129109330971,-0.717017377221599,-0.659034521094841,-0.603245108231803,-0.549710881821005,-0.498490477294463,-0.449639337324823,-0.403209178732286,-0.359247376137115,-0.317796551007223,-0.278891811204376,-0.242557667008524,-0.208799662915841,-0.177582556934094,-0.148762897384626,-0.121491137784691,-0.0937950291863118,-0.0653751451564684,-0.0361640446853846,-0.00607573741178717,0.0250491187530177,0.0573223442812254,0.090906989118107,0.12633093791868,0.163942316118072,0.203841180976629,0.246036366107359,0.290508918440222,0.337258007439921,0.3864373251959,0.438362143873444,0.493239194355613,0.551031564680612,0.611680629156898,0.675122476774685,0.741289074501957,0.810108321844248,0.881504414730731,0.955398235911871,1.03170748843447,1.11034677867429,1.19122787019021,1.27425971823255,1.35934859449092,1.44639827638126,1.53531009871857,1.62598319527813,1.7183143795469,1.81219841599265,1.90752801680169,2.0041942071368,2.1020861456409,2.20109141923399,2.30109617367738,2.40198518111812,2.50364190290471,2.60594866462964,2.70878673561645,2.81203648028341,2.91557752111198,3.01928883833729,3.12304891810013,3.22673592845545,3.33022764313252,3.43340168925388
-3.57524546382342,-3.49544334281912,-3.4145349905917,-3.33261940112935,-3.24979639045801,-3.16616639785018,-3.08183039293936,-2.99688977723087,-2.91144629113284,-2.82560190333827,-2.73945869066931,-2.65311864581053,-2.56668375345347,-2.48025584474432,-2.39393644048743,-2.3078266704978,-2.22202715978489,-2.13663792403152,-2.05175822165524,-1.96748645190341,-1.88392011912093,-1.80115577470415,-1.71928887231846,-1.63841362820005,-1.5586229110306,-1.48000819272557,-1.40265947715464,-1.32666504448847,-1.2521115623124,-1.17908395130853,-1.10766523963806,-1.03793649956321,-0.969976843561385,-0.903863135410812,-0.839669853251063,-0.777469276537164,-0.717331232146185,-0.659322995595582,-0.603509162429044,-0.549951502861496,-0.498708677991026,-0.449836154758808,-0.403385672622676,-0.359404626939853,-0.317935657834643,-0.279013888536326,-0.242663840053564,-0.208891059309485,-0.177660288885626,-0.148828014311249,-0.121544317237657,-0.0938360854183458,-0.0654037613544919,-0.0361798745158434,-0.00607839690117718,0.0250600833258815,0.0573474355839092,0.0909467811888715,0.126386235862987,0.16401407742386,0.203930406929186,0.246144061858652,0.290636080846023,0.337405632992458,0.386606477661948,0.438554025021625,0.493455096445388,0.551272763814233,0.611948375774809,0.675417993342018,0.741613553704226,0.810462924806931,0.881890269398129,0.955816435596854,1.03215909042664,1.11083280288452,1.19174929790624,1.27481749088977,1.35994361249768,1.44703139802708,1.53598213910497,1.62669492535517,1.71906652509754,1.81299165673584,1.90836298549405,2.00507148883418,2.10300627688132,2.20205488734973,2.3021034161641,2.4030365850336,2.50473780429509,2.6070893480323,2.70997243359761,2.81326737304206,2.91685373615513,3.02061045019882,3.12441594812451,3.22814834465854,3.33168536002892,3.43490456779279
-3.57675355367167,-3.49691777098743,-3.41597529045584,-3.33402514782221,-3.2511672012163,-3.16750193227735,-3.08313035322927,-2.99815390835001,-2.91267438096327,-2.82679378277389,-2.74061423366151,-2.65423776933266,-2.5677664174975,-2.48130205225605,-2.3949462372356,-2.30880014490914,-2.22296444273122,-2.13753918857272,-2.05262368271979,-1.96831636592602,-1.88471478366504,-1.80191552805995,-1.72001409303989,-1.6391047345828,-1.5592803605437,-1.48063248142222,-1.40325113905295,-1.32722465084441,-1.25263972093958,-1.1795813058413,-1.10813246873326,-1.0383743160751,-0.970385993715023,-0.904244397853493,-0.840024038046034,-0.777797224236179,-0.717633812754979,-0.659601107497672,-0.603763731255268,-0.55018348029826,-0.498919040468826,-0.450025902104895,-0.403555826488744,-0.359556228969639,-0.318069767658102,-0.279131580598893,-0.242766199143989,-0.208979172556288,-0.177735228545243,-0.148890792103652,-0.121595586375061,-0.0938756668259026,-0.0654313495997003,-0.0361951357061646,-0.00608096085622671,0.0250706540286885,0.0573716255552839,0.0909851438464374,0.126439547391158,0.164083260915633,0.204016427701621,0.246247888956582,0.290758675316107,0.337547955530871,0.386769553822768,0.438739013403468,0.493663242887093,0.551505298577829,0.61220650438234,0.67570289434515,0.741926376944752,0.810804789700309,0.882262263370575,0.956219612687183,1.03259446994444,1.11130136810335,1.19225199486398,1.2753552272035,1.36051725623123,1.44764177663844,1.53663003841553,1.62738108862087,1.71979165202972,1.81375640263655,1.90916796038999,2.00591725676478,2.10389335511108,2.20298374570492,2.30307447642463,2.40405022035333,2.50579433864872,2.60818905573602,2.71111553886339,2.81445404959578,2.91808410692347,3.02188458703825,3.12573387161278,3.22951002396042,3.33309071272984,3.43635345983694
-3.57820810209633,-3.49833985281628,-3.41736445563114,-3.33538098656083,-3.2524893443441,-3.16879005148281,-3.08438416127923,-2.99937315926536,-2.91385887015684,-2.82794334714334,-2.74172875163329,-2.65531716082781,-2.56881064392838,-2.48231111646388,-2.39592018336419,-2.30973905824584,-2.22386844950153,-2.1384084556924,-2.05345841748676,-1.96911681567083,-1.8854812353868,-1.80264830803861,-1.72071356638965,-1.63977130474867,-1.55991446875328,-1.48123460611743,-1.40382179529278,-1.32776438960362,-1.25314912845269,-1.18006100289184,-1.10858310988382,-1.03879658887164,-0.970780617889514,-0.904612124409061,-0.840365648286405,-0.778113528871163,-0.717925650902664,-0.659869345646434,-0.604009262173456,-0.550407221884739,-0.499121934488071,-0.450208912887477,-0.403719939414858,-0.359702448701745,-0.318199116206314,-0.279245094262819,-0.242864924199329,-0.209064157535451,-0.17780750763655,-0.148951341108176,-0.121645035314149,-0.093913842982366,-0.0654579583847496,-0.0362098550813835,-0.0060834337836737,0.0250808494418685,0.0573949567147614,0.0910221445219561,0.126490966210407,0.164149988199215,0.204099394495129,0.24634802990104,0.290876917338319,0.337685225219598,0.386926840322042,0.438917434178399,0.493863999545745,0.551729577704473,0.612455468699606,0.675977680562808,0.742228094081985,0.811134517430181,0.882621050512621,0.956608475858882,1.03301439226703,1.11175329794141,1.19273684466839,1.27587387236839,1.36107053400172,1.44823048509545,1.53725493548158,1.62804289116423,1.72049103492001,1.81449399791075,1.90994435641715,2.00673299755934,2.10474893957319,2.20387962698072,2.30401106131965,2.40502786877343,2.50681336306656,2.60924972072881,2.71221806068295,2.81559859580023,2.91927079607526,3.02311348844273,3.12700500511713,3.23082335982416,3.33444617146433,3.43775091214574
-3.57961160595246,-3.4997120294291,-3.41870487073681,-3.33668924475676,-3.25376508941162,-3.17003296663185,-3.08559396935652,-3.00054962292396,-2.91500179198916,-2.8290525697708,-2.74280415774874,-2.65635867316251,-2.56981822524884,-2.48328476951162,-2.39685995073388,-2.31064502223184,-2.22474073189969,-2.13924721756088,-2.05426385884878,-1.96988917517735,-1.88622078996524,-1.80335537251876,-1.72138849307273,-1.64041448292157,-1.56052632415958,-1.48181560040904,-1.40437242545368,-1.3282851872732,-1.25364065929268,-1.18052386590057,-1.1090179366533,-1.03920404281971,-0.971161393490536,-0.904966946311166,-0.840695270374969,-0.778418733405699,-0.718207247554034,-0.660128170495277,-0.60424617665814,-0.550623111692239,-0.499317708333455,-0.450385501260001,-0.403878293114698,-0.359843537134672,-0.318323925516971,-0.27935462438388,-0.242960184689471,-0.209146160130858,-0.177877250232703,-0.149009765262293,-0.121692748938195,-0.0939506794203285,-0.0654836333858635,-0.0362240579085491,-0.00608581992850662,0.0250906870667081,0.0574174691122444,0.0910578467302078,0.126540580585473,0.164214373817616,0.204179449729211,0.246444656592404,0.290991009885061,0.337817677693638,0.387078607155311,0.439089593620727,0.49405771103708,0.551945986188205,0.612695696094856,0.676242823688712,0.742519223038839,0.811452674002009,0.88296724671266,0.956983692628383,1.03341957822648,1.11218936817439,1.19320467960506,1.27637431668261,1.36160439555712,1.44879853396583,1.53785790299164,1.62868146902513,1.72116587431812,1.81520570870295,1.9106935063248,2.00752011150575,2.10557449895057,2.2047440690329,2.30491477857612,2.40597120850986,2.50779662678999,2.61027316373161,2.713281891628,2.81670297636552,2.92041584066251,3.02429926392517,3.12823153064543,3.23209060670154,3.33575406299165,3.43909932356395
-3.58096641870532,-3.50103660176004,-3.41999878344774,-3.33795211616258,-3.25499657565181,-3.17123276190658,-3.08676180612765,-3.00168527207872,-2.91610506296856,-2.83012331065611,-2.74384225530249,-2.65736405279659,-2.57079085102151,-2.48422464406927,-2.39776711519347,-2.31151955603272,-2.22558275261232,-2.14005688065591,-2.05504135741009,-1.97063473957652,-1.88693468752236,-1.80403790714138,-1.72204000483986,-1.64103534761475,-1.56111695275225,-1.48237643853726,-1.40490395285978,-1.32878791715265,-1.25411513768298,-1.18097067101929,-1.10943767818091,-1.03959736115841,-0.971528959021611,-0.905309458542864,-0.841013457038482,-0.778713349621975,-0.718479074904399,-0.660378016054616,-0.604474871979342,-0.550831511735555,-0.499506690288327,-0.450555963334655,-0.404031153123646,-0.359979730852541,-0.318444404876551,-0.279460354627645,-0.243052140351953,-0.209225317848552,-0.177944573281566,-0.14906616253454,-0.121738807255784,-0.0939862379089663,-0.0655084176561645,-0.0362377680036703,-0.00608812329193214,0.0251001833994274,0.057439200497644,0.0910923103384365,0.126588473712215,0.164276525735852,0.204256727644476,0.246537931059128,0.291101144272407,0.337945535055906,0.38722510881277,0.439255780415991,0.494244702186188,0.55215488691356,0.612927589393365,0.67649876832808,0.742800251994869,0.8117597929166,0.883301432489745,0.95734589217788,1.03381070725884,1.1126103100266,1.19365628416295,1.27685739931615,1.36211973610311,1.44934687578227,1.53843995203171,1.62929789300277,1.72181730182842,1.81589272844529,1.91141666632486,2.00827991847591,2.10637141758233,2.20557852140101,2.30578714359222,2.40688182140174,2.50874577860464,2.61126110090468,2.71430881558331,2.81776904317205,2.9215211607531,3.02544390185304,3.12941550489687,3.23331388957531,3.33701658044952,3.44040095517509
-3.58227476016504,-3.50231574007146,-3.42124831379162,-3.33917166994597,-3.2561858208089,-3.17239140312677,-3.0878895850496,-3.00278196744844,-2.91717049076338,-2.83115732416825,-2.74484474517863,-2.65833494700708,-2.57173011485741,-2.48513228008622,-2.39864316309808,-2.31236409253949,-2.22639589125893,-2.14083877158024,-2.05579218707308,-1.97135473044778,-1.88762409775268,-1.804697030214,-1.72266916916875,-1.64163491609183,-1.56168732225421,-1.48291803941442,-1.4054172483989,-1.32927340294613,-1.25457334103874,-1.18140215032151,-1.10984302219747,-1.03997718832515,-0.971883916725141,-0.905640222297672,-0.841320729613918,-0.778997860237664,-0.718741578332726,-0.660619291687077,-0.604695722845811,-0.551032763470383,-0.499689189992568,-0.450720578407189,-0.40417876989712,-0.360111253003677,-0.318560751685988,-0.279562458229175,-0.243140941852697,-0.209301760385497,-0.178009587089442,-0.149120625329741,-0.12178328573175,-0.0940205767095362,-0.0655323518037545,-0.0362510078302264,-0.00609034764792527,0.025109353999413,0.0574601864770243,0.0911255918139774,0.126634724061734,0.164336545787522,0.204331354857903,0.246628006127945,0.29120750095144,0.338069006795917,0.387366585331917,0.439416266855053,0.49442527937109,0.552356622156583,0.613151528543652,0.67674593383665,0.743071641405531,0.812056377376834,0.883624155394802,0.957695667957816,1.03418842021441,1.11301681319555,1.19409239827925,1.27732391178188,1.36261740000594,1.44987640898236,1.53900203626741,1.62989317308485,1.72244638479057,1.81655618279399,1.912115021288,2.0090136633852,2.10714100118993,2.20638435130412,2.30662958570547,2.4077611994543,2.50966237366035,2.6122151509462,2.71530051512547,2.81879854293051,2.92258856737275,3.02654927767287,3.13055886776907,3.23449521274883,3.3382357924257,3.44165793965397
-3.58353872546188,-3.50355149272875,-3.42245546272073,-3.34034985905585,-3.2573347292967,-3.17351074569818,-3.08897911210638,-3.00384146524103,-2.91819978151078,-2.83215626613871,-2.74581323272786,-2.6592729105485,-2.57263752085937,-2.48600913101765,-2.39948949731883,-2.31317998416208,-2.22718144997008,-2.14159414242547,-2.05651755018897,-1.97205030075823,-1.88829012465256,-1.80533379723223,-1.72327699358021,-1.6422141484799,-1.56223834603435,-1.4834412703404,-1.40591313404378,-1.32974242209285,-1.25501600311007,-1.18181899476243,-1.11023461780611,-1.0403441325613,-0.972226835017443,-0.905959767248589,-0.841617580156365,-0.779272720857682,-0.718995178202428,-0.660852383762649,-0.604909082920065,-0.551227189173905,-0.499865499694543,-0.45087961008617,-0.404321379823236,-0.360238314202852,-0.318673152258815,-0.27966109869345,-0.243226731395186,-0.209375610153985,-0.178072395767071,-0.14917324086263,-0.121826255592301,-0.0940537508109401,-0.065555474155904,-0.0362637985899924,-0.00609249655848854,0.0251182135521291,0.0574804606565664,0.0911577444525712,0.126679405697651,0.164394530086546,0.204403450874788,0.246715026041784,0.291310250237866,0.338188290636811,0.387503263268089,0.43957130993504,0.494599731761498,0.552551514968729,0.613367872153697,0.676984716016248,0.743333825863924,0.81234290232224,0.883935932224512,0.958033580086361,1.03455332194894,1.11340952864059,1.19451372033122,1.27777460113583,1.36309818420643,1.45038798154123,1.53954505579993,1.63046826253116,1.72305413059507,1.81719713418062,1.91278968953438,2.00972252122593,2.10788448215646,2.20716284916881,2.30744345397192,2.40861075087148,2.51054787975899,2.6131368416371,2.71625857832592,2.81979312424423,2.92361976982745,3.02761716149315,3.13166345020161,3.23563646794991,3.33941365132174,3.44287228988967
-3.58476029332861,-3.50474579429791,-3.42362212002204,-3.34148852794268,-3.25844509972697,-3.17459254194727,-3.09003209294834,-3.00486542409617,-2.91919454656145,-2.83312170040727,-2.74674923411367,-2.66017941179915,-2.57351448956795,-2.48685656957029,-2.40030744278867,-2.31396850817566,-2.22794065853488,-2.14232417572171,-2.05721858231088,-1.9727225394205,-1.88893381088454,-1.80594920505237,-1.72386442962098,-1.64277395156499,-1.56277088671826,-1.48394695043118,-1.40639238610146,-1.33019570884048,-1.25544381688273,-1.18222185691041,-1.11061307804821,-1.04069876831664,-0.972558250735762,-0.906268593641997,-0.841904473384192,-0.779538361775263,-0.719240271523113,-0.661077657186073,-0.605115286216471,-0.551415093218801,-0.500035895406407,-0.451033307335074,-0.404459206157276,-0.360361113363879,-0.318781782557693,-0.279756430441733,-0.243309643282614,-0.209446982765539,-0.178133097641192,-0.149224091502618,-0.121867784106587,-0.0940858121471047,-0.0655778209105652,-0.036276160306853,-0.00609457338773308,0.0251267759271712,0.0575000547754199,0.0911888185890487,0.126722588568894,0.164450569407118,0.204473128561166,0.24679912702998,0.291409552985289,0.338303573316975,0.38763535659006,0.43972115237529,0.49476833246195,0.552739870453937,0.613576958908581,0.677215488679447,0.743587215818796,0.812619816306506,0.884237251064289,0.958360157563636,1.03490598371467,1.11378907115621,1.19492090989687,1.27821017293043,1.36356284137036,1.45088239432376,1.54006986072423,1.63102406164199,1.72364149066561,1.81781658601209,1.9134417272545,2.0104076017123,2.10860302439848,2.20791523373048,2.30823002249918,2.4094318056227,2.5114036831569,2.61402761588057,2.71718450502888,2.82075434412639,2.92461638246065,3.02864922508185,3.13273098141398,3.23673944180912,3.34055200107116,3.44404590694274
-3.58594133375026,-3.50590047302452,-3.42475007162308,-3.34258941968915,-3.25951863186291,-3.17563844789565,-3.09105013948628,-3.00585541149759,-2.92015630870899,-2.83405510486777,-2.74765418217384,-2.66105583843778,-2.57436236345328,-2.48767589300929,-2.4010982516245,-2.31473087165856,-2.22867467915536,-2.14302998900929,-2.05789635658394,-1.97337247550244,-1.88955614180821,-1.80654419574521,-1.72443237654246,-1.64331518229778,-1.56328575952313,-1.48443585378556,-1.40685573821451,-1.33063395708368,-1.25585743725719,-1.18261135346976,-1.11097898227351,-1.04104163847017,-0.972878671213713,-0.9065671742316,-0.842181848475656,-0.779795189635469,-0.719477233485431,-0.661295456807554,-0.605314648392545,-0.551596763249965,-0.500200637971161,-0.451181905434776,-0.404592459884804,-0.360479838468614,-0.31888680887468,-0.279848599408562,-0.243389804437108,-0.209515987477876,-0.178191785634679,-0.149273255092239,-0.121907934846762,-0.0941168097977583,-0.065599426276314,-0.0362881119042149,-0.00609658131488433,0.0251350542318855,0.0575189988284054,0.091218861791925,0.126764338780119,0.164504749534641,0.20454049458015,0.246880437834944,0.291505561207086,0.338415031311983,0.387763067507258,0.439866023555708,0.494931339567636,0.552921976948165,0.613779108879839,0.677438605094731,0.743832199161348,0.81288754323159,0.884528573175221,0.958675900316838,1.03524694536883,1.11415602174889,1.19531459030498,1.27863129394217,1.36401208279834,1.45136040418064,1.54057725441553,1.63156142123869,1.72420936413729,1.8184154865498,1.91407213259251,2.01106995357054,2.10929772786573,2.20864265674492,2.30899049537211,2.41022562058459,2.5122310939242,2.61488883728034,2.71807971264974,2.82168367401942,2.92557993089427,3.02964704832947,3.13376309559079,3.23780582276694,3.3416525842681,3.4451805873948
-3.58708361503576,-3.50701725774754,-3.42584100634572,-3.34365418260184,-3.260556933047,-3.17665002952261,-3.09203477598707,-3.00681290970068,-2.92108650794867,-2.83495787705702,-2.74852943183891,-2.66190350269133,-2.57518241199178,-2.488468328064,-2.4018631078623,-2.31546821605703,-2.2293846108415,-2.14371263906485,-2.05855188780346,-1.97400108211875,-1.89015804920652,-1.80711966015865,-1.72498168470132,-1.64383865103422,-1.56378373534057,-1.48490871241248,-1.40730388413537,-1.33105782298821,-1.25625748352519,-1.18298806761296,-1.1113328783309,-1.04137325638312,-0.973188576199814,-0.906855956066212,-0.842450120729707,-0.780043588972977,-0.719706418879911,-0.661506108726868,-0.605507467942657,-0.551772471272256,-0.500359974049075,-0.451325626873296,-0.40472134051953,-0.360594667277833,-0.318988388460086,-0.279937743593625,-0.243467334879693,-0.209582727608077,-0.17824854761794,-0.149320805241516,-0.121946767928391,-0.0941467901740326,-0.065620322601714,-0.0362996712765683,-0.00609852334630462,0.0251430608609368,0.0575373211794446,0.0912479190432886,0.126804718841693,0.164557151590135,0.204605649795292,0.246959080199011,0.291598418651254,0.338522831501953,0.387886587234437,0.440006140384198,0.495088997140412,0.553098107109768,0.613974624735859,0.677654399322426,0.74406914269209,0.813146483950758,0.88481033473839,0.958981281090775,1.03557671741514,1.11451092983419,1.19569535099227,1.27903859469313,1.36444658111562,1.45182272681057,1.5410679965674,1.63208114588117,1.72475860125682,1.81899473249562,1.91468184942072,2.01171056850481,2.10996963270071,2.20934620734388,2.30972601120625,2.41099338429403,2.51303135089897,2.61572179529736,2.71894554153518,2.8225825053595,2.92651185779805,3.03061212522362,3.13476133806163,3.23883720745877,3.34271704875717,3.44627803014243
-3.58818881036058,-3.50809778429592,-3.42689652215468,-3.34468437630987,-3.26156152414814,-3.17762876855909,-3.09298744471335,-3.00773932121684,-2.92198650680524,-2.83583133932554,-2.74937626514535,-2.66272364619006,-2.57597583636313,-2.4892350354668,-2.40260313183791,-2.31618162140849,-2.23007149347752,-2.14437312581138,-2.05918613616966,-1.97460928003139,-1.89074041473332,-1.80767644121371,-1.72551315870581,-1.64434512453382,-1.56426554358894,-1.48536621893947,-1.40773748029321,-1.33146792741869,-1.25664454166114,-1.18335255113828,-1.1116752845955,-1.04169410779832,-0.973488419632532,-0.907135362143818,-0.842709683102581,-0.780283923634836,-0.719928163409659,-0.661709921499905,-0.605694027302439,-0.551942474656915,-0.500514137030313,-0.451464682168995,-0.4048460368415,-0.360705767988939,-0.319086670104293,-0.280023993572343,-0.243542348174372,-0.209647300914856,-0.178303466734031,-0.149366811600319,-0.121984340232874,-0.0941757971901807,-0.0656405404950043,-0.0363108553556957,-0.00610040232661678,0.0251508075421679,0.0575550486665048,0.0912760329052301,0.126843787900981,0.16460785233038,0.204668689643774,0.247035169314892,0.291688261332273,0.338627131789003,0.388006096699165,0.440141708099208,0.495241536111823,0.553268518928321,0.614163792861733,0.677863187450707,0.744298393477992,0.813397017751721,0.885082948468719,0.959276747197001,1.03589578289267,1.11485431526963,1.19606374968425,1.27943267178383,1.36486697276082,1.45227003940831,1.54154280600253,1.63258399684471,1.72529000652837,1.81955517230968,1.91527177083197,2.01233038486645,2.11061972308717,2.21002691606475,2.31043764736062,2.41173622134564,2.51380562627088,2.61652771002069,2.71978325992243,2.82345215472472,2.92741352822738,3.03154586937669,3.13572717101872,3.23983510662246,3.34374695373038,3.44733984268311
-3.58925850382494,-3.50914360141161,-3.42791813194351,-3.34568147741207,-3.26253384506836,-3.17857606785285,-3.0939095111457,-3.00863597389162,-2.92285759526644,-2.83667674362561,-2.75019589587755,-2.6635174444633,-2.57674377379958,-2.48997711415592,-2.40331938424363,-2.31687211025221,-2.23073631158708,-2.14501239593875,-2.05980001076439,-1.97519794098352,-1.89130407310565,-1.80821533695668,-1.72602756032905,-1.64483532873595,-1.56473187485437,-1.48580902912048,-1.40815714817074,-1.33186485818662,-1.25701916644381,-1.18370532646781,-1.11200669184558,-1.04200465259902,-0.973778631283911,-0.907405792943162,-0.842960907630614,-0.780516538097892,-0.720142784905882,-0.661907187255902,-0.605874593871439,-0.552107017073452,-0.500663347879992,-0.451599270632823,-0.404966727580636,-0.360813299844973,-0.319181794676498,-0.280107472968669,-0.243614951839315,-0.209709799952522,-0.178356621699703,-0.149411340110552,-0.122020705613404,-0.0942038724225835,-0.0656601089349265,-0.0363216801719783,-0.0061022209490036,0.0251583053790636,0.057572206698775,0.0913032436739527,0.126881601956508,0.164656924425837,0.204729704481968,0.247108814242751,0.291775218023593,0.338728081668977,0.388121767196931,0.440272921012862,0.495389175119262,0.553433456658752,0.614346884396209,0.678065268740091,0.744520280109136,0.813639503729971,0.885346805109336,0.959562722133446,1.03620459912484,1.11518667023694,1.19642031441471,1.27981409005345,1.36527386029034,1.45270298311661,1.54200236327551,1.63307069487643,1.72580434162657,1.82009760928241,1.91584274237334,2.01293029105161,2.11124893081365,2.210685758582,2.31112642383862,2.41245519646376,2.51455502982549,2.61730773658525,2.72059406853129,2.82429386860225,2.92828623456592,3.03244961914427,3.13666197881122,3.24080095056834,3.3447437753727,3.44836754693561
-3.59029419606818,-3.51015617623856,-3.42890726889642,-3.3466468847102,-3.26347525984609,-3.17949325634025,-3.09480226882212,-3.00950412561085,-2.92370099535486,-2.83749527594832,-2.75098947386969,-2.66428601110569,-2.5774873016164,-2.49069560517022,-2.40401286988743,-2.31754065125326,-2.23137999782259,-2.14563134625892,-2.060394372773,-1.97576789078908,-1.89184981506211,-1.80873710338742,-1.7265256112089,-1.64530995133267,-1.56518338333831,-1.48623776415997,-1.40856347650682,-1.33224917213369,-1.25738188342251,-1.18404688849897,-1.11232756500196,-1.04230532643874,-0.974059618282751,-0.907667627843106,-0.843204146748792,-0.780741758689655,-0.720350584454328,-0.662098182732783,-0.606049420960816,-0.552266329353246,-0.500807815921321,-0.4517295810747,-0.405083582050182,-0.360917413698992,-0.319273895623971,-0.28018829889322,-0.243685247727919,-0.209770312399009,-0.178408087084385,-0.149454453239863,-0.122055915085829,-0.0942310552571013,-0.0656790553734294,-0.0363321609112105,-0.00610398176475337,0.0251655648901037,0.057588819346719,0.0913295895225882,0.126918214056421,0.164704436718207,0.20478877990567,0.247180118296743,0.291859410714021,0.338825822761288,0.388233760998238,0.44039996319963,0.495532121280845,0.553593151687014,0.614524156192639,0.678260926684063,0.7447351138633,0.813874282061458,0.885602274816421,0.959839607085353,1.03650359934023,1.11550846098645,1.19676554539709,1.28018338458167,1.36566781451389,1.4531221652986,1.54244731308478,1.63354192274969,1.72630232809593,1.82062280438158,1.91639556504281,2.01351112864979,2.11185813857588,2.21132365916507,2.31179330690312,2.41315131827596,2.51528061287748,2.61806296926578,2.72137910481964,2.825108827806,2.92913120110591,3.03332464236848,3.13756707285157,3.24173609424852,3.34570891209386,3.44936258463389
-3.59129730947568,-3.51113689941346,-3.42986529146133,-3.34758192406266,-3.26438706138921,-3.18038159365756,-3.09566694382642,-3.01034496866535,-2.92451786536823,-2.83828806043883,-2.75175808899548,-2.66503040164117,-2.57820744095003,-2.49139149526142,-2.4046845411795,-2.31818816256368,-2.2320034362014,-2.14623082681774,-2.06097003847258,-1.97631991219822,-1.89237839010661,-1.80924245708268,-1.72700799535193,-1.64576964415491,-1.56562068912755,-1.48665301286844,-1.40895702333932,-1.33262139706394,-1.25773319074072,-1.18437770632171,-1.11263834474118,-1.04259654225298,-0.974331766527279,-0.907921226439019,-0.843439734513658,-0.780959894720624,-0.720551847440006,-0.662283170237401,-0.6062187486723,-0.552420630290504,-0.500947739561919,-0.451855792458669,-0.405196760734189,-0.361018252537513,-0.319363099435101,-0.280266582349643,-0.243753332382228,-0.209828921360105,-0.178457933568931,-0.149496210198393,-0.122090017005672,-0.0942573830257378,-0.0656974058309237,-0.036342311967292,-0.00610568719211196,0.0251725960452598,0.0576049094255967,0.0913551066336516,0.126953674482565,0.164750454459295,0.204845997047111,0.24724917940349,0.291940955031005,0.338920489300312,0.38834223191166,0.440523009135039,0.495670570914095,0.553747823332966,0.614695851710233,0.678450429992756,0.744943189786039,0.81410167518296,0.885849708443601,0.960107782317336,1.03679319417581,1.1158201294549,1.19709991676018,1.28054106254537,1.36604937647514,1.45352816164517,1.54287826650966,1.63399832763323,1.72678464985458,1.82113147889273,1.91693099806874,2.0140736953641,2.1124481830396,2.21194149388548,2.3124392124292,2.41382554281286,2.51598337191855,2.61879444527379,2.7221394469303,2.82589815157392,2.9299495882964,3.03417214077722,3.13844369616594,3.24264182195832,3.34664368938063,3.45032632232975
-3.59226919301191,-3.51208708979091,-3.43079348796556,-3.34848785288945,-3.26527047586801,-3.18124227442093,-3.09650469895419,-3.01115963380201,-2.92530930381508,-2.839056163216,-2.75250277487134,-2.6657516171095,-2.57890516022776,-2.49206572024697,-2.40533530136837,-2.31881551494221,-2.23260746510949,-2.14681164378326,-2.06152778200548,-1.976854747557,-1.89289050905506,-1.8097320776308,-1.72747536145755,-1.64621502538731,-1.56604438030114,-1.48705533366308,-1.40933831790121,-1.33298203353712,-1.25807356082867,-1.18469822481246,-1.11293944899289,-1.04287869166224,-0.974595441996371,-0.908166929764625,-0.843667987738368,-0.78117123953525,-0.720746844516881,-0.662462398536819,-0.606382804714009,-0.552570127385674,-0.501083306967968,-0.451978074510975,-0.405306415832823,-0.361115951966351,-0.319449526069176,-0.280342428611779,-0.243819297360961,-0.209885705651832,-0.178506228185779,-0.149536667139966,-0.122123057232432,-0.0942828911334876,-0.0657151849846942,-0.0363521469911361,-0.00610733952449996,0.0251794082998721,0.0576204985729862,0.0913798293219834,0.126988030921329,0.164795039532732,0.204901432850621,0.247316090434826,0.292019960633521,0.339012208591493,0.388447325806455,0.440642224288511,0.495804710202981,0.553897679595577,0.614862201841283,0.678634033505984,0.745144787693201,0.814321988887661,0.886089438734087,0.960367608465449,1.03707377307226,1.11612209476709,1.1974238781591,1.28088760494187,1.36641905929009,1.45392151813115,1.54329580308667,1.63444052329013,1.72725195551802,1.82162431686997,1.91744976148947,2.01461874772168,2.11301985768343,2.21254009359355,2.31306500901619,2.41447877675654,2.51666425200336,2.61950314828188,2.72287611735434,2.82666290137099,2.93074249668618,3.03499325406738,3.13929302761774,3.24351935170011,3.34754936430061,3.45126005603608
-3.59321112670979,-3.51300799883252,-3.43169308090338,-3.34936586435688,-3.26612666679599,-3.1820764322021,-3.09731663758264,-3.01194919398706,-2.92607635307057,-2.8398005959204,-2.75322451229631,-2.66645060739764,-2.57958137839058,-2.49271916812436,-2.40596600754693,-2.31942353465213,-2.23319288009165,-2.14737456212863,-2.06206833795567,-1.97737310127786,-1.89338684640091,-1.81020660989341,-1.72792832507686,-1.64664668162548,-1.5664550148875,-1.48744525642613,-1.40970786238187,-1.33333155653459,-1.25840344197556,-1.18500886611461,-1.11323127433069,-1.04315214627538,-0.974850991967516,-0.908405061426949,-0.84388920704705,-0.781376071488202,-0.720935832508597,-0.662636103686192,-0.606541805158266,-0.552715017536011,-0.50121469669043,-0.452096588284918,-0.405412691768876,-0.361210640661915,-0.319533289355614,-0.280415937574017,-0.243883229544224,-0.209940740062739,-0.178553034542033,-0.149575877348968,-0.122155079282205,-0.0943076131761633,-0.0657324162510258,-0.0363616789360994,-0.00610894093814504,0.0251860106261167,0.0576356073207939,0.0914037901489482,0.127021328622343,0.164838250659916,0.204955160328707,0.247380939516866,0.292096531577009,0.339101101435015,0.388549181098019,0.440757765674043,0.495934715817542,0.554042917845151,0.615023425679573,0.678811979041338,0.745340173102149,0.814535513342829,0.886321781428031,0.960619427737381,1.03734570556995,1.11641475463068,1.19773785627179,1.28122346818972,1.3667773498547,1.45430275283223,1.54370047273826,1.6348690921204,1.72770486055777,1.82210196741249,1.91795253854968,2.01514700359141,2.11357391543949,2.21312024668345,2.31367152087828,2.41511188045798,2.51732414989459,2.62019001169731,2.72359008633391,2.82740408442167,2.93151097058641,3.03578906369779,3.14011618583094,3.2443698392368,3.34842712968569,3.45216501554002
-3.59412432584382,-3.51390081468698,-3.43256523092162,-3.35021709126757,-3.26695673882308,-3.18288514322403,-3.09810380726778,-3.01271466790403,-2.92682000277482,-2.84052231901252,-2.7539242324496,-2.66712827433669,-2.58023696788917,-2.49335268196628,-2.40657747344668,-2.32001300615508,-2.23376043644508,-2.14792030812613,-2.06259240374366,-1.97787564213618,-1.89386804251423,-1.81066666610782,-1.72836747061951,-1.64706516978849,-1.56685312268374,-1.48782328423251,-1.41006613356432,-1.33367041700781,-1.25872325979114,-1.1853100310148,-1.11351419726503,-1.04341725890112,-0.975098746149019,-0.908635928661348,-0.84410367785489,-0.781574654851846,-0.721119055245786,-0.662804509798363,-0.60669595514603,-0.552855487677502,-0.501342078247158,-0.452211486685919,-0.405515725658617,-0.361302440790719,-0.319614497365064,-0.280487204076966,-0.243945211416752,-0.209994095597735,-0.17859841302684,-0.149613891414061,-0.122186124469555,-0.094331581049925,-0.0657491218615454,-0.0363709201002128,-0.00611049349917692,0.0251924115422561,0.0576502551621921,0.0914270200285928,0.127053610546007,0.164880143591461,0.205007248800084,0.247443810317322,0.292170766652623,0.339187282519637,0.388647929199144,0.440869782362107,0.49606075548987,0.554183725466787,0.615179731234668,0.678984496182571,0.745529598097404,0.814742524035824,0.886547036291919,0.960863565028121,1.03760934251379,1.11669848663283,1.19804225619001,1.28154908561669,1.36712471043226,1.45467235761405,1.5440927975656,1.63528458705975,1.72814394930788,1.8225650467808,1.91843997792787,2.01565914452433,2.11411107114819,2.21368270166354,2.3142595305317,2.41572567074194,2.51796391698666,2.62085592170518,2.72428227502546,2.82812265699377,2.9322560014753,3.03656059641499,3.14091423283694,3.24519438185986,3.34927811802101,3.45304236841229
-3.59500994481228,-3.51476666598556,-3.43341104052735,-3.35104260967915,-3.26776174126449,-3.18366942979892,-3.09886720309085,-3.01345702320801,-2.92754119299439,-2.84122224484089,-2.7546028198653,-2.66778547458268,-2.58087275747092,-2.4939670626137,-2.40717047203724,-2.320584674617,-2.23431085163225,-2.14844957166716,-2.06310064185435,-1.97836300540665,-1.89433470568727,-1.81111282784283,-1.72879335322058,-1.64747101889787,-1.56723920694807,-1.48818989495678,-1.41041358434829,-1.33399904331895,-1.25903341856526,-1.18560210022326,-1.11378857544601,-1.04367436467508,-0.975339017733253,-0.908859823312976,-0.844311671279904,-0.781767240660475,-0.721296744344978,-0.662967829759789,-0.606845449542231,-0.552991715382032,-0.501465612664427,-0.452322914959972,-0.405615647749811,-0.361391468399646,-0.319693252754638,-0.280556318210429,-0.24400532133141,-0.210045839704913,-0.178642421004298,-0.149650757389795,-0.122216232039495,-0.0943548250531727,-0.065765322934241,-0.0363798821654673,-0.00611199917022745,0.0251986191398516,0.0576644606138903,0.0914495483263994,0.127084917500722,0.164920771285288,0.205057764111116,0.247504782312772,0.292242759702812,0.339270860789064,0.388743694939821,0.440978415955851,0.496182988549926,0.554320280458987,0.615331316096404,0.679151803012996,0.745713302135931,0.814943282654136,0.886765488076161,0.96110032895784,1.03786501717395,1.1169736494464,1.19833746271347,1.28186486884407,1.36746158013015,1.45503079970341,1.54447327351651,1.63568753334592,1.72856977683163,1.82301414036531,1.91891269580857,2.01615581793084,2.11463200384174,2.21422816954751,2.31482978129443,2.41632092351637,2.51858436202546,2.62150172009929,2.72495355844236,2.82881952745319,2.93297853116539,3.03730882753313,3.14168817746732,3.24599402189464,3.3501034050626,3.45389322373701
-3.59586908075134,-3.51560662537552,-3.43423155753948,-3.35184344227307,-3.26854267138577,-3.18443026352879,-3.09960777077367,-3.01417717955505,-2.92824081716528,-2.84190124049844,-2.75526111520153,-2.66842302229857,-2.58148953477449,-2.49456307118313,-2.4077457379463,-2.32113924824105,-2.23484480752699,-2.14896300842217,-2.06359368191113,-1.97883579485217,-1.89478741403892,-1.8115456478194,-1.72920650047852,-1.64786473173389,-1.56761374597534,-1.48854554276932,-1.4107506451681,-1.33431784258192,-1.25933430253358,-1.18588543556568,-1.11405474878305,-1.043923782109,-0.975572104377176,-0.909077022750465,-0.844513444991715,-0.781954067496211,-0.721469119933725,-0.663126265897026,-0.606990473545825,-0.553123869413308,-0.501585452981047,-0.452431011148375,-0.405712581829487,-0.361477833779251,-0.319769653089305,-0.280623365595445,-0.24406363375449,-0.210096036486705,-0.178685112993049,-0.149686520947047,-0.122245439290349,-0.0943773739814013,-0.0657810395395756,-0.0363885762343869,-0.00611345981657537,0.0252046411090951,0.0576782412741055,0.0914714029512221,0.127115288270654,0.164960184072425,0.205106768841961,0.247563931037487,0.292312599915119,0.339351939783018,0.388836596958044,0.441083801034422,0.496301566424356,0.554452751990917,0.615478368053478,0.679314106798242,0.7458915127968,0.815138037904655,0.886977407406572,0.961330012838087,1.03811304628926,1.11724058395283,1.19862384155445,1.28217120907532,1.36778837627447,1.45537852315109,1.54484237193809,1.63607843016304,1.72898287065925,1.82344980451908,1.91937127781146,2.01663763910756,2.11513735887004,2.2147573260803,2.31538297961333,2.4168983762015,2.51918625364027,2.62212820691758,2.72560476819428,2.82949555910775,2.93367945475205,3.03803468398744,3.14243897851211,3.24676974996354,3.35090401320528,3.45471863558392
-3.59670277690185,-3.51642171281183,-3.43502777830425,-3.35262056149299,-3.26930047746318,-3.18516856828702,-3.10032640958076,-3.01487601142439,-2.92891972483468,-2.84256013048336,-2.75589991782027,-2.66904169165268,-2.58208804874689,-2.49514143140231,-2.40830396971394,-2.32167740044087,-2.23536295250702,-2.14946124185267,-2.064072122608,-1.97929458457661,-1.89522671728875,-1.81196565160685,-1.72960741407424,-1.64824678637842,-1.56797719456487,-1.48889065952997,-1.41107772531363,-1.33462720191174,-1.25962627705676,-1.18616038109356,-1.11431304048797,-1.04416581406819,-0.975798289115749,-0.909287790717087,-0.844709244002285,-0.782135362221163,-0.721636391326121,-0.663280010597618,-0.607131203258124,-0.553252110244755,-0.501701744718015,-0.452535906511332,-0.405806645603805,-0.361561641802222,-0.319843791141289,-0.280688427647035,-0.24412021949423,-0.210144746896602,-0.178726540833583,-0.149721225513174,-0.122273781688213,-0.0943992552155669,-0.0657962907620784,-0.0363970128640997,-0.00611487721187007,0.0252104847624083,0.0576916138765666,0.0914926104409306,0.127144759734749,0.164998429811455,0.205154322498612,0.247621328315219,0.29238037209587,0.339430617954975,0.388926748063879,0.44118606556595,0.496416633101183,0.554581300921537,0.615621065669729,0.679471604622305,0.746064446479579,0.815327026276891,0.887183051614842,0.961552895571882,1.03835373103919,1.11749961428823,1.19890174046017,1.28246847829656,1.36810549569078,1.45571595019447,1.54520054102315,1.63645775217354,1.72938373240678,1.82387256826508,1.91981628078843,2.01710519312551,2.11562774988103,2.21527081381181,2.31591979723203,2.4174587299928,2.51977032270256,2.62273614289722,2.72623669503924,2.83015157285646,2.93435962336035,3.03873904717873,3.1431675476621,3.24752250802603,3.35168091462017,3.45551960624301
-3.59751202574813,-3.51721289862579,-3.43580065069292,-3.35337489247047,-3.27003606163669,-3.18588522299801,-3.10102397502491,-3.01555435074939,-2.92957872421694,-2.84319969917967,-2.75651998819229,-2.66964221914789,-2.58266901189677,-2.49570283178758,-2.40884583189435,-2.32219977186667,-2.2358659034047,-2.14994486508705,-2.06453653351083,-1.97973992075209,-1.89565313841096,-1.81237333920408,-1.72999657128048,-1.64861763765332,-1.56832998538869,-1.48922565608742,-1.41139521416162,-1.33492748958919,-1.25990968971959,-1.18642726411933,-1.11456375804744,-1.04440074868269,-0.976017841213502,-0.90949237812428,-0.844899301403062,-0.782311340659963,-0.721798757652541,-0.663429246888918,-0.607267806212621,-0.553376590542318,-0.501814626316321,-0.452637725922876,-0.405897951052194,-0.361642992238896,-0.319915755169184,-0.280751581819155,-0.244175145913851,-0.210192028922536,-0.178766753844204,-0.149754912402674,-0.122301292973659,-0.0944204948044656,-0.0658110947577631,-0.0364052020980995,-0.00611625304346801,0.0252161570564436,0.0577045943408599,0.0915131960422533,0.12717336697769,0.165035554032511,0.205200481691932,0.247677042475293,0.292446156925329,0.339506988968375,0.389014255578866,0.44128533129256,0.496528325563009,0.554706080283573,0.615759578821367,0.67962448398049,0.746232309055391,0.815510472754478,0.887382665512762,0.961769242492836,1.03858735795,1.1177510488186,1.19917149025893,1.28275703039575,1.36841331589797,1.45604348252791,1.54554820715868,1.63682595094615,1.72977283928522,1.82428293488783,1.92024823449899,2.01755903659037,2.116103760667,2.21576924403012,2.31644087321196,2.41800265197066,2.52033726452484,2.62332625176342,2.72685009126266,2.83078834965932,2.93501984670575,3.03942275562522,3.14387475225179,3.2482531922126,3.35243503417952,3.4562970892401
-3.59829777194589,-3.51798110638771,-3.4365510768981,-3.35410731575427,-3.27075028257148,-3.18658106423011,-3.10170128139111,-3.01621298937194,-2.93021858457797,-2.84382069317139,-2.75712205014074,-2.67022530579446,-2.58323310239644,-2.49624792767518,-2.40937195701634,-2.32270697229523,-2.23635424732676,-2.15041444267041,-2.0649874567377,-1.9801723232303,-1.89606717517724,-1.81276918651467,-1.73037442636986,-1.64897771846225,-1.56867253026805,-1.48955092349126,-1.41170348232449,-1.33521905614734,-1.26018487135655,-1.186686396182,-1.11480719413016,-1.04462886019735,-0.976231016958905,-0.909691023791869,-0.845083839052644,-0.782482208236496,-0.721956408447123,-0.663574148978056,-0.607400441869247,-0.553497455614857,-0.501924229545383,-0.452736588239266,-0.40598660475771,-0.361721980051603,-0.319985629178341,-0.280812901833195,-0.244228477130291,-0.21023793775796,-0.178805798966532,-0.149787620939066,-0.122328005261276,-0.0944411175415831,-0.0658254688076916,-0.0364131534958774,-0.00611758891741062,0.0252216646126067,0.0577171978193953,0.0915331837852605,0.127201143393403,0.165071600071593,0.20524530030466,0.247731138554196,0.292510031195716,0.339581141972948,0.389099221652644,0.441381714089536,0.496636774191145,0.554827235734991,0.615894069198142,0.679772923332569,0.746395296474278,0.815688591478924,0.887576482114457,0.961979306147942,1.03881419974003,1.11799518104953,1.19943340583619,1.28303720220674,1.36871219622199,1.45636150248781,1.54588577618376,1.63718345628822,1.73015064550845,1.82468138341823,1.92066764317316,2.01799969928459,2.11656594688684,2.21625319856485,2.3169468158177,2.41853077706833,2.52088774091199,2.62389922236451,2.72744567289679,2.83140663284128,2.93566089548291,3.04008660743628,3.1445614178182,3.24896265546856,3.35316725218533,3.45705199214989
-3.59906091505566,-3.51872721557928,-3.43727991604425,-3.35481866985826,-3.27144395794248,-3.18725688861625,-3.1023591040927,-3.01685268133361,-2.93084003846107,-2.84442382340267,-2.75770679293545,-2.67079161913838,-2.58378096604418,-2.49677734311742,-2.40988294741357,-2.32319958239429,-2.2368285433531,-2.15087051219802,-2.06542540852747,-1.98059228704663,-1.89646930159703,-1.8131536467239,-1.73074141192928,-1.64932744104324,-1.56900522136501,-1.48986683412344,-1.41200288272263,-1.33550223538577,-1.26045213700897,-1.18693807394857,-1.11504362743358,-1.04485040976535,-0.976438060405931,-0.909883955139083,-0.845263068218716,-0.782648160568287,-0.722109524196173,-0.663714882755999,-0.607529262075761,-0.553614843834592,-0.502030679884314,-0.452832606642897,-0.406072708215432,-0.361798695669437,-0.320053493163927,-0.280872457891296,-0.244280274199723,-0.210282525961544,-0.178843720901323,-0.149819388568677,-0.122353949132591,-0.0944611470368328,-0.0658394293679764,-0.0364208761605807,-0.00611888636307147,0.0252270137362162,0.0577294387412484,0.0915525965528933,0.127228120781681,0.165106609195961,0.205288829647329,0.247783678483753,0.292572068033408,0.339653161862664,0.389181743558512,0.441475324300594,0.49674210314286,0.55494490598045,0.616024690771187,0.679917092619138,0.746553595332172,0.815861586369217,0.887764723310612,0.9621833270283,1.0390345161088,1.1182322904755,1.19968778704567,1.28330931448384,1.36900247883561,1.45667037415892,1.54621363456384,1.63753067748926,1.73051758360742,1.82506837001954,1.92107498697041,2.01842768570029,2.11701483767385,2.21672323147073,2.31743820427697,2.41904370990915,2.5214223820762,2.62445571066513,2.72802412179248,2.83200713024304,2.93628350359568,3.04073136262182,3.14522833048951,3.249651710022,3.35387840691642,3.45778517922197
-3.59980231209591,-3.51945206408966,-3.43798798662611,-3.35550975364125,-3.27211786675508,-3.18791345511498,-3.10299818187211,-3.01747414501584,-2.93144378376609,-2.84500976719569,-2.75827487324928,-2.67134179515604,-2.58431321809717,-2.49729167265394,-2.41037937693414,-2.32367815537067,-2.23728932412362,-2.15131358584121,-2.06585088070505,-1.98100028382529,-1.89685996926294,-1.81352715158501,-1.73109794008774,-1.64966719813879,-1.56932843229551,-1.49017374275524,-1.41229375158615,-1.33577734531804,-1.26071178681924,-1.18718258005607,-1.11527332347503,-1.04506564618941,-0.976639204066751,-0.910071388830046,-0.845437190177693,-0.782809384021709,-0.722258276850437,-0.663851606268398,-0.607654411498734,-0.553728887029843,-0.50213409687807,-0.45292588896354,-0.406156358120532,-0.36187322524492,-0.320119423337979,-0.280930316875592,-0.244330595290851,-0.210325843606353,-0.178880562235347,-0.149850250966919,-0.122379153722869,-0.0944806057835682,-0.0658529921164869,-0.0364283787648505,-0.00612014683749698,0.0252322104343994,0.0577413308531154,0.0915714561459131,0.127254329438442,0.165140620721265,0.20533111860389,0.247834721266908,0.292632337106485,0.339723129516688,0.389261913969517,0.441566267051079,0.496844430703779,0.55505922316499,0.616151590230028,0.680057153743965,0.746707383400512,0.816029651700608,0.887947600498254,0.962381534251704,1.03924855447412,1.11846264337311,1.19993491956038,1.28357367281229,1.36928448972952,1.45697044440766,1.54653215048767,1.63786800448268,1.73087406565784,1.82544432928217,1.92147072334249,2.01884347647112,2.11745093713753,2.21717987060012,2.31791559042468,2.41954202652259,2.52194178842564,2.62499634160806,2.72858608755448,2.83259051623007,2.93688837024014,3.0413577452493,3.1458762392163,3.25032112968911,3.35456929700773,3.45849747383387
-3.60052277992964,-3.52015645054889,-3.43867606878795,-3.35618132853167,-3.27277275151452,-3.18855148712397,-3.10361921885813,-3.01807806514036,-2.93203048569289,-2.8455791701368,-2.75882691698682,-2.67187644002524,-2.58483044498479,-2.49779148296729,-2.41086179253856,-2.32414321851074,-2.23773709732143,-2.15174415177358,-2.06626434205092,-1.98139676309259,-1.89723960860823,-1.81389011262148,-1.731444403664,-1.64999736408947,-1.56964251916973,-1.49047198753515,-1.4125764093911,-1.33604468905719,-1.26096410686664,-1.18742018389859,-1.11549653533105,-1.0452748066146,-0.976834669559212,-0.910253531377109,-0.845606396775211,-0.782966056230968,-0.722402830303933,-0.663984470155695,-0.607776028026409,-0.553839710852132,-0.502234594470342,-0.453016537978617,-0.406237646637546,-0.361945650893907,-0.320183492341628,-0.280986542534471,-0.244379495846894,-0.210367938419285,-0.178916363559974,-0.149880242137638,-0.122403646802247,-0.0944995152212197,-0.0658661719965084,-0.0364356695749727,-0.00612137172946375,0.0252372604328203,0.0577528872575925,0.0915897833436092,0.127279798240091,0.165173672121025,0.205372213767844,0.247884323142031,0.292690904818741,0.339791122024601,0.389339821216526,0.4416546425407,0.496943869617268,0.555170313242009,0.616274907391076,0.680193261024835,0.746856830121279,0.816192972645608,0.888125315169432,0.962574146200664,1.03945655066109,1.11868649354263,1.20017507566818,1.28383056845913,1.36955853962019,1.4572620438481,1.54684167489252,1.6381958089316,1.73122048442766,1.82580967543384,1.92185528830734,2.01924752971072,2.11787472576742,2.21762361907291,2.31837950023956,2.42002627594834,2.52244653223643,2.62552171085443,2.72913218935041,2.83315743357056,2.93747616185161,3.04196644546013,3.1465058578572,3.25097165202901,3.35524068367427,3.45918966078385
-3.6012230974965,-3.52084113651009,-3.43934490645538,-3.35683412060815,-3.27340932025475,-3.18917167445667,-3.10422288648992,-3.01866509464034,-2.932600778559,-2.8461326478406,-2.75936352099462,-2.67239613178162,-2.58533320591108,-2.49827731443144,-2.41133071579436,-2.32459527462128,-2.23817234706016,-2.15216267550499,-2.06666623958218,-1.98178215350529,-1.89760863008307,-1.8142429222516,-1.73178117723996,-1.65031829585687,-1.56994782156526,-1.49076189091296,-1.41285116173526,-1.33630455564408,-1.26120936994903,-1.18765114236348,-1.11571350432894,-1.04547811717643,-0.977024668212411,-0.910430579705164,-0.84577087095035,-0.783118346583492,-0.722543340841799,-0.66411361806476,-0.607894243145478,-0.553947435119534,-0.502332281314917,-0.453104651694045,-0.40631666165221,-0.362016050919975,-0.320245769443596,-0.281041195656757,-0.244427028737082,-0.210408855911489,-0.178951163582098,-0.149909394506033,-0.122427454851617,-0.0945178957938791,-0.0658789832575752,-0.0364427564734658,-0.00612256236327374,0.0252421691913259,0.0577641204489803,0.0916075979605803,0.12730455472243,0.165205799129028,0.205412159569561,0.247932537736593,0.292747834491134,0.339857212897055,0.38941554952959,0.441740546317334,0.497040527392515,0.555278296317446,0.61639477557968,0.68032556161524,0.747002097070005,0.816351725779979,0.888298059461802,0.962761371119152,1.03965872954646,1.11890408300147,1.20040851501578,1.28408027916919,1.36982492479889,1.45754548774533,1.54714254242324,1.63851444524445,1.73155721445034,1.82616480347152,1.92222909764049,2.01964028226453,2.11828666174603,2.21805495665138,2.31883043528147,2.42049698173661,2.52293715921644,2.62603238641147,2.72966301760267,2.83370849519179,2.93804751392577,3.04255812135548,3.14711786712951,3.2516039803592,3.35589329279117,3.45986248843544
-3.60190400790176,-3.52150684849189,-3.43999520933047,-3.35746882254679,-3.27402824843735,-3.18977467519241,-3.10480982531778,-3.01923585641135,-2.93315526750083,-2.84667078760096,-2.7598852546619,-2.67290142186887,-2.58582203435445,-2.49874968256098,-2.4117866442749,-2.32503480337795,-2.23859553518226,-2.15256960112995,-2.06705699975133,-1.98215686400024,-1.89796742525525,-1.81458595484081,-1.73210861816525,-1.65063033398092,-1.57024466343772,-1.49104376050443,-1.4131183001577,-1.33655722082253,-1.26144783631447,-1.18787570052018,-1.115924460694,-1.04567579360724,-0.977209401633467,-0.910602721679769,-0.84593078722627,-0.783266416674211,-0.722679957559429,-0.664239187034129,-0.60800918229372,-0.55405217413801,-0.50242726106707,-0.453190323607076,-0.406393487007169,-0.362084500024424,-0.320306320725966,-0.281094334234748,-0.244473244398453,-0.210448639500418,-0.178984999227938,-0.14993773900561,-0.122450603133643,-0.0945357670051282,-0.0658914394936856,-0.0364496469802207,-0.00612372000230559,0.0252469419185878,0.0577750423467912,0.0916249188998735,0.127328625154503,0.165237035835167,0.205450998395436,0.247979416210983,0.292803186531601,0.339921472262915,0.389489179263841,0.441824069533273,0.497134506592853,0.555383286971884,0.616511321987687,0.680454195899019,0.747143338389102,0.81650607955629,0.888466016673918,0.962943407671077,1.03985530566177,1.11911564263329,1.20063548530513,1.2843230699099,1.37008392792628,1.45782107686099,1.54743507232962,1.63882425152547,1.7318846130293,1.8265100902207,1.92259254799012,2.02002215088135,2.11868718217763,2.21847434102679,2.31926887403649,2.42095464335217,2.52341418996878,2.62652891015578,2.73017913557182,2.83424428582393,2.93860303272292,3.04313340076121,3.14771291643479,3.25221878564177,3.3565278168404,3.46051667072445
-3.60256622037263,-3.52215427989102,-3.44062765475999,-3.35808609544468,-3.27463018072965,-3.19036111740868,-3.10538064668933,-3.01979094495126,-2.93369453006666,-2.84719414993707,-2.7603926614195,-2.67339283659039,-2.58629743947209,-2.49920907936827,-2.4122300528692,-2.32546226258803,-2.23900710247484,-2.15296535249678,-2.06743702956896,-1.9825212848709,-1.89831636784105,-1.81491956768727,-1.73242706749798,-1.65093380347638,-1.57053335397366,-1.49131788990118,-1.41337810290623,-1.3368029477652,-1.26167975434636,-1.1880940922655,-1.11612962415554,-1.04586804180417,-0.977389062238247,-0.910770136601708,-0.846086312169623,-0.783410420730954,-0.722812822754975,-0.664361307854766,-0.608120965190222,-0.554154037002324,-0.502519632656445,-0.453273642952431,-0.406468202722688,-0.362151069502928,-0.320365209258149,-0.281146013616879,-0.244518190968623,-0.210487330624126,-0.179017905740251,-0.149965305159624,-0.122473115759266,-0.0945531474693818,-0.0659035536790889,-0.0364563482722975,-0.0061248458523407,0.0252515835858153,0.0577856643271279,0.0916417642027482,0.127352034607751,0.165267414775178,0.205488770699471,0.248025007393195,0.29285701859409,0.33998396705388,0.389560787111028,0.441905299185184,0.497225905105764,0.555485394562186,0.616624668008281,0.680579297859925,0.747280701193643,0.816656194747378,0.888629361747774,0.963120445463286,1.04004648375808,1.11932139279578,1.20085622294544,1.28455919356885,1.37033581877657,1.45808909824504,1.54771956930692,1.63912555046474,1.73220302117853,1.82684589532746,1.92294601792128,2.02039353331043,2.11907670423898,2.2188822090243,2.3196952731766,2.42139973748925,2.52387812136232,2.62701179925988,2.73068108083947,2.83476536353934,2.93914329686404,3.0436928828807,3.14829162556846,3.25281670824968,3.35714491673376,3.46115288903843
-3.60321041209129,-3.52278409277443,-3.44124288948618,-3.35868657052852,-3.27521573267098,-3.19093160080458,-3.10593593432973,-3.0203309278967,-2.93421911770939,-2.84770327004219,-2.7608862601444,-2.67387087846962,-2.58675990741594,-2.49965597463504,-2.41266139500936,-2.32587808937371,-2.2394074698089,-2.15335033430302,-2.06780671765569,-1.98287578877607,-1.89865581467111,-1.81524410194536,-1.73273685088621,-1.65122901467284,-1.57081418838964,-1.49158455942946,-1.41363083565659,-1.33704198775385,-1.26190536120537,-1.18830654092803,-1.11632920451489,-1.04605505836129,-0.977563833748689,-0.910932995670413,-0.846237604821093,-0.783550506013078,-0.722942072297128,-0.664480105408103,-0.608229706144795,-0.554253127878011,-0.502609490542746,-0.453354694932941,-0.406540885203474,-0.362215827429807,-0.320422495259883,-0.281196286650774,-0.244561914410206,-0.210524968848374,-0.179049916769422,-0.149992121157377,-0.122495015750024,-0.0945700549600003,-0.0659153382018189,-0.0364628672024747,-0.00612594106467952,0.0252560989396031,0.0577959972520874,0.0916581510953051,0.127374807020812,0.165296967014734,0.205525515107835,0.248069357905028,0.292909385727569,0.340044761177473,0.389630446297735,0.441984318338963,0.497314816395877,0.555584723504147,0.616734929549736,0.680700995427924,0.7474143259516,0.816802224861875,0.888788261720954,0.963292665535614,1.04023245933517,1.11952154389021,1.20107095366427,1.28478889160741,1.37058085493475,1.45834982597763,1.54799632428333,1.63941865017224,1.73251276450399,1.82717256218799,1.92328986889428,2.02075480932951,2.1194556262575,2.21927897773202,2.32011006873992,2.42183271930361,2.5243294278159,2.62748154752886,2.73116936669766,2.83527226119502,2.93966885882626,3.04423713984347,3.14885458632173,3.25339835962195,3.35774522352104,3.46177179397778
-3.60383722991347,-3.52339691955957,-3.44184153128804,-3.35927085075663,-3.27578549223479,-3.19148669822271,-3.10647624582296,-3.02085634746369,-2.93472955718608,-2.84819865914184,-2.76136654647657,-2.67433602752536,-2.58720990256643,-2.50009081710468,-2.41308110382131,-2.3262827012814,-2.23979703920748,-2.15372493312256,-2.06816643522841,-1.98322073168571,-1.898986106596,-1.81555988349142,-1.73303827939442,-1.65151626400234,-1.57108744868143,-1.49184403686158,-1.41387675218669,-1.337274580817,-1.26212488343134,-1.18851325983503,-1.11652340217775,-1.04623703106856,-0.977733891659061,-0.911091462418449,-0.846384817098986,-0.783686813185175,-0.723067835969935,-0.664595698982976,-0.608335514348088,-0.554349546265731,-0.50269692495546,-0.453433560935769,-0.406611607432582,-0.362278838830792,-0.320478236254076,-0.281245203817369,-0.244604458627458,-0.210561591967036,-0.179081064458859,-0.150018213925763,-0.122516325096473,-0.0945865064543937,-0.0659268048951324,-0.0364692103166414,-0.00612700673906369,0.025260492513978,0.0578060514973257,0.091674096032204,0.127396965260272,0.165325722228288,0.205561268516892,0.2481125122804,0.292960340515733,0.340103915679228,0.389698226771222,0.442061206340543,0.49740132974217,0.555681373537476,0.616842217329573,0.680819410803854,0.747544346840329,0.816944316533797,0.888942876150552,0.963460240820339,1.04041341913772,1.11971629689538,1.20127989308034,1.28501239467354,1.37081928245032,1.45860352186473,1.54826561515834,1.63970384495978,1.73281415402992,1.82749041882004,1.92362444618207,2.02110634170866,2.11982432872222,2.21966504555947,2.32051367723739,2.42225402356763,2.52476856250231,2.6279386266536,2.73164448345151,2.83576548778486,2.94018024634496,3.04476671815724,3.14940236398343,3.25396432381533,3.35832933999155,3.46237400700689
-3.60444729198072,-3.52399336459062,-3.4424241705211,-3.35983951232177,-3.27634002129416,-3.19202695707696,-3.10700211400165,-3.02136772179905,-2.93522635187082,-2.84868080576809,-2.76183399405433,-2.67478874246819,-2.58764786869,-2.50051403560066,-2.41348959320435,-2.32667649732245,-2.24017619484764,-2.15408951836911,-2.06851653702558,-1.98355645376809,-1.89930756933584,-1.81586722373602,-1.73333165027881,-1.65179583473815,-1.57135340432694,-1.49209657808336,-1.41411609500915,-1.33750095632822,-1.26233853750792,-1.18871445284403,-1.11671240865373,-1.04641413937986,-0.97789940367337,-0.911245693119104,-0.846528094177908,-0.783819476667687,-0.723190237796275,-0.664708202572938,-0.608438494143731,-0.554443387249272,-0.502782022118754,-0.453510318735275,-0.406680439153321,-0.362340165845093,-0.320532487210166,-0.281292813356729,-0.24464586557571,-0.210597236096303,-0.179111379525111,-0.15004360919638,-0.122537064813001,-0.094602518176339,-0.0659379650670036,-0.0364753838701116,-0.00612804392641675,0.0252647686416996,0.0578158369779193,0.0916896147376756,0.127418531177663,0.165353708773028,0.20559606618516,0.248154513076356,0.293009933208064,0.340161488894843,0.389764195373759,0.44213603901366,0.497485530460492,0.555775439974401,0.616946637150521,0.680934660764017,0.747670892080998,0.817082609888013,0.889093357510861,0.963623336573207,1.04058954162073,1.11990584386857,1.20148324724096,1.28522992317661,1.37105133645052,1.45885043609062,1.54852770749537,1.63998141607455,1.7331074869741,1.82779977868056,1.92395007973081,2.02144847711442,2.12018317523212,2.22004079323061,2.32090649669085,2.42266406575399,2.52519595847785,2.62838348738645,2.73210689964132,2.83624552970833,2.94067796372917,3.04528214007002,3.14993549874902,3.25451515896006,3.35889784217657,3.46296012200309
-3.60504118923373,-3.52457400561802,-3.44299137156274,-3.36039310606175,-3.27687985699738,-3.19255290069266,-3.10751404825151,-3.02186554624894,-2.93570998298707,-2.84915017695545,-2.7622890556739,-2.67522946182343,-2.58807423002545,-2.50092604007639,-2.41388725884445,-2.32705985895004,-2.24054530400103,-2.15444444320059,-2.06885736217562,-1.98388328022264,-1.89962051427765,-1.81616642038633,-1.73361724771505,-1.65206799768834,-1.57161231294585,-1.49234242772053,-1.41434909596498,-1.33772133356764,-1.26254653039256,-1.18891031484199,-1.11689640702524,-1.04658655485235,-0.978060530115932,-0.911395837168972,-0.846667574844151,-0.78394862496598,-0.723309396341492,-0.664817725155343,-0.608538745283787,-0.554534741728325,-0.502864864462561,-0.453585042683412,-0.406747447039995,-0.362399867877532,-0.320585300678705,-0.281339161386152,-0.244686175364078,-0.210631935763097,-0.179140891333071,-0.150068331568525,-0.122557254989271,-0.0946181056356971,-0.0659488295278071,-0.036481393842939,-0.00612905363141711,0.0252689314648673,0.0578253631726394,0.0917047222440173,0.127439525662952,0.165380953758309,0.205629941819632,0.248195400977247,0.293058211842856,0.340217536592997,0.389828416006272,0.442208888845479,0.49756750011243,0.555867013933,0.617048290159533,0.681046856946051,0.747794084252499,0.817217238883302,0.889239851566653,0.963782110778005,1.0407609973864,1.12009036841573,1.20168121312651,1.28544168782706,1.37127724171601,1.4590908078304,1.54878285517188,1.64025163238764,1.73339304747541,1.82810094143304,1.92426708496759,2.02178154695854,2.12053251338625,2.22040658471592,2.32128890760748,2.42306324305277,2.52561202974247,2.62881656064473,2.73255706318962,2.83671285196123,2.94116249309613,3.04578390484866,3.15045450704302,3.25505139862629,3.35945128075952,3.46353070671057
-3.60561948683354,-3.52513939518803,-3.44354367416952,-3.36093215878422,-3.27740551305974,-3.19306502956521,-3.10801253573644,-3.02235029455017,-2.9361809107651,-2.84960721936423,-2.76273216437836,-2.67565860498588,-2.58848939230428,-2.50132722260119,-2.41427447916587,-2.32743315097651,-2.24090471791714,-2.15479004536851,-2.06918923501261,-1.98420152206207,-1.89992523922428,-1.81645775816214,-1.73389534348171,-1.65233301184702,-1.5718644209193,-1.4925818197271,-1.41457597678119,-1.33793592224938,-1.26274906001424,-1.18910103221397,-1.11707557238772,-1.04675444155902,-0.978217424316955,-0.911542037447264,-0.846803391829498,-0.784074380979407,-0.723425424998552,-0.664924370953432,-0.608636363168665,-0.55462369663711,-0.502945530820831,-0.453657803888548,-0.40681269485826,-0.362458001741408,-0.320636726917737,-0.28138429201108,-0.244725426351929,-0.210665723988114,-0.179169627966593,-0.150092404568361,-0.122576914838544,-0.0946332836657156,-0.0659594086163181,-0.0364872459542991,-0.00613003681491437,0.025272984944883,0.0578346391467479,0.0917194329277465,0.127459968694791,0.165407483110844,0.205662927656842,0.248235214892577,0.293105222362742,0.340272112109475,0.389890949782027,0.442279825160937,0.497647316701467,0.555956182556353,0.617147273091055,0.681156106117436,0.747914040586249,0.817348331634527,0.889382497723751,0.963936714526522,1.04092794959448,1.12027004613302,1.20187397912413,1.28564789014314,1.37149721322145,1.45932486582525,1.54903130099005,1.64051475104075,1.73367110727731,1.82839419366822,1.92457576355911,2.02210586819499,2.12087267561975,2.22076276810777,2.32166127389493,2.42345193532676,2.5260171722355,2.62923825854707,2.73299540247842,2.83716789925405,2.94163429553087,3.04627248997967,3.15095988276111,3.25557355310728,3.35999018240041,3.46408630410584
-3.60618272549712,-3.52569006194838,-3.44408159475269,-3.36145717451159,-3.27791748097758,-3.19356382254282,-3.10849804254974,-3.02282241994971,-2.93663957552943,-2.85005236033593,-2.76316373448102,-2.67607657321087,-2.58889374370945,-2.50171795828674,-2.41465161622543,-2.32779672243554,-2.24125477265341,-2.1551266480161,-2.06951246584261,-1.98451147684727,-1.90022202909812,-1.81674150946865,-1.73416619760251,-1.65259112500643,-1.57210996397203,-1.4928149779382,-1.41479694959477,-1.33814492301709,-1.26294631574119,-1.18928678328357,-1.11725007226348,-1.04691795647647,-0.978370232974879,-0.911684430653438,-0.846935672124874,-0.784196862291731,-0.723538432255991,-0.665028239682633,-0.608731439072556,-0.554710335149806,-0.503024096617824,-0.453728670383507,-0.406876243615808,-0.362514621792762,-0.32068681401157,-0.281428247429328,-0.244763655239527,-0.210698632363852,-0.179197616294862,-0.150115850704502,-0.122596062743072,-0.094648066458081,-0.0659697122241435,-0.0364929456760041,-0.00613099439619987,0.0252769328718113,0.0578436735734201,0.0917337605435736,0.127479879387722,0.165433321635978,0.205695054539045,0.248273992048957,0.293151008723265,0.340325266473206,0.389951855171046,0.442348914286554,0.497725054857314,0.556043029218463,0.617243678495618,0.681262510427791,0.748030873243226,0.817476010715381,0.889521429358455,0.964087292375584,1.0410905543478,1.12044504502182,1.20206172547292,1.28584872292711,1.3717114566435,1.4595528289229,1.54927327725044,1.64077101805376,1.73394192636987,1.82867980958135,1.92487640412448,2.02242174406902,2.12120397998945,2.221109676443,2.32202394372129,2.42383050600907,2.52641176477125,2.62964897538738,2.73342232736157,2.83761109706285,2.94209381217577,3.04674835229749,3.15145209843719,3.25608211062532,3.36051505098039,3.46462743368082
-3.60673142275298,-3.52622651187598,-3.44460562757738,-3.36196863565145,-3.27841623116958,-3.19404973793847,-3.10897101479647,-3.02328235625716,-2.93708639872148,-2.85048600888572,-2.76358416252752,-2.676483750546,-2.58928765577686,-2.50209860615823,-2.41501901655329,-2.32815090739261,-2.24159578985554,-2.1554545604287,-2.06982735166438,-1.98481342937837,-1.90051115660282,-1.81701793502906,-1.73443005895016,-1.65284257433232,-1.57234916771982,-1.49304211658985,-1.41501221744527,-1.33834852790988,-1.26313847882069,-1.18946773872706,-1.11742006699071,-1.04707724984942,-0.978519096497031,-0.911823147624646,-0.847064537275243,-0.784316181444182,-0.723648521949859,-0.665129426782111,-0.608824060355392,-0.554794736873695,-0.503100634043255,-0.453797707283546,-0.40693815170404,-0.362569780056591,-0.320735607982434,-0.28147106802907,-0.244800897153259,-0.210730691127978,-0.179224882034787,-0.150138691520293,-0.122614716296795,-0.0946624675958744,-0.065979749818692,-0.0364984982452095,-0.00613192725514159,0.0252807788731814,0.0578524747538855,0.091747718256344,0.127499276036567,0.165458493075286,0.205726351985836,0.248311768076549,0.293195612994951,0.340377048524762,0.390011188135883,0.442416219704464,0.497800786009216,0.556127633717873,0.617337594954757,0.681366167646087,0.748144689574424,0.817600393443032,0.889656774127278,0.96423398268276,1.04124896105477,1.12061552587882,1.20224462468251,1.28604437071299,1.37192016883847,1.45977490658589,1.54950900629151,1.64102066889612,1.73420575359362,1.82895805160893,1.9251692829055,2.0227294648213,2.12152673091239,2.22144762847627,2.32237725032357,2.42419930294715,2.52679616991875,2.63004908855038,2.73383823011644,2.83804285261731,2.94254146525497,3.04721192904538,3.1519316063407,3.25657753846549,3.36102636877183,3.46515459264922
-3.60726607412231,-3.52674922943161,-3.44511624589067,-3.36246700409756,-3.27890221405041,-3.19452321457588,-3.10943187961157,-3.0237305188349,-2.93752178386135,-2.85090855663582,-2.76399382820083,-2.67688050470773,-2.58967148424327,-2.50246950997367,-2.4153770119438,-2.32849602570743,-2.24192807749165,-2.15577407873965,-2.07013417684711,-1.98510765234468,-1.90079288284556,-1.81728728447963,-1.73468716581433,-1.65308758690522,-1.57258224818438,-1.49326344080797,-1.41522197473823,-1.33854692080062,-1.26332572279264,-1.18964406196291,-1.11758571008938,-1.0472324655336,-0.978664149320083,-0.911958313634344,-0.847190103657012,-0.784432446192301,-0.723755793500699,-0.665228023632591,-0.60891431066222,-0.554876978030853,-0.503175212217057,-0.453864976934972,-0.406998475031324,-0.362623526345588,-0.320783152895515,-0.281512792481021,-0.244837185725802,-0.210761929232335,-0.179251449809697,-0.150160947642971,-0.12263289234549,-0.0946765000845717,-0.0659895304647824,-0.0365039086763667,-0.00613283623419195,0.0252845264222662,0.0578610506363733,0.0917613186710822,0.127518176158182,0.16548302016076,0.205756848261523,0.248348577090379,0.293239075459325,0.340427505027826,0.390069002259351,0.442481802197296,0.49787457854897,0.556210072459781,0.617429107283176,0.681467171383779,0.748255592365859,0.81772159214587,0.88978865425828,0.964376917922113,1.04140331277038,1.12078164266302,1.20242284192675,1.28623501018769,1.37212353829156,1.45999129936962,1.54973870099702,1.64126392902416,1.73446282720742,1.82922917102762,1.92545466439712,2.02302930835036,2.12184121986063,2.22177692940757,2.32272151276828,2.4245586591966,2.52717073482917,2.63043895937296,2.7342434863393,2.83846355583014,2.94297765903801,3.04766363887335,3.15239883950886,3.25706028404208,3.36152459753904,3.46566825708129
-3.60778715423073,-3.52725867864691,-3.44561390298333,-3.36295272226612,-3.27937586104126,-3.19498467277408,-3.10988104611818,-3.02416730552992,-2.93794611745308,-2.8513203786942,-2.76439309517312,-2.67726718790629,-2.5900455698444,-2.50283099899521,-2.41572592019991,-2.3288323837516,-2.24225193054315,-2.15608548659468,-2.07043321376847,-1.9853944069365,-1.90106745792295,-1.81754979692971,-1.73493774643629,-1.65332638022995,-1.57280941227806,-1.49347914706851,-1.41542640768132,-1.33874027780847,-1.26350821387898,-1.18981590951838,-1.1177471486057,-1.04738374131849,-0.978805520211653,-0.912090048673339,-0.847312482739118,-0.784545759747694,-0.723860342136589,-0.665324117761372,-0.60900227011087,-0.554957131629154,-0.503247897344448,-0.453930539055018,-0.407057267148438,-0.362675908371904,-0.320829490957819,-0.281553457825194,-0.244872553171579,-0.210792374407899,-0.179277343204578,-0.150182638829945,-0.122650607024564,-0.0946901763812226,-0.065999062844979,-0.0365091817724732,-0.00613372214027818,0.0252881788458741,0.0578694088339442,0.0917745738612732,0.127536596530755,0.165506924665811,0.205786570438539,0.248384451766884,0.293281434699285,0.340476680774107,0.390125348864733,0.442545719984541,0.497946497984364,0.556290418627461,0.617518296719041,0.681565611304829,0.748363680069172,0.817839714415515,0.889917186825299,0.964516224981425,1.04155374651715,1.12094354284112,1.20259653541427,1.28642081058743,1.37232174553976,1.46020219937226,1.54996256527366,1.64150101438701,1.73471337542302,1.82949340851806,1.92573280194081,2.02332154083603,2.1221477260152,2.22209787156694,2.32305703666721,2.42490889376844,2.5275357920147,2.63081893395481,2.73463845578791,2.83887358017185,2.94340278074684,3.04810388277738,3.15285421271818,3.25753077590241,3.36201017957423,3.46616888297193
-3.60829511785504,-3.52775530414772,-3.44609903318955,-3.36342621407153,-3.27983758552129,-3.19543451527437,-3.11031890632995,-3.02459309755128,-2.93835976983723,-2.85172183448184,-2.76478231190781,-2.67764413762252,-2.59041023906643,-2.50318338871526,-2.41606604583407,-2.3291602750843,-2.24256763165537,-2.15638905577747,-2.07072472341529,-1.9856739434212,-1.90133512147257,-1.81780570148914,-1.73518201951227,-1.65355916271527,-1.57303085826011,-1.49368942363083,-1.41562569469501,-1.33892876768729,-1.26368611135026,-1.18998343137481,-1.11790452343642,-1.04753120923124,-0.978943332554313,-0.912218467714434,-0.847431781328877,-0.784656221005667,-0.723962259103185,-0.66541779303537,-0.609088015468652,-0.555035267623288,-0.503318752861953,-0.453994450863543,-0.407114579366671,-0.362726971852367,-0.320874662611258,-0.28159309955259,-0.244907030357812,-0.21082205322594,-0.179302584818099,-0.15020378401237,-0.122667875794645,-0.0947035084219237,-0.0660083552787426,-0.0365143221356656,-0.00613458574658193,0.0252917393316871,0.0578775566412818,0.0917874953954891,0.127554553230814,0.165530227453283,0.20581554445715,0.248419423415972,0.293322727684193,0.340524618682127,0.390180277128977,0.442608028850955,0.498016607083658,0.556368742343671,0.617605241103138,0.681661573323463,0.748469047018767,0.817954863344118,0.890042484006155,0.964652025442041,1.04170039358732,1.1211013677128,1.20276585673745,1.286601934071,1.37251496357003,1.46040779065847,1.55018079450076,1.6417321319028,1.73495761690835,1.8297509946956,1.92600393828331,2.02360641732654,2.12244651688178,2.2224107350592,2.32338411485153,2.42525031233269,2.52789166008191,2.63118934392177,2.735023483175,2.83927328349444,2.94381720140981,3.04853304498385,3.15329812339926,3.257989424672,3.36248353867297,3.46665690724636
-3.60879040090952,-3.52823953211839,-3.44657205282888,-3.36388788584572,-3.28028778372419,-3.1958731281138,-3.11074583600117,-3.02500826029684,-2.93876309599389,-2.8521132685122,-2.76516181241531,-2.67801167733976,-2.59076580485406,-2.50352698154074,-2.41639768072865,-2.32947998108886,-2.24287545175052,-2.15668504679908,-2.07100895594964,-1.98594650168592,-1.90159610319269,-1.81805521776508,-1.73542019466775,-1.6537861341259,-1.57324677616672,-1.49389445094596,-1.41582000679952,-1.33911255219164,-1.26385956787106,-1.19014677129281,-1.11805796963439,-1.04767499582298,-0.979077704613159,-0.912343680961767,-0.847548101803622,-0.784763924759702,-0.724061631861595,-0.665509129842998,-0.609171620318836,-0.555111453066473,-0.503387839574973,-0.454056767207135,-0.407170460869101,-0.362776760607636,-0.320918706620357,-0.281631751682173,-0.244940646871456,-0.210850991155645,-0.179327196311612,-0.150224401336206,-0.122684713475108,-0.0947165076477048,-0.0660174157404721,-0.0365193341772003,-0.00613542779421584,0.025295210935173,0.057885501050512,0.0918000943624801,0.127572061668088,0.165552948520709,0.205843795181714,0.248453522048928,0.293362989850056,0.340571359890304,0.390233834189346,0.442668782267544,0.498084966011706,0.556445110822725,0.617690015047698,0.681755139790489,0.74857178363639,0.818067137747933,0.890164653325931,0.96478443584254,1.04184337982762,1.12125525271712,1.20293095120115,1.28677853607139,1.37270335819444,1.46060824965856,1.550393575954,1.64195747990743,1.7351957612618,1.83000215061051,1.92626830610311,2.02388418229163,2.12273784887085,2.22271578837142,2.32370302800679,2.42558320788123,2.52823864442269,2.63155050714501,2.73539889891585,2.83966300880748,2.94422127666633,3.04895149378277,3.15373095249866,3.25843662394507,3.36294508105331,3.46713274870771
-3.60927342137558,-3.52871177121068,-3.44703336109406,-3.3643381272047,-3.28072683558314,-3.19630088144839,-3.11116219542818,-3.02541314413253,-2.9391564362998,-2.85249501112597,-2.7655319169653,-2.67837011723368,-2.59111256727789,-2.50386206743797,-2.41672110475839,-2.32979177157297,-2.24317565060544,-2.15697370945352,-2.07128615124224,-1.98621231174919,-1.90185062333212,-1.81829855633037,-1.73565247290453,-1.65400748600853,-1.57345734821625,-1.49409440204141,-1.41600950797958,-1.33929178642174,-1.26402872982553,-1.19030606711891,-1.11820761669659,-1.0478152224387,-0.979208749788039,-0.912465794085842,-0.847661542329021,-0.784868961903613,-0.724158544274904,-0.665598205265605,-0.609253155217588,-0.555185752253455,-0.503455215787462,-0.454117540676068,-0.407224958815483,-0.362825316655652,-0.320961660154926,-0.281669446833413,-0.244973431082303,-0.210879212618435,-0.179351198455354,-0.150244508200913,-0.122701134275681,-0.0947291850289281,-0.0660262518765111,-0.0365242221268606,-0.00613624899380453,0.0252985965861024,0.0578932487661146,0.0918123813948197,0.127589136618373,0.165575107042947,0.205871346453702,0.248486776442418,0.293402255175094,0.340616943844678,0.390286065243944,0.442728031505589,0.49815163245827,0.556519588513836,0.617772690095513,0.681846389668917,0.748671976623968,0.818176632378057,0.890283797886283,0.964913567927277,1.04198282590761,1.12140532772137,1.2030919581326,1.28695076562732,1.37288708840379,1.46080374554474,1.55060108920482,1.64217724857756,1.73542800945918,1.83024708821937,1.92652612850663,2.0241550701439,2.12302196784457,2.2230132889455,2.32401404527155,2.42590786135272,2.52857703786555,2.63190272841896,2.73576501983289,2.84004308500964,2.94461534752533,3.04935958231325,3.15415306529139,3.25887275112395,3.36339519622209,3.46759680893015
-3.60974458017841,-3.52917241340082,-3.44748334088836,-3.36477731186579,-3.28115510552776,-3.19671813032953,-3.11156833020498,-3.0258080851272,-2.93954011724225,-2.85286737918392,-2.76589293275853,-2.67871975482293,-2.59145081416381,-2.50418892454089,-2.41703658637742,-2.33009590533447,-2.24346847739651,-2.15725528334168,-2.07155653937564,-1.9864715942434,-1.90209889315217,-1.81853591916521,-1.73587904702231,-1.65422340209357,-1.57366274919145,-1.49428944288415,-1.41619435552829,-1.33946661914873,-1.26419373762449,-1.19046145107466,-1.11835358883571,-1.04795200547178,-0.979336576851386,-0.912584908445152,-0.847772197064993,-0.78497141962219,-0.724253076784067,-0.665685093239152,-0.609332687841948,-0.555258226855359,-0.503520937424217,-0.454176821714612,-0.407278118441169,-0.362872680299764,-0.321003558868019,-0.281706216294706,-0.245005410202486,-0.210906741039189,-0.179374611172011,-0.150264121295947,-0.122717151826246,-0.0947415510882982,-0.0660348710211858,-0.0365289900418293,-0.0061370500269744,0.0253018990946932,0.0579008062189856,0.0918243666912085,0.127605792254521,0.165596721412407,0.20589822114171,0.248519214198841,0.293440556251005,0.34066140838165,0.390337013646515,0.442785825744194,0.498216661759012,0.556592237236298,0.617853334869989,0.68193539869959,0.748769709145458,0.818283438119161,0.890400016581689,0.96503952888075,1.04211884757277,1.12155171729345,1.20324901117361,1.28711876569582,1.37306630670107,1.46099444058598,1.55080350649705,1.64239162032948,1.73565455427523,1.83048601082963,1.92677761949619,2.02441930573047,2.1232991096324,2.22330348371814,2.32431742480186,2.42622454222178,2.52890712128982,2.63224630010054,2.73612214982031,2.84041382757849,2.94499974108047,3.04975764930415,3.15456481214698,3.25929816821064,3.36383425779186,3.46804947310115
-3.61020426201424,-3.52962183479835,-3.44792235961557,-3.36520579841864,-3.28157294323595,-3.19712521543656,-3.11196457193637,-3.02619340574603,-2.9399144520927,-2.85323067672067,-2.7662451545606,-2.67906087558292,-2.59178082168684,-2.50450781972489,-2.41734438317318,-2.33039263069541,-2.24375417121374,-2.15752999836569,-2.07182034111892,-1.98672456086998,-1.90234111536256,-1.81876750007385,-1.73610010201647,-1.65443405867424,-1.57386314680005,-1.49447973272298,-1.41637470037175,-1.33963719312172,-1.26435472599506,-1.19061305002942,-1.11849600523648,-1.04808545660413,-0.979461290172659,-0.912701121295327,-0.847880156359967,-0.785071381571082,-0.724345306573889,-0.665769864706757,-0.60941028312947,-0.555328936046941,-0.503585058146266,-0.454234658725114,-0.407329983150436,-0.362918890211891,-0.321044436969494,-0.281742090087933,-0.24503661034262,-0.210933598894574,-0.179397453577819,-0.150283256635194,-0.122732779204967,-0.0947536159225727,-0.0660432802119376,-0.0365336418150587,-0.00613783154776081,0.0253051211574092,0.0579081795797061,0.091836060037515,0.127622042175684,0.165617809276996,0.205924441188637,0.248550861803286,0.293477924350217,0.340704789806048,0.390386720995897,0.442842212171748,0.498280107009674,0.55666311630703,0.617932015216738,0.682022239557449,0.748865060998441,0.818387642177013,0.890513404303493,0.965162421548758,1.04225155588339,1.12169454095893,1.20340223855636,1.28728267344719,1.37324115941614,1.46118049048277,1.55100099310228,1.64260077019546,1.73587558068143,1.8307191135191,1.92702298441154,2.02467710479694,2.1235695005177,2.22358660963032,2.32461341430393,2.42653350905501,2.52922916420514,2.63258150271245,2.736470580471,2.84077553922146,2.94537477118508,3.05014601977301,3.1549665292524,3.25971322255374,3.36426262425178,3.46849111081627
-3.6106528361311,-3.53006039640941,-3.44835076992568,-3.36562393105313,-3.28198068434368,-3.1975224637682,-3.11235123891094,-3.02656941550501,-2.94027974154263,-2.85358519556174,-2.76658886530026,-2.67939375352529,-2.59210285493173,-2.5048190091485,-2.4176447423892,-2.33068218600596,-2.24403296154602,-2.15779807519552,-2.07207776837576,-1.98697141482911,-1.90257748453279,-1.81899348507799,-1.73631581545359,-1.65463962496437,-1.57405870201518,-1.49466542441176,-1.41655068737533,-1.33980364535744,-1.26451182425418,-1.19076098575789,-1.11863498029755,-1.04821568303288,-0.979582989930166,-0.912814525986511,-0.847985506934267,-0.785168928046601,-0.724435307729674,-0.66585258776269,-0.609486003410018,-0.555397936626679,-0.503647629459779,-0.454291098166237,-0.407380594604581,-0.362963983511011,-0.321084327295452,-0.281777097029388,-0.245067056564802,-0.210959807758663,-0.179419744021369,-0.150301929589473,-0.122748028964827,-0.0947653892230557,-0.0660514862036061,-0.036538181183173,-0.00613859418393483,0.0253082653624324,0.0579153747710661,0.0918474708266387,0.127637899434915,0.165638387575934,0.205950027656228,0.248581744677284,0.293514389489356,0.340747122964813,0.390435227220447,0.442897236081703,0.498342019173842,0.556732282660971,0.618008794337222,0.682106981999035,0.748958108776074,0.818489328255472,0.890624052132507,0.965282344647133,1.0423810574399,1.12183391344358,1.20355176336361,1.28744262054339,1.37341178700273,1.46136204468318,1.55119370765531,1.64280486617906,1.73609126622139,1.83094658353186,1.92726242034665,2.02492867442522,2.123833357697,2.22386289410823,2.32490225153686,2.4268350100358,2.52954342529851,2.63290860551244,2.73681059166839,2.84112851049018,2.94574073908908,3.05052500568567,3.15535853929446,3.26011824755341,3.36468063969524,3.46892207682926
-3.6110906570663,-3.53048844485777,-3.44876891041924,-3.36603204024664,-3.28237865111527,-3.19791018929568,-3.11272863673674,-3.02693641158912,-2.94063627430405,-2.85393121590645,-2.76692433663448,-2.67971865174514,-2.59241716842227,-2.50512273876496,-2.41793790141892,-2.33096480012054,-2.24430506873949,-2.15805972570975,-2.07232902460768,-1.98721235122553,-1.90280818748081,-1.8192140527883,-1.73652635782601,-1.65484026343639,-1.57424956939686,-1.49484666471473,-1.41672245563299,-1.33996610741392,-1.26466515656681,-1.19090537518331,-1.11877062385993,-1.04834278768444,-0.979701772311143,-0.912925212149809,-0.848088332053305,-0.78526413614607,-0.72452315138519,-0.665933327788362,-0.609559908530261,-0.555465283130222,-0.503708700818934,-0.454346184645741,-0.407429992805131,-0.363007995837289,-0.321123261373813,-0.281811264787337,-0.245096772932661,-0.210985388346029,-0.179441500120248,-0.150320154917236,-0.122762913158704,-0.0947768802949526,-0.0660594954819205,-0.0365426117339299,-0.00613933853825759,0.0253113341948326,0.0579223974798936,0.0918586080772685,0.127653376565238,0.165658472573591,0.205975000767132,0.248611887229578,0.293549980489192,0.340788441316594,0.390482570657791,0.442950940963036,0.498402447184728,0.556799790964791,0.618083732914975,0.682189693001815,0.749048926020072,0.818588576723661,0.890732047520908,0.965399392958907,1.04250745459579,1.12196994490255,1.20369770377453,1.28759873340101,1.37357832431892,1.46153924668129,1.55138180247101,1.6430040695906,1.7363017813654,1.83116860065228,1.92749611654331,2.02517421344716,2.12409088971381,2.22413255551747,2.32518416478751,2.42712928346,2.52985015295092,2.63322786703114,2.73714245214545,2.84147302036081,2.94609793404074,3.05089490657935,3.15574115210419,3.26051356332726,3.36508863450703,3.4693427117606
-3.61151806534311,-3.53090631306597,-3.44917710631271,-3.36643044341362,-3.28276715307669,-3.19828869357963,-3.11309705894188,-3.0272946794363,-2.94098432767687,-2.85426900687848,-2.76725182948224,-2.68003582293802,-2.59272400662158,-2.50541924480556,-2.41822408827216,-2.33124069284746,-2.24457070443053,-2.15831515341185,-2.07257430523381,-1.98744755745195,-1.90303340364007,-1.81942937475534,-1.73673189288695,-1.65503613014055,-1.57443589739569,-1.49502359459485,-1.41689013874067,-1.34012470564901,-1.26481484218997,-1.1910463306072,-1.11890304142291,-1.04846686941679,-0.979817729700771,-0.913033265873418,-0.848188711691209,-0.785357079919337,-0.724608905862452,-0.666012147580811,-0.609632055971259,-0.555531027937552,-0.503768319723105,-0.454399961008147,-0.407478216172441,-0.363050961422124,-0.32116126948627,-0.281844619936378,-0.24512578255865,-0.211010360552443,-0.179462738795662,-0.150337946793565,-0.122777443363053,-0.0947880980756553,-0.066067314276244,-0.0365469369132718,-0.00614006518966423,0.0253143300414505,0.057929253168229,0.0918694804516056,0.127668485604276,0.165678079891442,0.205999379944645,0.248641312904092,0.293584725031281,0.340828776997499,0.390528788130156,0.443003368585705,0.498461438041325,0.556865693724313,0.618156889234852,0.68227043689579,0.749137583365214,0.8186854647739,0.890837474464091,0.965513657520551,1.04263084565878,1.1221027411368,1.20384017329696,1.28775113343971,1.37374090089215,1.46171223429923,1.55156542384357,1.64319853536421,1.73650728984549,1.83138533755824,1.92772425476303,2.02541391283524,2.12434229686837,2.22439580359215,2.3254593733191,2.42741655820416,2.53014958572543,2.63353953558006,2.73746642001277,2.84180933678225,2.94644663385498,3.05125601015126,3.15611466526572,3.26089947733939,3.36548692601261,3.46975334276683
-3.61193538812941,-3.53131432089926,-3.44957567006745,-3.36681944551942,-3.28314648761422,-3.19865826635341,-3.11345678754219,-3.02764449328957,-2.94132416808521,-2.85459882704641,-2.76757159452922,-2.6803455098887,-2.59302360440483,-2.50570875423655,-2.41850352201613,-2.3315100753741,-2.24483007195506,-2.15856455382387,-2.07281379800893,-1.98767721355148,-1.9032533054066,-1.81963961580146,-1.73693257796715,-1.65522737500676,-1.57461782864002,-1.49519634948651,-1.41705386505461,-1.34027956146477,-1.26496099570341,-1.19118395992659,-1.11903233434804,-1.04858802321067,-0.979930950860853,-0.913138769869134,-0.848286722685495,-0.785447830511996,-0.724692636803874,-0.666089107474159,-0.609702500959658,-0.555595221374289,-0.503826531808724,-0.454452468417604,-0.407525301620015,-0.363092913154345,-0.321198380726864,-0.281877188008853,-0.245154107648742,-0.211034743493359,-0.179483476305162,-0.150355318837594,-0.122791630700298,-0.0947990511520296,-0.0660749485716228,-0.0365511600319901,-0.00614077469438401,0.0253172551955145,0.0579359470838907,0.0918800962721178,0.127683238117533,0.165697224538285,0.206023183850277,0.248670044225274,0.293618649711498,0.340868160883248,0.390573915015594,0.443054559081438,0.498519036899319,0.55693004138607,0.618228319295762,0.682349275487922,0.749224148675965,0.818780066571005,0.890940413663135,0.965625225798065,1.04275132508093,1.12223240379776,1.20397928098694,1.28789993731701,1.3738996411698,1.46188113995368,1.55174471232949,1.64338841235743,1.73670794897207,1.83159696015517,1.92794700963858,2.02564795607197,2.12458777160513,2.22465283984056,2.32572808779527,2.42769705416825,2.53044195282862,2.63384384973187,2.73778274325777,2.84213771719433,2.94678710545077,3.05160859281507,3.15647936469187,3.26127628499509,3.36587581909187,3.47015428417334
-3.61234293986044,-3.53171277577446,-3.44996490198457,-3.36719933966082,-3.28351694054054,-3.19901918607465,-3.11380809357813,-3.027986116719,-2.94165605158462,-2.85492092491593,-2.76788387270502,-2.68064794593334,-2.59331618750642,-2.50599148519115,-2.41877641319246,-2.33177315066893,-2.24508336673566,-2.15880811485859,-2.07304768338082,-1.9879014925604,-1.90346805846718,-1.81984493433449,-1.73712856427442,-1.65541414213005,-1.57479550020743,-1.49536505955326,-1.41721375793575,-1.34043079153858,-1.26510372722767,-1.19131836683941,-1.11915860005214,-1.0487063403504,-0.9800415210988,-0.913241803629803,-0.848382438883347,-0.78553645630082,-0.724774407297212,-0.666164265454467,-0.609771296572806,-0.555657911807503,-0.503883380936161,-0.454503746436249,-0.407571284624766,-0.363133882642827,-0.321234623057361,-0.281908993543439,-0.245181769544708,-0.211058555540302,-0.179503728273594,-0.15037228413843,-0.122805485860003,-0.0948097477767599,-0.066082404120179,-0.036555284272028,-0.00614146758699909,0.0253201118610058,0.0579424842704639,0.091890463537381,0.127697645220409,0.165715920938811,0.206046430419273,0.248698102840971,0.293651780090669,0.340906622647952,0.390617985315324,0.443104551020133,0.498575287157035,0.556992882433332,0.618298076917265,0.682426268179792,0.749308687175664,0.818872453393472,0.891040942678418,0.965734181853478,1.04286898363844,1.12235903058081,1.20411513165628,1.28804525715041,1.374054664756,1.46204609090798,1.55191980301514,1.64357384363464,1.73690390993339,1.83180362789184,1.92816454900645,2.02587651949912,2.12482749887901,2.22490385792875,2.32599051068112,2.42797098269424,2.53072747454684,2.63414103877455,2.73809166021677,2.84245840901797,2.9471196053592,3.05195292022704,3.1568355251684,3.26164427020315,3.36625560675945,3.4705458380727
-3.61274102282808,-3.53210197323606,-3.45034509076768,-3.36757040761535,-3.28387878663039,-3.19937172044704,-3.11415123762264,-3.02831980311572,-2.94198022434182,-2.85523553939553,-2.76818889563459,-2.68094335539676,-2.59360197294294,-2.50626764737838,-2.41904296421174,-2.33203011386183,-2.24533077664776,-2.15904601717164,-2.07327613482843,-1.98812056083235,-1.90367782210982,-1.82004548264459,-1.73731999717699,-1.6555965700405,-1.5749690438816,-1.49552984993184,-1.41736993598083,-1.34057850804178,-1.2652431426305,-1.19144965103883,-1.11928193218981,-1.04882190859491,-0.980149522427474,-0.913342443578282,-0.848475931279996,-0.785623023021899,-0.7248542779938,-0.66623767726839,-0.609838493838226,-0.555719145736343,-0.503938909271917,-0.45455383309834,-0.407616199293504,-0.36317390027572,-0.321270023359654,-0.281940060131142,-0.245208788764106,-0.211081814355296,-0.179523509722378,-0.150388855279686,-0.122819019118906,-0.0948201958838153,-0.0660896864518898,-0.0365593126924433,-0.00614214438144619,0.0253229021567885,0.0579488695767526,0.0919005899370701,0.127711717599033,0.165734182960632,0.206069136894228,0.248725509563,0.293684140742473,0.340944190819714,0.390661031717449,0.443153381482131,0.498630230536778,0.55705426347696,0.618366213840433,0.682501472078911,0.749391261568747,0.818962693767044,0.891139136074963,0.965840606502373,1.04298390860176,1.12248271540838,1.20424782606901,1.28818720072746,1.37420608663586,1.46220720951061,1.5520908257699,1.6437549667351,1.73709531807888,1.83200549405917,1.92837703422132,2.02609977264822,2.12506165650208,2.22514904404348,2.32624683662265,2.42823854696214,2.53100636265911,2.63443132314106,2.73839340002163,2.84277165011874,2.94744438020423,3.05228924778393,3.15718341086894,3.26200370590792,3.36662657071389,3.47092829489077
-3.61312992773857,-3.53248219750154,-3.45071651405548,-3.36793292036112,-3.28423229012747,-3.19971612691424,-3.11448647026198,-3.02864579615938,-2.94229692308901,-2.8555429002373,-2.76848688606565,-2.68123195400626,-2.59388116941365,-2.50653744246995,-2.41930336972698,-2.33228115260415,-2.24557248236627,-2.15927843449487,-2.07349931918195,-1.98833457834534,-1.90388274951766,-1.82024140718528,-1.73750701647168,-1.65577479195894,-1.57513858639549,-1.49569084096296,-1.41752251324131,-1.34072281884662,-1.26537934372215,-1.19157790839715,-1.11940242082625,-1.04893481233972,-0.980255033716515,-0.913440763208454,-0.84856726814971,-0.785707593891917,-0.724932307220453,-0.666309396526042,-0.609904141827763,-0.555778967877832,-0.503993157366415,-0.454602764980436,-0.407660078425858,-0.363212995276521,-0.32130460748536,-0.281970410458818,-0.245235185038138,-0.211104536923452,-0.179542835097222,-0.150405044362693,-0.12283224035988,-0.0948304031030873,-0.0660968008847904,-0.0365632482350523,-0.0061428055719649,0.0253256281205191,0.0579551076657254,0.0919104828661447,0.127725465529977,0.165752023939872,0.206091319856896,0.248752284405543,0.293715755298775,0.340980892833276,0.390703085657274,0.44320108612663,0.498683907161798,0.557114229341413,0.618432779823304,0.68257494210409,0.749471932156444,0.819050853591152,0.891235065560018,0.965944577462996,1.04309618389663,1.12260354860323,1.20437746112728,1.28832587170466,1.37435401738754,1.46236461342093,1.55225790548579,1.64393191392677,1.73728231318728,1.83220270607303,1.92858462045381,2.02631787855334,2.12529041547154,2.22538857723568,2.32649725280584,2.42849994236491,2.53127882082777,2.63471491481604,2.73868818302252,2.84307766924581,2.94776166715771,3.05261782109411,3.15752327584239,3.26235485459288,3.36698898185736,3.47130193392255
-3.61350993424058,-3.53285372197758,-3.45107943892621,-3.36828713856907,-3.28457770522444,-3.20005265312755,-3.11481403255085,-3.02896433026079,-2.94260637555376,-2.85584322845427,-2.76877805827326,-2.68151394928357,-2.59415397767948,-2.50680106446659,-2.41955781698717,-2.33252644740956,-2.24580865769379,-2.1595055339519,-2.07371739692589,-1.98854369899227,-1.90408298804723,-1.82043284883941,-1.7376897566379,-1.65594893603883,-1.57530424966151,-1.49584814840995,-1.41767159943045,-1.34086382772223,-1.26551242844031,-1.19170323114001,-1.11952015260086,-1.04904513277016,-0.980358130835604,-0.913536833218713,-0.848656515169811,-0.785790229722991,-0.725008551085405,-0.666379474798369,-0.609968287746711,-0.555837421248096,-0.504046164227668,-0.454650577267838,-0.407702953573862,-0.363251195757152,-0.321338400302782,-0.282000066350383,-0.245260977347493,-0.211126739583815,-0.179561718294364,-0.150420863028486,-0.12284515908988,-0.09484037677425,-0.0661037525346343,-0.0365670937297734,-0.0061434516339955,0.0253282917123483,0.0579612030229859,0.0919201494382832,0.127738898898924,0.165769456705391,0.206112995258313,0.248778446621504,0.293746646492556,0.34101675507984,0.390744177374393,0.443247699256463,0.498736355629182,0.55717282314616,0.618497822731278,0.682646731085193,0.749550756946305,0.819136996258609,0.891328800113301,0.966046169497426,1.0432058902565,1.12272161705252,1.20450413004737,1.28846136979572,1.37449856338315,1.46251841582287,1.5524211623043,1.64410481244652,1.7374650297206,1.83239540574208,1.92878745697232,2.02653099404721,2.12551394028041,2.22562262974577,2.32674193929669,2.42875535686334,2.53154504496849,2.63499201772089,2.73897622118814,2.84337668644742,2.94807169437021,3.0529388764238,3.15785536447443,3.26269796875745,3.36734310078773,3.47166702383953
-3.6138813114255,-3.53321680974926,-3.45143412237533,-3.36863331306928,-3.28491527651772,-3.20038153738899,-3.11513415644368,-3.02927563098132,-2.94290880086653,-2.85613673671578,-2.76906261844319,-2.68178954091605,-2.59442059092228,-2.50705870004513,-2.4198064861723,-2.33276617197695,-2.24603946987151,-2.15972747635709,-2.07393052248613,-1.98874807085631,-1.90427867949206,-1.82061994317125,-1.73786834707816,-1.65611912559564,-1.57546615098965,-1.49600188366584,-1.41781730011962,-1.34100163452026,-1.26564249102536,-1.19182570801133,-1.11963521088222,-1.04915294800669,-0.98045888679019,-0.913630721638451,-0.848743735538177,-0.785870989031464,-0.725083063578697,-0.666447961709416,-0.610030977018282,-0.555894547239313,-0.504097967391058,-0.454697303817529,-0.4077448550984,-0.363288528768255,-0.321371425741395,-0.28202904880586,-0.245286183956301,-0.211148438058604,-0.179580172685433,-0.150436322478627,-0.122857784456959,-0.0948501239598903,-0.0661105463240455,-0.0365708518996904,-0.00614408302502942,0.0253308948184268,0.0579671599647971,0.0919295964986085,0.127752027218353,0.165786493601732,0.20613417844733,0.248804014736952,0.293776836198586,0.341051802954293,0.390784335966802,0.443293253879465,0.498787613078902,0.557230086382829,0.618561388622741,0.68271688985766,0.749627791755985,0.819221182769027,0.891420406110417,0.96614545454533,1.04331310536697,1.12283700436324,1.20462792252648,1.28859379094996,1.37463982697905,1.46266872562747,1.55258071183137,1.64427378472778,1.73764359706464,1.8325837295214,1.92898568741006,2.02673927004186,2.12573238921178,2.22585136731172,2.32698106936334,2.42900497132232,2.53180522360073,2.63526282807858,2.73925771848497,2.84366891346455,2.94837468137916,3.0532526411197,3.15817991192468,3.26303329136868,3.3676891782648,3.4720238231703
-3.61424431830148,-3.5335717140435,-3.45178081176838,-3.36897168529291,-3.28524523943837,-3.20070300907101,-3.11544706520325,-3.02957991543023,-2.94320440994664,-2.85642362972216,-2.76934076503514,-2.68205892110854,-2.5946811950851,-2.50731052888735,-2.42004955071076,-2.33300049349653,-2.24626507987389,-2.15994441649889,-2.07413884450202,-1.98894783647175,-1.90446996033249,-1.82080282066526,-1.73804291234614,-1.656285479324,-1.57562440329414,-1.49615215394963,-1.41795971692428,-1.34113633535077,-1.26576962218634,-1.19194542442969,-1.119747675915,-1.04925833324246,-0.980557371850116,-0.91372249394791,-0.848828990084576,-0.785949928140987,-0.725155896667294,-0.666514905023746,-0.610092253363611,-0.555950385692649,-0.504148602985468,-0.45474297721783,-0.407785812222692,-0.363325020346849,-0.321403706834002,-0.282057378038372,-0.24531082244431,-0.211169647480901,-0.179598211141004,-0.150451433494942,-0.122870125266378,-0.0948596514579507,-0.0661171869911904,-0.0365745253658494,-0.00614470018541531,0.0253334392542292,0.0579729826456864,0.0919388306357478,0.127764859644298,0.165803146510872,0.206154884197658,0.248829006583761,0.293806345471956,0.341086060899939,0.390823589442153,0.443337781766621,0.498837715259244,0.557286058988298,0.618623521830208,0.68278546735205,0.749703090311578,0.819303471836283,0.891509947439786,0.966242501850698,1.04341790400268,1.12294979100953,1.20474892490071,1.28872322752138,1.37477790669617,1.46281564766473,1.552736665341,1.64443894861624,1.73781813975694,1.83276780875292,1.92917945001814,2.02694285179439,2.12594591461765,2.22607494946111,2.32721480978137,2.42924895982952,2.53205953817988,2.63552753475934,2.73953287123659,2.84395455410397,2.94867083949562,3.05355933400951,3.15849714454103,3.26336105628934,3.36802745565205,3.47237258075605
