1.73752003811531,1.65074908665933,1.56665755808034,1.48524350239053,1.40650181127106,1.3304242512535,1.25699946527027,1.18621298050765,1.11804724215985,1.05248169068571,0.989492761917369,0.929053898611909,0.87113558515439,0.815705387118511,0.762727990309133,0.712165268811503,0.663976369930379,0.618117726217207,0.574543098007655,0.533203626147417,0.49404789635869,0.457022011317434,0.42206966034549,0.389132210413277,0.358148774012038,0.329056298437961,0.30178964790593,0.27628165843731,0.252463209091648,0.23026330746371,0.209609200353197,0.190426429961689,0.172640952942167,0.156186167199219,0.141001504525124,0.127029850042188,0.114216035865657,0.102507042221011,0.0918518375064796,0.0822009136910193,0.0735070281340453,0.0657253742388925,0.0588149348228712,0.0527410226369016,0.0474833744088413,0.0430401592501912,0.039412457881685,0.0366012982673948,0.034607374214853,0.0334310683161875,0.0330725194905155,0.0335318350586761,0.0348089490075441,0.0369033883583109,0.039814324437687,0.0435406383895282,0.0480813259036658,0.0534385869477336,0.0596332963677538,0.0667008705018891,0.074682905244553,0.0836246955991523,0.0935740942076106,0.104581273901894,0.116697960494119,0.129977984461866,0.14447729418619,0.160253784968225,0.177368769085946,0.195889484342287,0.215890696113557,0.237447550145723,0.260633481673704,0.285520159403867,0.31217739505185,0.340673025116196,0.371072843012636,0.403440556021535,0.437837690874076,0.474323502155155,0.512954892584103,0.553786338470001,0.596869822258183,0.642254772516838,0.68998799398658,0.740113603365202,0.792672980638183,0.847704739507588,0.905244692141907,0.965325972336162,1.02797907157886,1.09323153555736,1.16110789350929,1.23162964508701,1.30481526133921,1.38068010623542,1.4592364098407,1.54049324705092,1.62445651090537,1.71112889634962
1.74793003388966,1.66063921203323,1.5760438662677,1.4941420349223,1.41492857907273,1.33839521592143,1.26453052035727,1.19331993285564,1.1247457934347,1.05878741937503,0.995421105328867,0.934620134941005,0.876354815759739,0.820592519034541,0.767297718992497,0.716432061295234,0.667954448486952,0.621821052093638,0.577985355415475,0.536398206568533,0.497007883236882,0.459760165181696,0.424598404350907,0.391463616427136,0.360294549106578,0.331027771918046,0.303597758828697,0.27793694346066,0.253975790749511,0.231642882953547,0.210865030986556,0.191567330951455,0.173675295885662,0.157121924660939,0.141846286187541,0.127790923395672,0.114900337873485,0.10312119218933,0.0924021489960354,0.0826934036453216,0.0739474304519892,0.0661191543698176,0.05916731247006,0.0530570096820815,0.0477678613304908,0.0432980255573952,0.0396485895584454,0.0368205874565499,0.0348147172160472,0.0336313637212873,0.0332706667236931,0.0337327341870945,0.0350174997028621,0.0371244874584316,0.0400528638156872,0.0438015032150867,0.0483693953293427,0.0537587533067451,0.0599905770606844,0.0671004951190664,0.0751303525895948,0.0841257158514208,0.0941347242457804,0.105207851204896,0.117397132445503,0.130756720959474,0.145342900331141,0.161213912729486,0.178431437772455,0.197063116104516,0.217184161043435,0.238870168555538,0.262195013847928,0.287230795015361,0.314047742036084,0.342714097837141,0.373296050022051,0.405857687560311,0.440460905807926,0.477165314361513,0.516028156861401,0.557104236000332,0.600445845665822,0.646102710567214,0.694121915866147,0.744547842576581,0.797422118603713,0.8527835889957,0.910668280482315,0.971109525372929,1.03413799783956,1.09978140860393,1.16806443386557,1.2390087020876,1.31263279498422,1.38895216857504,1.46797912619907,1.54972279712253,1.63418910969167,1.72138077499827
1.75753452387875,1.66976405821026,1.58470387967925,1.50235201583598,1.42270329951891,1.34574940241833,1.27147883664465,1.19987696267186,1.13092602348045,1.06460522270399,1.00089072473908,0.939755666430023,0.881170192171645,0.825101493925629,0.771513850712778,0.720368697446088,0.671624710848303,0.625237821617615,0.5811612574552,0.53934559639837,0.499738831928475,0.462286445878436,0.426931478927637,0.393614622652883,0.362274288182471,0.332846696508765,0.305265961547825,0.279464145659437,0.255371331699337,0.232915709501084,0.212023687820578,0.192619951180347,0.174629603328377,0.15798527498001,0.142625700242603,0.128493106332433,0.115531689886125,0.103687820394602,0.0929098784232985,0.0831477856583749,0.0743537552714756,0.0664824645389431,0.0594924238013387,0.0533485462473115,0.048030335192175,0.0435359386574338,0.0398664498126389,0.0370229084629759,0.0350060164079436,0.0338161606467465,0.0334534816987107,0.0339180881209036,0.0352099131397951,0.0373284783283357,0.040272945467752,0.0440421828138005,0.0486351744876682,0.0540541457984064,0.0603202120492983,0.0674691975391512,0.075543177305306,0.0845879681041165,0.0946519737918805,0.105785945141197,0.118042203793589,0.131475200299672,0.146141527509661,0.16209974762041,0.179411879165758,0.198145934460599,0.218377540103287,0.240182707443309,0.263635717615738,0.288809064878454,0.315773365107947,0.344597236211091,0.375347229477687,0.408087786031983,0.442881141331314,0.479787232513882,0.518863617761191,0.560165400894693,0.603745163145283,0.649652902448611,0.697935962688895,0.748638968743977,0.801803777255211,0.857469446715726,0.915672201814228,0.976445558013777,1.0398203580342,1.10582446486152,1.17448269028554,1.24581678161302,1.31984542266058,1.39658415437525,1.47604534770016,1.55823818206486,1.64316861839053,1.73083938266582
1.76641149205417,1.67819771467835,1.59270791357801,1.50994010634098,1.42988909970736,1.35254652330276,1.27790083121446,1.20593730997505,1.13663811287772,1.06998233851761,1.00594603090227,0.944502191195386,0.885620812996875,0.829268922561344,0.775410618489809,0.724007140910449,0.675016957830096,0.62839577736139,0.584096590967643,0.542069727065354,0.502262916460972,0.464621365626661,0.429087827551254,0.395602694256142,0.364104065796097,0.334527841028009,0.306807801090025,0.280875665202003,0.256661163081657,0.234092121863233,0.213094578607443,0.193592837432849,0.175511623800903,0.158783228157673,0.1433460751683,0.129142100249865,0.116115218186956,0.104211527593133,0.093379148314012,0.0835677490998424,0.0747293017602075,0.0668182546551072,0.0597929085688285,0.0536179994732983,0.0482729271590256,0.0437558302935287,0.0400678075677472,0.0372099040387226,0.0351828250506072,0.0339869595572643,0.033622448787756,0.0340894018474504,0.0353877516255571,0.0375170172785841,0.0404763563540762,0.044264631391568,0.0488808213812382,0.0543271628717456,0.0606248778157006,0.0678099714535403,0.0759247313355103,0.0850152056295714,0.0951300426705713,0.106320249563481,0.118638412216351,0.132139256199036,0.146879660201329,0.162918482206456,0.180318053991919,0.199146731389705,0.219480522973544,0.2413958240116,0.264967290818643,0.290267783807082,0.317368275520586,0.346337730441856,0.377243035998432,0.410148958794262,0.44511804862598,0.482210545362723,0.52148429790128,0.562994688381883,0.60679456361309,0.652934174060493,0.701461102733141,0.752420199900537,0.805853533613861,0.861800359643167,0.92029708564108,0.981377396350805,1.04507229027281,1.11140977112367,1.18041477601279,1.25210916208836,1.32651170753535,1.40363803179515,1.48350056829412,1.56610854282533,1.65146794641745,1.73958151882754
1.77463020263103,1.68600598662955,1.60011842094511,1.51696551394178,1.43654204819664,1.35883961438984,1.28384661288817,1.2115482617658,1.14192663127924,1.07496072277416,1.01062646879634,0.948896744890019,0.889741405042167,0.833127322088055,0.779018427587668,0.727375781328321,0.678157658077937,0.631319559869084,0.586814259445056,0.544591854111781,0.504599831479048,0.46678314307721,0.431084275537787,0.397443343539814,0.365798159131709,0.336084322922336,0.30823530794855,0.282182515735282,0.257855349048618,0.235181299218891,0.21408605917409,0.194493580837073,0.176328239434001,0.159522010373798,0.14401303182559,0.12974296904517,0.116655475865385,0.104696400108916,0.0938136202348294,0.0839565708135264,0.0750770001903531,0.0671291447838976,0.0600711113614885,0.0538674718195572,0.0484975301005275,0.0439594162115612,0.0402542339555567,0.0373830332519681,0.0353465227267535,0.03414509314349,0.0337788863883463,0.0342480120743329,0.0355524027784084,0.0376915754198252,0.0406646836263888,0.0444705846452891,0.0491082527161785,0.0545799347938677,0.0609069515718816,0.0681254758148451,0.0762779918273492,0.0854107620289978,0.0955726611042665,0.106814933482575,0.119190409742234,0.132754070078716,0.147563057825412,0.163676504818344,0.181157032850587,0.200073315798255,0.220501715885667,0.242518983830781,0.266200123307206,0.291618333730262,0.318844917862712,0.347949161063291,0.378998261971517,0.412057288535602,0.447189081582147,0.484454161262685,0.523910645631755,0.565614174510079,0.609617840590389,0.655972128142249,0.704724841567623,0.755921039814105,0.809602986665944,0.865810120541353,0.924579018489479,0.98594352198097,1.04993477374525,1.11658090779384,1.18590697726281,1.25793494099669,1.33268366455109,1.41016884004107,1.49040295874293,1.57339528937523,1.65915185084155,1.74767539564641
1.78225224616029,1.69324738881105,1.60699093570245,1.5234808866445,1.44271200180541,1.36467583574728,1.28936073901643,1.21675186619859,1.14683121054196,1.07957768320292,1.01496711335742,0.952972260050079,0.893562847790612,0.836705607132993,0.78236431472312,0.730499863099945,0.681070347821358,0.634031079800989,0.589334628940881,0.546930878214699,0.506767089691315,0.468787978467695,0.43293578415522,0.39915036422524,0.367369263628686,0.337527806378786,0.309559179778835,0.283394490723051,0.25896283876213,0.236191403801387,0.215005559619655,0.195328931513008,0.177085569898912,0.160207158020413,0.144631568349834,0.13030021559502,0.117156511581815,0.105146071549087,0.0942165500936852,0.0843171646072978,0.0753994561942285,0.0674174647183077,0.0603291170152689,0.0540988328177026,0.0487058271783862,0.0441482220728547,0.0404271260448445,0.0375435935232177,0.0354983361774836,0.0342917464495503,0.0339239668349881,0.034395107417596,0.0357051004847503,0.0378534608808696,0.0408393385985877,0.0446615859769668,0.0493191728500147,0.0548143558232214,0.0611685471625726,0.0684180749948559,0.0766056060949134,0.085777601579619,0.0959831460504056,0.107273704031714,0.119702333009391,0.133324249319059,0.148196841724947,0.164379496034538,0.18193510300175,0.200932631457256,0.221448771601424,0.243560603796839,0.267343453858175,0.292870835592524,0.320214358008286,0.34944360404508,0.380626060960838,0.413827076170857,0.449109760403332,0.486534893744078,0.5261608438649,0.568043489559767,0.612236151554725,0.658789530949475,0.707751637466066,0.759167723580449,0.813080234599985,0.869528778331046,0.928550088921346,0.990178153190778,1.05444424762691,1.12137662707695,1.19100045228028,1.26333777639475,1.33840754600362,1.41622552061963,1.49680424516916,1.58015302817995,1.6662779144068,1.75518166817624
1.78933246553705,1.69997402528899,1.61337490766026,1.52953310451488,1.44844335520518,1.37009718074268,1.2944828853948,1.22158556477202,1.15138714058848,1.08386644022247,1.01899919682835,0.956758061232631,0.897112637671874,0.84002952453303,0.785472354560198,0.733401864933065,0.683775984738898,0.636549847358357,0.591675834271502,0.549103629355861,0.508780285172295,0.470650297191596,0.434655675564795,0.400736038839547,0.368828683856307,0.338868677694879,0.310788942236785,0.284520310689786,0.259991600943697,0.237129703616927,0.215859696026333,0.196104900059952,0.177789064416057,0.160843600940856,0.145206135297318,0.130817849455906,0.117621930438883,0.10556377743487,0.0945908370920726,0.0846521250619316,0.0756989899397426,0.0676852890069621,0.0605687819584297,0.0543137471796854,0.0488993171527107,0.0443236063923545,0.0405877278461811,0.0376927401319028,0.035639357746225,0.0344279746900802,0.0340587340251202,0.0345317462724654,0.0358469434504954,0.0380038384762878,0.0410015779657158,0.0448390096986157,0.0495150994165322,0.0550321126896023,0.0614115468467092,0.0686898743326561,0.0769099314213705,0.086118363802309,0.096364451071607,0.107699862202948,0.120177865459661,0.13385389653115,0.148785572165666,0.165032514088225,0.182657862894106,0.201730861401267,0.222328504471465,0.244528178678639,0.26840550907866,0.294034301521389,0.321486449490943,0.350831812353851,0.382138145469593,0.41547105585423,0.450893904951192,0.488467714302771,0.528251083453628,0.570300113183211,0.614668336040804,0.661406654542548,0.710563269135106,0.762183612065529,0.816310297260463,0.872983089873227,0.932238869982521,0.994111759425119,1.05863315893834,1.12583143561529,1.19573185014954,1.26835654330785,1.34372453694114,1.4218516531688,1.50275048675347,1.58643038320221,1.67289741128333,1.76215434630501
1.79591977062244,1.70623236338853,1.61931443703145,1.53516397602238,1.45377570034696,1.37514109980189,1.29924843559754,1.22608274847491,1.15562589359415,1.08785662038802,1.02275057267412,0.960280300594868,0.900415296486891,0.843122035771387,0.788364017308894,0.736101833735709,0.68629325925791,0.638893262082768,0.59385404838602,0.551125116809829,0.510653324992681,0.47238296406924,0.436255830704875,0.402211321157053,0.370186501428837,0.340116199553925,0.311933090470335,0.285567752753013,0.260948742239706,0.238002680401632,0.216654368732916,0.196826846836369,0.178443582696315,0.161435735656363,0.145740701752628,0.131299446421019,0.118054947530707,0.105952403261162,0.0949390667890176,0.084963766070324,0.0759776705935579,0.0679344677689132,0.0607917617864355,0.0545136995249841,0.0490793366442005,0.0444867807176487,0.0407371487901336,0.0378315033765962,0.0357705616041125,0.0345547189241025,0.0341841189248896,0.0346588725344705,0.0359789115209547,0.0381437470082575,0.041152522470577,0.0450040814459294,0.049697385868308,0.0552347096483911,0.0616376292560078,0.0689427514067722,0.0771930700734246,0.0864354026683366,0.0967192102071062,0.10809635187921,0.120620292051444,0.134346670495911,0.149333316072982,0.165640070000972,0.183330305322946,0.20247351976956,0.223146991653886,0.245428392443244,0.269393625601975,0.295116768691127,0.322669979865763,0.352123375674891,0.383544960914713,0.417000584129032,0.452553840022098,0.490265974782837,0.530195803686127,0.572399634042596,0.616931195477948,0.663841577902456,0.713179159209429,0.764989538901631,0.81931548778596,0.876196917408433,0.93567084361923,0.997771513872339,1.06253044450475,1.12997610704106,1.20013385517038,1.27302591116918,1.34867136691603,1.42708610277835,1.50828275988556,1.59227071814955,1.67905606868039,1.76864159700337
1.80205785205235,1.7120639118553,1.62484891804653,1.54041084820857,1.45874440428102,1.37984104697451,1.30368899737866,1.2302732451068,1.15957558330381,1.09157468877239,1.02624612208577,0.963562339568439,0.903492729288168,0.846003652086087,0.791058482069408,0.738617677188231,0.688638867329625,0.641076866791528,0.595883718400294,0.553008748194919,0.512398632184312,0.473997471101787,0.437746862685781,0.403585996062736,0.371451722140359,0.341278646208081,0.312999213100817,0.286543764125475,0.261840610938465,0.23881612421841,0.217394848446532,0.197499560190962,0.179053465865459,0.161987489530543,0.146238813254958,0.131748200706715,0.118458434865164,0.106314526608513,0.0952635488356898,0.085254154607308,0.0762373465192796,0.0681666536949687,0.0609995354243321,0.054700016047695,0.0492470796412853,0.0446388273107461,0.0408763799187099,0.0379608036115733,0.035892817967404,0.0346728197891931,0.034300953156019,0.0347773293750072,0.036101879981065,0.0382741144272305,0.041293173260274,0.0451578960656648,0.0498672412295014,0.0554234904342175,0.0618482938935428,0.0691783834372556,0.077456899982581,0.0867308209540997,0.0970497764149064,0.108465802798435,0.121032547201603,0.134805839561718,0.149843706386206,0.166206193418261,0.183956890296869,0.203165532281519,0.223909661806538,0.246267215804215,0.270314357161198,0.296125416620277,0.323772798958131,0.353326860367595,0.384855838071164,0.418425805669311,0.454100575219802,0.491941602238338,0.532007903018211,0.574355977316765,0.619039738396424,0.66611045078218,0.715616657712954,0.767604114541156,0.822115738255431,0.879191576811189,0.938868772571111,1.00118169003988,1.06616195327079,1.13383813109822,1.20423566386491,1.27737684979849,1.35328084602959,1.43196358720145,1.51343775764824,1.59771276934044,1.68479473420628,1.77468644729141
1.80778580522563,1.71750581368193,1.63001360158076,1.54530714007628,1.46338111426788,1.38422695772352,1.30783285409281,1.23418374527764,1.16326136655127,1.09504432693928,1.02950810933267,0.96662508250663,0.906364537227001,0.848692727410752,0.793572910747411,0.740965419500207,0.690827748880165,0.643114569559656,0.597777771930168,0.554766520960353,0.514027323165493,0.475504101599599,0.439138268365882,0.404868819299629,0.372632404585227,0.342363421650942,0.313994100603387,0.287454561334974,0.262672887636247,0.239575216150442,0.218085851518712,0.198127324849698,0.179622598463962,0.162502376859843,0.146703642435379,0.132166970572207,0.118834962381811,0.10665245395605,0.0955663499617634,0.0855251402501174,0.0764796716757224,0.0683833256513652,0.0611934262487053,0.0548738834571913,0.0494036145526283,0.0447807146049054,0.0410063080393864,0.0380814643912811,0.0360069055258807,0.0347830295074393,0.0344099808729998,0.0348878712834842,0.0362166320561792,0.0383957710848889,0.0414244261845581,0.0453014332522059,0.0500257473630963,0.0555996574521328,0.0620448825495984,0.0693982712396813,0.0777031015657002,0.0870065002729071,0.0973582551766446,0.108810568111393,0.12141725669471,0.135234328322839,0.150319993944074,0.166734490160746,0.18454160873547,0.203811306585606,0.224621372618936,0.247049991495148,0.271173568189368,0.297066669709287,0.324801930974676,0.354449931809914,0.38607912633376,0.419755798165743,0.45554396219423,0.493505269275109,0.533698923288638,0.57618160358016,0.621007394778762,0.668227724356926,0.717891289851279,0.770043992050471,0.824728884357473,0.881986142022612,0.941853025467885,1.0043640084277,1.06955081547436,1.13744210625008,1.20806340196131,1.28143707171198,1.35758233352486,1.43651517269244,1.51824831386684,1.60279119893509,1.69014995925254,1.78032739874908
1.81313867508806,1.72259136368572,1.63484008636565,1.54988280827458,1.46771419877445,1.38832566606792,1.31170535881629,1.23783817433428,1.16670579381314,1.09828676293958,1.03255649200923,0.969487267980964,0.909048290690313,0.851205714131797,0.79592268720063,0.743159424703524,0.692873295994444,0.645018837525218,0.599547797234355,0.556409189567525,0.515549362645329,0.476912073477439,0.440438560687783,0.406067639477774,0.373735772452429,0.343377162790217,0.314923839930493,0.288305716850047,0.263450664394889,0.240284600498195,0.218731605666489,0.198713981622335,0.180154462577039,0.162983547844344,0.147138033226607,0.13255831814864,0.119186833763309,0.106968252821649,0.0958493227747452,0.0857783809517547,0.0767061286643869,0.0685858092873768,0.06137462052858,0.055036365514603,0.0495498990951165,0.0449133106994946,0.0411277280825349,0.0381942239463502,0.0361135222936813,0.0348860223674542,0.0345118691326872,0.0349911745809313,0.0363238698261031,0.0385094613048758,0.0415470842792566,0.0454355711993454,0.0501738740463746,0.0557642885328045,0.0622285979991599,0.0696037601386151,0.0779331811411601,0.0872641272947592,0.0976465338369194,0.109132757172218,0.121776774272657,0.135634758372878,0.150765092784312,0.167228192470406,0.185088038081751,0.204414793678763,0.225286478502871,0.247781508719239,0.271976515538801,0.297946286762825,0.325763672383725,0.355499461213366,0.387222310063765,0.420998698820836,0.456892831921603,0.494966542770686,0.535279210551559,0.57788768243761,0.622846203202996,0.670206352597403,0.720016972351297,0.772324099165971,0.827170913925907,0.884597710840704,0.944641860660803,1.00733793919764,1.07271776496027,1.14081008245236,1.21164048844887,1.28523141828885,1.36160214689981,1.44076870690684,1.52274386063986,1.60753707794341,1.69515450832784,1.7855989640255
1.81814793155001,1.72735046018418,1.63935674765549,1.55416475348886,1.47176913231898,1.3921612686115,1.31532927828538,1.24125801693035,1.16992911512725,1.10132105928984,1.03540919177841,0.972165722987542,0.911559767659467,0.853557386280511,0.798121625935351,0.745212591513985,0.694787534592385,0.646800866017768,0.601204200420062,0.557946411384381,0.516973698804371,0.478229664304149,0.441655384164404,0.407189504547992,0.374768312521726,0.344325829483629,0.315793897087107,0.289102234675733,0.264178513820394,0.240948447783729,0.21933590732536,0.199262979506611,0.180652185072407,0.16343383132318,0.147544539443625,0.132924544196815,0.119516117687044,0.107263779809757,0.096114130892337,0.0860153655326817,0.0769180488423427,0.068775295018993,0.0615441835182767,0.0551884174637364,0.0496867932861906,0.0450373951365761,0.0412413538854001,0.0382997451983874,0.0362132950785206,0.0349824038717357,0.0346072169435536,0.0350878465949306,0.0364242237494679,0.0386158534802445,0.0416618686602091,0.0455610985138083,0.0503124921268563,0.0559183515543025,0.062400520318687,0.0697960582182054,0.0781484913634808,0.0875052166276127,0.0979163072068939,0.109434264153778,0.122113213565371,0.136009483869157,0.151181619675301,0.167690202858945,0.18559939083349,0.204979541505403,0.2259088896641,0.248466068119331,0.272727919795233,0.29876943911338,0.326663677332809,0.356481618837474,0.388292110121283,0.422161814737736,0.458155114504931,0.496334013657987,0.536758055430466,0.579484244050522,0.624566974157289,0.67205796800262,0.722006202254679,0.774457840802847,0.829456183829775,0.88704163686806,0.947251673914339,1.01012096630451,1.07568142045436,1.14396186028154,1.21498795327862,1.28878219676797,1.36536391892899,1.44474919668096,1.526950827613,1.61197830773248,1.69983780353935,1.79053213503546
1.82284188442571,1.73180999921246,1.64358911136277,1.55817717513363,1.47556883135949,1.39575544226307,1.31872509308195,1.24446260030717,1.17294954709487,1.10416436431668,1.03808233067373,0.974675584815553,0.913913161747225,0.855761034332676,0.800182154254421,0.747136523404369,0.696581282993936,0.64847072617181,0.602756342650335,0.559386874020427,0.518308381278803,0.479464320444638,0.442795615673949,0.408240754731028,0.375735860193593,0.345214783121249,0.316609189201482,0.289848616332736,0.264860549353987,0.241570509740153,0.21990217170631,0.199777421164215,0.181118578828881,0.163855772073552,0.147925458456427,0.133267718443342,0.119824675101198,0.107540705091225,0.0963622708776862,0.0862374333113207,0.0771166298765322,0.068952853724877,0.0617030735030767,0.0553308986262227,0.0498150707834078,0.0451536691793792,0.0413478276042372,0.0383986245007769,0.0363067877463188,0.0350727187203809,0.0346965631637776,0.035178433667395,0.0365182609764982,0.0387155488864025,0.0417694280313753,0.045678724613246,0.0504423850046604,0.0560627172038341,0.0625616211272143,0.0699762522511004,0.0783502490584416,0.0877311307878964,0.0981690999108406,0.10971679302286,0.122428475959608,0.136360622572917,0.151571928618877,0.168123132378198,0.186078556900901,0.20550874173802,0.226492123659467,0.249107538483059,0.273432027520018,0.299540778806681,0.327507032200142,0.357401955346313,0.389294572481627,0.423251719266356,0.459337943734572,0.497615410199098,0.538143815617589,0.580980311387279,0.626179432579147,0.673793034977535,0.723870221694757,0.776457275802532,0.831597609272554,0.889331731953278,0.949697214588793,1.01272881802676,1.07845853105645,1.14691525201088,1.21812471464895,1.29210947437487,1.36888890926801,1.44847913775382,1.53089299046122,1.61613998791363,1.70422631253122,1.79515479159626
1.82724604579315,1.73599421878709,1.64756018078468,1.56194188110017,1.47913394761977,1.39912772169649,1.32191125978069,1.24746934167861,1.17578350604952,1.10683213165195,1.040590437458,0.977030494801498,0.916121263873115,0.857828635323946,0.802115471324208,0.74894167712653,0.698264290391371,0.650037493835272,0.604212659965053,0.560738406526381,0.519560664194152,0.480622752371844,0.443865452482552,0.409227103671088,0.376643674181172,0.346048855250204,0.317374147463398,0.290548918475981,0.265500477923321,0.242154167333058,0.220433476509825,0.200260102634229,0.181556178740656,0.164251663383361,0.148282860595889,0.133589706072719,0.120114183044512,0.107800533781161,0.0965950913950906,0.0864457912470594,0.0773029510736646,0.0691194504533944,0.0618521540650807,0.0554645834006605,0.0499354287871025,0.0452627647883276,0.041447727933782,0.0384913992718824,0.0363945084385711,0.0351574577831373,0.0347803933985196,0.0352634281476342,0.0366064926084203,0.0388090893773148,0.041870346988114,0.0457890888066379,0.0505642586598672,0.0561981701223633,0.0627127760228786,0.0701453216089179,0.0785395507982035,0.0879430976404463,0.0984062859010231,0.109981879350599,0.122724274936306,0.136690082956238,0.151938140981077,0.168529334041062,0.186528140596894,0.206005270629948,0.227039350420917,0.249709406262541,0.274092665605259,0.30026449814694,0.328298320699218,0.358265472855886,0.39023514562257,0.424274336140931,0.460447748399298,0.498817696905459,0.539444022850657,0.582384015715403,0.627692342332656,0.675420983775317,0.725619161793548,0.778333271283421,0.833606829104128,0.89148044297982,0.951991774429114,1.01517566828522,1.08106419062542,1.14968630960386,1.22106782115469,1.29523133517814,1.37219627657289,1.45197880270806,1.53459177521259,1.62004473761242,1.70834388726502,1.79949205828366
1.83138344671818,1.7399249998131,1.6512907221815,1.56547855849432,1.48248312447376,1.40229574186722,1.32490444008151,1.25029396446003,1.17844581186036,1.10933831208446,1.04294662799316,0.979242767681922,0.918195621058514,0.859771001540841,0.803931687208584,0.750637492528548,0.699845357882325,0.65150936224319,0.605580768011589,0.56200807658926,0.520737096222883,0.481711017975062,0.444870489181313,0.410153709368866,0.377496501795466,0.346832407556754,0.318092772135931,0.291206803256651,0.266101645962778,0.24270247273409,0.220932600134538,0.200713548045038,0.181967273187184,0.164623575521621,0.148618614856246,0.133892190882989,0.120386155466169,0.108044624624434,0.096813809953224,0.0866415289242559,0.0774779867794557,0.0692759564033738,0.0619922048042972,0.0555901708765214,0.0500484966958994,0.0453652524666211,0.0415415772915564,0.0385785546669206,0.0364769158807578,0.0352370641933897,0.0348591460285505,0.0353432745047099,0.036689380042616,0.0388969641124435,0.0419651532747433,0.0458927682311033,0.0506787504170305,0.0563254186456721,0.0628547754531827,0.0703041504208226,0.078717386514894,0.0881422256420446,0.0986291055148636,0.110230909376089,0.1230021573429,0.136999587895087,0.152282171828202,0.168910932033386,0.186950492968774,0.206471724723105,0.227553431609168,0.250274818857542,0.274713288783418,0.300944381742937,0.329041680784124,0.359076687033753,0.39111874816542,0.425235013021231,0.461490332097613,0.499947160999989,0.540665476416957,0.583702697548584,0.629113615008975,0.676950327570855,0.727262168436322,0.780095637552594,0.835494350313318,0.893499006389995,0.954147352577557,1.01747431260775,1.08351202516451,1.15228952399406,1.22383266343983,1.29816410459724,1.37530331634845,1.45526649264739,1.53806652424538,1.6237129762776,1.71221206013408,1.80356661634532
1.83527491440162,1.74362212939048,1.65479951466996,1.56880501054368,1.4856332212929,1.40527545022479,1.3277197013101,1.25295068747793,1.18094986626894,1.11169552143852,1.04516276307163,0.981323539784294,0.920146675379132,0.861597910631699,0.805639944529613,0.752232506150294,0.701332444378868,0.652893740611997,0.606867553688644,0.563202275582268,0.521843599388647,0.482734595458284,0.445815785009485,0.411025236250969,0.378298636072688,0.347569384353174,0.318768680693105,0.291825582391137,0.266667079683188,0.243218186049632,0.221402055111421,0.201140039988736,0.182353931570671,0.164973380651302,0.148934411385863,0.13417669554793,0.120641961444087,0.1082742063463,0.0970195275561755,0.0868256316638853,0.0776426181035352,0.0694231594077837,0.0621239307200542,0.0557082932467278,0.050154843680659,0.0454616481254557,0.0416298481044432,0.038660529416135,0.0365544249024735,0.0353119386806598,0.0349332174855605,0.0354183746760087,0.0367673405249045,0.0389796154431077,0.0420543241352161,0.0459902847969515,0.0507864366144997,0.0564451033282048,0.0629883342269416,0.0704535382128029,0.078884651413076,0.0883295171801697,0.0988386804006942,0.110465136687864,0.123263522007494,0.137290695401761,0.152605752972007,0.169269847275612,0.187347740089848,0.206910452093795,0.228036955049849,0.250806622490096,0.275297021200257,0.30158385205057,0.329740854444109,0.35983968143887,0.391949828063845,0.426138585844283,0.462470943076049,0.501009488075155,0.541814324973387,0.584942994979644,0.630450405131441,0.678388764905078,0.728807512329722,0.781753246159339,0.837269674464997,0.895397583400062,0.956174799966825,1.01963632210573,1.08581435679151,1.15473799946359,1.22643315940273,1.30092254585645,1.37822566907589,1.45835875742519,1.54133472904696,1.62716316940111,1.71585030307613,1.80739897663831
1.83893931501016,1.74710353151823,1.65810356917481,1.57193736417103,1.4885995100148,1.40808129264904,1.33037069209261,1.25545239075172,1.18330780914423,1.1139151876658,1.04724958670495,0.983282898868943,0.921983885712443,0.863318219607352,0.807248525064242,0.753734450753618,0.702732759402957,0.654197340525905,0.608079255442746,0.564326793083804,0.522885538113007,0.483698447212308,0.446705922841734,0.41184590955393,0.379053965828114,0.348263358565723,0.319405149997158,0.29240825577337,0.267199520355373,0.243703807501751,0.221844117398175,0.20154164613458,0.182718028443882,0.165302774657458,0.149231781193204,0.134444599370382,0.120882841147429,0.108490391978497,0.0972132415404006,0.0869989920117054,0.0777976431925803,0.0695617731193233,0.0622479704308077,0.0558195231785883,0.0502549853206185,0.0455524190991931,0.0417129683168595,0.03873772094009,0.0366274112740554,0.0353824442428373,0.0350029668742804,0.0354890927535554,0.0368407520143422,0.039057444069996,0.0421382918774565,0.0460821112727969,0.0508878393241294,0.0565578044114931,0.0631140998484629,0.0705942092295944,0.0790421564072185,0.088505880260146,0.0990360265954062,0.110685696839874,0.123509636048235,0.137564816790241,0.152910453161428,0.169607819819396,0.187721807847985,0.207323579729669,0.228492264905772,0.251307395389495,0.275846692840239,0.302186009276339,0.330399231332609,0.36055815513308,0.392732414463955,0.426989435208068,0.463394335420129,0.502009828383074,0.542896138235567,0.586110921076134,0.631709193572393,0.679743269444664,0.730262685432528,0.783314133331323,0.838941408481817,0.897185378473023,0.958083945834495,1.0216721783853,1.0879823474062,1.15704360643001,1.22888191646925,1.30352003211384,1.38097750257006,1.46127058860441,1.54441223415246,1.63041204381298,1.71927625460275,1.81100771877166
1.84239376674368,1.7503854695212,1.66121832054378,1.57489025212569,1.49139584761872,1.41072637659641,1.33286979649807,1.25781076095578,1.18553065558577,1.11600767990827,1.04921684746266,0.9851299980564,0.923715834562675,0.864939964868851,0.80876494327556,0.75515034265324,0.704052844508053,0.655426251734991,0.609221533722913,0.565386882262782,0.523867779799192,0.48460707585809,0.44754506094539,0.412619563042432,0.379766019574893,0.34891757208593,0.320005153306183,0.292957545354493,0.267701455269023,0.244161605664756,0.222260852083035,0.201920242580467,0.183061264680636,0.165613296299912,0.149512113437467,0.134697153859574,0.121109919842601,0.108694191429399,0.0973958568382624,0.0871624198183308,0.0779437862442823,0.069692445070147,0.0623649033864564,0.0559243802812857,0.0503493894261492,0.0456379894232592,0.0417913262237987,0.0388104898379877,0.036696215950391,0.0354489102457409,0.0350687200280741,0.0355557590959316,0.0369099574517492,0.0391308135685287,0.0422174487556827,0.0461686766248295,0.0509834322473616,0.056664048377185,0.0632326598302152,0.0707268206140263,0.0791906372798571,0.0886721387598125,0.0992220659991869,0.110893620176008,0.123741649183672,0.137823232615033,0.153197695799445,0.169926428499091,0.18807444369586,0.207713037551116,0.228921488151018,0.251779476909838,0.276364871487293,0.302753666389909,0.331019887048713,0.361235464456921,0.393470163207963,0.427791535844348,0.464264822745202,0.502952855000508,0.543915969880115,0.587211931789658,0.632895860745695,0.681020168739989,0.731634485567,0.784785590732713,0.840517361847541,0.898870743270359,0.959883708730711,1.02359139192264,1.09002612474858,1.15921711550634,1.23119037397624,1.30596869749277,1.38357167198542,1.46401558876659,1.54731341608707,1.63347477658786,1.72250591900202,1.81440970093739
1.84565382707121,1.75348272393557,1.66415779637133,1.57767697303402,1.49403482769085,1.41322261446714,1.33522826949323,1.26003641924628,1.18762841640493,1.1179824219141,1.05107340510041,0.986873155942673,0.925350321934767,0.866470450108249,0.810196028504711,0.756486558460002,0.705298644829512,0.656586008763846,0.610299532893673,0.56638731733689,0.524794748070916,0.485464573495653,0.448336978462863,0.413349680942371,0.380438004118321,0.34953497122984,0.320571392795118,0.293475924915094,0.268175144938244,0.244593642278482,0.222654135972351,0.202277534373375,0.183385186079669,0.165906344043953,0.149776670622961,0.134935496419918,0.12132422020123,0.108886522530224,0.0975681958760268,0.0873166510972409,0.0780817054284973,0.0698157637544601,0.0624752562062662,0.0560233367892741,0.0504384811555863,0.0457187444721702,0.0418652747179351,0.038879163831841,0.0367611488002245,0.0355116360256648,0.035130773072849,0.0356186739416807,0.0369752685107372,0.0392000543655838,0.042292151260816,0.0462503707087739,0.0510736458964907,0.0567643137056104,0.063344548118939,0.070851969594737,0.0793307627294584,0.0888290414409581,0.099397636459106,0.111089843099813,0.123960606308174,0.138067106677663,0.153468774512019,0.170227108200764,0.188407235764299,0.208080579520403,0.22932655783542,0.252224993117489,0.276853890810806,0.30328937989189,0.331605616777542,0.361874659740703,0.394166396821153,0.428548500093593,0.465086325378037,0.503842814942189,0.54487841282088,0.588250985632128,0.634015750925697,0.682225213434792,0.732929090772304,0.786174245219144,0.842004632025836,0.900461268001067,0.961582194067752,1.02540260608795,1.09195489317442,1.16126831530817,1.23336892829307,1.30827956980277,1.3860198604235,1.46660612029463,1.55005134061389,1.63636516104926,1.72555384139072,1.81762024430259
1.84873365752756,1.75640874907564,1.66693476558965,1.58030963226869,1.49652791382525,1.41558084979047,1.3374563561638,1.26213903376867,1.18961020416709,1.11984799186128,1.05282732440933,0.988519944716197,0.926894447958018,0.867916323674915,0.811547997312516,0.75774890262682,0.70647557206002,0.65768164953751,0.611317935728125,0.567332444144768,0.525670469630797,0.486274665050745,0.449085115443226,0.41403943484845,0.38107283852478,0.350118237947665,0.321106328179254,0.293965646269393,0.268622647046659,0.245001794087814,0.223025677471165,0.202615073570521,0.18369119973892,0.166183190873946,0.15002660197253,0.13516066239927,0.12152667313308,0.109068220757409,0.0977310072856332,0.0874623558211993,0.0782119998590865,0.069932264862301,0.0625795082572254,0.0561168225645476,0.0505226475188321,0.0457950350417161,0.0419351350277336,0.0389440412379562,0.0368224918885247,0.0355708940601796,0.0351893955638481,0.035678110589665,0.0370369688991964,0.0392654672396315,0.0423627238967066,0.0463275483995398,0.0511588721549808,0.0568590359442125,0.0634502507516209,0.0709701998124789,0.0794631414537871,0.0889772698807803,0.0995635006442345,0.111275217993606,0.124167458560257,0.138297498354547,0.153724866851173,0.170511165061614,0.188721629684976,0.208427802220989,0.229709233560907,0.252645879311998,0.277315875085633,0.303795476894254,0.332158964898988,0.362478517615948,0.394824139706626,0.429263616169672,0.465862411883926,0.504683574148446,0.545787647860628,0.589232596200132,0.63507372885789,0.683363638181412,0.73415212474704,0.78748612903447,0.843409679642064,0.901963861822986,0.963186779978794,1.02711368870265,1.09377703115481,1.16320611614223,1.23542704294792,1.31046268735461,1.38833270268928,1.4690534363246,1.55263790113663,1.63909575287899,1.72843326178736,1.82065329530293
1.8516461689957,1.7591758110608,1.6695608694644,1.58279926613696,1.49888555722816,1.41781096846782,1.33956339681814,1.26412741884257,1.19148432667692,1.12161221036057,1.05448595795226,0.990077267840458,0.928354685725876,0.869283646780542,0.812826517254799,0.758942666996221,0.707588559967828,0.658717767065236,0.61228101144822,0.568226224729706,0.526498615570061,0.48704074648863,0.449792608133464,0.414691716261377,0.381673184068272,0.350669817337738,0.32161220194831,0.294428762366464,0.269045837557061,0.245387772096106,0.223377034109629,0.202934275161831,0.183980588490867,0.166444997352808,0.150262955217353,0.1353735957105,0.121718127336201,0.109240047803707,0.0978849735848634,0.0876001447954642,0.0783352157401887,0.0700424367751534,0.0626780965718414,0.0562052295065694,0.0506022413476674,0.0458671809477527,0.0420012000129135,0.0390053940273422,0.036880502370172,0.0356269327634619,0.0352448332510019,0.0357343182028227,0.0370953172698363,0.0393273264064031,0.0424294625091986,0.0464005332318628,0.0512394682977738,0.0569486121758024,0.0635502108417171,0.0710820068972951,0.0795883283944998,0.0891174454641458,0.0997203538698214,0.111450521963005,0.124363073080258,0.138515373465076,0.153967046375421,0.170779789869555,0.18901894342106,0.208756161236781,0.230071119533156,0.253043899880228,0.277752760984904,0.304274078994031,0.332682251090362,0.363049569500686,0.395446149172462,0.429939881893432,0.466596335676389,0.505478657145666,0.54664748658163,0.590160878479652,0.636074229666042,0.684440215342762,0.735308714542427,0.788726741695181,0.844738394762434,0.903384823723426,0.964704193009722,1.02873181275488,1.09550017723043,1.16503864141665,1.23737334571359,1.31252720194272,1.39051989439302,1.47136779619097,1.55508394071324,1.6416779989252,1.7311562509407,1.82352156871835
1.8544031499969,1.76179510969899,1.67204673726925,1.58515595154399,1.50111730056739,1.41992199700492,1.34155791979816,1.26600962254607,1.19325836952965,1.12328221816577,1.05605601912312,0.991551428650913,0.929736945616442,0.870577953726955,0.81403676319858,0.760072683383232,0.708642113421595,0.659698555079362,0.613192658146291,0.569072276708857,0.527282537846677,0.487765918558416,0.450462320142092,0.415309165319535,0.382241470674409,0.351191941942473,0.322091061649139,0.294867147689559,0.26944642935209,0.245753138566723,0.223709628019555,0.203236431130116,0.184254523649513,0.16669282315405,0.15048668700783,0.13557515821077,0.121899357730099,0.109402699146824,0.0980307179592452,0.0877305757271118,0.0784518517936297,0.0701467254187941,0.0627714201907561,0.0562889154464171,0.0506775848016975,0.0459354742040828,0.0420637370744765,0.0390634705281761,0.0369354150452024,0.0356799789546861,0.0352973105208445,0.0357875242839983,0.037150549790314,0.0393858822436608,0.0424926372258306,0.0464696206151371,0.0513157605413861,0.0570334049642101,0.0636448329821923,0.071187843393395,0.0797068302513746,0.0892501355580387,0.0998688310063585,0.111616464558718,0.124548241626751,0.138721613868568,0.154196293317291,0.17103406989559,0.189300380363282,0.209066985615677,0.230413680501931,0.253420665828345,0.278166316823968,0.304727123354769,0.333177593376081,0.363590126753129,0.396034942829978,0.430580034480836,0.467291067345015,0.506231282068073,0.547461409219819,0.591039589735002,0.63702130292221,0.685459302413366,0.736403541507728,0.789901104636873,0.845996155421217,0.904729905109645,0.966140574958089,1.03026352767461,1.09713130591258,1.16677330835995,1.23921571433814,1.31448146978282,1.39259028829161,1.47355856736951,1.55739935979903,1.64412235094499,1.73373383027193,1.82623667401461
1.85701538016462,1.76427688629374,1.67440208860099,1.58738890299102,1.50323186982803,1.42192218939911,1.34344772357133,1.26779300418487,1.19493926912841,1.1248645449091,1.05754364676868,0.992948191029562,0.931046632184537,0.871804305178137,0.815183467134272,0.761143370085417,0.709640351753317,0.660627848403299,0.614056440307271,0.569873908095664,0.528025301550609,0.488453016640214,0.451096870003645,0.415894196212402,0.382779920310374,0.351686653238343,0.322544779594987,0.295282516299489,0.26982598872209,0.24609932206106,0.224024759623555,0.203522722887428,0.184514076285204,0.166927637261967,0.150698672122093,0.135766137997594,0.122071072914949,0.109556810743939,0.0981688102607044,0.0878541585934082,0.0785623640595137,0.0702455385556818,0.0628598440038266,0.0563682075911902,0.0507489724693935,0.046000181833319,0.0421229907286525,0.0391184978161581,0.0369874446189434,0.0357302400413377,0.0353470325564127,0.0358379368658378,0.0372028824165338,0.039441363701282,0.0425524950560266,0.0465350806769654,0.0513880471839998,0.0571137458442477,0.0637344871400467,0.071288123115249,0.0798191103596975,0.0893758589729164,0.100009512590711,0.111773694606529,0.124723688197857,0.138917025952862,0.154413504018834,0.171274999359655,0.189567040913522,0.209361490662705,0.230738255860457,0.253777650289034,0.278558159581813,0.305156381353253,0.333646928515329,0.364102302920318,0.396592822827719,0.431186576890824,0.467949323249739,0.506944391634816,0.548232598164805,0.591872165675473,0.637918651627089,0.686424883963695,0.737440886351941,0.79101380954953,0.847187879388558,0.9060043651707,0.967501541992774,1.031714822377,1.0986767948184,1.1684168994178,1.24096135237446,1.31633313194716,1.39455197950334,1.47563431564657,1.55959321154635,1.64643836621091,1.73617607796453,1.82880922709363
1.85949273078029,1.76663051915923,1.67663582402901,1.58950655851404,1.50523725569505,1.42381910411988,1.34523994946276,1.26948430292854,1.19653337737634,1.12636516999957,1.05895446244226,0.994272833161582,0.932288694567054,0.872967335358309,0.816270962308387,0.762158773089956,0.710587047177113,0.661509158716854,0.614875622052721,0.570634148151914,0.52872971349025,0.4891046371892,0.451698655600343,0.416449019696389,0.383290567708008,0.352155820675634,0.32297507032755,0.295676437820745,0.270185949973043,0.246427630761965,0.224323619763383,0.203794232293453,0.18476022721393,0.167150327008837,0.150899711624592,0.135947256758993,0.122233921780323,0.109702964962933,0.0982997723222664,0.0879713603980918,0.0786671701494633,0.0703392495879369,0.0629437021532566,0.0564434055756936,0.0508166741155588,0.0460615483572599,0.0421791848873709,0.0391706838323236,0.0370367877044544,0.0357779059535912,0.0353941872508762,0.0358857464509964,0.0372525129067514,0.0394939804365508,0.0426092621948189,0.046597160782492,0.0514566013875294,0.0571899384137556,0.0638195121067983,0.0713832250070136,0.0799255930115397,0.0894950908013749,0.100142930240471,0.111922806258541,0.124890075783574,0.139102348155062,0.154619499291321,0.171503488703171,0.189819932747663,0.209640789274516,0.23104607213722,0.254116202260602,0.278929769981764,0.305563475100185,0.334092030065161,0.364588033450038,0.397121897322361,0.43176180116906,0.468573590854863,0.507620680595123,0.548963967640309,0.592661752498337,0.638769666745884,0.68734060880209,0.738424669067656,0.792069061201735,0.848318070035877,0.907213019927051,0.968792237032954,1.03309118111787,1.10014248415148,1.16997562550917,1.24261685636391,1.31808918562861,1.39641238100669,1.47760288500761,1.56167378623845,1.64863479664641,1.73849222295805,1.83124894930221
1.86184425399408,1.76886460838541,1.67875610554236,1.59151665595026,1.50714078577636,1.4256196724255,1.34694114620148,1.27108969872196,1.19804651908773,1.12778957666738,1.06029362121366,0.995530195241745,0.93346767121533,0.874071293937977,0.817303222389235,0.763122602642956,0.711485658884057,0.662345706296261,0.615653196643316,0.571355774767468,0.529398347561527,0.489723161203456,0.452269875835142,0.416975663076578,0.38377527875456,0.352601158575311,0.323383506113708,0.296050351628418,0.270527628390433,0.246739264297641,0.224607300463255,0.204051951433809,0.184993875862342,0.167361706094997,0.15109054010645,0.136119176296418,0.122388499370125,0.109841695846072,0.0984240826746007,0.0880826093923473,0.0787666530211668,0.0704282009323056,0.0630233010537123,0.0565147841706618,0.0508809371195773,0.0461197980069801,0.0422325248820693,0.0392202192625014,0.0370836245995977,0.035823150860978,0.035438946905795,0.0359311277339812,0.0372996226089956,0.039543924709128,0.0426631460672939,0.0466560877701931,0.0515216736465721,0.0572622610776461,0.0639002185606219,0.0714734965675853,0.0800266672906866,0.0896082667122328,0.100269571458938,0.112064344363377,0.125048012358165,0.139278257635839,0.154815031834078,0.171720372817992,0.190059979923383,0.209905901998205,0.23133825408184,0.254437558799794,0.279282505874878,0.305949892101494,0.334514524410655,0.365049093184199,0.397624099533104,0.432307809164398,0.469166151211796,0.508262620084566,0.549658190044125,0.593411235325485,0.639577457857274,0.688209822954221,0.739358484361582,0.793070715445126,0.849390857039207,0.90836028575977,0.970017376231949,1.03439763306261,1.10153372948798,1.1714551821632,1.2441882754586,1.31975604738426,1.39817829064194,1.47947146853436,1.56364868622054,1.65071966792943,1.74069072836311,1.83356475529771
1.86407826213454,1.77098705118696,1.68077042806026,1.59342630073255,1.50894918880311,1.42733025909062,1.34855732729658,1.27261486643032,1.19948404302162,1.12914280000472,1.06156585683487,0.996724721881378,0.934587729658391,0.87512008326706,0.818283896281869,0.764038265756461,0.712339363349594,0.663140448228348,0.616391912704045,0.572041338798504,0.530033567298873,0.490310775084883,0.452812549897236,0.417475987968786,0.384235766840503,0.353024241148896,0.323771530720814,0.296405579459159,0.270852231763001,0.247035324252081,0.22487680449753,0.204296791312119,0.185215848148007,0.16756252171801,0.151271832121515,0.136282504323059,0.122535352096021,0.109973493788975,0.0985421807386255,0.0881882988268923,0.0788611643336294,0.0705127070202145,0.063098922076948,0.0565825956901392,0.0509419886428051,0.0461751366874111,0.0422831992626875,0.039267279207991,0.0371281208667025,0.035866134698358,0.0354814697407245,0.0359742411317219,0.0373443780499332,0.0395913730655179,0.0427143371459287,0.0467120699393015,0.0515834939830959,0.0573309694871247,0.0639768917883289,0.0715592568951834,0.0801226904815619,0.089715786767607,0.10038988390634,0.112198809239816,0.125198056206869,0.139445376212315,0.155000792829199,0.17192641836124,0.190288030976211,0.21015776597275,0.231615834519468,0.254742855860156,0.279617614136632,0.306316998290995,0.33491590501434,0.365487111908962,0.398101204679409,0.432826530944045,0.469729098944286,0.5088724792757,0.550317719362109,0.594123263481177,0.640344880397716,0.689035598979002,0.740245633149264,0.794022312997104,0.850410032560998,0.909450218104274,0.971181290297392,1.03563879634884,1.10285544869913,1.17286079942013,1.24568116442054,1.32133960935351,1.39985595066985,1.48124667142644,1.56552489250704,1.65270034980862,1.7427793656102,1.83576483115293
1.8662023983231,1.77300510899135,1.68268568310262,1.59524202625113,1.51066865179119,1.42895671647599,1.35009402212289,1.27406502404806,1.20085086732033,1.13042946973971,1.062775521954,0.997860499866019,0.935652701906755,0.876117291525942,0.819216339126097,0.764908895151538,0.713151081318181,0.66389610353145,0.617094297574202,0.572693185737432,0.530637545953803,0.490869489213015,0.45332853441538,0.41795170611427,0.384673607415045,0.353426515871634,0.324140471681716,0.296743336639536,0.2711608706431,0.247316823523198,0.225133053909426,0.204529589589127,0.185426903495702,0.167753460920219,0.151444207916805,0.13643779962647,0.122674982379283,0.110098809706598,0.0986544705584568,0.0882887902927019,0.078951027434571,0.0705930569689143,0.0631708239421033,0.0566470721349267,0.0510000375583423,0.0462277537265354,0.0423313813994284,0.0393120246730749,0.0371704287390425,0.0359070045245901,0.0355219012373148,0.0360152341463373,0.0373869323495388,0.0396364878388574,0.0427630105686841,0.0467652988193416,0.0516422739005101,0.0573962987114853,0.0640497941089233,0.0716407993981378,0.0802139911044134,0.0898180188215016,0.100504279202773,0.112326660927088,0.125340720668619,0.139604275640497,0.155177417813242,0.172122330268175,0.190504866127962,0.21039724289015,0.231879763124795,0.255033137942138,0.279936241259329,0.306666049634202,0.335297545103394,0.365903588200021,0.398554845061761,0.433319741189785,0.470264360042576,0.509452344655041,0.550944812015163,0.594800272998461,0.641074559918819,0.689820762070449,0.74108915059686,0.794927109519773,0.851379083465122,0.910486545901883,0.972287961281266,1.03681891731816,1.10411216372924,1.17419728626127,1.24710063081018,1.32284528931267,1.4014511008006,1.48293456711348,1.56730882408643,1.65458361871057,1.74476528046923,1.83785670389816
1.86822369944797,1.77492546726783,1.68450821557128,1.59696984768411,1.51230487101795,1.43050443274781,1.35155632147909,1.27544497569134,1.20215152003147,1.13165384838204,1.06392662397806,0.998941291827627,0.936666116025476,0.877066222289543,0.820103639940452,0.765737375069676,0.713923501868151,0.664615175558187,0.617762678130864,0.573313475038087,0.531212284400982,0.491401154509127,0.453819538755194,0.418404393483265,0.385090250966716,0.353809315408669,0.324491551232688,0.297064742099461,0.271454567496851,0.247584694668384,0.225376897608009,0.204751117484428,0.185627741094536,0.167935156249495,0.1516082385429,0.136585576672576,0.122807852790391,0.110218058748452,0.0987613241304446,0.0883844167002621,0.0790365400245807,0.0706695169636005,0.063239244847364,0.0567084271041036,0.0510552761719984,0.0462778234353148,0.0423772309112053,0.0393546038915798,0.03721068837513,0.0359458957341938,0.0355603753379766,0.0360542425804481,0.0374274264826947,0.0396794184864262,0.0428093275820171,0.0468159507481963,0.0516982081263044,0.0574584651749155,0.0641191670349234,0.0717183942123659,0.0803008716220867,0.0899153015506634,0.100613136319659,0.11244832297526,0.125476478365591,0.139755482326139,0.155345491913598,0.172308757560359,0.190711203715216,0.210625126095158,0.232130914246698,0.255309366699032,0.280239442798378,0.306998202476595,0.33566070898406,0.366299901769807,0.398986523510663,0.433789073820095,0.47077370773219,0.51000413721422,0.551541545450544,0.595444506690349,0.641768913720021,0.690567913335276,0.741891831128765,0.795788102444282,0.85230122004615,0.911472702323642,0.973341055389172,1.03794190550301,1.10530803785336,1.17546907023158,1.24845137706907,1.32427807531365,1.402969025485,1.48454074729592,1.56900639080909,1.65637571357268,1.74665505192554,1.83984730353852
1.8701486524133,1.77675428896753,1.68624387446783,1.59861531007962,1.51386309755517,1.43197837494785,1.35294891828085,1.27675914999969,1.20339017530275,1.13281986529522,1.06502285710599,0.999970566321071,0.937631224335628,0.877969920934349,0.820948646314178,0.766526364327887,0.714659103906784,0.665299972005941,0.618399199388723,0.573904197377259,0.531759627132143,0.491907477231516,0.454287138682927,0.418835502872456,0.385487034617804,0.354173868267653,0.324825896083336,0.297370827316327,0.271734264877207,0.247839797358876,0.225609118153918,0.204962085941188,0.185819005486895,0.168108190815484,0.151764450418618,0.136726309718043,0.122934389746573,0.110331623617093,0.0988630843767152,0.08847548494068,0.079117976536779,0.0707423323851571,0.0633044043739935,0.0567668575024254,0.0511078817594833,0.0463255065010402,0.0424208949415507,0.0393951535117793,0.0372490289790688,0.0359829331396209,0.0355970155165457,0.0360913916227112,0.0374659904060694,0.0397203027843293,0.0428534368298,0.0468641882816587,0.0517514761685973,0.0575176683864764,0.0641852332028852,0.0717922903606956,0.0803836108577536,0.0900079471617855,0.100716804609043,0.112564185830881,0.125605764981096,0.139899481532553,0.155505554525692,0.172486298533592,0.190907705931316,0.210842146926854,0.232370093897324,0.255572428623923,0.280528191809846,0.307314522786835,0.33600656214784,0.366677324496174,0.39939762539947,0.43423603505082,0.471258776648168,0.510529627805389,0.552109834747874,0.596058032077688,0.642430170171207,0.691279450584764,0.742656250764757,0.796608054930714,0.853179401690759,0.912411852213277,0.974343952286046,1.0390113648774,1.10644690895627,1.17668023283114,1.24973773810874,1.32564256555577,1.40441459615551,1.48607036664209,1.57062304062757,1.65808238571397,1.74845474476885,1.84174301844875
1.87198324446021,1.77849726233153,1.68789805826614,1.60018353137057,1.51534817800336,1.43338312752442,1.35427614396538,1.27801163449037,1.20457068576223,1.13393114717796,1.06606763098581,1.00095152473085,0.938551028643639,0.878831198262383,0.821753986496903,0.767278316944026,0.715360175400001,0.665952622818421,0.619005841139663,0.574467190097031,0.532281276564423,0.492390032211509,0.454732788589189,0.419246375174797,0.385865192496852,0.354521308328693,0.325144546156858,0.29766254431651,0.272000832735637,0.248082925048516,0.225830437829947,0.205163151141166,0.186001291568375,0.168273102812984,0.151913329414619,0.136860436489243,0.123054986819661,0.110439857536868,0.0989600678053305,0.0885622782663389,0.0791955902656852,0.0708117297136565,0.0633665051896958,0.0568225450677791,0.0511580179415937,0.0463709512338355,0.0424625093000577,0.0394337996564195,0.0372855698028328,0.0360182319394663,0.0356319357361103,0.0361267968189494,0.0375027440662344,0.0397592678962712,0.0428954755063991,0.0469101614544307,0.0518022437086389,0.05757409248776,0.0642481981004679,0.0718627176846177,0.0804624661578346,0.0900962438133963,0.100815606513634,0.112674609865798,0.12572898263932,0.140036721144953,0.155658103497249,0.172655505399091,0.191094983963223,0.211048980391888,0.232598046004583,0.255823141926504,0.280803386398771,0.30761599442583,0.336336180312595,0.36703703028878,0.399789429391185,0.434662015079393,0.471721075515461,0.511030450878293,0.552651447475048,0.59664275742759,0.643060385998904,0.691957586935371,0.743384787103026,0.79738951730281,0.854016359834657,0.913306916637929,0.975299771313332,1.04003062181412,1.10753231930421,1.1778345411767,1.25096371493797,1.3269430040555,1.40579230901559,1.48752818277467,1.57216380185814,1.65970894344992,1.75016995663985,1.84354974492996
1.87373300825356,1.78015964372591,1.68947575556549,1.60167924091507,1.51676459098891,1.4347229268554,1.35554200110909,1.2792062063393,1.20569661153038,1.13499104537489,1.06706409639087,1.00188712537902,0.939428302846273,0.879652651667875,0.822522089190591,0.76799550061668,0.716028830601815,0.666575096225135,0.619584432861519,0.575004151040818,0.532778805860352,0.492850274712674,0.455157832441198,0.419638249477061,0.386225865032219,0.354852683382994,0.325448462421147,0.297940772844582,0.272255074973269,0.248314810948821,0.226041524080168,0.205354919446069,0.186175149067615,0.168430389574801,0.152055324512237,0.13698836147854,0.123170007699877,0.110543086913857,0.0990525668937413,0.0886450584239206,0.0792696152746428,0.0708779182338603,0.0634257345747984,0.0568756577397539,0.0512058359163531,0.0464142946835016,0.0425021994850889,0.039470658872482,0.0373204210442894,0.0360518985859678,0.0356652413072058,0.0361605649422648,0.0375377983029176,0.0397964313311581,0.042935570389813,0.0469540089099546,0.0518506638484685,0.0576279076395612,0.0643082516138509,0.0719298885750987,0.0805376753299375,0.0901804577858277,0.100909839994946,0.112779928090924,0.125846502933504,0.140167615043242,0.15580359887732,0.172816888441895,0.191273602594035,0.211246250247591,0.232815458014282,0.256062262694581,0.281065856482317,0.307903526555668,0.336650557523206,0.367380103929165,0.400163117067386,0.43506829855366,0.472161998510332,0.51150811678844,0.553168016998837,0.597200446123576,0.643661461774388,0.692604367474531,0.7440796372246,0.798134846253109,0.854814618531568,0.914160594885143,0.976211394979063,1.04100275013386,1.1085675422198,1.17893547636979,1.25213300479228,1.32818331260591,1.40710631889818,1.48891859209778,1.57363332104633,1.6612602920666,1.751805860183,1.8452729316115
1.87540306233969,1.7817462960792,1.69098158156982,1.60310681408008,1.51811647991424,1.43600169222694,1.35675019269663,1.2803463600018,1.2067712462536,1.13600266038338,1.06801516825997,1.002780105158,0.940265613214871,0.880436684130782,0.823255201309519,0.768680013307807,0.716667025514894,0.667169213134141,0.620136667096197,0.575516650968907,0.533253670431671,0.49328955107249,0.455563513610582,0.420012272120708,0.386570107291508,0.355168962794868,0.32573853391591,0.298206326796464,0.272497735319447,0.248536133390623,0.226242994390646,0.205537951831589,0.186341086566217,0.168580511208512,0.152190851086674,0.137110458902149,0.123279788855326,0.110641613722736,0.0991408522275397,0.088724067568438,0.0793402681074169,0.0709410915656218,0.0634822657917465,0.0569263508877058,0.0512514755646536,0.0464556636416987,0.0425400816014881,0.039505838983438,0.0373536846530248,0.0360840315634417,0.0356970296579023,0.0361927947738218,0.0375712556595228,0.039831901802386,0.042973838768741,0.0469958589142482,0.0518968782304789,0.057679271266185,0.0643655694162841,0.0719939995256988,0.0806094583818344,0.0902608354284006,0.100999780712151,0.112880448591397,0.125958669643235,0.140292546128522,0.15594246628041,0.172970919752345,0.191444084332989,0.211434533563224,0.233022965917094,0.256290490422989,0.281316369858568,0.308177960287898,0.336950613420558,0.367707549003264,0.40051978156859,0.435456073965922,0.472582835455326,0.511964022841633,0.553661054428949,0.59773272956038,0.644235155811684,0.693221684215432,0.74474283375958,0.798846222076343,0.855576512910477,0.91497538420152,0.977081490036325,1.04193059358267,1.10955560601837,1.17998625895244,1.25324902817011,1.3293671194549,1.40836046964813,1.49024566194588,1.57503589694498,1.66274096969072,1.75336724087172,1.84691761929426
1.87699814750422,1.78326172342434,1.69241981087019,1.60447030332015,1.51940768238893,1.43722305367265,1.3579041484237,1.28143533203417,1.20779764049948,1.13696886387682,1.06892354640256,1.00363299897114,0.941065336623921,0.881185521285509,0.82395540394041,0.769333798144848,0.717276571784313,0.667736660066201,0.620664111472038,0.57600614471579,0.533707218277315,0.493709108265573,0.455950983705227,0.420369504844507,0.386898896475857,0.355471044387264,0.326015584067635,0.29845996000065,0.272729502614545,0.248747520642346,0.226435420675522,0.205712767872096,0.186499575111262,0.168723893864677,0.152320293857469,0.137227075358253,0.123384641921975,0.110735717651738,0.0992251744224655,0.0887995299832954,0.0794077493263342,0.0710014290391944,0.06353625931581,0.0569747684143673,0.0512950664438492,0.0464951755425649,0.042576263185289,0.0395394398551333,0.0373854550545065,0.0361147220878303,0.0357273910258495,0.0362235778045024,0.0376032111115101,0.039865780000047,0.043010389275701,0.0470358302669956,0.0519410180435213,0.0577283291736531,0.064420314215919,0.0720552325282914,0.0806780190842069,0.090337604909277,0.101085683980131,0.112976456714946,0.126065801176358,0.140411869042896,0.15607509990967,0.173118036579406,0.19160691312691,0.211614364818984,0.233221158766083,0.256508472982202,0.281555637660307,0.308440074658063,0.337237199773881,0.368020295030014,0.400860435358972,0.435826442094958,0.472984780981055,0.512399463219228,0.554131959351647,0.59824111873198,0.644783096657116,0.693811289536245,0.745376259325196,0.799525664156375,0.85630420576236,0.915753597530995,0.977912526425564,1.04281678603147,1.11049931551844,1.18098987178309,1.2543149531291,1.33049778507716,1.40955832142546,1.49151315947461,1.57637551104889,1.66415517952458,1.75485853100026,1.84848847675621
1.87852265949258,1.78471010198526,1.69379440694768,1.60577346614725,1.52064175671664,1.43839037702786,1.35900704836852,1.28247612343217,1.20877862281152,1.1378923185247,1.06979173413269,1.00444815722843,0.941829676956072,0.88190122678205,0.824624626705947,0.769958656832046,0.717859149201401,0.668279000795035,0.621168219523472,0.576473981231321,0.534140699287202,0.494110102510194,0.456321310517582,0.420710932112577,0.387213138664505,0.355759760638477,0.326280376372818,0.298702371421072,0.272951015564287,0.248949555246268,0.226619333224327,0.205879849326704,0.186651051466451,0.168860932678094,0.152444009543797,0.137338532219193,0.123484855854546,0.110825658033045,0.0993057658541379,0.0888716536282762,0.0794722448965496,0.071059096932956,0.0635878639426719,0.0570210437490537,0.0513367286819506,0.0465329392732376,0.0426108439459209,0.0395715540850553,0.0374158198018008,0.0361440547362681,0.0357564090810906,0.0362529988663706,0.0376337527219088,0.0398981592858849,0.0430453226368032,0.0470740331214948,0.0519832049283619,0.0577752165560462,0.0644726368788085,0.072113756329159,0.0807435463770572,0.0904109777902609,0.101167786531636,0.113068217041344,0.126168192766605,0.140525912617179,0.156201865277666,0.173258644348528,0.191762537700382,0.211786239594942,0.233410582742314,0.256716811089886,0.281784319263203,0.308690592002543,0.337511106359596,0.368319203876822,0.401186017214328,0.436180423603518,0.473368942771452,0.512815637910473,0.554582029489589,0.598727014660351,0.645306794329408,0.694374808274908,0.745981659519484,0.800175044903835,0.856999702467618,0.916497379478609,0.978706794321931,1.0436637696548,1.1114012714004,1.18194908062411,1.25533371715173,1.33157842536789,1.41070317527743,1.49272457766137,1.57765585507477,1.66550681885627,1.75628384027504,1.84998983297593
1.87998067849903,1.78609530819321,1.69510904876255,1.60701979033816,1.52182200576612,1.43950678650943,1.36006184432555,1.28347151976334,1.20971681868462,1.1387754958552,1.0706220550625,1.00522776161426,0.942560679886966,0.882585716130081,0.825264660709713,0.770556261737245,0.718416316972682,0.668797686837946,0.621650340442104,0.576921412630198,0.534555273627172,0.494493607024817,0.456675485187991,0.421037467718704,0.387513674893262,0.356035884266861,0.326533619519915,0.298934209846125,0.273162867024535,0.249142777926528,0.226795224259444,0.20603964337116,0.186795921042145,0.168991994418577,0.152562329257542,0.137445127787408,0.123580698864974,0.110911675582526,0.0993828422169561,0.0889406315346484,0.0795339274336001,0.0711142495888931,0.0636372177866297,0.0570653007427788,0.051376573783509,0.0465690559043271,0.0426439164351134,0.0396022676235262,0.0374448601629256,0.0361721080144702,0.0357841614873654,0.0362811367017705,0.0376629622320924,0.039929126319616,0.0430787323474745,0.0471105697236244,0.0520235517937131,0.0578200589024585,0.0645226774409971,0.0721697275610326,0.080806215637218,0.0904811504460676,0.101246308105415,0.11315597515735,0.126266118454184,0.140634982076873,0.156323101658429,0.173393119381456,0.191911374566032,0.211950617895663,0.233591744818919,0.256916062340836,0.282003026709253,0.308930182804377,0.337773066259559,0.368605075541441,0.401497398519879,0.436518965885476,0.473736348994707,0.513213660762686,0.555012469407651,0.599191717794294,0.645807650449705,0.694913748629419,0.746560654631706,0.800796102317255,0.857664864449246,0.917208720697671,0.979466419499008,1.0444738113143,1.11226388765328,1.18286645269598,1.25630804685161,1.33261193254597,1.41179809528365,1.49388315873817,1.5788803557273,1.66679950520476,1.75764698338481,1.85142570617373
1.88137599578023,1.78742094397122,1.69636715475071,1.60821251668388,1.52295149851455,1.44057518509383,1.36107127905889,1.28442410933617,1.21061466769007,1.13962069237607,1.07141666825834,1.00597383931781,0.943260246228401,0.883240769193094,0.825877170218892,0.771128166800118,0.718949523889982,0.66929406692352,0.622111727876987,0.577349602359031,0.534952019306305,0.494860619028299,0.457014428669523,0.421349960746669,0.387801286640268,0.356300133270974,0.326775972011842,0.29915607812047,0.273365607868258,0.249327691116064,0.226963551146695,0.206192565514614,0.186934560539704,0.169117419883261,0.152675560663007,0.137547139241149,0.123672420171859,0.110993993969836,0.0994566039309918,0.089006643064235,0.0795929573293107,0.0711670304193165,0.063684449181463,0.0571076544760878,0.0514147053569176,0.0466036193491623,0.042675566650576,0.0396316603343247,0.0374726516509313,0.0361989548687954,0.0358107204086817,0.0363080644769337,0.0376909155949458,0.0399587616241775,0.0431107052822946,0.0471455350787551,0.0520621635526941,0.0578629728155158,0.0645705660219237,0.0722232917647487,0.0808661898222703,0.0905483053452026,0.101321452879493,0.113239959258577,0.126359832873233,0.140739361033038,0.156439124300411,0.173521811350837,0.192053810741283,0.212107927150643,0.233765116067901,0.257106744843961,0.282212328698905,0.309159470066571,0.33802376064268,0.368878653370045,0.401795388953993,0.436842949245325,0.474087955009622,0.513594566746455,0.555424398369849,0.599636436491754,0.646286967383814,0.695429511995232,0.747114750210869,0.801390451319381,0.85830142131418,0.91788947087404,0.980193377194431,1.04524901734453,1.11308940732029,1.18374437342234,1.2572404757581,1.33360099401872,1.41284592854196,1.49499191533941,1.58005219705018,1.66803659991563,1.7589515048824,1.85279983002097
1.88271213770643,1.78869035958425,1.69757190450981,1.60935465954879,1.52403308951673,1.44159827293325,1.36203790370201,1.28533629961996,1.21147443895196,1.14043004414333,1.07217758193753,1.00668827589316,0.943930143986815,0.883868041479601,0.826463703222129,0.771675817390139,0.719460117521372,0.669769395547772,0.622553547887588,0.577759632577083,0.535331939015659,0.495212066066103,0.457338997570367,0.421649200956718,0.388076700783575,0.356553175484462,0.327008046343427,0.299368536969393,0.273559750480194,0.249504762143977,0.227124739296797,0.206339002235542,0.187067320341229,0.169237526058562,0.152783989928696,0.137644824392858,0.123760251581464,0.111072821237343,0.099527237413426,0.08906985504726,0.0796494837692976,0.0712175728166469,0.0637296774945643,0.0571482119891122,0.051451219771689,0.0466367169595628,0.0427058745815553,0.0396598065013304,0.0374992645029445,0.0362246631490082,0.0358361529671139,0.0363338502461343,0.0377176834567004,0.0399871400965536,0.0431413222461152,0.0471790175544502,0.0520991377883852,0.0579040667510858,0.0646164236498801,0.0722745843125391,0.0809236205043222,0.090612612207515,0.101393410766444,0.113320381597135,0.126449572867189,0.140839313281481,0.156550226426379,0.173645045498491,0.192190206203538,0.212258564925857,0.233931134648537,0.257289340509084,0.282412754198811,0.30937903326434,0.338263823086158,0.369140628772917,0.402080741624666,0.437153192482701,0.474424649426271,0.513959318521347,0.555818857439787,0.600062294685476,0.646745956504234,0.695923401855516,0.747645346616735,0.801959594002007,0.858910981825694,0.91854135046026,0.98088950464051,1.0459913469153,1.11387991672834,1.18458506156271,1.25813336038868,1.33454810943049,1.41384932323001,1.49605364961363,1.58117434062531,1.66922122948494,1.76020070167087,1.85411567732598
1.88399238752594,1.78990667431668,1.69872625842342,1.61044902547503,1.52506943652311,1.44257856402065,1.36296409350313,1.28621033210355,1.21229824515194,1.14120553994481,1.07290666586294,1.00737282689684,0.944572019275272,0.884469074360791,0.8270257009836,0.772200559227274,0.719949352528231,0.670224840716788,0.62297688614061,0.578152510835269,0.535695966316795,0.495548811735026,0.457649989440749,0.421935923659893,0.388340594087381,0.356795632697872,0.327230412781676,0.299572108459557,0.273745771919247,0.249674426119847,0.227279184790969,0.206479313367063,0.187194526672089,0.1693526080766,0.152887883493524,0.137738423280365,0.123844408918413,0.111148351084149,0.0995949162291001,0.0891304228120099,0.0797036456537289,0.0712660009767031,0.0637730138636651,0.0571870729422124,0.0514862067532393,0.0466684300649677,0.0427349147025224,0.0396867752869978,0.0375247641136658,0.0362492960270407,0.0358605216570742,0.0363585573717157,0.037743331592956,0.0400143314700334,0.0431706584727815,0.0472110994258628,0.0521345653561023,0.0579434416876587,0.0646603630089879,0.0723237312435374,0.0809786488055002,0.0906742290516947,0.101462358585515,0.113397439791631,0.126535558950562,0.140935084430876,0.156656681043159,0.173763124642778,0.192320896111929,0.212402901377508,0.23409020851167,0.257464298021256,0.282604795706565,0.309589411921579,0.338493843485868,0.369391645491775,0.402354157717644,0.437450457945948,0.474747259590425,0.514308812377363,0.556196815906016,0.60047033881983,0.647185745666634,0.69639663182614,0.748153747662704,0.802504928896766,0.85949504383254,0.919165961294063,0.981556512403475,1.04670262412347,1.11463735836468,1.18539058290657,1.25898889479318,1.33545560609023,1.41481074494958,1.49707097051816,1.58224954385137,1.67035630485571,1.7613976433517,1.85537648146789
1.88521980508593,1.79107279520832,1.69983297544256,1.61149823003998,1.52606301644359,1.44351840129009,1.36385206209211,1.28704829575877,1.21308805521906,1.14194903324582,1.07360566257366,1.00802912843255,0.945187406200829,0.885045304328768,0.827564506699944,0.772703646465047,0.720418398201368,0.670661490962341,0.623382754431044,0.578529176128,0.536044971249206,0.495871660870394,0.457948147563408,0.422210814134673,0.388593597267009,0.35702808439343,0.327443602791078,0.29976727913479,0.273924116783934,0.249837088547216,0.227427256759985,0.206613834258272,0.187316483560393,0.1694629409879,0.152987489667175,0.137828159608675,0.123925093322033,0.111220764029545,0.0996598021330317,0.0891884911178124,0.0797555724316279,0.0713124306446827,0.063814561864383,0.0572243302145869,0.0515197499218234,0.0466988344609398,0.0427627564205026,0.0397126311477799,0.0375492114281626,0.0362729123764354,0.0358838847206851,0.0363822449046746,0.0377679213037618,0.0400404007330637,0.0431987840770231,0.047241857369921,0.0521685309291184,0.0579811917328735,0.0647024891160347,0.0723708500208317,0.081031406245597,0.0907333031444103,0.101528461124692,0.113471318014165,0.126617996633457,0.141026903378019,0.156758742581451,0.173876330997473,0.192446192820452,0.212541281475362,0.234242717850057,0.257632035535778,0.282788912208884,0.30979110885151,0.338714371599565,0.369632303466399,0.402616290708088,0.437735456111154,0.475056556553,0.514643883618492,0.556559177104061,0.600861544136263,0.647607385984326,0.696850332945251,0.748641168447166,0.803027759375394,0.860055003265766,0.919764796219778,0.982195994657979,1.04738454894941,1.11536354254447,1.18616286268144,1.25980912373228,1.33632565295048,1.41573249153619,1.49804630948976,1.58328037650614,1.67144453890251,1.76254519066234,1.85658525581795
1.88639724472424,1.79219143405271,1.7008946292181,1.61250471315033,1.52701613983073,1.44441997031654,1.36470387442421,1.2878521392553,1.21384570584267,1.1426622530269,1.07427619757421,1.00865870671789,0.945777735834907,0.885598071396146,0.828081373354337,0.773186249023943,0.720868345298212,0.671080361706866,0.623772096598428,0.578890504383759,0.536379765417697,0.49618136425217,0.45823416529979,0.422474511634001,0.388836298676883,0.357251071133449,0.327648112141233,0.299954502861047,0.274095199812089,0.249993127694684,0.227569299542593,0.206742877735125,0.18743347461473,0.169568781369699,0.153083040082047,0.137914242058032,0.12400249242248,0.111290228468556,0.0997220460162443,0.0892441950014869,0.079805384857799,0.0713569697919582,0.0638544181158598,0.0572600704473644,0.0515519272814873,0.0467280008523648,0.0427894644809193,0.0397374342110243,0.0375726632982329,0.0362955671165955,0.0359062964883382,0.0364049679299504,0.0377915097720559,0.040065408509255,0.0432257644644357,0.0472713629136803,0.0522011134937736,0.0580174046737936,0.0647428999345384,0.0724160502183064,0.0810820155111078,0.0907899718614209,0.101591872104262,0.113542188067238,0.126697077623248,0.14111498364625,0.15685664838356,0.173984927821954,0.19256638770439,0.212674027019893,0.234389017321471,0.257792943123275,0.282965531865441,0.309984593096782,0.338925920261483,0.369863162342658,0.402867750181637,0.438008849736518,0.475353259578619,0.514965311446989,0.556906783698486,0.601236820375826,0.648011857974417,0.697285560286788,0.749108742458549,0.803529301270936,0.860592162301142,0.920339247817451,0.982809438508708,1.04803870719725,1.1160601579962,1.1869036968103,1.2605959546339,1.33716027328984,1.41661670649526,1.49898193466199,1.58426923577276,1.67248846229438,1.76364601220379,1.85774481135954
1.88752737152214,1.79326512283818,1.70191362275526,1.61347075293499,1.52793096403611,1.44528531176063,1.36552145853806,1.28862368205646,1.21457291193064,1.14334681362871,1.07491978859016,1.0092629867748,0.946344344361883,0.886128626726128,0.828577470851025,0.773649459252983,0.721300212253625,0.671482401045309,0.624145793901113,0.579237313452677,0.536701106613696,0.49647862287992,0.458508690038079,0.422727613025218,0.389069247660645,0.357465097638309,0.327844403729788,0.300134203410749,0.274259408242392,0.250142896749791,0.227705634646194,0.206866735881682,0.187545764639049,0.169670368786903,0.153174751012173,0.13799686547216,0.12407678140911,0.11135690163079,0.0997817887649465,0.0892976605462496,0.0798531956804116,0.0713997192308711,0.0638926728309146,0.0572943745369421,0.0515828116642265,0.0467559952560479,0.0428150993362569,0.0397612406173405,0.0375951728061218,0.0363173115254988,0.0359278076880541,0.0364267778800813,0.0378141503892673,0.0400894114025754,0.0432516607039036,0.0472996828416018,0.0522323867992264,0.0580521624767695,0.064781686932555,0.0724594341445597,0.0811305911538114,0.0908443634697993,0.101652735052103,0.113610210362004,0.126772980916172,0.141199524601263,0.15695062005483,0.174089160920211,0.192681752819414,0.212801438474625,0.234529438068134,0.257947384990781,0.283135054446826,0.310170302600215,0.339128968302431,0.370084744659154,0.403109105305412,0.43827125763612,0.475638040241133,0.515273823400175,0.557240422481065,0.601597016959282,0.648400077140926,0.697703298968115,0.749557528029435,0.804010689800739,0.861107736773804,0.920890616332234,0.983398232458015,1.04866657952454,1.11672878147736,1.18761476213763,1.26135116845412,1.33796135623361,1.41746539120726,1.49987996378002,1.58521835988934,1.67349043790461,1.76470259963571,1.85885777269409
1.88861267608606,1.79429622779141,1.70289220174173,1.61439847838063,1.52880950517604,1.44611633268709,1.36630661624938,1.28936462451081,1.21527127612096,1.14400422370587,1.07553785398619,1.00984330033331,0.946888480490168,0.886638139572041,0.829053892504157,0.774094297988393,0.721714950828612,0.6718684950037,0.624504669904127,0.579570367642707,0.537009703018312,0.496764091860889,0.45877232678391,0.422970676100558,0.389292957598067,0.35767063558587,0.328032910149875,0.300306776813214,0.274417103962175,0.250286725777952,0.22783656253007,0.206985681660145,0.187653601101384,0.169767927120829,0.153262824572778,0.138076211938952,0.124148124002161,0.111420930452511,0.0998391620419524,0.089349005581029,0.0798991102663524,0.0714407731738829,0.0639294103164052,0.0573273180836741,0.0516124711339452,0.0467828793668732,0.0428397174813578,0.0397841028319817,0.03761678955894,0.0363381935241085,0.0359484657268427,0.0364477228204718,0.0378358930514492,0.0401124623113021,0.0432765298663153,0.0473268795659696,0.0522624197665002,0.0580855417420622,0.0648189355900033,0.0725010974103552,0.0811772402261274,0.0908965978393599,0.101711184099757,0.113675534807983,0.126845873790122,0.141280712556885,0.157040864692776,0.17418926000419,0.192792542410534,0.212923796632641,0.234664289553389,0.258095701501791,0.283297853551852,0.310348646633834,0.339323963205609,0.370297538745467,0.403340887984882,0.438523258112152,0.475911526148483,0.5155700993857,0.557560828734686,0.601942927698377,0.648772899052589,0.698104469613931,0.74998851420657,0.804472985862902,0.861602862921824,0.921420116886162,0.983963674107201,1.04926954965464,1.1173708865199,1.18829762572995,1.26207642955523,1.33873066723178,1.41828041602834,1.50074237594663,1.58612984056335,1.6744526739163,1.76571728149635,1.85992659259827
1.88965548800759,1.79528696216526,1.70383246668412,1.6152898808374,1.5296536490272,1.44691481687115,1.3670610328886,1.29007655704133,1.21594229744296,1.14463589438026,1.07613172043133,1.01040089302862,0.947411312200619,0.887127703596334,0.829511660946382,0.774521720070514,0.722113451253926,0.672239472327513,0.624849494929965,0.579890381850172,0.537306217029564,0.497038383950391,0.459025641429997,0.423204222591631,0.389507908679511,0.357868126160563,0.328214036027982,0.300472593494921,0.274568625463173,0.250424923506236,0.227962364229156,0.20709997038602,0.187757215471247,0.169861665779124,0.153347449812573,0.138152451774528,0.124216673337546,0.111482452370718,0.0998942889982266,0.0893983403172494,0.0799432271706604,0.0714802197427281,0.0639647094288482,0.0573589718004389,0.0516409693542949,0.0468087108912219,0.0428633717587385,0.0398060699283832,0.0376375599567556,0.0363582579353527,0.0359683149469054,0.0364678477091539,0.0378567844289325,0.0401346107138993,0.0433004253329923,0.0473530114641853,0.0522912768609542,0.0581176141178141,0.0648547258606237,0.0725411294453304,0.0812220628596598,0.0909467870904722,0.101767344707316,0.113738301623214,0.126915912708668,0.141358721781964,0.157127576006293,0.174285439935224,0.192898994286111,0.213041364134077,0.234793861234127,0.258238211015696,0.283454278626601,0.310520008010701,0.339511323524945,0.370502001361232,0.403563595738441,0.438765392080233,0.476174304334474,0.515854775355968,0.55786869020705,0.602275295085844,0.649131123966604,0.698489933331615,0.750402626095964,0.804917181769682,0.862078603526798,0.921928886045024,0.98450697716913,1.04984891185481,1.11798785139364,1.18895375334476,1.26277329470036,1.33946985760003,1.41906353039829,1.50157102231791,1.58700563427573,1.67537723575607,1.76669223578662,1.86095356527959
1.8906579881342,1.79623939789669,1.7047363839719,1.61614682450799,1.53046516095969,1.44768243419415,1.36778628617802,1.29076096852266,1.21658737921308,1.14524314667377,1.07670262988696,1.01093693096232,0.947913932898654,0.887598342631233,0.829951733515374,0.774932619373247,0.722496546919193,0.672596108846918,0.625180990116125,0.58019802532535,0.537591268751434,0.497302072779385,0.459269163736877,0.423428740917548,0.389714550435239,0.358057982377244,0.328388160155242,0.300632000230663,0.274714289624463,0.250557778949524,0.228083302834342,0.207209841072952,0.187856824438847,0.169951780798782,0.153428803709527,0.138225744420342,0.124282572773469,0.111541596047079,0.0999472849215593,0.0894457679293485,0.0799856386556471,0.0715181414325793,0.0639986439897814,0.0573894018851061,0.0516683659240105,0.0468335438509293,0.0428861116369266,0.0398271878466472,0.037657527436998,0.0363775467202209,0.0359873968591994,0.0364871946335946,0.0378768682121532,0.0401559029296377,0.0433233970768651,0.0473781331862606,0.0523190184318417,0.0581484466774425,0.0648891325931202,0.0725796139690515,0.081265152792622,0.090995036184633,0.10182133432426,0.113798642072836,0.126983244145201,0.141433715418308,0.157210935335991,0.174377901855775,0.193001331070473,0.213154386849525,0.234918424085455,0.258375211564674,0.283604656805065,0.310684745101307,0.339691441089748,0.370698560102034,0.40377769431799,0.438998165918587,0.47642692435088,0.516128446657899,0.558164650733247,0.602594814206343,0.649475501043849,0.698860496246941,0.750800729735723,0.805344206474318,0.862535953511842,0.922417987805025,0.98502927786125,1.05040587775348,1.11858096636601,1.18958451715108,1.26344322125356,1.34018047321772,1.41981637205536,1.50236763585383,1.58784757258638,1.67626605697327,1.76762950144234,1.86194083846068
1.89162221976843,1.79715547624665,1.70560579597543,1.6169710560208,1.53124569500263,1.44842074921894,1.36848385433381,1.29141925392695,1.21720783624138,1.14582721829214,1.07725174598459,1.01145250669054,0.948397367029189,0.888051015936418,0.830375007170033,0.775327833394341,0.7228650186526,0.672939131460889,0.625499831118347,0.580493925109263,0.537865439178277,0.497555695800236,0.459503390053369,0.423644688693085,0.389913304043883,0.358240591202143,0.328555637432633,0.30078532192433,0.274854393339728,0.250685562894681,0.228199624843513,0.20731551766012,0.187952631027859,0.170038455852848,0.153507052079708,0.138296239261965,0.124345956626606,0.111598482028635,0.0999982578286013,0.0894913850846075,0.0800264311646892,0.071554615535682,0.0640312831648573,0.0574186703604807,0.0516947166829663,0.0468574288607026,0.0429079834644963,0.039847499629458,0.037676732697521,0.0363960991932455,0.0360057503566078,0.0365058030268266,0.0378961853360144,0.0401763823564559,0.043345491919098,0.0474022959354601,0.0523457010222207,0.0581781022640796,0.0649222259155281,0.072616629420936,0.0813065978512078,0.0910414434634737,0.101873262992593,0.113856679143162,0.12704800533511,0.141505846318455,0.15729111258542,0.174466834222357,0.193099761347147,0.213263095142652,0.23503823199222,0.258506982384176,0.283749294589066,0.310843193673911,0.339864683016862,0.370887615595232,0.403983620100709,0.439222054068431,0.476669901089531,0.516391671090198,0.55844931354203,0.602902136305914,0.649806732196019,0.699216913643756,0.751183636543386,0.805754930341461,0.8629758450508,0.922888419056692,0.985531640740377,1.05094158256232,1.11915144032798,1.19019120277599,1.26408757466366,1.34086396246642,1.42054047544653,1.50313384021752,1.58865737153968,1.67712094916936,1.76853098880473,1.86289042440842
1.89255009890075,1.79803701752192,1.70644243027244,1.61776421317701,1.53199680212751,1.44913122902509,1.36915512346889,1.29205272130975,1.21780490141599,1.14638926982336,1.07778015985334,1.01194864469552,0.948862575207026,0.88848662300294,0.830782322982409,0.775708147449544,0.723219598631246,0.673269221777485,0.625806651494265,0.580778669173864,0.538129273104413,0.497799756978243,0.459728785802269,0.4238524950204,0.39010456444168,0.358416315490773,0.328716800648308,0.300932863236018,0.274989215004086,0.25080852925665,0.228311561396003,0.207417210133719,0.188044825612154,0.170121863170244,0.153582350407672,0.138364076377193,0.124406950844763,0.111653223351501,0.100047309005807,0.0895352824272557,0.0800656857551332,0.0715897145284316,0.0640626918102218,0.0574468353849112,0.0517200739918201,0.0468804133815967,0.0429290307021797,0.0398670456376381,0.0376952139004158,0.0364139522193869,0.0360234119087139,0.0365237098649273,0.0379147741848872,0.0401960896882958,0.0433667537635675,0.0474255477247249,0.0523713776521194,0.0582066398052887,0.0649540715864137,0.0726522493530741,0.0813464803894216,0.0910861011412506,0.101923233897927,0.113912528157595,0.127110324963057,0.141575257811156,0.157368267071945,0.174552413749318,0.193194480703442,0.213367705023847,0.235153523020463,0.258633785311318,0.283888479383212,0.310995668576045,0.34003139354917,0.371069543506287,0.40418178227441,0.439437501409959,0.476903717360879,0.516644971696788,0.55872324427676,0.603197872053392,0.650125475600777,0.699559893746419,0.751552107379478,0.806150169505927,0.863399152236532,0.923341114577264,0.986015064033954,1.05145709076134,1.11970040684812,1.19077501574297,1.26470763530246,1.34152168348336,1.42123727941193,1.50387115790645,1.58943664025837,1.67794361107027,1.76939848918732,1.86380421001135
1.8934434235694,1.79888572996754,1.70724790808752,1.61852783295147,1.53271993782491,1.44981525037583,1.36980139436428,1.29266259820009,1.21837973172599,1.14693039040727,1.07828889545021,1.01242630639031,0.949310458909594,0.888906007947388,0.831174470246478,0.776074298509002,0.723560973957945,0.67358701944361,0.626102045798441,0.581052809294382,0.538383281785539,0.498034729253594,0.459945787754018,0.424052562585263,0.390288702251808,0.358585495760538,0.328871962103315,0.301074910070335,0.275119015874097,0.250926916318859,0.228419329401749,0.207515115552773,0.188133586845809,0.170202164377137,0.153654844606038,0.138429387220353,0.124465673622144,0.111705926093062,0.100094533504233,0.0895775450212833,0.0801034784942733,0.0716235064254318,0.064092930789347,0.0574739515364017,0.0517444869878026,0.0469025419528691,0.0429492941351792,0.0398858637473172,0.0377130068584394,0.0364311403941251,0.0360404157399602,0.0365409498476532,0.0379326707801242,0.0402150631138989,0.04338722381134,0.0474479336112234,0.0523960980775469,0.0582341146009348,0.0649847313161144,0.0726865427895424,0.0813848776913909,0.091129095755326,0.101971343873563,0.113966297339996,0.12717032379162,0.141642084401557,0.157442548305039,0.174634806272118,0.193285672685921,0.21346841920547,0.235264520580398,0.258755866064001,0.284022480898905,0.311142465272599,0.340191895737276,0.371244696373939,0.404372564836485,0.439644925435652,0.477128826252599,0.516888839321968,0.558986973758664,0.603482594523616,0.650432348917055,0.699890101179577,0.751906856264427,0.806530689859641,0.863806695350995,0.923776951597223,0.986480484516547,1.05195340129904,1.12022892971021,1.19133708736105,1.26530460471949,1.34215491079611,1.42190813421385,1.50458101769014,1.59018688880441,1.67873563682496,1.77023368362681,1.86468396599736
1.89430388243106,1.79970321790945,1.70802375201995,1.61926335881898,1.53341646904233,1.4504741062806,1.37042388866954,1.29325003745173,1.21893341377636,1.1474516029272,1.07877891444099,1.01288639470151,0.949741864773991,0.889309963535498,0.831552190240433,0.776426978710134,0.723889789936412,0.673893125193992,0.626386572416402,0.581316863679438,0.538627945375702,0.498261056795715,0.460154806108635,0.424245269576528,0.39046606555101,0.358748451813857,0.32902141510023,0.301211730939218,0.275244041313079,0.251040947869042,0.228523132575221,0.207609418988452,0.188219082514685,0.170279511267352,0.153724671711001,0.138492295248903,0.124522235962749,0.11175668987761,0.100140020592616,0.0896182527559109,0.0801398808219383,0.0716560551036969,0.0641220572631465,0.0575000700727669,0.0517680018189385,0.0469238564042836,0.0429688120675772,0.0399039895304745,0.037730145205721,0.036447696208364,0.0360567939927853,0.0365575555638412,0.0379499089517605,0.0402333384988393,0.0434069407570625,0.0474694959111236,0.0524199090276635,0.0582605785867796,0.0650142630608908,0.0727195745554183,0.0814218623397532,0.0911705085786622,0.102017683862062,0.114018088330556,0.127228115236922,0.141706452412341,0.157514096698936,0.17471416753781,0.193373509675304,0.213565428068108,0.235371434491343,0.258873455412164,0.28415155243997,0.3112838612542,0.340346492979373,0.371413405290647,0.404556328424293,0.439844718240319,0.477345653289305,0.517123734950086,0.559241000517074,0.603756841929084,0.650727932229219,0.700208160136212,0.752248553782062,0.806897210702383,0.864199244775245,0.924196753981758,0.986928781975128,1.05243145235403,1.12073800798404,1.19187848011738,1.26587961136943,1.34276484139786,1.42255430797289,1.50526476142055,1.59090953537685,1.6794985236042,1.77103815089598,1.86553135537418
1.89513306261699,1.80049098921832,1.70877139312727,1.61997214746973,1.53408768054367,1.4511090120105,1.37102375458617,1.29381612260652,1.21946696884324,1.14795386876864,1.07925112067419,1.01332975826998,0.950157588535804,0.889699234870343,0.831916179675345,0.776766838577677,0.72420665307341,0.674188103645987,0.626660756162421,0.581571319381916,0.53886371516113,0.498479157069672,0.460356226404093,0.424430971445574,0.390636981488964,0.358905484225994,0.329165435307695,0.301343578211126,0.275364521932619,0.25115083424037,0.228623162383172,0.207700294385074,0.188301470317024,0.170354046508568,0.153791960519863,0.13855291649779,0.124576742196794,0.111805608339822,0.100183854172679,0.0896574807172599,0.0801749598828519,0.0716874205998272,0.0641501249559053,0.0575252391700994,0.0517906618587409,0.0469443960507146,0.0429876205005377,0.0399214564204309,0.0377466605542388,0.0364636501995895,0.0360725768771601,0.0365735576430223,0.0379665204959021,0.0402509495523807,0.0434259409689828,0.047490274396461,0.0524428544221787,0.058286080576103,0.0650427212925574,0.0727514055783657,0.0814575025533325,0.091210415997929,0.102062339338334,0.114067996658654,0.127283805896286,0.141768480571418,0.157583044225887,0.174790643929622,0.19345815368844,0.213658910546287,0.235474461957857,0.258986770251394,0.284275932081099,0.311420117328184,0.340495470432752,0.371575981442929,0.40473341199295,0.440037248345249,0.477554598412217,0.517350091850197,0.559485793108744,0.604021120123882,0.651012770745807,0.700514657281573,0.752577830199366,0.80725040808819,0.864577524573493,0.924601296063635,0.987360783302122,1.05289212569976,1.12122858067328,1.19240019262027,1.26643371586199,1.34335260031615,1.42317699256776,1.50592365027484,1.59160591290983,1.68023367856587,1.77181337484863,1.86634794116617
1.89593245694159,1.80125046215806,1.70949217742503,1.62065547497124,1.53473478074442,1.45172111061796,1.37160207208267,1.29436187281577,1.21998135751238,1.14843809218582,1.07970636428621,1.01375719530524,0.950558378643228,0.890074522776497,0.83226709385952,0.77709448997828,0.724512133833427,0.674472485863995,0.626925090663151,0.581816634511092,0.53909101560991,0.498689422732254,0.460550411267383,0.424610002520726,0.390801757774144,0.359056875710221,0.329304282012461,0.301470689257273,0.275480674639978,0.251256773266747,0.228719598914245,0.207787905350142,0.18838089857969,0.170425904290292,0.153856832176019,0.138611360106468,0.124629290454567,0.111852769550044,0.100226113160199,0.0896952995293828,0.0802087788315946,0.0717176593826878,0.0641771843992886,0.0575495041415785,0.0518125079032079,0.0469641978707106,0.0430057532958195,0.0399382958636983,0.0377625826373973,0.0364790310905669,0.0360877928077973,0.0365889848945366,0.0379825353191395,0.04026792798058,0.0434442586541289,0.0475103064757777,0.0524649755708293,0.0583106664814068,0.0650701572458861,0.0727820931653604,0.0814918624969804,0.0912488898604409,0.102105390697857,0.114116112176739,0.127337496032379,0.141828280551172,0.15764951501556,0.174864373131812,0.19353975711416,0.21374903494117,0.23557378846542,0.259096014588042,0.284395843749154,0.311551478803148,0.340639096308942,0.371732717524727,0.404904134354828,0.440222862371977,0.47775603779565,0.517568317543903,0.559721792245968,0.604275904901209,0.651287377275786,0.700810144417741,0.752895278329076,0.807590917895909,0.8649422157817,0.924991306160111,0.987777266251036,1.05333625070939,1.12170153098038,1.19290316413475,1.26696791577908,1.34391924572265,1.42377730904853,1.50655887048341,1.59227727512648,1.68094242524606,1.77256075115905,1.86713519351342
1.89670347052336,1.80198297167621,1.71018737185661,1.62131454242799,1.5353589070713,1.45231147800638,1.37215985768441,1.2948882473604,1.22047748393962,1.14890512431223,1.0801454454719,1.01416945712572,0.950944939576617,0.890436486908358,0.832605549604963,0.777410508834276,0.724806769168824,0.674746771714857,0.627180040546984,0.582053240264459,0.53931024625461,0.498892223373491,0.46073770202285,0.424782677490079,0.390960684038589,0.359202892371724,0.329438199269395,0.301593287504415,0.275592703600126,0.251358951160263,0.228812611677718,0.207872405879982,0.188457506916035,0.170495210919023,0.153919400706254,0.138667728802957,0.12467997310166,0.111898256404898,0.10026687183502,0.0897317756674986,0.0802413971127098,0.0717468246038613,0.0642032831564623,0.0575729076384461,0.0518335783517635,0.0469832966705031,0.0430232423259607,0.0399545374594528,0.0377779394419024,0.0364938659167325,0.0361024685301782,0.03660386443531,0.0379979815711902,0.0402843036269111,0.0434619260100252,0.0475296273600385,0.0524863113565974,0.0583343795180471,0.0650966191458449,0.0728116912568613,0.0815250025661631,0.0912859977928179,0.102146913613249,0.114162519458847,0.127389280017905,0.141885957463755,0.157713625905582,0.174935484740328,0.193618463389165,0.213835959667009,0.235669588603105,0.259201380444034,0.28451149821634,0.311678176576952,0.340777623063296,0.371883889035584,0.405068795593554,0.440401886579643,0.477950325515427,0.517778795612812,0.559949412751252,0.60452164410363,0.65155223450299,0.70109514093099,0.753201456158943,0.807919338649468,0.865293959428141,0.925367469803207,0.988178962885982,1.0537646080343,1.12215769022377,1.19338827874836,1.26748315009935,1.34446577362635,1.42435631260885,1.50717153859119,1.59292480209959,1.68162600942928,1.77328159351218,1.86789449619212
1.89744742687214,1.80268977518715,1.71085816978189,1.62195048118486,1.53596113088979,1.45288112759118,1.37269806887742,1.2953961498067,1.22095619976781,1.14935576684791,1.08056911795115,1.01456725141359,0.951317934900415,0.89078574860789,0.832932127899507,0.777715437618688,0.725091064846004,0.675011432033371,0.627426043456898,0.582281542795746,0.539521783423124,0.499087907117789,0.460918420170874,0.424949292764781,0.391114033092637,0.359343784860421,0.329567416958763,0.301711583402786,0.275700801120222,0.251457543317891,0.228902360337846,0.207953941026879,0.188531426830732,0.170562085365435,0.153979773514727,0.138722119348879,0.12472887713911,0.111942146986406,0.100306200162844,0.0897669717459752,0.0802728707182284,0.0717749663279095,0.0642284660281443,0.0575954898347783,0.0518539093736096,0.0470017252347925,0.0430401176123567,0.0399702090877635,0.0377927573290041,0.0365081801433168,0.0361166292364177,0.0366182218073293,0.0380128857668486,0.0403001046015523,0.0434789733641783,0.0475482702151706,0.052506898404159,0.0583572603914514,0.0651221524165171,0.0728402506604885,0.0815569796486043,0.0913218034939558,0.102186979362098,0.114207298166992,0.127439246744444,0.141941610316454,0.157775486947703,0.175004100824246,0.193694407619414,0.213919833937428,0.235762026819927,0.25930304868875,0.284623094013305,0.311800428137011,0.340911288488672,0.372029755474148,0.405227678364034,0.4405746282784,0.478137795082808,0.517981887360281,0.56016904535439,0.604758759563214,0.65180779707719,0.701370136041877,0.753496889269035,0.808236234110796,0.865633359310454,0.925730432709541,0.988566562753119,1.05417793298596,1.12259784143926,1.19385636920126,1.26798030326596,1.3449931221885,1.42491499715715,1.50776270629466,1.59354960536382,1.68228560454546,1.77397713929473,1.86862715260937
1.89816557349104,1.80337205789425,1.71150569602829,1.62256435761569,1.53654246203884,1.45343101458919,1.37321760816108,1.29588643183082,1.22141830773152,1.14979077545272,1.08097809215911,1.01495124521017,0.951677990071786,0.891122893534525,0.833247376365923,0.778009787651307,0.725365497586137,0.675266910615159,0.627663511902841,0.582501924934026,0.539725981831523,0.49927680209741,0.461092868748656,0.425110127733636,0.391262062079629,0.35947978943186,0.329692151759231,0.301825775316847,0.275805148463578,0.251552715063876,0.228988995389656,0.208032647513036,0.188602782276378,0.170626639767936,0.154038051837574,0.138774622949014,0.124776084571647,0.111984514892485,0.100344164091373,0.089800946783352,0.0803032524246618,0.071802131744279,0.0642527752422295,0.0576172885975282,0.0518735350608177,0.0470195144655148,0.0430564074523295,0.0399853370275981,0.0378070611460746,0.0365219977731288,0.0361302986718945,0.0366320810857518,0.0380272728982134,0.0403153574003656,0.0434954293024417,0.0475662663024435,0.052526771234902,0.0583793474694094,0.0651467998733642,0.0728678192660746,0.0815878473650706,0.0913563670046399,0.102225655128649,0.114250523388345,0.127487479998693,0.141995332430746,0.157835201873604,0.175070336442435,0.19376771715198,0.214000798396987,0.235851258120899,0.259401189804572,0.284730818269446,0.311918438480837,0.341040316721922,0.372170561436538,0.405381049088819,0.440741377130142,0.478318760856113,0.518177933340682,0.560381058346285,0.604987648886986,0.652054493538455,0.701635590875915,0.753782073056326,0.808542135666001,0.865960984551288,0.926080803513417,0.98894071579923,1.05457691864827,1.12302272269436,1.19430822041086,1.26846020893013,1.34550217569347,1.42545429952355,1.50833336489331,1.59415273262043,1.68292231663657,1.77464855483255,1.86933439131998
1.8988590870365,1.80403093769226,1.71213101154338,1.62315717753409,1.53710385300782,1.45396203996974,1.37371932678111,1.29635989674158,1.22186456497742,1.15021086287205,1.08137303818475,1.01532206767496,0.952025695027691,0.891448474087648,0.833551811527059,0.778294041213679,0.725630517037028,0.675513626052344,0.627892834968002,0.582714747767208,0.539923176051282,0.49945921780973,0.461261333583684,0.425265445918737,0.391405013539536,0.359611128924459,0.329812608044115,0.301936050345788,0.275905916599424,0.251644622333574,0.22907265878145,0.208108654296092,0.18867169016621,0.170688979896504,0.154094331161653,0.138825325628551,0.124821672746888,0.112025429541367,0.100380825823088,0.0898337564464599,0.0803325920113021,0.0718283653624908,0.0642762506284583,0.0576383396431552,0.0518924875693438,0.0470366935096605,0.0430721385361738,0.0399999460655218,0.0378208743293843,0.0365353414458393,0.0361434992334685,0.0366454649784881,0.0380411665380624,0.0403300870144929,0.0435113207872564,0.0475836451077745,0.052545962409718,0.0584006769407741,0.0651706019003246,0.0728944422437511,0.0816176562911636,0.0913897449558927,0.102263004281703,0.114292265945818,0.12753405880904,0.142047211828312,0.157892868523963,0.175134300119485,0.193838512101796,0.214078985702931,0.235937428708178,0.259495964592056,0.284834847486938,0.312032400963977,0.341164919170991,0.372306537628069,0.405529159060121,0.440902406346641,0.478493519341007,0.518367254768038,0.560585799102313,0.605208687101565,0.652292728089731,0.701891940370946,0.75405747478381,0.808837544523369,0.866277371952374,0.926419156284322,0.989302035060121,1.05496221874433,1.12343303014115,1.19474457271852,1.26892365339939,1.34599376820643,1.42597510333485,1.50888444938996,1.59473517207095,1.68353718893161,1.77529694021494,1.8700173711082
1.8995290780758,1.80466746968725,1.71273511768463,1.62372989026025,1.53764620278776,1.45447505409749,1.37420402817141,1.29681730272839,1.22229568612557,1.15061670181855,1.08175458848022,1.01568031262951,0.952361606570157,0.891763011640073,0.833845920894271,0.778568653499083,0.72588654759115,0.675751973426021,0.628114379881967,0.582920352102009,0.540113681862026,0.499635446368612,0.461424084449393,0.425415496040957,0.39154311638961,0.359738013660486,0.329928978707712,0.302042585080015,0.276003266894173,0.251733412303932,0.229153484488728,0.208182083090535,0.188738260846806,0.170749205580347,0.154148701610619,0.138874308580911,0.124865714668072,0.112064956452278,0.100416244066747,0.0898654532754962,0.0803609364614924,0.0718537091921034,0.0642989297794573,0.0576586766820353,0.0519107972490434,0.0470532898771239,0.0430873360550733,0.0400140595959144,0.0378342189988609,0.0365482325295186,0.0361562520600372,0.0366583949180156,0.0380545889351633,0.0403443170314006,0.043526673266666,0.0476004344609482,0.052564502660654,0.0584212829617824,0.0651935966130956,0.0729201622265825,0.0816464541618098,0.0914219907979471,0.102299086630829,0.11433259268442,0.127579057765093,0.142097331586925,0.157948579244049,0.175196094284495,0.193906905837311,0.214154521061559,0.236020676572197,0.259587524820089,0.284935348254372,0.312142498081791,0.341285295369692,0.37243790179605,0.405672245455841,0.441057973794207,0.47866235038935,0.518550154814772,0.560783595486847,0.605422228169479,0.652522882231132,0.702139595035694,0.754323535469762,0.809122933739861,0.866583028164947,0.926746032848034,0.98965109913927,1.05533445027967,1.123829420831,1.19516612488289,1.26937137881679,1.34646868694569,1.42647824258727,1.5094168422712,1.59529785641263,1.68413120606464,1.77592333374259,1.87067718567291
1.9001765954773,1.80528265036757,1.71331896017784,1.6242833923737,1.53817036042512,1.45497086009406,1.3746724711301,1.29725936585855,1.22271234609444,1.1510089276315,1.08212334036103,1.01602654090492,0.952686250567394,0.892066998599113,0.834130164894629,0.778834054411986,0.726133990063343,0.675982325868078,0.628328493472436,0.583119059811215,0.54029779749986,0.499805763659178,0.461581376131633,0.425560513003179,0.391676586829324,0.359860642277502,0.330041445927846,0.302145546299242,0.276097351749335,0.251819223975302,0.229231599043822,0.208253048848858,0.188802598534309,0.170807411102538,0.154201248301198,0.138921648488716,0.124908279282655,0.112103157504444,0.100450474269473,0.0898960868917231,0.0803883301483595,0.0718782029087837,0.0643208481993492,0.0576783315517238,0.0519284927636488,0.0470693295494537,0.0431020238006846,0.0400276997134531,0.0378471160455325,0.0365606912051084,0.0361685771161009,0.0366708911461042,0.0380675611022267,0.0403580697281247,0.0435415107749174,0.0476166606456317,0.0525824210124008,0.05844119779108,0.0652158200098105,0.0729450194791021,0.0816742860599633,0.0914531550115434,0.102333958662806,0.114371566735503,0.127622547312541,0.142145770168872,0.158002421248777,0.175255815675988,0.193973005428652,0.214227522723181,0.236101132037164,0.25967601382585,0.285032477905309,0.312248902190888,0.341401633766498,0.372564859590577,0.405810532277176,0.441208323013073,0.478825518305492,0.518726919810196,0.560974757149359,0.605628606388439,0.652745316268073,0.702378942572574,0.754580671631148,0.809398750091186,0.86687843169262,0.927061944928543,0.989988454495134,1.0556941959813,1.124212515312,1.19557353684224,1.26980408609474,1.34692767539469,1.42696450494334,1.50993137699603,1.59584166652563,1.68470529796717,1.77652871603213,1.87131486795127
1.90080263046539,1.80587742145633,1.71388343277337,1.62481853117955,1.53867712830425,1.45545021694291,1.3751253727531,1.29768676284554,1.22311518271018,1.15138814073307,1.08247985831527,1.01636128250996,0.953000123986816,0.892360900310234,0.834404978650934,0.779090650230047,0.726373223240356,0.67620503600372,0.628535503506063,0.583311175078045,0.540475804810353,0.499970430404387,0.461733449413661,0.425700718798431,0.391805629176206,0.359979202496293,0.330150181870159,0.302245091617255,0.276188315190694,0.251902188708821,0.229307122025064,0.208321660205963,0.188864801717321,0.170863685564517,0.15425205167225,0.138967417820242,0.124949431748863,0.112140091176314,0.100483568831112,0.0899257041893051,0.0804148150063601,0.0719018840076926,0.0643420394410118,0.0576973343400394,0.0519456012015836,0.047084837080298,0.0431162242571163,0.0400408872985297,0.0378595852122926,0.0365727365444403,0.0361804932689459,0.0366829727920714,0.0380801028971409,0.0403713661573944,0.0435558560253769,0.0476323485009874,0.0525997448945023,0.0584604519144337,0.0652373061102078,0.0729690520529742,0.081701194590898,0.0914832853030883,0.102367673759995,0.11440924776083,0.127664594025503,0.14219260172429,0.158054476959883,0.175313555715909,0.194036912061557,0.214298102439274,0.236178918264894,0.259761567068959,0.28512638512653,0.312351776175458,0.341514112453078,0.372687605359571,0.405944231214603,0.441353684158926,0.478983272868074,0.518897820347461,0.561159576721523,0.605828137683735,0.652960370704206,0.70261034937655,0.754829276893891,0.809665415799036,0.86716403474128,0.927367376126377,0.990314617553764,1.05604200655058,1.12458290002799,1.19596743226579,1.2702224376247,1.34737143617631,1.42743463477706,1.51042884121797,1.59636743487847,1.68526034346329,1.77711401380721,1.87193139411197
1.90140812036891,1.80645267347259,1.714429380626,1.62533610791261,1.53916726518172,1.45591384235952,1.37556341114591,1.29810013360811,1.22350479911859,1.15175490889883,1.08282467613826,1.01668503863542,0.953303696774376,0.892645156816815,0.834670773627186,0.77933882514052,0.726604605313282,0.676420437284974,0.628735719927947,0.583496985546455,0.54064797031437,0.500129693150986,0.461880531986706,0.425836323349385,0.39193043663849,0.360093871830761,0.330255349339187,0.302341370077959,0.276276293412966,0.251982430723165,0.229380166508993,0.208388019889982,0.188924963529357,0.170918113223038,0.154301187788955,0.139011685103473,0.124989233682089,0.112175812766709,0.100515577302387,0.0899543495126443,0.0804404306898611,0.0719247879452783,0.0643625352329627,0.0577157134988449,0.0519621481784006,0.0470998356882566,0.0431299586859557,0.0400536420962129,0.0378716451685607,0.0365843865823596,0.0361920183599931,0.0366946579451225,0.0380922330980675,0.0403842262272448,0.043569730496424,0.0476475215156057,0.0526165002450848,0.0584790741600169,0.0652580870842814,0.0729922959308917,0.0817272200433241,0.0915124267850625,0.102400282402215,0.114445692178192,0.127705260858282,0.142237896371572,0.158104824317611,0.175369400855344,0.194098721420026,0.21436636588509,0.236254151720563,0.25984431264373,0.285217210520316,0.31245127406324,0.341622899837779,0.372806322883735,0.406073542448424,0.441494274873269,0.479135850274603,0.51906311230684,0.561338330923839,0.60602112080295,0.653168367529088,0.702834161920703,0.755069723481411,0.809923330127773,0.86744026492916,0.9276627837474,0.990630076661738,1.05637840274575,1.12494112953626,1.19634840091218,1.27062705978214,1.34780063370993,1.42788933598877,1.5109099797637,1.59687594867608,1.68579717359306,1.777680103403,1.87252768724681
1.90199395208925,1.8070092490263,1.71495760342188,1.62583688070202,1.53964148899363,1.45636241544691,1.3759872279325,1.29850008363793,1.22388176601677,1.15210976935854,1.08315829890764,1.01699828350844,0.953597413593348,0.892920184488291,0.834927939150984,0.779578942661723,0.726828475202853,0.676628845224437,0.628929436008412,0.583676763385412,0.540814546194189,0.500283785181725,0.462022839292405,0.425967525285054,0.392051192029975,0.360204818244715,0.330357102380726,0.302434522706827,0.276361415283713,0.252060067554155,0.229450839488727,0.208452225102363,0.188983172093428,0.170970773801918,0.154348728624257,0.139054515179646,0.125027743382878,0.112210374599421,0.100546546568238,0.0899820648204535,0.0804652147198602,0.0719469482704634,0.064382365596753,0.0577334959493179,0.0519781579315586,0.0471143473427896,0.0431432472049351,0.0400659827893044,0.0378833135793577,0.0365956583834524,0.0362031692708108,0.0367059637212791,0.0381039694729195,0.0403966687746768,0.0435831545109204,0.0476622019144113,0.0526327116068259,0.0584970918050726,0.0652781933713079,0.0730147851597103,0.0817524005384547,0.0915406221429352,0.102431832353517,0.114480953370156,0.127744607378297,0.142281720456805,0.158153537069088,0.175423432894387,0.19415852404034,0.214432413050642,0.236326942603623,0.259924371753116,0.28530508712467,0.312547541595415,0.341728155268727,0.372921186056532,0.406198655389411,0.441630301088682,0.479283474015364,0.51922303780247,0.561511281589493,0.606207838421307,0.653369611409516,0.703050708038172,0.755302363591834,0.81017287086169,0.867707526869008,0.927948600494828,0.990935293893017,1.05670387730872,1.12528772855945,1.19671700081155,1.27101854524408,1.34821589666977,1.42832927460962,1.5113754973889,1.5973679527725,1.68631657468731,1.77822781400865,1.87310462078604
1.90256096531162,1.80754794586916,1.71546885827411,1.62632156731616,1.54010047945519,1.45679657915453,1.37639743057862,1.29888718619199,1.22424662371949,1.15245323074133,1.08348120481211,1.01730146610964,0.953881695434376,0.893186377527741,0.83517684382321,0.779811346959266,0.727045153786598,0.676830558537698,0.629116929404887,0.583850766274361,0.540975771206604,0.500432927360027,0.462160575302883,0.426094512659998,0.392168068431964,0.360312200760038,0.330455586839599,0.302524683021525,0.276443802809943,0.252135210480333,0.22951924226137,0.208514367869817,0.189039510841122,0.171021742780699,0.154394742319458,0.139095969438031,0.12506501604801,0.112243826212669,0.100576521017581,0.0900088898376797,0.0804892026198408,0.0719683967461188,0.06440155895567,0.0577507071794275,0.0519936534081815,0.0471283928437635,0.0431561088607747,0.040077927065985,0.0378946071692678,0.0366065681038338,0.0362139619842395,0.0367169063253535,0.0381153288436957,0.0404087116338613,0.0435961473097949,0.0476764107391359,0.0526484022158193,0.0585145306746794,0.065297653790061,0.0730365519737258,0.0817767721680356,0.0915679117897195,0.102462368835125,0.114515081877346,0.127782689981762,0.142324136793992,0.158200685035349,0.175475729278324,0.194216405638883,0.214496338602756,0.236397395246814,0.260001859147562,0.28539014089502,0.31264071675431,0.341830029610798,0.37303235951382,0.406319749364636,0.441761957774466,0.479426355682641,0.519377826059008,0.561678676612394,0.606388558165189,0.653564390792674,0.703260298109167,0.755527530673238,0.810414395672888,0.867966203633117,0.928225236035955,0.991230706722026,1.05701889674919,1.12562319388538,1.19707376028607,1.27139745513506,1.34861782026115,1.42875508121311,1.51182606132998,1.59784415236777,1.68681929121482,1.77875793066954,1.87366302166091
1.90310995548102,1.80806951972203,1.71596386240606,1.62679084770666,1.54054488046969,1.457216942557,1.37679459454464,1.29926198432429,1.22459988407414,1.15278577487837,1.0837938468462,1.01759501176437,0.954156941107505,0.893444109369006,0.835417836824399,0.780036364065828,0.727254945036089,0.677025860202015,0.629298463145959,0.584019238316481,0.541131871529114,0.500577328912764,0.462293933243656,0.42621746362081,0.392281229806684,0.360416170020283,0.330550940876557,0.302611977505123,0.276523571570525,0.252207964917347,0.229585470787019,0.208574535370479,0.189094058808295,0.171071091662155,0.154439293425723,0.139136106033503,0.125101103966137,0.112276214534668,0.100605542700628,0.0900348621962957,0.0805124280416735,0.0719891634616364,0.0644201422354733,0.0577673713342672,0.0520086563463858,0.0471419918951699,0.0431685616966871,0.0400894916825048,0.0379055417817132,0.0366171310484075,0.0362244116410374,0.0367275011083808,0.0381263271460998,0.0404203716993466,0.0436087271202364,0.0476901679228927,0.0526635940839267,0.0585314152332788,0.0653164956409502,0.0730576269089168,0.0818003691222592,0.0915943340092027,0.102491934685707,0.114548125577572,0.127819562093562,0.142365204887679,0.158246334358793,0.175526363372106,0.194272447415928,0.214558232220576,0.236465608485932,0.260076883531695,0.285472491150624,0.312730930252423,0.341928665780301,0.373139999217344,0.406436994253028,0.441889429627646,0.479564695720634,0.51952769422403,0.561840750825755,0.606563533560639,0.653752978928436,0.703463226161006,0.755745540605439,0.81064824338893,0.86821665811098,0.928493078454078,0.991516729574131,1.05732390299802,1.12594799612781,1.19741917982239,1.27176432101584,1.34900696833005,1.42916735314992,1.51226230366894,1.59830521550735,1.68730602842079,1.77927119706967,1.87420367323447
1.90364167656237,1.80857468689717,1.71644329563999,1.62724536636764,1.54097530236273,1.45762408296747,1.3771792652824,1.29962499277016,1.22494203223678,1.15310785847476,1.08409665438212,1.01787932361848,0.954423528626024,0.893693733972455,0.835651249126349,0.780254303012444,0.72745813707167,0.677215018438222,0.62947428654405,0.584182410885692,0.541283061544726,0.500717188156241,0.462423096264098,0.426336547024264,0.392390831566217,0.360516868813385,0.330643295447672,0.302696526044972,0.276600831117232,0.252278430783727,0.229649616021737,0.2086328102364,0.189146890909318,0.171118888220407,0.154482443128065,0.139174980088332,0.125136056699208,0.112307584046466,0.100633651474795,0.0900600175658781,0.0805349228823824,0.0720092769373349,0.0644381409578231,0.0577835112998346,0.0520231873507097,0.0471551631734952,0.0431806228149843,0.0401006925213248,0.0379161324339281,0.0366273617239714,0.0362345325924167,0.0367377626208847,0.038136979484836,0.0404316649846802,0.0436209112189396,0.0477034923593419,0.0526783080751563,0.0585477686695639,0.0653347448007488,0.0730780389089007,0.0818232238084002,0.0916199250887849,0.102520570510024,0.114580129851957,0.127855274352635,0.142404981139425,0.158290547732688,0.175575404714919,0.194326726337395,0.214618178906746,0.236531676002779,0.260149547941519,0.285552250988595,0.312818305985982,0.342024199240881,0.373244252995906,0.406550551074829,0.442012891713838,0.479698684120963,0.519672848121505,0.561997726816929,0.606733004913064,0.653935634817491,0.703659770888349,0.755956692796049,0.810874735168518,0.868459234268476,0.9287524955951,0.991793755263638,1.05761931494067,1.12626258135938,1.19775373380824,1.27211964672786,1.34938387531952,1.42956665662067,1.51268482352654,1.59875177540004,1.68777745477396,1.77976831811209,1.87472731801964
1.90415684360227,1.80906412673207,1.71690780270698,1.62768573452564,1.54139232395606,1.45801854789927,1.37755196008849,1.29997669969524,1.22527352832061,1.15341991466131,1.08439003462867,1.01815478400821,0.954681816490866,0.893935587027672,0.835877394616705,0.780465456878535,0.727655003141449,0.677398287622084,0.629644636042534,0.584340503412813,0.541429544570393,0.500852693170041,0.462548238059752,0.426451923011057,0.392497021100557,0.36061443255683,0.330732774749306,0.302778442340056,0.276675685346973,0.252346702840396,0.229711764226601,0.208689270834316,0.189198078191618,0.171165196731195,0.154524249453238,0.139212643879477,0.125169921250877,0.112337976933082,0.100660885140134,0.0900843897748051,0.0805567173925264,0.0720287642213666,0.064455579326999,0.0577991487807945,0.0520372659621228,0.04716792439118,0.0431923084351884,0.0401115446450825,0.0379263933679848,0.0366372738885091,0.0362443384488065,0.0367477046623178,0.038147300184931,0.0404426066768196,0.0436327159908078,0.0477164019668875,0.0526925639765544,0.0585636129752702,0.0653524258105189,0.0730978154232786,0.0818453669609293,0.0916447194427781,0.102548314816891,0.114611137739131,0.127889874784027,0.142443519039443,0.15833338461419,0.175622919256464,0.194379315396363,0.214676259276229,0.236595686643474,0.260219950094506,0.285629527668178,0.312902961455921,0.342116758463801,0.373345261047655,0.406660572538715,0.442132510062096,0.479828501068232,0.51981348295115,0.562149815683717,0.606897200123751,0.654112604091398,0.703850196600148,0.756161271197815,0.811094175592729,0.868694258316598,0.929003836317385,0.992062156328496,1.05790552984053,1.12656737262726,1.19807787214435,1.2724639101052,1.34974904808564,1.42995352859974,1.51309418909804,1.59918443256963,1.68823420423795,1.78024996231407,1.87523466020223
1.90465613510875,1.80953848385039,1.71735799539261,1.62811253217374,1.54179649449384,1.458400856888,1.37791316982586,1.30031756832009,1.22559480892723,1.15372235443602,1.08467437398644,1.01842175573254,0.954932144883696,0.894169987070629,0.836096571143569,0.780670103767274,0.727845802530655,0.677575909130862,0.629809736002619,0.584493724115836,0.541571513533646,0.500984022422951,0.462669523450383,0.426563743538759,0.392599938268127,0.36070898974832,0.330819496631435,0.302857834279388,0.276748232847567,0.252412871006027,0.229771997254778,0.208743991526454,0.189247688072128,0.171210078185797,0.154564767462853,0.139249147012565,0.125202742222929,0.112367433223894,0.100687279565128,0.090108010922838,0.0805778402768722,0.0720476509797333,0.0644724803104505,0.0578143043727115,0.0520509107230585,0.0471802923555657,0.04320363394801,0.0401220623467204,0.0379363380981909,0.0366468805969766,0.0362538421251482,0.0367573403269858,0.0381573028394084,0.0404532111866746,0.0436441569834822,0.0477289137483102,0.0527063805640567,0.0585789690183636,0.0653695619572835,0.0731169824989873,0.0818668277437977,0.0916687497269348,0.102575204147338,0.114641190078471,0.127923408958724,0.142480869344617,0.158374901422216,0.175668969576437,0.194430283855992,0.214732549824593,0.236657724714133,0.260288182714804,0.285704422967713,0.312985008158917,0.342206465355487,0.37344315640667,0.406767203550005,0.44224844221745,0.479954317539681,0.519949783938046,0.562297217736903,0.607056335448314,0.654284119830029,0.70403475409927,0.756359545253601,0.811306853678668,0.868922039797077,0.929247431652777,0.992322286270108,1.05818292466096,1.1268627713611,1.19839202174167,1.27279756456478,1.35010296758437,1.43032847862231,1.51349093954412,1.59960375685331,1.68867687838107,1.78071676403189,1.8757263679844
1.90514019526326,1.80999837026344,1.7177944545315,1.62852630996247,1.54218833543331,1.45877150318531,1.37826336052412,1.30064803843038,1.22590628857001,1.154015568004,1.08495003930754,1.01868058323602,0.955174836775992,0.894397236522183,0.836309061486552,0.780868507712263,0.728030781406968,0.677748112130249,0.629969799434806,0.584642270678752,0.541709151601583,0.501111345354809,0.462787108917324,0.426672152877222,0.392699715851742,0.360800662384705,0.33090357298186,0.30293480429374,0.276818567219154,0.252477020650201,0.229830392818389,0.208797042912964,0.189295784557074,0.171253590489868,0.154604049432885,0.139284536583615,0.125234561960691,0.112395990923148,0.100712868803629,0.0901309114857722,0.0805983187879776,0.0720659615799633,0.0644888657136766,0.0578289976291959,0.0520641392378663,0.0471922830236904,0.0432146139655255,0.0401322591960839,0.0379459794551492,0.0366561942438639,0.0362630558830004,0.0367666820467379,0.0381670003536041,0.0404634921960896,0.04365524895803,0.0477410438461992,0.052719775663702,0.0585938566110747,0.065386175349947,0.0731355648652179,0.0818876338455169,0.0916920469449149,0.102601273193742,0.114670325643238,0.12795592014222,0.142517080243981,0.158415151721386,0.175713615088552,0.194479697475338,0.214787123177405,0.236717870255725,0.260354333835534,0.28577703351645,0.313064551950899,0.342293435654977,0.373538065376672,0.406870581683082,0.442360837754537,0.480076295862605,0.520081926936518,0.56244012315331,0.607210616201736,0.65445040332147,0.704213681500164,0.756551770774835,0.811513043821712,0.869142872591559,0.929483595885814,0.992574480705819,1.0584518572943,1.12714915868171,1.19869658791323,1.27312104058463,1.35044609043949,1.43069199044557,1.5138755867487,1.60001028925957,1.68910604833758,1.78116932552898,1.87620307576319
1.90560963597859,1.81044436732539,1.71821773186276,1.62892759095889,1.54256834211059,1.45913095533463,1.37860297486824,1.3009685277818,1.2262083609983,1.154299926024,1.08521737906752,1.0189315937091,0.955410198960755,0.894617622654155,0.836515134260112,0.781060919520984,0.728210173606897,0.677915114306446,0.630125028679361,0.584786330883056,0.541842632765993,0.501234822917776,0.462901143103361,0.426777288069454,0.39279647998279,0.3608895663517,0.330985110083639,0.303009449682871,0.276886777373207,0.252539232866116,0.229887024736752,0.208848492057456,0.189342428446448,0.171295788648419,0.154642145020673,0.139318857329484,0.125265420688304,0.112423686131359,0.100737685203646,0.090153120412793,0.0806181788132502,0.0720837191689527,0.0645047562498831,0.0578432471243675,0.0520769682290489,0.0472039115532629,0.0432252623678546,0.04014214808327,0.0379553296267447,0.0366652266027894,0.0362719913697095,0.0367757416306798,0.0381764049863931,0.0404734627015508,0.043666005936099,0.0477528075945203,0.0527327662085769,0.0586082945731889,0.0654022869899224,0.0731535860124131,0.0819078115676102,0.0917146405473252,0.102626554910647,0.114698581264441,0.127987449432732,0.142552197512653,0.158454186393127,0.17575691223034,0.194527618719416,0.214840048322231,0.23677619929976,0.260418487080014,0.285847451103236,0.313141693385203,0.342377779303641,0.37363010793451,0.406970837620878,0.442469838755421,0.48019459023291,0.520210078991898,0.562578712583315,0.607360237414249,0.654611664768918,0.704387204989516,0.756738190758696,0.811713006672076,0.869357035860407,0.92971262755772,0.992819058441042,1.05871266770513,1.12742689661861,1.19899195566889,1.27343474707902,1.35077885040134,1.43104452359409,1.5142486169541,1.60040454369638,1.68952225663216,1.78160821889985,1.87666538615702
1.90606503881452,1.81087702755318,1.71862835175734,1.62931687228412,1.54293698529142,1.45947965863803,1.37893243358451,1.30127943340792,1.22650140043015,1.1545757807688,1.08547672445637,1.01917509811243,0.955638523013003,0.894831418488697,0.836715044754503,0.781247577560002,0.72838420136786,0.678077122547667,0.630275616039771,0.584926083195635,0.541972122388071,0.501354608080233,0.463011767278086,0.426879279360655,0.392890350536103,0.36097581178669,0.331064208947823,0.303081862920134,0.276952947810881,0.252599584724473,0.229941963167495,0.208898402696953,0.189387677524354,0.171336724938025,0.154679101420383,0.13935215176793,0.125295356634654,0.112450553158332,0.100761759508614,0.0901746652171061,0.0806374449559934,0.0721009457454323,0.0645201716048293,0.057857070511006,0.0520894135896152,0.047215192350118,0.0432355923466155,0.0401517412589827,0.0379644001963013,0.0366739888633595,0.0362806596548729,0.0367845303021454,0.0381855283885675,0.0404831350548735,0.0436764412438146,0.047764219566622,0.0527453682918287,0.0586223007909651,0.0654179168368803,0.0731710682658084,0.0819273859069549,0.091736558523921,0.102651080617941,0.114725991946146,0.128018035889861,0.142586264655152,0.158492053794974,0.175798914639833,0.19457410695476,0.214891390824615,0.236832784106327,0.260480721923555,0.28591576296387,0.313216528027369,0.342459600789381,0.373719398105766,0.407068095564004,0.442575580254404,0.480309347197854,0.520334398863493,0.562713157716417,0.607505384441915,0.654768103948771,0.704555539534373,0.756919036148867,0.811906989950826,0.869564794916667,0.929934810401047,0.993056322467339,1.05896567899465,1.12769632924339,1.19927849092069,1.27373907267869,1.35110165970477,1.43138651479842,1.51461049228337,1.60078700858009,1.68992601887838,1.78203398786119,1.87711387189241
1.90650695676254,1.81129687632215,1.71902681282721,1.62969462663888,1.54329471261581,1.45981803652273,1.37925213673162,1.30158113283858,1.22678576270063,1.15484346720629,1.0857283903948,1.01941139213119,0.95586008618453,0.895038883636122,0.8369090357192,0.78142870848646,0.728553076010163,0.678234333579029,0.630421744372883,0.585061697316434,0.542097777705876,0.501470846296202,0.463119115771415,0.426978250597913,0.392981441497833,0.361059503416713,0.331140965623436,0.303152131936257,0.277017158882331,0.252658149509975,0.22999527482185,0.208946835437486,0.189431586736331,0.171376449067246,0.154714963507829,0.139384460328083,0.125324406150684,0.112476624628452,0.100785120951741,0.0901955720603692,0.0806561406109069,0.0721176622274751,0.0645351304972389,0.0578704845747226,0.0521014904318521,0.0472261391124235,0.0432456164454066,0.0401610503721268,0.0379732021781282,0.0366824916655063,0.0362890712643095,0.0367930587331375,0.0381943816385909,0.0404925210011075,0.043686567552675,0.0477752936199568,0.0527575972160512,0.0586358922720248,0.06543308387,0.0731880328539436,0.081946380632491,0.0917578274894996,0.102674880096964,0.114752590972891,0.128047716654461,0.142619323038895,0.158528799908965,0.175839673320172,0.194619218631609,0.214941213029286,0.236887693385834,0.260541113937357,0.285982052048819,0.313289146748416,0.342538999467274,0.373806044314674,0.407162473611884,0.442678190652416,0.480420706105763,0.520455037511779,0.562843621808101,0.607646233535432,0.654919910823685,0.704718889541826,0.757094526544241,0.812095229210072,0.86976640204025,0.93015041421038,0.993286560892238,1.05921119839213,1.12795778372561,1.19955654160575,1.2740343869234,1.35141491033413,1.43171837933534,1.51496165215838,1.60115814833432,1.69031782536103,1.7824471494203,1.87754907756146
1.90693591590954,1.81170441344666,1.71941358942547,1.6300613037257,1.54364194994486,1.460146491815,1.37956246490429,1.30187398523574,1.22706178633246,1.15510330400723,1.08597267648175,1.01964075706461,0.956075152238059,0.89524026507598,0.837097338093235,0.781604527929993,0.728716998572794,0.678386934554421,0.630563587639049,0.585193334689029,0.542219748307393,0.501583675942958,0.46322331637774,0.427074319602808,0.393069861308384,0.361140740873545,0.331215471486446,0.303220340383891,0.277079487028449,0.252714996941824,0.230047023165358,0.208993847936432,0.189474208354665,0.17141500832618,0.154749773975495,0.139415821472082,0.125352603818764,0.112501931578833,0.100807797343957,0.0902158658314024,0.0806742880344731,0.0721338885154321,0.0645496507351174,0.0578835052844615,0.0521132131327913,0.047236764871893,0.0432553465975447,0.0401700865048558,0.0379817460506576,0.0366907451315,0.036297236211728,0.0368013370764362,0.0382029752759283,0.0405016317138729,0.0436963969176747,0.0477860429377739,0.0527694675393244,0.0586490851965211,0.065447806145071,0.0732044999725302,0.0819648183567337,0.0917784727639741,0.102697981680113,0.114778410009829,0.12807652706038,0.142651412018659,0.158564468479983,0.17587923679305,0.194663007453735,0.214989574247727,0.23694099250574,0.260599735015866,0.286046397272773,0.313359635998232,0.342616069858495,0.373890149710325,0.407254084118076,0.442777792103322,0.480528799525281,0.520572138552585,0.562970260171022,0.607782952370413,0.655067266114102,0.704877449473987,0.757264870859612,0.812277948541657,0.869962097236945,0.930359695654038,0.993510047806026,1.05944951817928,1.12821157131712,1.19982643873307,1.27432104137379,1.35171897520267,1.43204051227724,1.51530251462192,1.60151840478714,1.69069814251117,1.78284819543068,1.87797152126033
1.90735241698989,1.81210011465465,1.71978913304579,1.6304173315756,1.5439791026171,1.46046540792867,1.37986378035608,1.30215833245308,1.22732979353469,1.15535559448538,1.08620986787828,1.01986346065593,0.956283972225392,0.895435797885692,0.837280171686524,0.781775241128887,0.728876160406521,0.678535103608652,0.630701311415338,0.585321148976903,0.542338176571853,0.501693228729277,0.463324490732949,0.427167598519012,0.393155713182337,0.361219618987633,0.331287813509349,0.303286567884408,0.277140005006389,0.252770193379402,0.230097268605114,0.209039495072619,0.189515592132599,0.171452447725985,0.154783573458481,0.13944627180855,0.125379982554715,0.112526503550892,0.100829815155962,0.0902355702196151,0.0806919084106183,0.0721496435506413,0.0645637492682896,0.0578961478396122,0.0521245953766253,0.0472470820322325,0.0432647941612717,0.0401788602052658,0.0379900417873584,0.036698758895811,0.0363051640282686,0.0368093749955518,0.0382113193321404,0.040510477828325,0.0437059408128691,0.0477964800680116,0.0527809931181634,0.0586618949648737,0.0654621008477606,0.0732204888440339,0.0819827206024839,0.0917985184470726,0.102720412334422,0.114803479196146,0.1281045007387,0.142682569052686,0.158599101144813,0.175917651241865,0.194705524536891,0.215036530933157,0.236992743683393,0.260656653588886,0.286108873747468,0.313428078060624,0.342690901929176,0.373971812470982,0.40734303402174,0.442874500874303,0.480633753636467,0.520685838680786,0.563093220633202,0.607915700542059,0.655210341831416,0.705031404421698,0.757430267942019,0.812455361238272,0.870152108946486,0.930562899031311,0.99372704409038,1.05968091655257,1.12845798827031,1.20008849736011,1.27459937064853,1.35201420925265,1.43235328965769,1.51563347757098,1.60186819847461,1.6910674142822,1.78323759404304,1.87838169611779
1.90775693683432,1.81248443296413,1.72015387362878,1.63076311778661,1.54430655662132,1.46077514997442,1.38015642804761,1.30243450002514,1.22759009113503,1.15560062747519,1.08644023613265,1.02007975786706,0.956486785213821,0.895625705920742,0.837457745815865,0.781941043523927,0.729030743727563,0.678679010372869,0.63083507337464,0.585445286508077,0.542453198081702,0.501799630076521,0.463422754666369,0.427258194136769,0.393239095407098,0.361296228062483,0.331358074512816,0.303350890258273,0.277198782100077,0.252823802014278,0.230146068664542,0.20908382910511,0.189555785448298,0.171488810129106,0.154816400652081,0.139475846198513,0.125406573703045,0.112550368675819,0.100851199594819,0.0902547077835503,0.080709021912007,0.0721649453702341,0.0645774422374426,0.0579084267139872,0.0521356501943007,0.0472571024050294,0.0432739699526186,0.0401873815179161,0.0379980988855941,0.0367065421329868,0.0363128637900818,0.0368171816926856,0.0382194233599089,0.0405190694719263,0.043715210164574,0.047806616959605,0.0527921871476121,0.0586743362423292,0.0654759843433408,0.0732360177732934,0.0820001078651044,0.091817987488069,0.102742197739598,0.114827827232267,0.12813166971505,0.142712829811066,0.158632737552615,0.175954960645349,0.194746818556703,0.215082136843876,0.237043006166064,0.26071193481957,0.286169552999014,0.313494551291395,0.342763581350714,0.374051126088148,0.407429425157056,0.442968427682269,0.480735688595898,0.520796268065824,0.563212643965765,0.60804463002694,0.655349301775675,0.705180930640081,0.757590907146093,0.812627670410613,0.870336654703528,0.930760256979321,0.993937798173212,1.05990565842811,1.1286973166953,1.20034301750433,1.27486969339253,1.35230095048239,1.43265706955948,1.51595491990807,1.60220792985758,1.69142606343442,1.78361579105985,1.87878007172196
1.90814992972326,1.81285779996897,1.72050822078233,1.63109905068061,1.54462467969212,1.46107606579614,1.38044073662559,1.30270279809128,1.22784297145067,1.1558386781515,1.08666403995106,1.02028989160226,0.95668381896466,0.895810202450033,0.837630259899047,0.782102121313106,0.729180922134767,0.678818816456024,0.630965023733171,0.585565886690427,0.542564942007415,0.501902999474626,0.463518218529527,0.427346208196,0.393320101621865,0.361370654130965,0.33142633340076,0.303413379740252,0.277255884316866,0.252875883049565,0.230193478146671,0.209126899821533,0.189594833439319,0.171524136370941,0.154848292421611,0.139504577854353,0.125432407125919,0.112573553754423,0.1008719746755,0.0902733000149126,0.0807256477572981,0.0721798111583299,0.0645907450199382,0.0579203556969037,0.0521463900005051,0.0472668372432777,0.0432828842761047,0.040195660012339,0.0380059263935785,0.0367141035836923,0.0363203441440887,0.036824765934848,0.0382272964601503,0.0405274162931914,0.043724215382378,0.0478164649963998,0.0528030621986945,0.058686423000585,0.0654894722231364,0.0732511041994746,0.0820169996706909,0.0918369017509202,0.1027633623609,0.114851481461317,0.128158064500504,0.142742228276978,0.158665415477464,0.175991206902392,0.19478693588683,0.215126443195847,0.237091836399097,0.260765640789376,0.286228503170909,0.313559130340748,0.342834189742935,0.374128179631927,0.407513354542263,0.443059678008107,0.480834718877708,0.520903550721169,0.563328664282488,0.60816988561435,0.655484302000492,0.705326196048795,0.757746968871508,0.81279506956386,0.87051594175508,0.930951991133311,0.994142546733781,1.06012399619361,1.12892982536066,1.20059028499479,1.27513231318132,1.35257952090558,1.43295219313091,1.51626720261661,1.60253798045831,1.69177449273496,1.78398321120073,1.87916709545324
1.9085318286519,1.81322062704078,1.72085256492216,1.63142550038472,1.54493382233397,1.46136848693952,1.38071701933805,1.30296352225932,1.22808871310233,1.1560700087959,1.08688152591806,1.02049409338454,0.956875290567503,0.89598949074979,0.837797904010168,0.782258651970138,0.729326861093026,0.6789546758949,0.631091305668788,0.58568308239989,0.542673531467207,0.502003450814846,0.463610987503445,0.427431737669616,0.393398821078382,0.361442979194895,0.331492665380065,0.303474105180561,0.277311374571343,0.252926493867568,0.230239549286739,0.209168754676724,0.189632779128302,0.17155846537355,0.154879283905066,0.139532498432287,0.125457511286317,0.112596084331765,0.100892163287756,0.090291367398415,0.0807418042646626,0.0721942572938884,0.0646036722726341,0.0579319479315821,0.0521568266282373,0.0472762972727136,0.043291546953432,0.0402037048096872,0.0380135329355727,0.0367214515790495,0.0363276133320599,0.0368321360782727,0.0382349473073586,0.0405355274885549,0.0437329663881296,0.0478260350288532,0.0528136302534204,0.058698168556697,0.0655025793479432,0.0732657647446338,0.0820334146304467,0.0918552820751505,0.102783929517274,0.114874467945261,0.128183714176542,0.142770796841325,0.158697170923532,0.176026429948715,0.194825920728099,0.215169498805314,0.2371392881831,0.260817830670942,0.286285789213795,0.313621886361162,0.342902804901379,0.374203057999056,0.407594914649821,0.443148352390407,0.480930953592356,0.521007804849655,0.56344140941326,0.6082916053095,0.655615491247613,0.705467360699652,0.757898625065334,0.812957743136536,0.870690167637617,0.931138312743836,0.994341515361768,1.0603361704112,1.12915577044186,1.20083057226804,1.27538751936648,1.35285022744802,1.43323898553586,1.51657066976623,1.60285871392286,1.69211308607934,1.78434025928508,1.87954319373006
1.90890304651336,1.813573306453,1.72118727833875,1.63174281984269,1.54523431877894,1.46165272955805,1.38098557489029,1.30321695441331,1.22832758177557,1.15629486951341,1.08709292917037,1.02069258398831,0.957061407033424,0.896163764659008,0.837960859399013,0.782410804729413,0.729468718385431,0.679086735575033,0.631214055712229,0.585797000343557,0.542779083863451,0.502101092700959,0.46370116188605,0.427514875028499,0.393475338884829,0.3615132814491,0.331557142166087,0.303533132233001,0.277365312857245,0.252975689186583,0.230284331894934,0.209209438922399,0.189669663540536,0.171591834252012,0.154909408609141,0.139559638118875,0.125481913325803,0.112617984766962,0.10091178725867,0.0903089294677558,0.0807575089018396,0.0722082993954662,0.0646162379719342,0.0579432159510611,0.0521669713611418,0.0472854927211247,0.0432999673503246,0.0402115246076587,0.0380209267354512,0.0367285940634034,0.0363346792131369,0.03683930009125,0.0382423841733094,0.0405434118275015,0.0437414726430498,0.0478353374036834,0.0528239027375279,0.0587095856094682,0.0655153198886357,0.0732800152591384,0.0820493704915386,0.0918731483327962,0.102803921445066,0.114896811536123,0.128208646474519,0.142798566391241,0.158728038223477,0.176060667866001,0.194863815229288,0.215211350222198,0.237185412820953,0.260868560889783,0.286341473062941,0.313682887201816,0.342969501009882,0.374275842144888,0.407674193659103,0.443234546700197,0.481024496784783,0.521109143166479,0.563551001253397,0.608409920710626,0.655743011353354,0.705604577213958,0.758046039691895,0.813115867004492,0.870859520716866,0.931319423254014,0.994534919173721,1.06054241047473,1.12937539622125,1.20106413911263,1.27563558786624,1.35311336278628,1.43351775684226,1.51686564945288,1.60317047701482,1.69244220954049,1.78468732133835,1.87990877317413
1.90926397720602,1.81391621243289,1.7215127161957,1.63205134576143,1.54552648788309,1.4619290952609,1.38124668824595,1.3034633634695,1.22855983093339,1.15651349890317,1.08729847402747,1.02088557403147,0.957242365850161,0.896333209099316,0.838119298977157,0.782558741039857,0.729606644536412,0.679215135624631,0.631333404113272,0.585907761399483,0.542881711197542,0.502196028740537,0.463788837361163,0.427595708489501,0.393549736234065,0.361581635491134,0.331619832174989,0.303590523531036,0.277417756408358,0.253023521207644,0.230327873489973,0.209248995728513,0.189705525813984,0.171624278413964,0.154938698499087,0.139586025711972,0.125505639137324,0.112639278298513,0.10093086741119,0.0903260048580046,0.0807727783329816,0.0722219523631035,0.064628455451272,0.0579541717118089,0.0521768349637704,0.0472944333457793,0.0433081544016453,0.0402191277038223,0.0380281156387574,0.0367355386156267,0.0363415492849093,0.0368462655754968,0.0382496149492432,0.0405510776760843,0.0437497431731054,0.0478443819916181,0.0528338905511254,0.058720686273506,0.0655277073641707,0.0732938708641752,0.0820648841846924,0.0918905194817006,0.102823359357664,0.114918535942634,0.128232887850037,0.14282556639293,0.158758050130518,0.17609395698402,0.19490065960016,0.215252041854938,0.237230259255399,0.260917885275612,0.286395613804348,0.313742197590556,0.343034348839523,0.374346609300507,0.407751275692875,0.443318352398054,0.481115447713449,0.521207673201486,0.563657556090535,0.608524957361914,0.655866997628995,0.705737991191827,0.758189369172498,0.813269608952586,0.871024180692969,0.931495514839776,0.994722963389959,1.06074293522507,1.12958893574322,1.20129123336577,1.27587678190548,1.35336920613264,1.43378880285367,1.51715245467881,1.60347360054526,1.69276221235053,1.78502476562723,1.88026422170091
1.90961499667048,1.81424970214677,1.72182921746473,1.63235139949743,1.54581063396586,1.46219787190689,1.38150063137722,1.30370300608427,1.2287857024834,1.15672612468665,1.08749837458214,1.02107326452988,0.957418355502003,0.896498000561783,0.838273387773152,0.782702614989961,0.729740783208011,0.679340009783474,0.631449475183618,0.58601548093491,0.542981520364743,0.502288357817695,0.46387410525039,0.427674322247679,0.393622090617378,0.361648112517656,0.331680800703849,0.303646338852678,0.277468759849186,0.253070039751947,0.230370219424202,0.209287466296909,0.18974040330231,0.171655831652813,0.154967184082862,0.139611688696545,0.125528713433369,0.112659987105476,0.100949423618948,0.0903426113546603,0.0807876284625248,0.0722352304175494,0.0646403374362109,0.0579648266251999,0.0521864277099203,0.0473031284591126,0.0433161166349176,0.0402265220174617,0.0380351071333572,0.0367422924690726,0.0363482307031522,0.0368530397861686,0.0382566471666399,0.040558533018949,0.0437577865927699,0.0478531782133793,0.0528436040973862,0.0587314821111139,0.0655397546771777,0.0733073459915574,0.0820799718687643,0.0919074136154206,0.102842263501338,0.114939663792646,0.128256463552589,0.142851824969232,0.158787237904655,0.176126331976276,0.194936492217322,0.215291616087395,0.237273874197886,0.260965855204051,0.286448267830288,0.313799879304291,0.343097415934938,0.374415433176036,0.407826241038755,0.443399856774873,0.481203901111626,0.521303497582245,0.563761184910772,0.608636835084008,0.655987579216987,0.705867741595477,0.758328762797216,0.813419129116381,0.871184319073567,0.931666770915767,0.99490584387483,1.0609379535261,1.12979661142769,1.2015120915658,1.27611135270871,1.3536180239701,1.434052405888,1.51743138417651,1.60376840024361,1.69307342782012,1.78535294362921,1.88060990954084
1.90995646386121,1.81457411662306,1.72213710580182,1.63264328788731,1.54608704759662,1.46245933434852,1.38174766396777,1.30393612731751,1.22900542740312,1.15693296429617,1.08769283525382,1.02125584741689,0.95758955595695,0.896658307563078,0.83842328335906,0.782842573706027,0.729871271571181,0.679461485748573,0.631562387618195,0.586120269104434,0.543078613430465,0.502378174348659,0.463957052749152,0.427750796693899,0.393692476024764,0.361712780508444,0.331740110099425,0.303700635274984,0.277518375336133,0.253115292389616,0.230411413000808,0.209324889967803,0.18977433167143,0.171686526235076,0.154994894489984,0.139636653315704,0.125551159809841,0.112680132364793,0.100967474857626,0.0903587659396192,0.0808020744762945,0.0722481471370166,0.0646518960773352,0.0579751915870081,0.0521957594091871,0.0473115869527963,0.0433238621923658,0.0402337151100432,0.0380419083687918,0.0367488625302693,0.0363547303003212,0.0368596296506112,0.0382634880166843,0.0405657854799708,0.0437656111272894,0.0478617350640327,0.0528530533094371,0.0587419841621759,0.0655514741473064,0.0733204544210257,0.082094648972504,0.0919238480099918,0.10286065320757,0.114960216691616,0.12827939769082,0.142877368972315,0.158815631393471,0.176157825949615,0.194971349723408,0.215330113388401,0.237316302249297,0.261012519729418,0.286499488985062,0.313855991328664,0.343158766788889,0.374482384151157,0.407899166356725,0.443479143177486,0.481289947432255,0.521396714299303,0.563861993685519,0.608745668283691,0.656104879424734,0.7059939611084,0.758464363110751,0.813564580396029,0.871340099617057,0.93183336660941,0.995083747642939,1.06112766480463,1.12999863564496,1.20172693956357,1.27633954014933,1.35386007074119,1.43430883550719,1.51770272318086,1.60405517757368,1.69337617419995,1.78567219094093,1.88094619019626
1.91028872165751,1.81488978161786,1.72243669036855,1.63292730402655,1.54635600633209,1.4627137451295,1.38198803407178,1.3041629612545,1.22921922632612,1.1571342254267,1.08788205130734,1.02143350603044,0.957756139123447,0.896814291073144,0.838569136250351,0.782978757725565,0.729998240653915,0.679579685498252,0.631672254796378,0.586222231129572,0.543173087889297,0.502465568521395,0.46403776314797,0.427825208618864,0.393760963132706,0.36177570439892,0.331797819916382,0.303753467318919,0.277566652689867,0.253159324560428,0.230451495583723,0.209361304319632,0.18980734499002,0.171716392982272,0.155021857545454,0.139660944637308,0.125573000805942,0.112699734305034,0.100985039253114,0.0903744848342723,0.0808161308800451,0.0722607154916408,0.064663142981086,0.0579852770050588,0.0522048394318607,0.0473198173203035,0.0433313988515785,0.040240714204406,0.0380485261744229,0.0367552553964482,0.0363610546028921,0.0368660417859409,0.0382701443685162,0.0405728423416029,0.0437732246335561,0.0478700611358151,0.0528622476755668,0.0587522029721736,0.0655628775424918,0.0733332093152186,0.0821089302337117,0.0919398391677722,0.102878546942117,0.114980215277439,0.128301713293712,0.142902224051818,0.158843259107874,0.176188470528253,0.195005267120075,0.215367572414461,0.237357586013144,0.261057925709215,0.286549328701649,0.313910590007748,0.343218463005946,0.374547529453715,0.407970124873681,0.44355629122018,0.481373673077494,0.521487416954872,0.563960083640439,0.608851566244235,0.656219016037535,0.706116776472078,0.758596306274184,0.81370610884432,0.871491678748208,0.931995469205342,0.995256853333767,1.06131225955649,1.13019521125472,1.20193599309555,1.27656157335845,1.35409558949364,1.4345583492013,1.51796674415295,1.60433422049875,1.69367075548836,1.78598282812995,1.88127340133847
1.91061209771815,1.81519700842677,1.72272826660271,1.63320372799999,1.54661777540814,1.46296135513911,1.38222197873221,1.3043837315894,1.22942731009197,1.15733010655357,1.08806620933968,1.02160641557005,0.957918269278857,0.896966104916403,0.838711090281058,0.783111301347565,0.730121815667816,0.679694725596167,0.63177918506459,0.586321467561014,0.543265036908005,0.502550626520382,0.464116316040071,0.427897631404506,0.393827619480328,0.361836946241996,0.331853987065733,0.303804887085236,0.277613639519498,0.25320217968707,0.230490506700715,0.209396745262706,0.189839475814438,0.171745461347739,0.155048099839112,0.139684586616444,0.125594257960352,0.112718812256812,0.101002134126682,0.0903897835399372,0.0808298115356148,0.0722729478758084,0.0646740892386901,0.0579950928251702,0.0522136767322804,0.0473278276780791,0.0433387340448944,0.0402475262027646,0.0380549670764539,0.0367614773719867,0.036367209847628,0.0368722825155379,0.038276622786352,0.0405797105630274,0.0437806346196921,0.0478781646395509,0.052871196262875,0.0587621486184706,0.0655739761082862,0.0733456232524802,0.0821228297359706,0.0919554028585737,0.102895962351033,0.114999679271884,0.128323432367979,0.142926414718782,0.158870148293161,0.176218295932592,0.195038277855242,0.2154040301061,0.237397766201749,0.261102117920924,0.286597836129894,0.313963729184479,0.343276563456022,0.374610933327288,0.40803918656595,0.443631376983132,0.481455160614078,0.521575694996119,0.56405555150775,0.608954633397787,0.656330101612146,0.706236308801895,0.758724722404349,0.813843854030694,0.871639205948026,0.932153238562373,0.995425331656914,1.0614919198213,1.13038653211163,1.2021394583216,1.27677767129593,1.35432481248621,1.43480119303033,1.51822370745925,1.60460580419931,1.69395746218914,1.78628516153368,1.88159186564944
1.91092690528349,1.81549609464711,1.72301211694157,1.63347282756758,1.54687260838914,1.46320240422645,1.3824497245611,1.30459865217286,1.2296298802624,1.15752079741833,1.08824548773675,1.02177474352569,0.958076103471633,0.897113896148343,0.838849282955893,0.783240332961289,0.730242116314644,0.679806717476672,0.631883282001546,0.586418074524788,0.543354549553617,0.50263343073762,0.464192787516234,0.427968135203639,0.393892509634746,0.361896565359991,0.331908665954159,0.303854944382035,0.277659381339131,0.253243899281446,0.230528484140162,0.209431247127132,0.189870755268419,0.171773759488744,0.15507364679073,0.139707602154072,0.125614951863953,0.112737384700113,0.101018776037396,0.0904046768758069,0.0808431296948618,0.0722848561384997,0.0646847454533128,0.0580046485555019,0.0522222798707559,0.0473356257854092,0.0433458748775972,0.0402541577036068,0.0380612373139076,0.036767534483843,0.0363732019968476,0.0368783578845263,0.0382829295455541,0.0405863967971929,0.0437878482634298,0.047886053424753,0.0528799077394704,0.0587718307349834,0.0655847805953891,0.0733577082576533,0.0821363609431262,0.0919705541582689,0.102912916303868,0.11501862752888,0.128344575951948,0.142949964405657,0.158896324995721,0.17624733105321,0.195070413904979,0.215439521778304,0.23743688173592,0.261145139171626,0.286645058256841,0.314015460332475,0.343333124418506,0.374672657188459,0.408106418330597,0.443704473198666,0.481534488975453,0.521661633934159,0.564148489763035,0.609054969581031,0.656438243752352,0.706352673883639,0.758849735892389,0.813977949382944,0.871782824119715,0.932306827504843,0.995589345810028,1.06166681962818,1.1305727835399,1.20233753232968,1.27698804328649,1.35454796175728,1.43503760222656,1.51847386200897,1.60487019174672,1.69423657202264,1.78657948400938,1.88190189161175
1.91123344392889,1.81578732489356,1.72328851150112,1.63373485880827,1.54712074777776,1.46343712177723,1.38267148828462,1.30480792752637,1.22982712960605,1.15770647948513,1.0884200571024,1.02193865008062,0.95822979189903,0.897257805409201,0.838983845780969,0.783365975355052,0.730359257074203,0.679915767712834,0.631984644667369,0.586512143953453,0.543441711007637,0.502714059970775,0.464267250347803,0.428036787108678,0.393955695346351,0.361954618487305,0.331961908614868,0.303903686844549,0.277703921677332,0.253284523044514,0.230565464041936,0.209464842745374,0.189901213117937,0.171801314334197,0.15509852271115,0.139730013152106,0.125635102209358,0.112755469308737,0.101034980821933,0.0904191790145912,0.0808560980315354,0.0722964516117867,0.0646951217655591,0.0580139532894222,0.0522306570341559,0.0473432190630836,0.0433528281450046,0.0402606150175626,0.0380673428536308,0.0367734324960507,0.0363790367527653,0.0368842736743135,0.0382890706477241,0.0405929074068145,0.0437948724293748,0.0478937349985011,0.0528883903953179,0.0587812585353515,0.0655953012855038,0.0733694758310003,0.0821495367316672,0.0919853074850498,0.102929424934246,0.115037078079856,0.128365164166153,0.142972895522659,0.158921814125676,0.176275603520339,0.195101705850406,0.215474081205454,0.237474969838554,0.261187030400951,0.286691040019736,0.314065832679831,0.343388199717612,0.374732759774531,0.408171884146326,0.443775649426179,0.481611733651612,0.521745315549704,0.564238986847657,0.609152670275302,0.656543545367746,0.706465982451971,0.75897146570291,0.814108522508109,0.871922669932366,0.932456382190168,0.995749051871308,1.06183712541426,1.13075414277904,1.20253040360982,1.2771928895231,1.35476524965886,1.43526780176034,1.51871744585273,1.60512763473591,1.69450835059372,1.7868660756385,1.8822037742505
1.91153200027258,1.81607097147079,1.72355770871445,1.63399006672521,1.54736242558807,1.4636657272559,1.3828874772552,1.30501175332552,1.23001924255403,1.15788732636947,1.08859008066163,1.02209828848996,0.958379478262044,0.897397967256299,0.839114904574553,0.783488346006383,0.730473347474865,0.680021978268259,0.632083367837678,0.586603763803341,0.543526602767336,0.502792589609395,0.464339774158645,0.428103651310188,0.394017235694734,0.362011159904484,0.332013764830548,0.303951160047714,0.277747302179985,0.253324088960104,0.2306014809828,0.20949756352984,0.189930877841538,0.171828151648296,0.155122750859732,0.139751840565164,0.125654727837444,0.112773082992066,0.101050763632011,0.0904333035160081,0.0808687286712254,0.0723077451376111,0.0647052278774371,0.0580230157269975,0.0522388160552543,0.0473506146109311,0.0433596003485264,0.0402669041823179,0.038073289404395,0.0367791769233398,0.0363847195709655,0.036890035416252,0.0382950518348849,0.0405992484794103,0.043801713685228,0.0479012165431824,0.0528966521618282,0.05879044083471,0.0656055480156339,0.0733809369753794,0.0821623694211542,0.091999676633499,0.102945503677983,0.115055048176356,0.128385216260884,0.142995229510729,0.158946639515745,0.176303139769162,0.195132182949964,0.215507740701132,0.237512066122601,0.261227830777831,0.286735824412218,0.314114893325448,0.343441840849575,0.374791297282325,0.408235645224659,0.443844972216514,0.48168696686749,0.521826818086322,0.564327127377752,0.60924782683222,0.656646104916924,0.706576340452108,0.759090025655119,0.814235695494028,0.872058874143918,0.932602042454228,0.995904599168322,1.06200299641802,1.13093077940266,1.20271825249956,1.27739240154007,1.35497687935841,1.43549200687169,1.51895468674508,1.60537837387995,1.69477305201946,1.78714520438853,1.8824977958305
1.91182284864131,1.81634729500577,1.72381995593182,1.63423868581469,1.54759786388428,1.46388843071526,1.383097889933,1.30521031685444,1.23020639562819,1.15806350424145,1.08875571463958,1.02225380543649,0.958525300099099,0.89753451047652,0.839242579759239,0.783607557354829,0.730584492347919,0.680125446733893,0.632179542223671,0.586693018258806,0.543609302835004,0.502869091809973,0.464410425586834,0.428168789245943,0.394077187225881,0.362066241564275,0.332064282248975,0.303997407612002,0.27778956270701,0.253362633383123,0.230636568056707,0.20952943954583,0.189959776696479,0.171854296090346,0.155146353498366,0.139773104449237,0.125673846781102,0.112790241934327,0.101066138969571,0.0904470633582718,0.0808810332195204,0.0723187470929622,0.0647150730748878,0.0580318441951949,0.0522467644309193,0.0473578192243071,0.0433661977107615,0.0402730309766343,0.0380790824301532,0.0367847730439434,0.0363902556730722,0.0368956484044842,0.0383008786028149,0.0406054258414371,0.0438083783170369,0.0479085049331699,0.0529047006302765,0.0587993860701604,0.0656155302009265,0.0733921022217952,0.0821748708028277,0.092013674806623,0.102961167308938,0.115072554330096,0.12840475066089,0.143016986891318,0.158970823976592,0.176329965101197,0.195161873207353,0.215540531193168,0.23754820467376,0.261267577791449,0.286779452584163,0.314162687348412,0.343494097102229,0.374848323498685,0.408297760152085,0.443912505266506,0.481760257750681,0.521906216432139,0.564412992340725,0.609340526685823,0.656746016636119,0.706683849285844,0.759205524687123,0.814359585192844,0.872191561904803,0.932743942136094,0.996056130624783,1.06216458504905,1.13110285571228,1.20290125160275,1.27758676265783,1.35518304531062,1.43571042357016,1.51918580267343,1.60562263956902,1.69503091951917,1.78741712673527,1.88278422651173
1.91210625169636,1.81661654504261,1.7240754899852,1.6344809406013,1.54782727528761,1.46410543327583,1.38330291633893,1.30540379743322,1.23038875784397,1.15823517220498,1.08891710861808,1.02240534136551,0.958667389099961,0.897667558380232,0.839366986636789,0.783723717058575,0.730692792066823,0.680226266550727,0.63227325467916,0.586779987924362,0.543689885895974,0.502943635660627,0.464479268436735,0.428232259741149,0.39413560408122,0.362119913210192,0.332113506491759,0.304042471302974,0.277830741423327,0.253400191122527,0.230670756950327,0.209560499580148,0.189987935780931,0.171879771271045,0.155169351942281,0.139793824007454,0.125692476306397,0.112806961631535,0.101081120719876,0.0904604709677132,0.0808930227884944,0.07232946741356,0.0647246662489783,0.0580404466668866,0.0522545093392232,0.047364839409602,0.0433726261897002,0.0402790009335385,0.03808472716251,0.0367902259116436,0.0363956500586656,0.0369011177080251,0.0383065562135908,0.0406114450715887,0.0438148723435418,0.0479156067505116,0.0529125430691278,0.0588081023200258,0.0656252568561608,0.0734029816534333,0.0821870521665196,0.0920273146459862,0.102976429972729,0.115089612350651,0.128423785007428,0.143038187313228,0.15899438934888,0.176356103742045,0.195190803435452,0.215572482294218,0.237583418128277,0.261306307336806,0.286821963935591,0.314209257910867,0.343545015667502,0.374903889923229,0.408358285023769,0.443978309564355,0.48183167248921,0.521983582290744,0.564496659280081,0.609430853552117,0.656843370754278,0.706788606042979,0.759318067104563,0.8144803034877,0.872320853043575,0.932882209383483,0.996203783086735,1.06232203723589,1.13127052710773,1.20307956618345,1.27777614840132,1.35538393370123,1.43592324910496,1.51941100235549,1.60586065239622,1.69528218596958,1.78768208824816,1.88306332496595
1.91238246102288,1.81687896060242,1.72432453771963,1.63471704614168,1.54805086345322,1.46431692757712,1.38350273848092,1.3055923668202,1.23056649108964,1.15840248265469,1.08907440587127,1.02255303079988,0.958805871401177,0.897797229077937,0.839488235646818,0.783836928235976,0.730798342772395,0.680324527219455,0.632364588395422,0.586864750005518,0.543768423486178,0.50301628733611,0.464546363822154,0.428294119140413,0.394192538119099,0.362172222488121,0.332161481256695,0.304086391124982,0.277870874884481,0.253436795519416,0.230704078014139,0.209590771205694,0.190015380092534,0.171904599805456,0.155191766607868,0.139814017633173,0.1257106329513,0.112823256926251,0.101095722182663,0.0904735382466582,0.0809047080216374,0.0723399156161452,0.0647340159158487,0.0580488307787376,0.052262057655547,0.0473716813988391,0.0433788914920907,0.0402848193527352,0.0380902286124588,0.0367955403671101,0.0364009075164989,0.0369064481821351,0.0383120897073932,0.040617311513311,0.0438212015296794,0.0479225282996979,0.0529201864403437,0.0588165973219755,0.0656347366159718,0.0734135849282825,0.0821989243259814,0.0920406082600715,0.102991305218467,0.115106237380923,0.128442336197842,0.143058849596692,0.15901735655228,0.17638157889574,0.195218999316467,0.215603622368206,0.237617737746163,0.261344053795248,0.286863396205069,0.314254646354861,0.34359464174729,0.374958045883891,0.408417273569404,0.444042443526454,0.481901274480019,0.522058984342065,0.564578202469404,0.609518887616895,0.65693825369549,0.706890703719141,0.759427752814627,0.814597957543741,0.872446862335746,0.933016966940264,0.996347687629574,1.06247549275344,1.13143394243579,1.20325335453671,1.27796072689381,1.35557972286471,1.43613067240752,1.51963048570758,1.60609262365247,1.69552707442724,1.78794032414128,1.88333533895698
1.91265171768477,1.81713477071048,1.72456731649349,1.63494720849882,1.54826882351949,1.46452309820245,1.3836975307553,1.30577618959083,1.23073975048329,1.15856558161213,1.0892277436816,1.02269700263674,0.95894086786428,0.89792363574077,0.839606432610362,0.783947289692989,0.730901236584852,0.680420314497855,0.632453623084685,0.586947378479053,0.543844984149924,0.503087110243748,0.464611770301123,0.42835442143202,0.394248039029153,0.3622232150514,0.332208248414142,0.304129205409399,0.277909998117273,0.253472478520569,0.230736560329364,0.20962028084227,0.19004213358353,0.171928803362877,0.155213617057703,0.139833702950541,0.125728332562169,0.112839142040324,0.101109956101474,0.0904862765996782,0.0809160991173294,0.07235010081947,0.0647431302354953,0.0580570038480481,0.0522694159677439,0.047378351163419,0.0433849990860253,0.0402904913122961,0.0380955915814339,0.0368007210485761,0.0364060326350605,0.0369116444790278,0.0383174839136229,0.0406230302865878,0.0438273713992972,0.047929275621566,0.0529276374147372,0.0588248784900899,0.0656439777538956,0.0734239213004351,0.0822104976427348,0.0920535672509867,0.103005806028641,0.115122443930539,0.128460420422831,0.143078991774881,0.159039745631599,0.176406412795925,0.195246485458578,0.215633978592881,0.237651193480136,0.261380850110298,0.28690378555294,0.314298892293519,0.343643018653147,0.375010838645716,0.408474777271713,0.444104963126231,0.481969124468801,0.522132488393843,0.564657693076159,0.609604705712587,0.657030748269595,0.706990231420887,0.759534677546388,0.814712650044485,0.872569699756931,0.933148332417164,0.996487969847134,1.06262508553121,1.13159324431849,1.20342276833769,1.27814065922761,1.35577058367762,1.43633287450819,1.51984444428554,1.60631875579253,1.6957657986205,1.78819205979204,1.8836005058872
1.91291425274744,1.81738419489288,1.72480403464993,1.63517162518895,1.54848134253111,1.46472412207931,1.38388746032512,1.30595542349452,1.23090868470928,1.15872460904235,1.08937725363749,1.02283738042701,0.959072494337889,0.898046886845925,0.839721678959379,0.78405489613745,0.731001561803593,0.680513710586782,0.632540435152998,0.587027944253453,0.543919633588541,0.503156165160958,0.464675544002893,0.428413218365008,0.394302154440065,0.362272934659828,0.332253848097822,0.304170950897751,0.27794814469571,0.253507270747726,0.230768231771042,0.209649053813877,0.190068219212706,0.171952402713846,0.155234922042978,0.139852896852718,0.125745590328109,0.112854630605729,0.101123834691296,0.0904986969583239,0.080927205850958,0.0723600317640728,0.0647520170294666,0.058064972888623,0.0522765905904261,0.0473848544270696,0.0433909542127997,0.0402960216796724,0.0381008206717229,0.0368057724018975,0.0364110298125241,0.0369167110579595,0.0383227434613741,0.040628606299044,0.0438333872471334,0.0479358545064005,0.0529349023864397,0.0588329529309398,0.0656529882003111,0.0734339996401568,0.0822217820485423,0.0920662027396247,0.103019944847272,0.11513824590732,0.128478053201562,0.143098631133017,0.159061575800259,0.176430626754071,0.195273285449304,0.215663577018752,0.237683814040585,0.261416727859095,0.286943166639745,0.314342033696955,0.343690187900222,0.375062313513364,0.408530845478099,0.444165922015531,0.482035280681732,0.522204157524347,0.56473519931604,0.609688381484887,0.657120933851778,0.707087274558954,0.759638933058423,0.814824479414495,0.872689470721342,0.933276418546837,0.996624750124063,1.06277094394383,1.13174856946241,1.20358795297062,1.27831609981357,1.35595667992916,1.43653002892879,1.52005306170018,1.60653924287407,1.69599856341301,1.78843751123003,1.88385905331237
1.91317028777061,1.81762744364476,1.72503489196114,1.63539048560276,1.54868859983804,1.46492016885662,1.38407268747655,1.30613021979113,1.23107343633532,1.15887969915247,1.08952306191404,1.02297428263891,0.959200861904785,0.898167086408005,0.839834071953061,0.784159838381048,0.731099403095508,0.68060479430546,0.632625097863171,0.587106515320132,0.543992434800507,0.503223510364862,0.46473773874764,0.42847055955954,0.394354930021145,0.362321423272993,0.332298318790417,0.304211662820069,0.277985346812619,0.253541201562892,0.230799119067471,0.209677114402726,0.190093658994358,0.171975417774426,0.155255699543487,0.139871615537904,0.125762420813368,0.112869735693644,0.101137369664607,0.0905108098044376,0.0809380375957657,0.072369716830919,0.0647606837975437,0.0580727446257289,0.052283587578432,0.0473911966780531,0.0433967618980899,0.0403014151220754,0.0381059202962823,0.036810698690034,0.0364159032661293,0.0369216521947394,0.0383278727893069,0.0406340442564119,0.0438392541501077,0.047942270506282,0.0529419874865372,0.058840827458742,0.0656617755593526,0.0734438284528033,0.0822327870665881,0.0920785253893813,0.103033733606453,0.115153656646936,0.128495249414764,0.14311778424523,0.159082865481272,0.176454241204924,0.195299421905808,0.215692442624651,0.237715626956792,0.261451717319745,0.286981572700138,0.314384106973248,0.343736189295786,0.375112513927727,0.408585525505881,0.44422537163904,0.482099798949646,0.522274052216896,0.564810786598444,0.609769985549811,0.657208886551842,0.707181915030403,0.759740607334488,0.814933540029293,0.872806276306606,0.933401333424281,0.996758143892559,1.06291319108473,1.1319000489502,1.20374904783882,1.27848719671023,1.35613816867046,1.43672230205275,1.52025651400877,1.60675427097147,1.69622556524064,1.78867688559768,1.88411119942695
1.91342003527299,1.81786471887176,1.7252600800474,1.63560397140264,1.54889076747165,1.46511140126061,1.3842533659551,1.30630072356817,1.23123414211145,1.15903098067314,1.0896652895376,1.02310782290646,0.959326077114885,0.898284334197178,0.839943704881832,0.784262203529803,0.731194841672556,0.680693641256813,0.632707681488448,0.587183156896039,0.54406344821357,0.503289201754519,0.464798406159347,0.428526492610967,0.394406409578117,0.362368721138269,0.332341697404278,0.304251374968784,0.278021635347157,0.253574299129923,0.23082924785627,0.209704485900163,0.190118474044464,0.171997867647986,0.15527596680534,0.139889874543314,0.125778837987883,0.112884469841861,0.101150572255946,0.0905226251921381,0.0809486033425089,0.0723791640589792,0.0647691377334711,0.0580803255102008,0.0522904127395254,0.0473973831806769,0.0434024269624936,0.0403066761162658,0.0381108946879926,0.0368155040019906,0.0364206570410263,0.036926471990697,0.0383328761549571,0.0406393486724012,0.0438449769779711,0.0479485289467323,0.05294889859593,0.0588485086096515,0.0656703471248597,0.0734534158966595,0.0822435218314519,0.0920905454285205,0.103047183751375,0.115168688940884,0.128512023335943,0.143136467009326,0.159103632345873,0.176477275749369,0.195324916522335,0.215720599370118,0.237746658634677,0.261485847534818,0.287019035612598,0.314425147044802,0.343781061022732,0.375161481557041,0.408638862741545,0.444283361342189,0.482162732825139,0.52234223048672,0.564884517663668,0.609849585641811,0.657294679373844,0.707274231390393,0.759839784768066,0.815039922413303,0.872920213465762,0.933523180733551,0.99688826187448,1.06305194502442,1.13204780851556,1.2039061866571,1.27865409193448,1.35631520054403,1.43690985347399,1.52045497008441,1.60696401856617,1.69644699252346,1.78891038158474,1.88435715352172
1.91366369917081,1.8180962143066,1.72547978277241,1.63581225689752,1.5490880104997,1.46529797543051,1.38442964328287,1.30646707404018,1.23139093325227,1.15917857712412,1.08980405263554,1.02323811026387,0.959448242205099,0.898398725945033,0.840050667259827,0.784362075163788,0.731287955459335,0.680780323983443,0.632788253457491,0.587257931558217,0.544132731809438,0.503353292966258,0.464857595772321,0.428581063188039,0.394456635143496,0.362414866873869,0.332384019357588,0.304290119768449,0.278057039928533,0.253606590472636,0.230858642737282,0.209731190654729,0.190142684624253,0.172019770664613,0.155295740376543,0.139907688777234,0.125794855256106,0.112898845080657,0.10116345324509,0.0905341527685658,0.0809589117180091,0.0723883811618161,0.0647773857397988,0.0580877217317514,0.0522970716463789,0.0474034189861557,0.0434079540314765,0.0403118089577901,0.0381157479083926,0.036820192261254,0.0364252950186225,0.0369311743811456,0.0383377576435201,0.0406445238780119,0.0438505604033524,0.0479546349377026,0.0529556413574665,0.0588560026552474,0.0656787098954257,0.0734627697997729,0.0822539951079569,0.0921022726712782,0.103060306263938,0.115183355062873,0.12852838866083,0.143154694679586,0.159123893349991,0.176499749194872,0.195349790114972,0.215748070244841,0.23777693441128,0.261519146371279,0.287055585965199,0.314465187420406,0.343824839718356,0.375209256382862,0.408690900734385,0.444339938472962,0.482224133693058,0.522408748000663,0.564956452712351,0.609927246753527,0.657378382366725,0.707364299014264,0.759936546336494,0.815143713426624,0.873031375227306,0.933642059961701,0.997015210309794,1.06318731905403,1.13219196880261,1.20405949772766,1.27881692175452,1.35648792009454,1.4370928363263,1.52064859196442,1.60716865691489,1.69666302605453,1.78913818983822,1.88459711641561
1.91390147519164,1.81832211590233,1.72569417661651,1.63601550939661,1.54928048736135,1.46548004123554,1.38460166105791,1.30662940483129,1.23154393570318,1.15932260706502,1.08993946267192,1.02336524936691,0.95956745530682,0.898510353538884,0.840155045006579,0.78445953350676,0.731378819251238,0.680864912114874,0.632866878491244,0.587330899370811,0.544200341241457,0.503415835482547,0.464915355131724,0.428634315125594,0.394505647061911,0.362459897547218,0.332425318646249,0.304327928341548,0.27809158899614,0.253638101529655,0.230887327322494,0.209757250117518,0.190166310181324,0.172041144418315,0.155315036140587,0.139925072549281,0.125810485484206,0.112912872957212,0.101176022978935,0.090545401793462,0.0809689710026618,0.07239737554324,0.064785434441892,0.058094939231534,0.052303569647884,0.047409308942863,0.0434133475447603,0.0403168177696993,0.0381204838559223,0.0368247672337563,0.0364298209244601,0.036935763143368,0.038342521176143,0.0406495740303248,0.0438560089112426,0.0479605933839443,0.052962221187396,0.0588633156152621,0.0656868705886026,0.0734718976758413,0.0822642153089583,0.0921137165377816,0.103073111685047,0.115197666793741,0.128544358535178,0.143172481897726,0.159143664768656,0.176521679593645,0.195374062663897,0.215774877315314,0.237806478606185,0.261551640577039,0.287091253117698,0.31450426026324,0.343867560548712,0.375255876781212,0.408741681284891,0.444395148477998,0.482284050874803,0.52247365819016,0.565026649527669,0.6100030312677,0.657460062766479,0.707452190250521,0.760030969765309,0.815244996441332,0.873139850884004,0.933758066600693,0.997139091172206,1.06331942191528,1.13233264561081,1.20420910420049,1.27897581696644,1.3566564660622,1.43727139759406,1.52083753517917,1.60736835039719,1.69687383936682,1.78936049334938,1.88483128086332
1.91413355126536,1.81854260220368,1.7259034310291,1.63621388954359,1.54946835018357,1.46565774257413,1.38476955523706,1.3067878442421,1.23169327039199,1.15946318433209,1.0900716266701,1.02348934070187,0.959683810641918,0.898619305205281,0.840256920618613,0.784554655586388,0.731467504863831,0.680947472506608,0.632943618732184,0.587402118005032,0.544266329945758,0.503476878734803,0.464971729888537,0.428686290512103,0.394553484070667,0.362503848748986,0.332465627911775,0.304364830570658,0.278125309856353,0.253668857206219,0.2309153242832,0.209782684885019,0.190189369388494,0.172062005802159,0.155333869348171,0.139942039598982,0.125825741025769,0.11292656455867,0.101188291392158,0.0905563811576631,0.080978789146974,0.0724061543120956,0.0647932902011638,0.0581019837140083,0.0523099118798339,0.047415057706015,0.0434186117651894,0.0403217065107834,0.0381251062737093,0.0368292325353958,0.0364342383356569,0.0369402419041616,0.0383471705177555,0.0406545031208038,0.0438613268079519,0.047966408994805,0.0529686432861862,0.0588704532696037,0.0656948356543169,0.0734808067392189,0.0822741905121458,0.0921248860728629,0.10308561013566,0.115211635444978,0.128559945581017,0.143189842722143,0.159162962228507,0.176543084278712,0.195397753353286,0.21580104176891,0.237835314570091,0.261583355834384,0.287126065260165,0.314542396455115,0.343909257278855,0.375301379599225,0.408791244528237,0.444449034993355,0.482342531726818,0.522537012357961,0.565095163590731,0.610076999081761,0.65753978513044,0.707537974565327,0.760123129683491,0.81534385150798,0.873245726171224,0.933871292338122,0.997260002372821,1.06344835801765,1.13246995012619,1.20435512431932,1.27913090315548,1.35682097165986,1.43744567840586,1.5210219490628,1.60756325684384,1.69707959907981,1.78957746781914,1.88505983194024
1.91436010789338,1.81875784469791,1.72610770876164,1.63640755163226,1.54965174508013,1.46583121765677,1.38493345640311,1.30694251550176,1.23183905346648,1.15960041826186,1.09020064742306,1.02361048078308,0.959797398707893,0.898725665683382,0.840356373331554,0.784647515385617,0.731554081273978,0.681028069371507,0.633018533866446,0.58747164285248,0.54433074924627,0.503536470200538,0.465026763889263,0.428737029772377,0.394600183375878,0.362546754663029,0.332504978505439,0.304400855157164,0.278158228736191,0.253698881423121,0.23094265539455,0.209807514739588,0.190211880180485,0.17208237104147,0.155352254647166,0.13995860312277,0.125840633746074,0.112939930533925,0.101200268026744,0.0905670994005711,0.0809883737871879,0.0724147242962318,0.0648009591275753,0.0581088606581498,0.0523161032750162,0.0474206697468175,0.0434237507871079,0.0403264789833504,0.0381296187569237,0.0368335916391429,0.0364385506879358,0.0369446141469649,0.0383517092844684,0.0406593149831395,0.0438665182295722,0.047972086293483,0.0529749126487423,0.0588774211697139,0.065702611287545,0.0734895039190933,0.0822839284759171,0.0921357899638332,0.103097811336676,0.115225271880962,0.12857516192146,0.143206790655537,0.159181800738497,0.176563979897959,0.195420880609006,0.215826583955511,0.237863464730699,0.261614316810437,0.287160049468382,0.314579625657155,0.34394996233918,0.375345800227554,0.408839629013146,0.444501639930262,0.482399621733659,0.52259885977893,0.565162048189608,0.610149207725538,0.657617611464139,0.707621718679005,0.760213097770111,0.815440355512913,0.873349083435414,0.933981825237385,0.997378037952548,1.06357422764358,1.13260398913985,1.20449767165397,1.27928230094275,1.35698156483475,1.43761581431182,1.52120197704658,1.60775352784691,1.6972804652269,1.78978928200338,1.88528294740617
1.91458131849782,1.81896800814652,1.72630716618243,1.63659664390499,1.54983081243418,1.46600059927329,1.38509349001734,1.30709353700635,1.23198139651912,1.1597344139027,1.0903266236922,1.02372876233953,0.959908306452909,0.898829516388855,0.840453479273393,0.784738183985762,0.731638614753251,0.681106764403988,0.633091681239254,0.587539527132285,0.54439364845398,0.503594655495183,0.465080499260732,0.428786571745757,0.394645780724423,0.362588648132501,0.332543400548905,0.304436029676778,0.278190370834042,0.253728197162974,0.230969341577667,0.209831758687716,0.190233859788613,0.172102255725212,0.155370206110953,0.139974775799513,0.125855175045038,0.112952981114218,0.101211962050438,0.0905775647266707,0.0809977322600504,0.0724230920557073,0.0648084470914532,0.0581155753280476,0.0523221485727531,0.0474261493611151,0.0434287685442787,0.0403311388405813,0.0381340247597325,0.0368378478817572,0.0364427612822694,0.036948883218595,0.0383561409505679,0.0406640133006644,0.0438715871499768,0.0479776296257754,0.0529810340740683,0.0588842246493056,0.0657102034402944,0.0734979958728878,0.0822934366543832,0.0921464365572849,0.103109724627738,0.115238586539962,0.128590019204146,0.143223338671029,0.159200194718926,0.176584382446338,0.195443462134259,0.215851523426876,0.237890950636089,0.261644547204873,0.287193231756214,0.314615976367165,0.343989706888157,0.375389172668822,0.40888687177645,0.444553003556176,0.482455364595971,0.522659247795363,0.5652273545224,0.610219712472523,0.657693601341241,0.707703486695098,0.760300942892965,0.815534582326974,0.873450001793379,0.93408974990801,0.997493288263984,1.06369712714237,1.13273486525454,1.20463685532005,1.27943012621862,1.35713836851601,1.43778193554571,1.5213777569364,1.60793930905298,1.69747659156492,1.78999609803934,1.88550079804913
1.91479734975162,1.81917325089888,1.7265019535743,1.63678130883488,1.55000568716546,1.46616601504564,1.38524977665839,1.30724102254427,1.23212040679942,1.15986527221469,1.09044965039537,1.02384427449143,0.960016617441308,0.898930935568864,0.840548311609389,0.784826729701817,0.731721168994091,0.681183616897463,0.633163115964094,0.587605821992408,0.54445507496081,0.503651478458921,0.465132976490298,0.428834953760045,0.394690310471994,0.362629560722378,0.332580922991577,0.304470380632028,0.278221760367632,0.253756826513959,0.230995402939474,0.209855434996201,0.190255324773593,0.17212167483566,0.155387737265209,0.139990569814645,0.125869375878923,0.112965726132617,0.101223382274197,0.0905877850211472,0.0810068716167788,0.0724312638952786,0.064815759734665,0.0581221327829241,0.0523280523279232,0.0474315006775677,0.0434336688173719,0.0403356895934831,0.0381383276018745,0.0368420044701394,0.0364468732911644,0.0369530523356187,0.0383604688551288,0.0406686016133639,0.0438765373883848,0.0479830431683513,0.0529870121744018,0.0588908688345158,0.0657176178329346,0.0735062889989342,0.0823027222115588,0.0921568338749806,0.103121358985012,0.115251589454017,0.128604528623416,0.143239499236855,0.159218158028888,0.176604307296316,0.19546551494328,0.215875878973851,0.237917792995741,0.261674069795027,0.287225637125127,0.314651475973885,0.34402852087164,0.375431529602347,0.408933008413593,0.444603164571439,0.482509802313664,0.522718221907103,0.565291131794695,0.61028856644509,0.657767812016934,0.70778334022238,0.760386731239678,0.815626602946123,0.873548557282873,0.934195147666719,0.997605840143416,1.06381714911366,1.13286267707992,1.2047727801866,1.27957449036322,1.35729150084865,1.43794416727295,1.52154942117503,1.60812074044041,1.69766812586688,1.79019807175423,1.88571354801044
1.91500836189087,1.81937372518896,1.7266922154162,1.63696168339279,1.55017649898319,1.46632758766708,1.38540243224818,1.30738508150941,1.23225618741499,1.15999309025891,1.09056981878473,1.02395710291719,0.960122412010213,0.899029998448688,0.840640940679193,0.784913218210478,0.731801805229158,0.681258683855456,0.633232891025986,0.587670576605498,0.544515074328422,0.503706981238845,0.465184234501708,0.428882211701459,0.394733805647482,0.362669522778609,0.33261757366484,0.304503933501923,0.278252420619406,0.253784790711224,0.231020858810371,0.209878561226387,0.190276291056573,0.172140642776482,0.155404861113253,0.140005996883005,0.125883246780861,0.112978175042438,0.101234537168702,0.0905977678646627,0.0810157986362754,0.0724392458762149,0.0648229024811912,0.0581285378866169,0.0523338189194978,0.0474367276653879,0.0434384552410493,0.0403401346174696,0.038142530474881,0.0368460644873409,0.0364508897646062,0.0369571245903803,0.0383646962082722,0.0406730833245109,0.0438813726165191,0.0479883309365779,0.0529928513838578,0.0588973586535122,0.0657248599649162,0.073514389448463,0.0823117920347866,0.0921669896288855,0.103132723038009,0.115264290267733,0.128618700941287,0.143255284339734,0.159235703992243,0.17662376922668,0.19548705539322,0.21589966866159,0.237944011719342,0.261702906478585,0.287257289611038,0.314686150808311,0.344066433078986,0.375472902445385,0.408978073145338,0.444652160181801,0.482562975264632,0.522775825856805,0.56535342731178,0.610355820714048,0.657840298535237,0.707861338490322,0.76047052644173,0.815716485624482,0.873644823005106,0.934298096689813,0.997715777073544,1.06393438258091,1.13298751941741,1.20490554707271,1.27971550045526,1.35744107541497,1.43810262982507,1.52171709709038,1.60829795658166,1.69785521019881,1.7903953529573,1.88592135509239
1.91521450901043,1.81956957741619,1.72687809064979,1.63713789930003,1.55034337262533,1.4664854351285,1.38555156826582,1.30752581910309,1.23238883752172,1.16011796137646,1.09068721661509,1.0240673300115,0.960225767417739,0.899126777370527,0.840731434126614,0.784997712671317,0.731880582344307,0.681332020096773,0.633301057379248,0.587733838259614,0.54457369037228,0.503761204366718,0.465234310726917,0.428928380080843,0.39477629801391,0.362708563484102,0.332653379333417,0.304536712788968,0.278282373979487,0.253812110176055,0.231045727779902,0.209901154266561,0.190296773948503,0.172159173399311,0.15542159016004,0.140021068270448,0.125896797880293,0.11299033693469,0.101245434879988,0.0906075205473433,0.0810245198376341,0.0724470438274813,0.0648298805471329,0.058134795316552,0.0523394525586195,0.0474418341416646,0.0434431313106709,0.0403444771585882,0.0381466364479654,0.0368500308982519,0.0364548136356869,0.0369611029567066,0.0383688260970882,0.040677461706944,0.0438860963653796,0.0479934967919297,0.0529985559666093,0.0589036988455854,0.065731935124918,0.0735223031369527,0.0823206527474454,0.0921769112353959,0.103143825085504,0.115276698256074,0.128632546507317,0.143270705506981,0.159252845422204,0.176642782449806,0.195508099214324,0.215922909862878,0.237969625953519,0.26173107831398,0.287288212328664,0.314720026192276,0.344103471196171,0.375513321411094,0.409022098880902,0.444700026167064,0.482614922279244,0.522832101710646,0.565414286565919,0.610421524392868,0.65791111383055,0.707937538458365,0.760552389691863,0.815804296000269,0.87373886925961,0.934398672157407,0.997823179337514,1.06404891315568,1.13310948343505,1.20503525293343,1.27985325946955,1.3575872014441,1.43825743892183,1.52188090713037,1.60847108689156,1.69803798118195,1.79058808571619,1.88612437104929
1.91541593934388,1.81976094841145,1.72705971293178,1.63731008326763,1.5505064280852,1.46663967093281,1.38569729195009,1.30766333652503,1.23251845250392,1.16023997535803,1.09080192830337,1.02417503503504,0.960326757983347,0.899221341924907,0.840819857022497,0.785080273841506,0.73195755698556,0.681403678355082,0.633367664040052,0.587795652444118,0.544630965241246,0.503814186832599,0.465283241174084,0.428973492096349,0.394817818126136,0.362746710911739,0.332688365743978,0.304568742063662,0.278311641986346,0.253838804552976,0.231070027730519,0.209923230362632,0.190316788177954,0.172177280028904,0.155437936434875,0.140035794814311,0.125910038921366,0.113002220554587,0.101256083244238,0.0906170500820203,0.0810330414919827,0.0724546633563265,0.0648366989501865,0.0581409095722404,0.0523449572962519,0.047446823778296,0.0434477003886437,0.0403487203394168,0.0381506484735969,0.0368539065549873,0.0364586477259323,0.0369649902953094,0.0383728614912431,0.0406817399090134,0.0438907120316579,0.0479985444490026,0.053004130024633,0.0589098939697579,0.0657388484004539,0.073530035754875,0.0823293107209806,0.0921866058288107,0.103154673110612,0.115288822341214,0.128646075277391,0.143285773827448,0.159269594644605,0.176661360637473,0.195528661538509,0.215945619289697,0.237994654116622,0.261758605558648,0.287318427513509,0.314753126484449,0.344139661856079,0.375552815563417,0.409065117277734,0.444746796946074,0.482665680710882,0.522887089934729,0.56547375331899,0.610485724726893,0.657980308823811,0.708011994919387,0.760632379855234,0.815890097215018,0.87383076367194,0.934496946389996,0.997928124164737,1.06416082319311,1.13322865683313,1.20516199103597,1.27998786646402,1.35772998401043,1.4384087058813,1.5220409690854,1.60864025586238,1.69821657024085,1.79077640861866,1.88632274186322
1.91561279552871,1.81994797368896,1.72723721087313,1.63747835722304,1.55066578082614,1.46679040429792,1.38583970649129,1.30779773115451,1.23264512414495,1.16035921860455,1.09091403507955,1.0242802942562,0.960425455220788,0.899313759075173,0.840906271981138,0.785160960184517,0.732032783660436,0.68147370937325,0.63343275817411,0.587856062931063,0.544686939492975,0.503865966154596,0.465331060491987,0.42901757969284,0.394858395385509,0.362783992074593,0.332722557671209,0.304600044006675,0.278340245365334,0.253864892744892,0.23109377586958,0.209944805147193,0.190336347917466,0.172194975486984,0.155453911512933,0.140050186942798,0.125922979280368,0.113013834317195,0.101266489801805,0.0906263632167776,0.0810413696337013,0.0724621098583149,0.0648433625186208,0.0581468849833276,0.0523503370304269,0.0474517001085588,0.0434521657104375,0.0403528671646496,0.0381545693927836,0.0368576942019894,0.0364623947503502,0.036968789358903,0.0383768052482929,0.0406859209602128,0.043895222883814,0.0480034774821592,0.0530095775050483,0.0589159484129403,0.0657456046869737,0.0735375927778752,0.0823377720863034,0.0921960802740959,0.103165274795071,0.115300671108499,0.128659296831547,0.143300499971361,0.159285963519958,0.176679516945326,0.195548756926432,0.215967813023116,0.238019113931671,0.261785507705266,0.287347956561644,0.314785475123911,0.344175030686153,0.375591412869074,0.409107158798158,0.444792505638303,0.482715286502762,0.522940829467489,0.565531869680773,0.610548467177862,0.658047932513594,0.708084760597728,0.760710553574726,0.815973950026554,0.87392057131465,0.934592988977832,0.998030685869074,1.06427019193929,1.13334512400109,1.2052858511265,1.28011941675701,1.35786952422162,1.43855653781913,1.52219739629902,1.60880558328658,1.69839110383858,1.79096045502051,1.88651660800513
1.91580521485756,1.82013078368504,1.72741070826553,1.63764283852492,1.55082154198493,1.46693774034925,1.38597891121306,1.30792909672185,1.23276894078892,1.16047577427936,1.09102361512984,1.02438318108554,0.960521927964098,0.89940409327546,0.840990739270592,0.785239827973118,0.732106314833989,0.681542161992743,0.633496385179779,0.587915111852302,0.544741652165378,0.503916578444963,0.465377802031072,0.429060673618158,0.394898058091672,0.362820432973524,0.332755978961457,0.304630640448802,0.278368204065198,0.253890392946392,0.231116988759658,0.209965893667063,0.190355466808511,0.172212272114826,0.155469526535651,0.140064254693358,0.125935627982244,0.113025186322256,0.101276661810495,0.090635466446839,0.081049510071054,0.0724693885268322,0.0648498758997829,0.0581527257172219,0.052355595513112,0.0474564665333337,0.0434565303902843,0.0403569205263912,0.0381584019400772,0.0368613964808622,0.0364660573222137,0.0369725027970536,0.0383806601187169,0.0406900077765168,0.0438996320678343,0.0480082993318259,0.0530149022070705,0.0589218663976597,0.0657522086964887,0.0735449794764193,0.0823460427445914,0.0922053411789773,0.103175637532771,0.115312252821569,0.12867222039084,0.143314894209117,0.159301963464345,0.176697264036049,0.195568399393142,0.215989506541625,0.238043022457581,0.261811803516096,0.287376820067399,0.31481709467145,0.344209602353542,0.375629140246838,0.409148252763028,0.444837184122187,0.482763774251263,0.522993357788279,0.565588676183143,0.610609795504004,0.658114032062427,0.708155886242075,0.760786965370738,0.816055912916022,0.874008354821939,0.934686866903532,0.998130935979742,1.06437709567084,1.13345896616618,1.2054069195883,1.28024800209513,1.35800591939664,1.43870103783717,1.52235029786768,1.60896718446784,1.69856170369941,1.79114035328051,1.88670610468234
