0.732141168215298,0.699377894633144,0.667455293603191,0.636379454459103,0.606155444528591,0.576787307033775,0.548278060805971,0.520629701861032,0.493843202079578,0.467918510752495,0.442854557875034,0.418649258389725,0.39529951714509,0.372801235049798,0.351149316312912,0.330337676876604,0.310359254803377,0.291206021859276,0.272868992492565,0.255338235944408,0.238602889223183,0.222651171122946,0.207470397399568,0.193046996722629,0.179366527832405,0.166413698370739,0.154172385049701,0.142625653042837,0.131755773865537,0.1215442471795,0.111971823325487,0.103018525180202,0.0946636718167548,0.0868859053324214,0.0796632142483769,0.0729729597877256,0.0667919057780156,0.0610962452419181,0.0558616283785331,0.0510631896316508,0.0466755800134607,0.0426729975384923,0.0390292206042371,0.0357176425897851,0.0327113075804422,0.0299829493464354,0.0275050339583995,0.0252498026996838,0.0231893142716549,0.0212954898398011,0.0195415376995741,0.0179323267636502,0.0165043404993063,0.0152953132709228,0.0143427996390069,0.0136841187325455,0.0133563041848326,0.0133960516521645,0.0138396658855742,0.0147230139639403,0.0160814812514003,0.0179499287624226,0.0203626522112944,0.0233533420672733,0.0269550447831259,0.0312001261265848,0.0361202390135903,0.0417462865137834,0.0481083836828899,0.0552358562558014,0.0631573732198388,0.071900789487582,0.081493033969802,0.0919600783121794,0.103326907020712,0.115617649469443,0.128856691488952,0.143068720676848,0.158277985379448,0.174508016949306,0.191781466268536,0.21011998090364,0.229544123932333,0.250073316936583,0.271725786571063,0.294518532788999,0.318467291254579,0.343586514397327,0.369889325965757,0.397387514123436,0.42609150759568,0.456010347973719,0.487151683197109,0.519521758393911,0.553125394424831,0.587965977544051,0.624045459460461,0.661364352449312,0.699921717867547,0.739715158019347
0.736527642212808,0.703568074181057,0.671454215419085,0.640192191743552,0.609787100842025,0.580243010160763,0.55156295661779,0.523748948187682,0.496801962573882,0.470721948763463,0.445507830340962,0.421157509756713,0.39766787331527,0.375034797366437,0.353253155588888,0.332316827473407,0.312218708772343,0.292950723152222,0.274503831226211,0.256868042737367,0.240032429610674,0.223985140055504,0.208713413832676,0.19420359830192,0.180441165681658,0.167410731992701,0.155096077347735,0.143480165458763,0.132545161624583,0.122272454665905,0.112642679593095,0.10363573959401,0.0952308298362188,0.087406464455493,0.0801405000957367,0.0734101623444546,0.0671920758144221,0.0614622908936774,0.0561963118944708,0.0513691242837004,0.0469552272002824,0.0429286640714298,0.0392630561932683,0.0359316375367629,0.0329072906863723,0.0301625860522874,0.0276698247412389,0.0254010817259054,0.0233282483030803,0.0214230774096604,0.0196586168240816,0.0180397646301142,0.0166032228782644,0.015386952010635,0.0144287315881983,0.0137661043298662,0.0134363257483685,0.0134763113545178,0.0139225834118339,0.0148112238894595,0.0161778301557006,0.0180574720876606,0.0204846508753811,0.0234932588376726,0.0271165404183613,0.0313870552980545,0.0363366460346614,0.0419964008472414,0.0483966152197146,0.0555667905861122,0.0635357676981265,0.0723315683553467,0.0819812828076021,0.0925110383043743,0.103945969041216,0.116310348958378,0.129628709989154,0.143925887641842,0.159226275541764,0.175553546024759,0.192930485681066,0.211378871774151,0.230919390581202,0.251571580044622,0.273353776020356,0.296283080313369,0.320375322864864,0.345645042693138,0.372105442174959,0.399768380100262,0.428644347675941,0.458742440664065,0.490070352825259,0.522634366703987,0.556439332044158,0.591488655388004,0.627784300137677,0.665326781637621,0.704115155621092,0.744147010026968
0.74057469914825,0.707434025560174,0.675143708227772,0.643709906627718,0.613137746458246,0.583431317515335,0.554593673404205,0.526626833132808,0.499531779776852,0.473308462043107,0.447955797601441,0.423471677376618,0.399852970564122,0.377095530855208,0.355194203760546,0.334142835140071,0.313934281709858,0.294560422758762,0.276012169230515,0.258279475973912,0.241351354866579,0.225215888994911,0.209860248005027,0.195270704238411,0.18143265008653,0.168330617038621,0.155948296082669,0.144268557320029,0.133273468051754,0.122944314834225,0.113261626271463,0.104205195123776,0.0957541022407664,0.0878867436981217,0.080580854466888,0.0738135349941972,0.0675612814502276,0.0618000126251824,0.0565050982329108,0.0516513862909691,0.0472132358166668,0.0431645476115744,0.0394787980266586,0.0361290739594585,0.033088108990216,0.030328322809576,0.0278218643249605,0.0255406550671825,0.0234564318819112,0.0215407924946622,0.019766636587359,0.0181388891576618,0.0166944539257486,0.0154714999179788,0.0145080142856789,0.0138417460367203,0.0135101553946577,0.013550360712893,0.0139990849367283,0.0148926082977679,0.0162667237640048,0.0181566939137816,0.0205972095135692,0.0236223491129941,0.0272655398267686,0.031559520243763,0.0365363078897188,0.0422271618066017,0.0486625439453336,0.0558721178438185,0.0638848827273179,0.0727290143690285,0.0824317518737272,0.0930193660543685,0.104517129213366,0.116949448670917,0.13034099115788,0.14471672864819,0.160101188804761,0.176518174037696,0.193990596144521,0.212540352049961,0.232188241697736,0.25295391038693,0.274855794724974,0.297911090487479,0.322135714597683,0.347544285962582,0.374150079503091,0.401965019170583,0.430999653818814,0.461263129189065,0.492763181317475,0.525506127269707,0.559496843437942,0.594738755082607,0.63123383639432,0.668982605549229,0.707984113092049,0.748235933707916
0.744315199233193,0.711007138489556,0.678553728987163,0.646961161313017,0.616234587054267,0.586378116663665,0.557394819169599,0.529286723777644,0.502054818528832,0.475699051870862,0.45021833600696,0.425610551209359,0.401872550860452,0.379000167709287,0.356988221232201,0.335830526205755,0.315519903266674,0.296048190687666,0.277406253505389,0.259583995832518,0.242570374047788,0.226353411047562,0.210920211674313,0.196256978933767,0.182349031437177,0.169180822545311,0.15673596087248,0.14499723000022,0.133946606654978,0.123565282875139,0.113833688918454,0.104731515482358,0.096237737757855,0.0883306427033758,0.0809878528335955,0.0741863529344175,0.0679025204627055,0.0621121525791126,0.0567904945946594,0.051912267489086,0.0474517007720397,0.0433825634230696,0.0396781978273026,0.0363115549493839,0.0332552306521237,0.0304815053233398,0.0279623871999527,0.0256696559938388,0.0235749057989214,0.0216495908863015,0.0198664740594183,0.0182305051911464,0.0167787743952423,0.0155496434824618,0.0145812914699121,0.0139116580284284,0.0135783925859356,0.013618800973485,0.0140697916168987,0.0149678279922388,0.0163488838508818,0.0182483998756581,0.0207012420494143,0.0237416610459636,0.0274032528139329,0.0317189212984957,0.0367208457397456,0.0424404430630451,0.0489083290767598,0.056154317143607,0.0642075529583464,0.0730963546045754,0.0828480987665393,0.0934891889460063,0.105045025090919,0.117540137798146,0.130999318385448,0.14544766495539,0.160909829055383,0.177409733316917,0.194970405260592,0.213613852408279,0.233360979760205,0.254231531840076,0.276244038375072,0.299415781993354,0.32376276001147,0.3492996651737,0.376039839450025,0.403995267017398,0.433176550009805,0.4635928803619,0.495252033183053,0.528160357445206,0.562322754170258,0.597742665918968,0.634422076853207,0.672361507766333,0.711560004407544,0.75201512921218
0.747778328423633,0.714315292855408,0.681710885026106,0.649971324326121,0.619101786311765,0.589106400560788,0.559988250381073,0.531749374419623,0.504390765314602,0.477912371273845,0.452313099439311,0.42759082022062,0.40374237235967,0.380763569216239,0.358649206162867,0.337393069197678,0.316987945553454,0.297425635528243,0.278696961655799,0.260791781074932,0.24369899878092,0.227406581943389,0.21190157540658,0.197170117981946,0.183197459971578,0.169967982401274,0.157465217619955,0.145671869105083,0.134569829724916,0.124140204008673,0.114363331160551,0.105218807383423,0.096685510044642,0.0887416250767995,0.0813646708772253,0.0745315251472704,0.0682184554334826,0.0624011462862132,0.0570547278385496,0.0521538034527054,0.0476724827341022,0.0435844126153221,0.0398628114496783,0.0364805043488117,0.0334099596703203,0.0306233288289763,0.0280924898223985,0.0257890910598865,0.023684594469149,0.0217503215045082,0.0199589082409279,0.0183153275819144,0.0168568422130805,0.0156219924339551,0.014649134899921,0.0139763858064656,0.0136415697557314,0.0136821661543098,0.0141352551545264,0.0150374698886972,0.016424951485875,0.0183333055263197,0.0207975602163596,0.0238521255903965,0.0275307539113587,0.0318665022189864,0.0368916994760523,0.0426379087837212,0.0491358883987456,0.0564155903986333,0.0645062960864268,0.0734364553033205,0.0832335721110396,0.0939241728608356,0.105533775680827,0.118087025303166,0.131608828393971,0.146124399831565,0.161658505861398,0.178235180421519,0.195877558174337,0.214607749037717,0.23444675527809,0.255414413285937,0.277529339003042,0.300808895469698,0.325269154434328,0.350924877003204,0.377789467223459,0.405874965031691,0.435192021891203,0.465749872504631,0.497556328157155,0.530617767361039,0.564939113941523,0.600523826476817,0.637373898360645,0.675489852809496,0.714870731132662,0.755514084424044
0.750990039213311,0.71738327977893,0.684638835892904,0.652762953657933,0.621760830859363,0.591636614811499,0.562393402065041,0.534033240022988,0.50655712558689,0.479965006742136,0.454255785936853,0.429427324434062,0.405476447398046,0.382398950206948,0.360189605879413,0.338842173724402,0.318349409995835,0.298703079774009,0.279893966175424,0.261911882775263,0.244745686915715,0.228383294085357,0.212811693485982,0.198016964395187,0.183984293765054,0.170697995537826,0.1581415313338,0.146297530341808,0.135147807659906,0.124673386661195,0.114854522106679,0.105670722564841,0.0971007746812499,0.0891227706969911,0.0817141324508256,0.0748516383337429,0.0685114539613122,0.0626691594489352,0.0572997781135256,0.0523778042386401,0.0478772362303564,0.043771607834731,0.0400340223778016,0.0366371882549594,0.0335534555752928,0.0307548561437933,0.0282131471739719,0.0258998553049372,0.0237863198932678,0.0218437392188223,0.0200446318284017,0.0183939919841515,0.0169292424150626,0.0156890889513979,0.0147120529905225,0.0140364144371294,0.0137001603501727,0.0137409311104388,0.0141959661296497,0.0151020558795654,0.0164954967155265,0.018412047143897,0.0208868858172856,0.0239545705613239,0.0276489986050389,0.0320033689682833,0.0370501494668492,0.0428210387655418,0.0493469272279444,0.0566578955758526,0.0647833508756179,0.0737518651606116,0.0835910606226098,0.0943275775436442,0.105987043652291,0.118594209529923,0.132174088816884,0.146752004689496,0.162352829764329,0.179000701205287,0.196718853038246,0.215529490143247,0.235453704991543,0.256511419170982,0.278721328578893,0.302100870829893,0.326666186700626,0.352432100696373,0.379412074434699,0.407618199563776,0.437061173294986,0.467750269994042,0.49969333449563,0.532896772707746,0.567365529603478,0.603103078615644,0.6401114216996,0.678391084319054,0.717941103665715,0.758759020315425
0.75397344082711,0.720233174348565,0.687358649074463,0.655356135920924,0.624230853322146,0.593986965068155,0.564627580011087,0.536154753687504,0.508569486959273,0.481871727605146,0.456060373713091,0.431133278049729,0.407087253166911,0.383918077739395,0.361620504020991,0.340188266528738,0.319614092739868,0.299889715020434,0.281005879871716,0.262952360402054,0.24571796968804,0.229290575211019,0.213657114485769,0.198803611488077,0.184715194323345,0.171376114618997,0.158769768294551,0.146878715531126,0.135684699184987,0.125168667242217,0.115310796023393,0.106090512692233,0.0974865196216069,0.0894768220212965,0.0820387520354999,0.0751489958044682,0.0687836242587052,0.0629181205025747,0.0575274086300012,0.0525858815999011,0.0480674345237765,0.0439454960071887,0.0401930625257826,0.0367827340556459,0.0336867508632259,0.0308770336463706,0.0283252274205985,0.0260027457110401,0.0238808140162927,0.0219305161977888,0.0201242616288281,0.018467064411886,0.0169964959424122,0.0157514158144088,0.0147704984562975,0.0140921758444678,0.0137545859462044,0.0137955186734016,0.0142523613759901,0.0151620506804684,0.0165610271339767,0.0184851912980059,0.0209698615767508,0.0240497330811162,0.0277588377011001,0.032130506343803,0.0371973358074652,0.0429911506837923,0.0495429640521906,0.0568829761338751,0.065040710818437,0.0740448536452144,0.0839231365385858,0.0947023056124269,0.106408090404663,0.119065339821437,0.132699166872902,0.147334995334855,0.162997796633438,0.179711803820451,0.197500343221835,0.216385707929289,0.236389074206535,0.25753044278242,0.279828583826051,0.303301004225148,0.327963908877604,0.353832181180894,0.380919336230539,0.409237513710294,0.438797453327544,0.469608466291581,0.501678428601672,0.535013771614083,0.569619459946425,0.605498980830157,0.642654344173658,0.681086077528105,0.720793214260328,0.761773285175802
0.756749142479356,0.722884663517532,0.689889112927179,0.657768784710368,0.626528916512606,0.596173687452625,0.566706217827587,0.538128570741374,0.510441750740456,0.483645705411336,0.457739328785369,0.432720465724281,0.408585917045553,0.385331445883423,0.362951785172481,0.341440646363819,0.320790730161374,0.300993738494471,0.282040383798267,0.263920401531499,0.246622563586867,0.230134692780677,0.214443678539061,0.199535493386031,0.185395210677125,0.17200702406321,0.159354268337017,0.147419439476166,0.136184213124495,0.125629467129402,0.115735304831943,0.106481077658347,0.0978454095757259,0.089806224821546,0.0823407720898445,0.0754256516924929,0.0690368464667619,0.063149749259741,0.0577391918501217,0.0527794729262501,0.0482443914962668,0.0441072783449618,0.0403410305363524,0.036918147175212,0.0338107663324276,0.0309907053338171,0.0284295048079629,0.0260984730408435,0.0239687295996975,0.0220112518931709,0.0201983477215586,0.0185350496464109,0.0170590673797005,0.0158094035743666,0.014824875036094,0.0141440552259647,0.0138052225135813,0.0138463059318139,0.014304830469565,0.0152178687329969,0.0166219954226318,0.0185532432654222,0.0210470606878522,0.0241382705285044,0.027861029963452,0.0322487926052503,0.0373342752550227,0.0431494196645326,0.0497253530857166,0.0570923869198388,0.0652801537466704,0.0743174447094006,0.0842320938255908,0.0950509456731054,0.106799824511403,0.119503670726177,0.133187689779407,0.147877399042784,0.163597861873046,0.180373400534316,0.198227427226808,0.217182317112714,0.237259324414723,0.258478523492996,0.280858753617734,0.304417586127067,0.329171285576112,0.355134790154551,0.38232166471281,0.410744093626054,0.440412856139168,0.471337297740026,0.503525323422844,0.536983388220491,0.571716475027473,0.607728083913256,0.645020232185561,0.683593449337704,0.723446765177923,0.764577701421525
0.759335554152381,0.725355333422551,0.692247010881211,0.660016902042028,0.628670262451692,0.598211285512301,0.568643102185543,0.539967782626562,0.512186334815159,0.485298706158699,0.459303786908564,0.434199414560667,0.409982378998345,0.386648428875106,0.364192279123805,0.342607619702575,0.321887126367875,0.302022472687944,0.283004339354966,0.264822426745607,0.247465468377221,0.230921245447028,0.215176602571935,0.200217464332949,0.186028853069434,0.17259490840943,0.159898908187447,0.147923288555985,0.136649662530031,0.12605884260143,0.116130864108584,0.106845007905178,0.0981798248994743,0.0901131638785599,0.0826221957772257,0.0756834409320601,0.0692728000946516,0.0633655820099426,0.0579365324368621,0.0529598622220018,0.0484092808239443,0.0442580278776313,0.040478907814864,0.0370443257480579,0.0339263245218028,0.0310966251393792,0.0285266709611384,0.0261876722107293,0.0240506497480589,0.022086481788573,0.0202673814863695,0.0185983986032508,0.0171173717351665,0.0158634368380376,0.0148755433853423,0.0141923966742556,0.013852405901911,0.0138936297347494,0.0143537214143051,0.0152698802532223,0.0166788059567663,0.0186166544042799,0.0211189951776193,0.0242207701326097,0.0279562531874703,0.0323590122922682,0.0374618760673701,0.0432968954348241,0.0498953040330608,0.0572875168614289,0.0655032677777139,0.074571446327263,0.0845199816585391,0.0953758100986076,0.107164844168893,0.119912109496154,0.133642897689415,0.148382813333453,0.164157005446363,0.180989879420723,0.198904927474794,0.217924601244434,0.238070227594857,0.259361949496226,0.281818670607462,0.305458022321886,0.330296324783488,0.356348567237594,0.383628360896466,0.412147931778945,0.441918095971138,0.472948230901856,0.505246268582951,0.538818686109251,0.573670483405767,0.609805172504475,0.647224777607834,0.68592983001886,0.725919356229876,0.767190869485927
0.761749149527267,0.727660920548458,0.694447361140863,0.662114806892399,0.630668530054841,0.600112737359276,0.570450569719351,0.541684103870323,0.513814350995923,0.486841258336346,0.460763712615569,0.435579544455851,0.411285533536973,0.387877414999274,0.365349886976691,0.3436966193705,0.322910264656592,0.302982469937124,0.283903886282283,0.265664181330736,0.248252052788623,0.231655243014936,0.215860554811378,0.20085386801936,0.186620157370817,0.173143512080611,0.160407156830804,0.148393471946114,0.13708401199735,0.126459528487667,0.116499993296545,0.107184621420573,0.0984918955907368,0.0903995941851145,0.08288481557489,0.0759240054650788,0.0694929880063063,0.063566993460822,0.0581206873153765,0.05312819844413,0.0485631527395411,0.0443987047770638,0.0406075725456911,0.0371620734457686,0.0340341614583257,0.0311954677000897,0.0286173447623535,0.0262709113586675,0.0241270962369365,0.0221566850471995,0.0203318026213329,0.0186575147721219,0.0171717803678511,0.0159138597605159,0.0149228262269233,0.0142375080914469,0.0138964366372468,0.0139377915026066,0.0143993456122352,0.0153184165191099,0.0167318205807962,0.0186758286003521,0.0211861232197664,0.0242977573597303,0.0280451138802476,0.0324618674292066,0.0375809509747893,0.0434345173148967,0.0500538993660254,0.0574696088034951,0.0657114739960106,0.0748084763161392,0.0847886336868827,0.0956789680541006,0.107505474303781,0.120293257608198,0.134067689967329,0.148854457351721,0.164678788717189,0.181565167030374,0.199537159181015,0.218617288168892,0.238826948647993,0.260186347614162,0.282714448812783,0.306428939679655,0.331346192233366,0.357481243363489,0.384847747546376,0.413457969662027,0.443322760176155,0.474451526324312,0.506852225330744,0.54053135487813,0.575493930784051,0.611743476243699,0.649282021893583,0.688110100725501,0.728226736137424,0.769629433470085
0.764004695540214,0.729815531011941,0.696503625959268,0.664075334729846,0.632535945186633,0.601889676516885,0.57213967893452,0.543288035324031,0.515335759863269,0.488282799636209,0.462128038070406,0.436869299364575,0.412503353663097,0.389025923478025,0.366431691244425,0.344714308120091,0.323866404824832,0.3038796037278,0.284744528216916,0.266450815336636,0.248987129326904,0.23234117625173,0.216499719835796,0.201448598110595,0.187172741318111,0.173656191561229,0.160882123850147,0.148832866337566,0.137489918977215,0.126833976277279,0.116844950813795,0.107501996038771,0.0987835309703696,0.0906672681882464,0.0831302382516594,0.076148817121147,0.0696987573624291,0.0637552158943417,0.0582927831879158,0.0532855115126776,0.0487069486671189,0.0445301697371521,0.0407278119294932,0.0372721106760634,0.0341349369133806,0.0312878377576561,0.0287020809749504,0.0263486997610678,0.0241985367836769,0.0222222911888661,0.0203920052698913,0.018712759839454,0.0172226261623859,0.0159609808409342,0.0149670128482263,0.01427966547965,0.0139375841098377,0.013979061427322,0.014441982202778,0.0153637744867896,0.0167813636504849,0.0187311278950926,0.021248855519222,0.0243697032355744,0.0281281557121085,0.0325579873076445,0.0376922285051764,0.0435631273073263,0.050202109407635,0.0576397768267646,0.0659060462554854,0.0750299848804668,0.0850396935860298,0.0959622743302565,0.107823798970223,0.120649447014843,0.134464665590812,0.149295216725062,0.165166404076575,0.182102783106269,0.200127990485657,0.219264615905322,0.23953411736901,0.260956761705663,0.283551568812481,0.30733627849792,0.33232731125826,0.358539748507436,0.385987285152828,0.414682222390857,0.444635442815558,0.475856381517392,0.508353019282018,0.542131873031809,0.57719797343623,0.613554854122681,0.651204551740409,0.690147600859402,0.730383021985903,0.771908313073938
0.76611545270991,0.731831831924266,0.698427894266511,0.665910011639794,0.634283486516139,0.603552549739379,0.573720360226701,0.544789006617092,0.516759505890331,0.489631804984196,0.46340478424143,0.438076261849539,0.413642999029612,0.390100706476052,0.367444051932798,0.345666669017358,0.32476116809003,0.304719148374629,0.285531207353804,0.26718695344171,0.249675019560376,0.232983077808687,0.217097855342747,0.202005151068017,0.18768985359244,0.174135960931155,0.16132660161105,0.149244054961853,0.137869769826217,0.127184387375995,0.117167764690611,0.107798997628186,0.0990564455839325,0.0909177595628442,0.0833599066652602,0.0763591975843045,0.069891317895997,0.0639313558838471,0.058453831818603,0.0534327262825906,0.0488415139933705,0.0446531956499367,0.040840332862333,0.0373750843558045,0.0342292433531809,0.0313742783623497,0.0287813777692721,0.0264214947415928,0.0242653913924384,0.0222836859168407,0.0204483433677841,0.0187644585950068,0.0172702080448867,0.0160050771075436,0.0150083630256044,0.0143191166852093,0.013976090228661,0.0140176821377778,0.0144818818495434,0.015406220819045,0.0168277264331344,0.018782877397068,0.0213075608837267,0.0244370307351672,0.0282058668920086,0.0326479370233225,0.0377963628672079,0.043683481519591,0.0503408054954792,0.0577990213613951,0.0660881284605715,0.0752372742851695,0.085274637355346,0.0962273945052308,0.108121689622033,0.120982771779459,0.134836158408361,0.149707682709818,0.165622718250601,0.182605888332332,0.200680894928837,0.21987039014046,0.240195891254138,0.261677721091078,0.284334952095782,0.308185373087435,0.333245449928112,0.359530305697988,0.387053673140107,0.415827887436067,0.44586386124584,0.477171055726722,0.509757473713318,0.54362965013266,0.578792629552712,0.615249955363421,0.653003669840792,0.692054309031702,0.732400890736291,0.774040905996049
0.768093349981063,0.73372121841058,0.700231041065444,0.667629206299289,0.63592103027365,0.605110754755221,0.575201546816637,0.546195500489172,0.518093635378162,0.490895898284393,0.464601166659965,0.439207253059551,0.414710910342611,0.391107838129753,0.368392690398514,0.346559084330168,0.325599611207016,0.305505848564406,0.286268369610297,0.267876755930658,0.250319611100877,0.233584575392625,0.217658341695211,0.202526672250814,0.188174416653961,0.174585531607111,0.161743102079696,0.149629361651597,0.138225711271529,0.127512742132232,0.117470259309704,0.108077304693377,0.0993121818084369,0.0911524839609786,0.0835751187867931,0.0765563358197953,0.0700717578629169,0.0640964088845358,0.0586047433738178,0.0535706747381801,0.0489676092142733,0.0447684777963963,0.0409457712562926,0.0374715764407702,0.034317613750596,0.0314552780332711,0.0288556832911729,0.0264897077010943,0.0243280378920603,0.0223412162034447,0.0205011353097866,0.0188129032143112,0.0173147949243751,0.0160463977704067,0.0150471104495962,0.0143560846666236,0.0140121726110577,0.0140538718989295,0.0145192700453956,0.0154459954013342,0.0168711709480232,0.0188313695686025,0.0213625710866638,0.0245001203598905,0.0282786866047019,0.0327322249270827,0.0378939425762585,0.0437962601335537,0.0504707714705355,0.0579482423779163,0.0662587496488994,0.0754315160263735,0.0854947927796063,0.0964758269057637,0.108400829788309,0.121295115687042,0.135184267911733,0.15009418635761,0.166050310098944,0.183077326007883,0.201198997250162,0.220438034407558,0.240816010318664,0.262353300272566,0.28506902595352,0.308981022106499,0.334105797103861,0.360458513069373,0.388052938200204,0.416901439523968,0.447014957874089,0.478402978833946,0.511073525899241,0.545033150868367,0.580286911332966,0.616838359831033,0.65468954391116,0.693841001004149,0.734291746374373,0.776039264585887
0.769949137412478,0.735493959465196,0.701922866629522,0.669242262693966,0.637457476664422,0.6065727605561,0.576591289093587,0.547515161367538,0.519345399446754,0.492081950003487,0.465723687777652,0.440268420038844,0.415712891801119,0.392052792294955,0.369282762581385,0.347396404420178,0.326386291193461,0.306243980087096,0.286960021533006,0.268523971945269,0.250924407364416,0.234148938199823,0.218184225189542,0.203015996175957,0.18862906414876,0.175007347048257,0.16213388897554,0.14999088058511,0.138559677888585,0.127820825185158,0.117754078757949,0.108338429859578,0.0995521295944594,0.0913727171319613,0.0837770443145006,0.0767413032925811,0.070241057971481,0.0642512719750829,0.0587463380721408,0.0537001066423542,0.0490859196692831,0.0448766427459043,0.0410447001790191,0.037562111374572,0.0344005284070972,0.0315312770112954,0.0289254013981946,0.0265537093834612,0.0243868167721954,0.0223951947312289,0.0205506680250986,0.0188583569984565,0.0173566291347598,0.0160851674112355,0.0150834657161171,0.0143907703483695,0.0140460273681898,0.014087827405553,0.0145543499987167,0.015483314412275,0.0169119333202002,0.0188768679692365,0.0214141851136911,0.0245593150078238,0.0283470106322166,0.0328113091316568,0.0379854979872792,0.0439020761116518,0.0505927137101749,0.0580882509066716,0.0664188371627709,0.0756137658263201,0.0857013564243712,0.0967089217854571,0.108662736622265,0.121588176356282,0.135510886109016,0.150456828352334,0.166451503623757,0.183519658441293,0.201685113384769,0.220970633906915,0.241397844968377,0.262987171086899,0.285757780146566,0.309727549982812,0.334913028853809,0.361329415516474,0.388990511433266,0.417908713511728,0.448094989019389,0.47955884645771,0.512308328707931,0.54635000339822,0.581688940339848,0.618328700654081,0.656271336836588,0.695517387616655,0.736065865879438,0.777914250111459
0.771692519635516,0.737159325437801,0.703512218169986,0.670757616120567,0.638900860361811,0.60794621253669,0.577896854558266,0.548754890270125,0.520521344055322,0.493196162465361,0.466778217692248,0.44126531204062,0.416654183154324,0.39294051050304,0.370118923013647,0.348183007958496,0.327125321903752,0.306937402918363,0.287609780037762,0.2691319860288,0.251492571064937,0.234679117502021,0.218678255874246,0.203475681707803,0.189056173604704,0.175403613090934,0.162501005874641,0.150330502284939,0.138873416118194,0.128110247620399,0.118020707237184,0.108583738651434,0.0997775437219221,0.0915796107603558,0.0839667391951877,0.0769150672692286,0.0704001035575394,0.0643967549945788,0.0588793563670995,0.0538216988446784,0.0491970640495996,0.0449782561348818,0.0411376369681719,0.0376471625994493,0.0344784209155421,0.0316026727245186,0.0289908966733258,0.0266138344782829,0.0244420354103771,0.0224459037748251,0.020597200539476,0.0189010576428878,0.0173959294433323,0.0161215887715004,0.0151176189409388,0.0144233551153134,0.0140778315396969,0.0141197262241459,0.0145873051561715,0.015518373007432,0.0169502267118997,0.0189196105277317,0.0214626728745495,0.0246149242307116,0.0284111962673594,0.0328856031989857,0.0380715078789803,0.0440014828066249,0.0507072698976058,0.0582197791064932,0.0665692281618097,0.0757849767398118,0.0858954084909565,0.0969278980877316,0.108908779736191,0.121863486314941,0.135817721013285,0.150797505089456,0.166828396821392,0.183935198760202,0.202141785422234,0.221470973807628,0.241944437842046,0.263582648290109,0.286404816437401,0.310428860599822,0.335671366505475,0.362147567325552,0.389871295772921,0.418854976825221,0.449109602582974,0.480644703077571,0.513468339401605,0.547587094054212,0.583006048326143,0.61972877140205,0.657757320425031,0.697092235344207,0.737732526809629,0.779675667598399
0.773332272635958,0.738725699589338,0.705007096299862,0.672182894694114,0.640258447193491,0.60923802449644,0.5791248152772,0.549920927849773,0.5216273887739,0.494244144487515,0.467770064786171,0.442202947304665,0.417539522754735,0.393775461425457,0.370905380830834,0.348922854616946,0.327820423533564,0.30758960766906,0.288220915934215,0.269703858854279,0.252026962273222,0.235177782160902,0.21914292064302,0.203908042850496,0.189457895041718,0.175776324492867,0.162846300801283,0.150649936367695,0.139168505282553,0.128382466357238,0.118271486924537,0.108814465925215,0.099989558899641,0.0917742063249138,0.0841451583310861,0.0770785024576292,0.0705496952382964,0.064533590287826,0.0590044678575058,0.0539360634263269,0.0493016018432617,0.0450738294734528,0.0412250494568682,0.0377271582534953,0.0345516833778678,0.0316698245707572,0.0290524988122555,0.026670385648378,0.0244939717708851,0.0224935985977318,0.0206409670922492,0.0189412200977424,0.0174328936833299,0.0161558451921438,0.0151497420474705,0.0144540029954275,0.0141077452241238,0.0141497289296955,0.0146183014102359,0.0155513476677448,0.0169862438876553,0.0189598124052162,0.0215082784510558,0.0246672279589919,0.0284715666132422,0.0329554811168673,0.0381524052152736,0.0440949806203527,0.0508150166955118,0.0583434890752253,0.0667106796970235,0.0759460106229136,0.0860779258151672,0.0971338581141305,0.109140197682851,0.122122431441718,0.136106317196193,0.151117931496526,0.167182886928897,0.184326038746828,0.202571312197118,0.221941572763263,0.24245854042539,0.264142729446011,0.287013391932361,0.311088484274589,0.336384627443458,0.362917086978802,0.390699724986323,0.419744992845233,0.450063906012933,0.481666014770977,0.5145593973408,0.54875065020855,0.584244865462105,0.621045619870202,0.659154974947119,0.698573471789301,0.739300118944553,0.781332383819933
0.774876346075972,0.740200675835064,0.706414748315608,0.673525008286492,0.641536818856018,0.610454459249725,0.580281124508515,0.551018927155952,0.52266889580146,0.495230976776028,0.468704037618583,0.443085871566576,0.418373202804119,0.394561692975375,0.371645948847409,0.349619531235123,0.328474965994785,0.308203756283351,0.288796392061228,0.27024236290986,0.252530171763351,0.235647349745193,0.21958047223023,0.204315175727671,0.189836176039532,0.176127288190667,0.163171447774672,0.150950731477011,0.139446375999057,0.128638801135289,0.118507633621284,0.109031730266391,0.10018920299525,0.0919574472415014,0.0843131667133588,0.0772324012054923,0.0706905582469579,0.0646624412439779,0.0591222790945183,0.0540437548365297,0.0494000398583944,0.0451638261093005,0.0413073614282962,0.037802486162452,0.0346206709767296,0.0317330581078795,0.0291105064673985,0.0267236370586343,0.0245428776456173,0.0225385104285115,0.0206821798673927,0.0189790390740211,0.0174677010605357,0.0161881027512097,0.0151799907712678,0.0144828625722444,0.0141359134455596,0.014177980977873,0.0146474890333888,0.0155823982571743,0.0170201594618019,0.018997668503815,0.021551222942928,0.024716479765593,0.0285284143504422,0.0330212816593973,0.0382285821933334,0.0441830228381975,0.050916476469544,0.0584599805693302,0.0668438775374994,0.0760976481816025,0.086249793256532,0.0973278003763987,0.109358112396155,0.122366267124633,0.136378073796605,0.151419661028049,0.167516692544499,0.184694073226706,0.202975776091798,0.222384712277628,0.242942645131508,0.264670129875738,0.287586457057266,0.311709618918854,0.337056269617519,0.363641705173024,0.391479815368839,0.420583076445213,0.450962525853555,0.482627732943982,0.515586792067307,0.549846312880546,0.585411397638694,0.62228563025204,0.660471076350982,0.699968278112347,0.740776242104357,0.782892430677368
0.776331953074592,0.741591144507368,0.707741750045347,0.674790226563926,0.642741947246023,0.611601199355707,0.581371183935776,0.552054017478172,0.523650730524564,0.496161269305124,0.46958449923145,0.443918209395583,0.419159117828007,0.395302878023275,0.372344086617249,0.350276292328809,0.329092006974026,0.308782717748518,0.289338896748059,0.270750013810249,0.253004550271926,0.23609001383377,0.219992954652434,0.20469898225528,0.190192783732919,0.176458143706694,0.163477965714674,0.151234292773336,0.139708326337152,0.128880449419141,0.118730250483655,0.109236546622512,0.10037740864355,0.0921301895176824,0.0844715491909827,0.0773774824488213,0.0708233506232405,0.0647839097886034,0.0592333404318015,0.0541452761543117,0.0494928379469076,0.0452486664605411,0.0413849574017622,0.0378734982196685,0.0346857059868003,0.0317926687305335,0.029165190620763,0.0267738374723237,0.0245889814977327,0.0225808490721988,0.0207210313898506,0.0190146912425808,0.0175005141771603,0.0162185121394668,0.0152085064188515,0.0145100686629026,0.0141624677914851,0.0142046143477548,0.0146750043752329,0.015611669828146,0.0170521318705039,0.0190333556678014,0.0215917069648024,0.0247629097296902,0.0285820050424259,0.0330833122129562,0.0383003946729242,0.0442660207482371,0.0510121231877196,0.0585697977773102,0.0669694439152204,0.0762405977887658,0.0864118136915724,0.0975106308732974,0.109563541861857,0.122596132438917,0.136634260321954,0.151704103209614,0.167831373036797,0.18504102146813,0.203357066554109,0.222802462471212,0.243399013449249,0.265167313323554,0.288126688878408,0.312295166155046,0.337689430595355,0.364324806952708,0.392215211102563,0.421373142721819,0.451809659995759,0.483534350250548,0.516555323042255,0.550879200444152,0.586511094295832,0.623454595239966,0.661711772787247,0.70128317013298,0.742167791979222,0.784363095909351
0.777705649103581,0.742903367721044,0.708994077774144,0.675984247563526,0.643879259779791,0.612683409273195,0.582399902750682,0.553030860449266,0.524577314734128,0.497039211740294,0.470415414871743,0.444703709308381,0.419900807273346,0.396002354570179,0.373002938273654,0.350896095687302,0.329674325377077,0.309329099475447,0.289850873218846,0.271229097812069,0.253452234210025,0.236507768008646,0.220382225565495,0.205061190944422,0.190529324140307,0.176770381081869,0.163767235055502,0.15150189730334,0.139955536016396,0.129108499496018,0.118940340088964,0.10942983740453,0.100555023447511,0.0922932111155816,0.0846210190552934,0.0775143995755119,0.0709486704108977,0.0648985429674472,0.0593381520452005,0.0542410845910855,0.0495804140342782,0.0453287326141854,0.0414581868384967,0.0379405142350498,0.0347470812997551,0.0318489249011227,0.0292167975479051,0.0268212129720321,0.0246324909605424,0.0226208052051118,0.0207576966313418,0.0190483371665298,0.0175314808103579,0.0162472103086377,0.0152354174132936,0.0145357437927535,0.0141875278520543,0.014229748985387,0.0147009713538634,0.0156392942081085,0.0170823051047029,0.0190670346178892,0.0216299128405224,0.0248067269532724,0.0286325800402368,0.0331418521383486,0.038368166068733,0.0443443481398641,0.0511023876046043,0.05867343527195,0.0670879443309324,0.0763755032322624,0.0865647167955289,0.0976831730002631,0.109757411252111,0.122813062606011,0.136876030533891,0.151972539055047,0.168128345600875,0.185368445987221,0.2037169007638,0.223196704723813,0.243829700678998,0.265636518904862,0.288636520383849,0.312847763053732,0.338286961880784,0.364969468735069,0.392909224115769,0.422118749817581,0.452609123592918,0.484389949732431,0.517469352141798,0.551853964611859,0.587548908027446,0.624557779384769,0.662882651856455,0.702524069598979,0.743481035553246,0.785751002803907
0.779003401428018,0.744143045706416,0.710177171549411,0.67711225805126,0.644953696884626,0.613705790066552,0.583371749654994,0.553953699424991,0.525452673464424,0.497868617818438,0.471200393994379,0.445445783476295,0.420601493001038,0.396663161106327,0.373625365834422,0.351481633704596,0.330224450765209,0.309845274918333,0.290334545473116,0.271681696031648,0.25387516829371,0.236902426972529,0.220749975942289,0.205403375211061,0.190847259175962,0.177065356659333,0.164040512368332,0.151754707527374,0.140189078902953,0.129323942003757,0.119138815055679,0.109612442257688,0.100722818956729,0.0924472201926574,0.0847622255957139,0.0776437473465387,0.0710670619926583,0.0650068387411576,0.0594371692309869,0.0543315963337857,0.0496631485465371,0.0454043723734976,0.0415273678434163,0.0380038253227289,0.0348050635268048,0.0319020709935665,0.029265551426669,0.0268659693545,0.0246735950369209,0.0226585523946422,0.0207923348637943,0.0190801230020359,0.0175607354775944,0.016274321922097,0.0152608406545735,0.014559999493244,0.0142112024868847,0.0142534940743461,0.0147255027685033,0.0156653913959514,0.0171108102353805,0.0190988516537099,0.0216660065344522,0.0248481217761111,0.0286803590390711,0.0331971557300073,0.0384321907762268,0.0444183452632494,0.0511876618241945,0.0587713432492093,0.0671998935443624,0.0765029505344184,0.0867091667716416,0.0978461762714436,0.109940562725604,0.123017999959432,0.137104434669813,0.15222613463589,0.168408900270317,0.185677769099294,0.204056841822218,0.223569151603549,0.244236577703985,0.266079784824637,0.289118166255494,0.313369810067491,0.338851459119056,0.365578490897819,0.39356486916538,0.422823136611474,0.453364389473887,0.485198248069885,0.518332849861459,0.552774839709205,0.588529347043149,0.625599974861782,0.663988799797219,0.703696366913967,0.744721677489147,0.787062180357386
0.780230650324115,0.745315375287656,0.711295990990019,0.67817898673268,0.645969762682393,0.614672627633637,0.584290798704671,0.554826403016351,0.526280476285668,0.498652964472763,0.471942727291396,0.446147542730543,0.421264112338817,0.397288067782854,0.374213978563113,0.352035361000486,0.330744689305789,0.310333407923795,0.290791941101656,0.272109705795062,0.254275125494749,0.237275645165738,0.221097747420297,0.205726969517608,0.191147921647676,0.177344306999086,0.164298943252395,0.151993783245078,0.140409934026323,0.129527680093696,0.11932650740592,0.109785126675384,0.10088149858271,0.0925928623666462,0.0848957607607753,0.077766067997572,0.0711790216750159,0.0651092510938348,0.0595308070767168,0.054417190814505,0.0497413883130371,0.0454759028260877,0.0415927904285427,0.0380636968875889,0.0348598957338447,0.0319523298003166,0.0293116566370137,0.0269082942418784,0.024712466038275,0.0226942488798726,0.0208250912933068,0.0191101819977331,0.0175884008166546,0.0162999606337856,0.0152848827188475,0.0145829374461111,0.0142335909418417,0.0142759491558466,0.0147487014567042,0.0156900707930662,0.0171377667582072,0.0191289401546918,0.0217001393540952,0.0248872677284444,0.0287255423321168,0.0332494548247848,0.0384927371918371,0.0444883223199488,0.0512683033224889,0.0588639321467577,0.0673057608551072,0.0766234739639946,0.0868457691651702,0.0980003240089198,0.110113764067208,0.123211803612117,0.137320430217188,0.152465953044059,0.168674213151584,0.185970287510304,0.204378314788071,0.223921364436002,0.244621350183571,0.266498969287248,0.289573645589382,0.313863495657016,0.339385288725426,0.366154426508073,0.394184894765191,0.423489255946383,0.454078623770543,0.485962633710872,0.519149436049192,0.55364568611447,0.589456521417683,0.626585550633518,0.665034853665634,0.704804976437237,0.745894918652052,0.788302125125576
0.781392363137027,0.746425101521523,0.71235506456802,0.679188751240146,0.64693156974515,0.615587835293027,0.585160769792118,0.555652503530421,0.527064073767043,0.499395426381666,0.472645419390235,0.446811827473296,0.421891347268284,0.397879603937667,0.374771158896244,0.352559518811131,0.33123714668773,0.310795474232148,0.291224911433863,0.272514859491099,0.254653724657918,0.237628933205712,0.221426947620235,0.206033283626584,0.191432528500338,0.177608361165187,0.164543573718328,0.152220092126183,0.140618995307562,0.129720538404926,0.119504176832923,0.109948589605574,0.101031704588383,0.0927307271308038,0.0850221650400697,0.0778818566269536,0.071285002619825,0.0652061945440868,0.0596194445857857,0.0544982144807575,0.0498154500127553,0.0455436134946827,0.0416547193947343,0.038120371262484,0.0349117998567011,0.031999904746156,0.0293552997918535,0.0269483589460545,0.0247492612967328,0.0227280391439338,0.0208560985030024,0.0191386358187598,0.0176145888042437,0.0163242302175431,0.0153076409174532,0.0146046504937516,0.0142547838352047,0.0142972051178419,0.0147706613162007,0.0157134322904237,0.0171632837809227,0.019157421905397,0.0217324494535756,0.0249243232552767,0.0287683128007868,0.0332989611056213,0.0385500503799068,0.0445545625452496,0.051344638499582,0.0589515767223263,0.0674059747658727,0.0767375613449976,0.0869750768804521,0.0981462401325985,0.11027771631715,0.123395257993072,0.137524891427718,0.152692964955358,0.168925358110507,0.186247185201687,0.204682620837663,0.224254768818464,0.24498557550169,0.266895768960678,0.290004801958621,0.314330818036953,0.339890611399255,0.366699606691141,0.394771810496731,0.424119803970302,0.454754717378356,0.486686200540685,0.519922415874354,0.554470028617684,0.590334183931071,0.627518495862283,0.666025047411823,0.70585438531574,0.747005507788384,0.789475855840748
0.782493082095476,0.747476563372275,0.713358533198773,0.680145499693452,0.647842878681904,0.616454991452806,0.585985064453081,0.556435230971588,0.527806529728584,0.500098906527511,0.473311217775643,0.447441235018803,0.422485650241095,0.398440082442316,0.375299085376126,0.353056156562721,0.331703748390412,0.311233280495463,0.291635149358253,0.272898741246862,0.255012446083663,0.237963672427895,0.221738863695507,0.206323515208128,0.191702192529992,0.177858551593884,0.164775360256855,0.152434519025094,0.140817080163973,0.129903271002094,0.119672518013691,0.110103470178694,0.101174024270391,0.0928613535282438,0.0851419326668895,0.0779915659614094,0.0713854192063421,0.0652980481350982,0.0597034283256374,0.0545749841303095,0.0498856232225786,0.0456077691240116,0.041713396880604,0.0381740700408843,0.0349609788374395,0.0320449818463228,0.0293966515333553,0.0269863201176636,0.024784124679589,0.0227600553047697,0.0208854777292459,0.0191655957178814,0.0176394018338519,0.0163472255660136,0.0153292042336077,0.0146252235329037,0.0142748640299394,0.0143173450698922,0.0147914682087513,0.0157355672301036,0.0171874610735841,0.0191844082677946,0.0217630631634806,0.024959433241537,0.0288088376750961,0.0333458681391614,0.0386043544316281,0.0446173249345339,0.0514169658215236,0.0590346196610469,0.0675009271071519,0.0768456587523724,0.0870975955030434,0.0982844951659352,0.110433060519079,0.123569080398132,0.137718617732702,0.152908057972999,0.169163317109094,0.186509544827121,0.204970949789736,0.22457066834245,0.245330677757897,0.267271735308296,0.290413321159238,0.314773604410305,0.34036940292246,0.36721616306945,0.395327911165966,0.424717246088895,0.455395313783538,0.487371777663042,0.520654811642567,0.555251090349515,0.591165766192081,0.628402458309011,0.666963252635055,0.706848696676429,0.748057787236302,0.790587961720915
0.783536966674674,0.748473734178854,0.71431018886102,0.681052847521804,0.648707133211782,0.61727737298444,0.586766797590944,0.557177543166065,0.528510649815765,0.500766063271184,0.473942638413988,0.44803814381713,0.423049267051659,0.398971621272898,0.375799752968946,0.353527150985367,0.332146257641586,0.311648481127234,0.292024205111119,0.273262801702077,0.255352645334061,0.238281127768703,0.222034674336798,0.206598761010014,0.191957932762282,0.17809582372259,0.164995178759459,0.152637874233451,0.141004937132724,0.130076568408153,0.119832167087871,0.110250353668485,0.101308995436485,0.0929852351793019,0.0852555162276745,0.0780956105783874,0.0714806508959175,0.0653851589697619,0.0597830756600105,0.0546477898657814,0.0499521731180311,0.0456686121499368,0.0417690446208154,0.0382249961435588,0.0350076185170957,0.0320877314413741,0.0294358681244254,0.027022321207085,0.0248171879310782,0.0227904183473294,0.0209133399923503,0.0191911635730852,0.017662933670723,0.016369033575658,0.015349654152306,0.0146447343064334,0.0142939074065161,0.014336445118283,0.0148112007609234,0.0157565592571928,0.017210389999067,0.019210001219873,0.0217920961690781,0.0249927303633423,0.0288472700933268,0.0333903531810447,0.0386558545550197,0.0446768466587892,0.0514855586039497,0.0591133747714919,0.067590976691616,0.0769481746723024,0.0872137880150428,0.0984156115568983,0.11058038369873,0.123733927679782,0.137902341198901,0.153112044905797,0.169388989363758,0.186758357809846,0.205244391202274,0.224870256751583,0.245657961049181,0.267628289058517,0.29080074693269,0.31519352800976,0.340823472586551,0.367706047643041,0.395855298205718,0.425283839958995,0.45600283371742,0.488021955785609,0.521349390983132,0.555991822841676,0.591954410643,0.629240778353964,0.667853014692059,0.7077916678939,0.749055733424341,0.791642645270997
0.784527831191378,0.749420257567572,0.715213508870369,0.68191411014158,0.649527491289793,0.618057984840509,0.587508825630514,0.557882152495949,0.529179006858093,0.501399334379465,0.474541988493603,0.448604734951588,0.423584257135557,0.399476162653209,0.376274991096106,0.353974223075775,0.332566291354161,0.312042593255656,0.292393500288207,0.27360837112057,0.255675565484953,0.23858245919855,0.222315460425567,0.206860026770516,0.192200683662832,0.178321044535144,0.165203832435052,0.152830900803882,0.14118325263643,0.130241063845601,0.119983707407444,0.110389776781944,0.10143711126646,0.0931028247430815,0.0853633307526762,0.078194370653181,0.0715710456617245,0.065467845347939,0.0598586776174043,0.0547168977167154,0.0500153428700403,0.0457263648906894,0.0418218659502123,0.0382733356526575,0.0350518893153837,0.0321283097367948,0.029473092861079,0.0270564937610063,0.0248485718631339,0.0228192392170798,0.0209397871000242,0.0192154328083959,0.0176852702993437,0.0163897339321603,0.0153690653968165,0.0146632541060063,0.0143119835487488,0.0143545750539052,0.0148299310747541,0.0157764850758042,0.0172321543388417,0.01923429427736,0.0218196545559276,0.0250243362871798,0.0288837504861544,0.0334325787780165,0.038704738929683,0.0447333452082581,0.051550667482424,0.0591881298220064,0.067676452557212,0.0770454836942768,0.0873240789797156,0.0985400684000709,0.110720224169711,0.123890402184068,0.138076733145262,0.153305671114681,0.169603199472814,0.186994533303566,0.205503944220375,0.225154628731151,0.245968621256934,0.267966733045939,0.291168494918837,0.315592123221069,0.341254479545775,0.368171050432549,0.396355898669287,0.425821655894254,0.456579497036018,0.488639110635893,0.522008691864012,0.556694932704085,0.592702998962325,0.630036519188478,0.668697584741434,0.708686744551114,0.75000299281203,0.792643760266806
0.785469178222709,0.750319479375433,0.716071686345503,0.68273233200406,0.650306852774988,0.618799586382339,0.58821377154435,0.558551549663526,0.529813963410741,0.50200095838331,0.475111386639023,0.449143011248105,0.424092511613117,0.399955490071371,0.37672647966254,0.354398953175604,0.332965334292653,0.312417010015816,0.292744340299911,0.273936671045266,0.255982348017049,0.238868731884827,0.222582214504097,0.207108236030098,0.192431303324484,0.178535010157806,0.165402058847226,0.153014281060194,0.141352656997192,0.130397338784404,0.120127674647719,0.110522232361633,0.1015588246331,0.0932145378833884,0.08546575735221,0.0782881952898029,0.0716569230374967,0.065546399555216,0.0599305014408995,0.0547825519703715,0.0500753557754591,0.0457812314946926,0.0418720475853203,0.0383192594420546,0.0350939477238145,0.0321668601715786,0.0295084573279161,0.0270889585749588,0.0248783874138718,0.0228466197920451,0.0209649125393517,0.0192384892124019,0.0177064906767895,0.0164093998085868,0.0153875065833627,0.0146808483967039,0.0143291563534479,0.0143717989637217,0.0148477253594653,0.0157954151211136,0.0172528310270169,0.0192573733130524,0.0218458357393405,0.0250543627358772,0.0289184078070203,0.0334726941920672,0.0387511803555207,0.0447870202979607,0.0516125226083589,0.0592591490619656,0.0677576568500018,0.0771379297930252,0.0874288582612697,0.0986583056341978,0.110853076249888,0.124039057028001,0.138242410024622,0.1534896210431,0.169806704641121,0.187218906157915,0.205750526330184,0.225424789499093,0.246263756524563,0.268288263626015,0.291517865058954,0.315970799026431,0.341663947353642,0.368612815162324,0.396831482114168,0.426332595004018,0.45712734216912,0.489225423775977,0.522635044828023,0.557362905338608,0.59341417731235,0.630792493652848,0.669499948228398,0.709537090627574,0.750902913838032,0.793594845519572
0.786364228361083,0.751174476073532,0.716887657334203,0.683510312458512,0.651047884065201,0.619504714821204,0.588884047135309,0.559188024850172,0.530417691824803,0.502572993594521,0.475652780909026,0.449654814289539,0.424575769354766,0.400411243430837,0.377155763327768,0.354802794396715,0.33334475168648,0.312773012384588,0.293077925460931,0.274248824675379,0.256274042512984,0.239140925240664,0.222835849207297,0.207344237977032,0.192650580756932,0.178738452622484,0.165590536179963,0.153188642393819,0.141513729791278,0.13054592788167,0.120264561357977,0.110648173572455,0.101674551949411,0.0933207567998577,0.0855631464542462,0.0783774054866762,0.0717385768320164,0.0656210903459157,0.0599987928584301,0.0548449772469845,0.0501324171540065,0.0458333996748329,0.0419197612105322,0.0383629246289478,0.0351339376351149,0.0322035146367643,0.0295420825159525,0.0271198267194934,0.0249067365900262,0.0228726537482755,0.0209888022709791,0.0192604116670431,0.0177266674034768,0.0164280984870028,0.0154050408040279,0.0146975773731593,0.0143454845732336,0.0143881757751967,0.0148646444939215,0.0158134141577172,0.0172724908039072,0.0192793172863188,0.0218707292919374,0.0250829124377055,0.0289513606276106,0.0335108366684354,0.0387953377206993,0.0448380555643039,0.0516713356041876,0.0593266754666144,0.0678348673909382,0.077225829250635,0.0875284843368104,0.0987707277795319,0.110979394460694,0.124180400798367,0.138399938660566,0.153664524031482,0.170000201112656,0.187432244010638,0.20598498115307,0.225681663345487,0.246544376586387,0.268593980838275,0.29185005263893,0.316330850974021,0.342053276905755,0.369032853224115,0.397283675634709,0.426818405343532,0.457648243437058,0.489782901135226,0.523230592791153,0.557998026052926,0.594090378818713,0.631511288131845,0.670262850246602,0.710345615377818,0.751758575365651,0.794499154938691
0.787215946749597,0.751988080114992,0.71766412500431,0.684250628816842,0.651753040066279,0.620175706123141,0.589521872908098,0.559793686585822,0.530992192145935,0.503117335064768,0.476167964847253,0.450141839589015,0.425035631308088,0.400844932562028,0.377564264232787,0.355187084593783,0.333705800478485,0.313111779734973,0.293395360880015,0.274545866120781,0.256551615305127,0.239399940994595,0.223077204782163,0.207568814444104,0.1928592423876,0.178932045898148,0.165769888825393,0.153354562433074,0.14166700462442,0.130687323386848,0.120394821019723,0.110768017635408,0.101784676599562,0.0934218333770085,0.0856558206916873,0.0784622967814343,0.0718162775498898,0.0656921651574423,0.0600637781074065,0.0549043803504754,0.0501867160399563,0.0458830422550817,0.041965164892665,0.0384044758683929,0.0351719915288011,0.0322383945621242,0.0295740798195001,0.0271492004553238,0.0249337133074131,0.0228974273316723,0.0210115354373699,0.0192812727975416,0.0177458673213394,0.016445891912829,0.0154217261465897,0.0147134964555182,0.0143610223006155,0.0144037597418154,0.0148807445282282,0.0158305418132457,0.0172911987988827,0.0193001988936689,0.0218944176816636,0.0251100799727869,0.0289827181148026,0.0335471325664119,0.0388373573107743,0.0448866200781157,0.0517273013069828,0.0593909327390104,0.0679083399649129,0.0773094732624922,0.0876232872499386,0.0988777072707941,0.111099597272062,0.124314901742126,0.138549840917656,0.153830959502552,0.170184329907071,0.187635253612381,0.20620808539647,0.225926101248038,0.246811411087131,0.268884897469874,0.292166158137573,0.316673471852377,0.34242375798219,0.369432556129869,0.397713977268216,0.427280696316693,0.458143926493775,0.490313389537714,0.523797308698668,0.558602398889843,0.594733843617632,0.632195283864685,0.670988818155751,0.71111499730161,0.752572812050473,0.795359684341626
0.788027066783828,0.752762902576101,0.718403581251409,0.684955656955258,0.6524245838153,0.620814713681431,0.59012929581881,0.560370478603439,0.531539308101662,0.503635729733632,0.47665859181885,0.450605650142959,0.425473573294959,0.401257949291127,0.377953293367923,0.355553057058396,0.334049639372279,0.313434399263383,0.293697665293617,0.274828748668124,0.256815957199936,0.239646610398507,0.223307055804269,0.207782686158177,0.193057957868318,0.179116411278185,0.165940692374856,0.153512573660417,0.141812973397175,0.130821979076505,0.12051887167158,0.11088214916263,0.101889552003457,0.0935180919970219,0.0857440774813246,0.0785431416132926,0.0718902745538188,0.0657598520881647,0.0601256657431381,0.0549609519215331,0.0502384266931771,0.0459303185519583,0.0420084043444633,0.0384440465095996,0.035208231530151,0.0322716118868097,0.0296045519265942,0.0271771740507439,0.0249594041416434,0.0229210200473912,0.0210331849954278,0.0193011395529296,0.017764152048127,0.0164628371900002,0.0154376161588431,0.0147286567324383,0.0143758194003798,0.0144186008767582,0.0148960771317673,0.0158468530549964,0.0173090150509792,0.0193200851498505,0.0219169769309938,0.025135952529118,0.0290125809032871,0.0335816983693888,0.0388773739780197,0.0449328696961076,0.0517805993258809,0.0594521270981887,0.0679783103653657,0.0773891302649423,0.0877135712489443,0.0989795874342197,0.111214070447453,0.124442991509328,0.138692597872939,0.153989461592928,0.170359681943662,0.187828586476078,0.206420555062483,0.226158887674348,0.247065717013016,0.269161947151274,0.292467196023262,0.316999761224931,0.342776579557314,0.369813206634741,0.398123767969469,0.427720951540756,0.458615982120792,0.490818591464768,0.524337011295797,0.559177963445897,0.595346636762366,0.632846675979397,0.671680181783989,0.711847705554454,0.753348236999105,0.796179195400887
0.788800111315668,0.753501353411279,0.719108326029286,0.685627589744728,0.653064604035691,0.621423725021177,0.590708205153833,0.560920194917191,0.532060741403774,0.504129789980191,0.47712618783616,0.451047688555779,0.425890957459974,0.401651578236924,0.378324060742605,0.355901850086102,0.334377337820676,0.313741874423379,0.293985778968565,0.275098352175803,0.257067890388238,0.239881700675925,0.223526117186406,0.207986518331102,0.193247345270032,0.179292122199977,0.166103478083948,0.153663167543088,0.141952090120762,0.130950313774427,0.120637099152154,0.110990923140964,0.101989504358329,0.0936098320560805,0.0858281913309989,0.0786201914364486,0.0719607979989883,0.0658243616668507,0.0601846482566649,0.0550148679164762,0.0502877099509236,0.0459753756104008,0.0420496140549399,0.0384817596303651,0.0352427703575687,0.0323032699276999,0.0296335936155781,0.0272038345128986,0.0249838889997187,0.0229435052765905,0.021053818282447,0.0193200737253947,0.0177815784553945,0.0164789870239396,0.0154527602639878,0.0147431053574009,0.0143899218964064,0.0144327453408691,0.0149106899940127,0.0158623986163324,0.0173259949746401,0.0193390379077053,0.0219384772066635,0.0251606105789164,0.0290410418762247,0.0336146415884591,0.0389155121875215,0.0449769482699062,0.0518313954353695,0.0595104488788697,0.0680449962234115,0.0774650480176401,0.0877996171469603,0.0990766851508529,0.111323170036347,0.124565068501562,0.138828653547816,0.154140523296597,0.170526802625329,0.188012843930954,0.206623051002123,0.226380746667285,0.24730808533968,0.269425991598724,0.292754102623503,0.317310733959674,0.343112839023061,0.370175988687848,0.398514322323243,0.428140540355252,0.459065878567421,0.49130007826167,0.524851379236328,0.559726509917443,0.59593066424251,0.633467490521156,0.672339091501129,0.712546019101637,0.75408726203991,0.796960237067239
0.789537411651585,0.754205659601165,0.71978048466965,0.68626845356432,0.653675030866293,0.622004576766291,0.591260346757061,0.561444493332216,0.532558064563009,0.504601005764982,0.47757216305031,0.451469287903338,0.426289042528033,0.402027006484596,0.378677684497303,0.356234515548311,0.334689884079178,0.31403513248215,0.294260570782712,0.275355489699694,0.257308174636703,0.240105920799567,0.223735049562205,0.208180925669072,0.193427975737166,0.179459708563149,0.166258736873128,0.153806798234086,0.142084774335975,0.131072714505549,0.120749860005572,0.111094667605171,0.102084835095159,0.0936973302189608,0.0859084159067711,0.0786936786136488,0.0720280605662423,0.0658858884380469,0.0602409035243049,0.0550662909322863,0.0503347144390154,0.0460183493110825,0.0420889183021414,0.0385177289639073,0.0352757121714078,0.0323334641574257,0.0296612924688284,0.0272292622429874,0.0250072417217679,0.0229649508290249,0.0210734975231941,0.0193381324156044,0.0177981990967715,0.016494390118455,0.0154672041328084,0.0147568859037986,0.0144033723182507,0.0144462357902686,0.014924627183655,0.0158772253787281,0.0173421897770135,0.0193571143239495,0.0219589833480571,0.0251841284846134,0.0290681868646996,0.0336460615720257,0.0389518869544574,0.0450189887293231,0.051879842823646,0.0595660739647683,0.0681085986467037,0.0775374554692944,0.0878816844366157,0.0991692932428083,0.111427225055464,0.124681500872111,0.138958418251734,0.154284600177387,0.170686195945708,0.188188581650812,0.206816183891846,0.226592347297366,0.247539246988594,0.269677827103385,0.293027743175917,0.317607327871594,0.343433550452787,0.370521996347954,0.398886818142527,0.428540728133745,0.459494972607368,0.491759301970619,0.525341963723659,0.560249692581673,0.596487687336986,0.634059599709344,0.672967534411952,0.713212043879908,0.754792115885181,0.797705164764473
0.790241124600373,0.754877881437494,0.720422023423701,0.686880123119165,0.654257649975575,0.622558968069879,0.591787335796437,0.561944907567379,0.533032732388098,0.505050755525398,0.477997822062993,0.451871681481134,0.426668993008817,0.402385332266315,0.379015199079976,0.356552026584137,0.334988192432626,0.314315031301182,0.294522844578636,0.275600913438661,0.257537512843669,0.240319926675734,0.223934464117046,0.208366476867688,0.193600377664136,0.179619660604481,0.16640692291759,0.153943885893178,0.142211414181092,0.131189539326095,0.120857484088733,0.1111936860367,0.102175823082898,0.0937808424421551,0.0859849858878656,0.0787638181153507,0.072092259017321,0.0659446123846922,0.0602945961083816,0.0551153713956044,0.0503795776586699,0.0460593653640449,0.0421264320619363,0.0385520597305434,0.0353071533356471,0.0323622829025175,0.0296877295132041,0.0272535316242017,0.0250295306210062,0.0229854194389073,0.0210922802849284,0.0193553684502564,0.0178140625922622,0.016509091531887,0.0154809900176432,0.0147700386835669,0.0144162100121421,0.0144591116882778,0.0149379294708551,0.0158913767145926,0.0173576468324061,0.0193743672771344,0.0219785553413486,0.0252065750426321,0.0290940952753622,0.03367605023229,0.0389866046851502,0.0450591140544093,0.0519260832128123,0.0596191650747512,0.0681693036900421,0.0776065644318651,0.0879600131875867,0.0992576826145433,0.111526539894713,0.124792629218081,0.139082271582588,0.154422113700295,0.170838328174649,0.188356313717422,0.207000518699134,0.226794308555359,0.247759878171954,0.269918190354237,0.293288918155322,0.317890410580475,0.343739652016736,0.370852241783818,0.399242345081322,0.42892268553693,0.45990451946019,0.492197605948843,0.52581019985403,0.56074904189357,0.597019335493461,0.634624735628218,0.673567348886975,0.71384772819721,0.755464860428699,0.798416157613547
0.790913247793282,0.755519927157634,0.721034763428685,0.687464334756759,0.654814115245475,0.623088472683556,0.592290668236722,0.562422858149494,0.533486092319473,0.50548031596691,0.478404373193233,0.452256011564558,0.427031887468456,0.402727572762137,0.379337562593892,0.356855284512744,0.335273109689493,0.314582365429768,0.294773344873445,0.275835320077524,0.257756556031929,0.240524325803303,0.224124926929394,0.20854369865148,0.193765040448612,0.179772432380129,0.16654845687333,0.154074819671356,0.142332369148876,0.131301119866898,0.12096027691432,0.111288259519355,0.102262726609317,0.0938606057919653,0.0860581186336291,0.0788308090466873,0.0721535755924856,0.0660007002065625,0.0603458784261325,0.0551622486312323,0.0504224269631913,0.0460985402016333,0.0421622618247035,0.0385848493850838,0.0353371831023775,0.0323898079708,0.029712979795592,0.0272767115500789,0.0250508189689727,0.0230049692105185,0.0211102198863102,0.019371830757314,0.0178292139736007,0.0165231329971651,0.0154941570525091,0.0147826010335261,0.0144284714204659,0.0144714095857321,0.0149506346168401,0.015904892795349,0.0173724100187896,0.0193908457432501,0.0219972487455916,0.0252280139720583,0.0291188406544655,0.0337046926981173,0.0390197639328861,0.045097438148999,0.0519702478655465,0.0596698729186499,0.0682272836769451,0.0776725710850913,0.0880348257518428,0.0993421041771309,0.111621396479311,0.124898768999713,0.139200565123057,0.154553454225211,0.17098363117019,0.18851651627211,0.207176578695546,0.226987203749059,0.247970605195906,0.270147763670884,0.293538368959613,0.318160785673726,0.34403201264598,0.371167662463767,0.399581912374604,0.429287496827989,0.460295681707295,0.492616234410656,0.526257416810208,0.561225975356947,0.597527117902537,0.635164502530157,0.674140237620654,0.714454876571789,0.756107405391642,0.799095233911173
0.791555633471508,0.756133566115098,0.721620393277244,0.688022698451097,0.65534596018638,0.623594549819368,0.592771731164525,0.562879662217689,0.533919393729197,0.505890870874807,0.478792936817116,0.452623337292798,0.427378725973717,0.40305467112051,0.379645663410389,0.357145125054181,0.335545421026494,0.31483787158893,0.295012761997381,0.27605935559553,0.257965907842036,0.240719681466635,0.224306962877831,0.208713079409322,0.193922417869299,0.179918444899483,0.166683728780489,0.154199960396724,0.142447972567765,0.131407763622295,0.121058521759429,0.111378648679316,0.102345785163682,0.0939368400807177,0.0861280156837284,0.0788948360216757,0.0722121792683282,0.0660543064708194,0.0603948918016817,0.0552070518237421,0.0504633804369546,0.046135981782104,0.042196506330322,0.0386161882894588,0.0353658842278133,0.0324161152160244,0.0297371129008742,0.0272988659,0.025071165432227,0.0230236540192381,0.0211273657654025,0.0193875647037035,0.0178436949950561,0.0165365532098451,0.015506741523201,0.0147946075730769,0.0144401903332861,0.0144831633732525,0.0149627776345289,0.0159178108686952,0.0173865200206431,0.0194065951337539,0.0220151150761834,0.0252485043544244,0.0291424911954763,0.0337320679025897,0.0390514560781222,0.0451340666268661,0.052012458491068,0.0597183372374503,0.0682826983890144,0.0777356573305111,0.0881063282983051,0.099422790580028,0.111712056215611,0.125000212717664,0.139313624867201,0.154678983701158,0.171122505359212,0.188669630802053,0.207344849068295,0.227171564460219,0.248172008783269,0.270367179712872,0.293776783026839,0.318419198252679,0.344311438029726,0.371469127626036,0.399906455803992,0.429636167356108,0.460669537315988,0.493016341014926,0.526684847035408,0.561681807307951,0.598012433914075,0.63568038790808,0.674687779383257,0.715035162186841,0.756721521503338,0.799744265059956
0.792170000912023,0.756720440649317,0.72218048034541,0.688556708603245,0.655854608224732,0.624078553938967,0.59323181209363,0.563316542359491,0.534333796302429,0.506283519055651,0.479164552883872,0.452974641774115,0.427710436800984,0.403367502785416,0.379940326128547,0.357422323935843,0.335805855255973,0.315082233613741,0.295241736724922,0.276273619599923,0.258166128581855,0.240906516514395,0.224481059162218,0.208875072470803,0.194072931130133,0.180058088949528,0.166813100679944,0.15431964299513,0.142558533838018,0.131509756012958,0.121152481565943,0.11146509543356,0.102425221043385,0.0940097493413812,0.0861948641101873,0.0789560704017078,0.072268226891357,0.0661055746489304,0.060441767414118,0.0552499008841153,0.0505025476875783,0.0461717903138668,0.0422292572305703,0.038646160318914,0.0353933335274656,0.0324412750467357,0.0297601934187414,0.0273200539677273,0.0250906244659146,0.0230415238729704,0.0211437638113279,0.0194026123996596,0.0178575444135429,0.0165493880876994,0.0155187771107169,0.0148060904364459,0.0144513981150268,0.0144944045086016,0.0149743910234173,0.015930165508481,0.0174000146018865,0.0194216576002152,0.0220322021504585,0.0252681010300605,0.0291651101965534,0.0337582491125316,0.0390817659415159,0.0451690975202374,0.0520528280616287,0.0597646877407491,0.0683356961378356,0.0777959920117532,0.0881747121959378,0.0994999577718142,0.111798761744762,0.125097231875262,0.139421753407407,0.154799038094431,0.17125532242372,0.188816067102014,0.207505780175142,0.227347884110682,0.248364627969334,0.270577025723911,0.294004798446904,0.318666339931127,0.344578676020308,0.371757444110083,0.400216843975472,0.429969630300884,0.461027086871062,0.493398996604443,0.527093634501189,0.562117757732341,0.598476582424785,0.636173772474357,0.675211439612101,0.715590138115121,0.757308852380272,0.800364988122765
0.792757947641776,0.757282076798002,0.722716481016,0.689067753788756,0.656341381987503,0.624541743588253,0.593672107362959,0.563734634585293,0.534730377601608,0.506659281504385,0.479520187699072,0.453310838498284,0.428027882491062,0.40366688120656,0.380222316953737,0.35768760195225,0.336055089579669,0.315316086913718,0.295460864454316,0.276478669236962,0.258357738881232,0.241085316769893,0.224647668481523,0.209030099063131,0.194216971607631,0.180191727643801,0.166936908974769,0.154434178674758,0.142664340449821,0.131607362247591,0.121242400655603,0.111547824567794,0.1025012408039,0.0940795231583983,0.0862588377375864,0.0790146714132751,0.0723218642010467,0.0661546380524781,0.0604866271531268,0.0552909072318772,0.0505400305608541,0.0462060589091059,0.042260599686937,0.0386748434090977,0.0354196023771804,0.0324653528855213,0.0297822813649868,0.0273403308481551,0.0251092466689584,0.0230586252383264,0.0211594566635858,0.0194170129733949,0.0178707982414172,0.0165616710049954,0.015530295110946,0.0148170794822851,0.0144621239090512,0.0145051622218711,0.0149855049815603,0.0159419888402209,0.0174129288522003,0.019436072309254,0.0220485543995827,0.0252868549557969,0.0291867564734172,0.0337833044064016,0.0391107723371783,0.0452026219192204,0.0520914615493876,0.0598090449528012,0.0683864147323587,0.0778537320158414,0.088240155261975,0.099573806408742,0.111881738525355,0.125190078749415,0.139525231908079,0.154913929579985,0.171382427725178,0.188956205947274,0.207659790481918,0.227516621180786,0.248548963617784,0.270777847362243,0.294223008123589,0.318902853346466,0.344834421511144,0.372033361619297,0.400513883984986,0.430288752759115,0.461369260101229,0.493765196190621,0.527484842169141,0.562534960222985,0.598920770350439,0.636645939166671,0.675712579970047,0.716121247449055,0.757870925246774,0.800959017152939
0.793320959572166,0.75781989397811,0.723229749917703,0.689557125566591,0.656807511692752,0.624985289381408,0.594093729725976,0.564134995535051,0.535110139902354,0.507019107881375,0.479860740054733,0.453632777131646,0.428331865321003,0.403953562999785,0.380492348558318,0.357941629537657,0.336293753884789,0.315540022503774,0.2956706989847,0.276675022726375,0.258541222994803,0.241256534113077,0.224807211905673,0.209178550983333,0.194354903333734,0.180319698725923,0.167055466564327,0.154543856900391,0.142765659807077,0.131700829005374,0.121328506279951,0.111627045162463,0.102574036569145,0.094146337870381,0.086320098245781,0.0790707871580796,0.072373226754389,0.0662016206788714,0.0605295843922408,0.0553301745019264,0.0505759237868416,0.0462388741744709,0.0422906129108725,0.038702310050473,0.035444757165937,0.0324884095840423,0.0298034325622376,0.0273597477868236,0.0251270791050504,0.0230750013354014,0.021174483982552,0.0194308028193234,0.017883489974935,0.0165734330042169,0.0155413246332055,0.0148276024830912,0.0144723948225423,0.0145154637009134,0.0149961475971438,0.0159533107448929,0.0174252954096293,0.0194498756910083,0.022064213150418,0.0253048135282268,0.0292074847324688,0.0338072971061726,0.0391385485726586,0.0452347245496653,0.0521284565923398,0.0598515209771084,0.0684349823531381,0.0779090232684625,0.0883028228899689,0.0996445231276715,0.11196119626371,0.125278987991022,0.139624321889313,0.155023948521828,0.171504142495438,0.189090401509219,0.207807269217201,0.227678202117904,0.248725481598107,0.270970152162219,0.294431963535845,0.319129336236487,0.345079320845042,0.37229757747701,0.400798326538531,0.430594341245534,0.461696921777186,0.494115865265707,0.527859458734165,0.562934469171221,0.599346120282368,0.637098081286787,0.676192466983694,0.716629832455514,0.75840916062351,0.801527853433613
0.793860420169974,0.758335213746362,0.723721548285735,0.690026026450518,0.657254142742427,0.625410281225835,0.594497715218512,0.564518608999771,0.535474016379437,0.507363882373638,0.480187046776585,0.453941248761172,0.428623132255701,0.404228252616835,0.380751084480189,0.358185030903928,0.336522434631617,0.315754590651909,0.295871755934102,0.276863162559765,0.258717031790766,0.241420589269502,0.224960081474368,0.209320793016398,0.194487065242573,0.180442316654137,0.167169064775458,0.154648947179962,0.142862740877805,0.131790385958445,0.121411010022905,0.111702951883177,0.102643787217252,0.0942103576584583,0.0863787961677768,0.0791245555271045,0.0724224407625393,0.0662466379766452,0.0605707446885714,0.0553677991841606,0.0506103155645345,0.0462703167456059,0.0423193706526759,0.0387286277357232,0.0354688597055953,0.0325105017986051,0.029823698984488,0.0273783524962025,0.0251441655931251,0.0230906924045262,0.0211888826942584,0.019444015822684,0.017895650800987,0.0165847029876559,0.015551892779901,0.0148376852966147,0.0144822360938064,0.0145253342591421,0.0150063450218431,0.0159641590433623,0.0174371446620224,0.019463101663978,0.0220792168805888,0.0253220208762348,0.0292273459084331,0.0338302861681495,0.0391651629013936,0.0452654842960868,0.0521639040969304,0.0598922201883123,0.068481518343453,0.0779620016346079,0.0883628690705843,0.099712281697978,0.112037330208161,0.125364178073218,0.13971926684097,0.155129365265121,0.171620765819353,0.189218983541254,0.20794857877461,0.22783302396843,0.248894615660902,0.27115441266676,0.29463217814148,0.319346345128572,0.345313975803377,0.37255074093032,0.401070870585459,0.430887146670549,0.462010877048912,0.494451865514845,0.528218404726619,0.563317266274464,0.599753677416011,0.637531309865519,0.676652279860274,0.717117142860159,0.758924881094824,0.802072894743508
0.794377618767138,0.758829267737169,0.72419305153744,0.690475577131997,0.657682342602213,0.625817734868671,0.594885029381702,0.564886391830643,0.535822876711874,0.507694429005701,0.480499887750462,0.454236990646129,0.428902379434527,0.404491606576643,0.380999143108329,0.35841838778985,0.336741678376088,0.315960304184394,0.2960645158365,0.277043538398695,0.258885585459024,0.241577874337411,0.225106642551858,0.209457165126349,0.194613773206283,0.180559874490088,0.167277975112331,0.154749700683352,0.142955815689562,0.131876247151428,0.121490109071641,0.111775726149969,0.102710659455,0.0942717355324285,0.0864350717939039,0.0791761050288558,0.072469623848903,0.0662897975389029,0.0606102064168377,0.0554038712030426,0.0506432880916274,0.0463004617714858,0.0423469416444753,0.0387538593651458,0.0354919676021684,0.032531682330467,0.0298431290692801,0.027396189442275,0.0251605469705577,0.02310573594797,0.0212026872121894,0.0194566835630716,0.0179073097844234,0.0165955078910138,0.0155620248093166,0.0148473520211743,0.0144916712438671,0.0145347974875779,0.0150161216279021,0.0159745596634869,0.0174485049295563,0.0194757818387559,0.0220936014495974,0.0253385181260558,0.0292463874702979,0.03385232653709,0.0391906789326701,0.0452949746754822,0.0521978887840819,0.05993123985912,0.0685261339261412,0.0780127937346458,0.0884204373165421,0.0997772440652959,0.112110322321814,0.125445852603635,0.1398102936852,0.155230431760005,0.171732576431232,0.189342259359468,0.208084056889518,0.227981456762647,0.249056770043198,0.271331069265682,0.294824130461236,0.319554398682463,0.34553894722068,0.372793457049786,0.401332167516708,0.431167868850585,0.46231187628179,0.494773999991778,0.528562538041467,0.563684266432769,0.600144415828863,0.637946660336121,0.677093117570557,0.717584343353931,0.759419319252821,0.802595443752685
0.794873758099857,0.759303204864361,0.7246453561453,0.690906823033195,0.658093107043319,0.626208597836164,0.59525657290779,0.565239199300143,0.536157532168205,0.508011516457916,0.480799990482523,0.454520690529045,0.429170256241863,0.404744237304192,0.381237101298694,0.358642242862742,0.336951994965656,0.316157641484414,0.296249426951641,0.277216569703994,0.259047275968155,0.24172875508045,0.225247235963338,0.209587984444119,0.194735321881995,0.180672645612447,0.167382450844011,0.154846351711051,0.14304510068618,0.131958612253008,0.121565987369597,0.11184553719811,0.102774808792596,0.0943306142254536,0.0864890559921369,0.079225555540789,0.0725148857369136,0.0663311997324442,0.0606480613445914,0.0554384744434151,0.0506749180451493,0.0463293793538361,0.0423733900021252,0.0387780636144492,0.0355141345926613,0.0325520004345806,0.0298617680009329,0.0274133001045442,0.025176261331952,0.0231201669492274,0.0212159296385075,0.0194688354990927,0.0179184940380042,0.0166058728409024,0.0155717442833076,0.0148566251365673,0.014500722213999,0.0145438753927911,0.0150255001506455,0.015984536791725,0.0174594026303326,0.0194879457028646,0.0221074003085048,0.0253543436417528,0.0292646536988788,0.0338734694674827,0.0392151560035682,0.045323264267208,0.0522304896845842,0.059968670729087,0.0685689328539516,0.0780615176847077,0.0884756615017817,0.0998395612984626,0.112180342346539,0.12552420151495,0.13989761410332,0.155327383034829,0.171839834344678,0.189460515639598,0.208214018613886,0.228123845678395,0.249212321832144,0.271500532770785,0.295008266876841,0.319753980723024,0.345754758264008,0.373026290267456,0.401582824973673,0.431437160600109,0.46260061944422,0.495083017814541,0.528892658954657,0.564036323098522,0.600519244176201,0.638345098588776,0.677516005274846,0.718032520403323,0.7598936249047,0.803096715639631
0.795349961157027,0.759758097863142,0.725079485880299,0.691320740259668,0.658487365812442,0.626583754828928,0.59561318676871,0.56557782997199,0.536478740225889,0.508315862443364,0.481088034241701,0.454792990551749,0.429427369004722,0.404986716617683,0.381465497658865,0.358857102808414,0.33715386044239,0.316347049216005,0.296426907817453,0.277382648124179,0.259202469297297,0.241873573010344,0.225382179935625,0.209713547073306,0.194851986389629,0.180780885273539,0.167482728446581,0.154939119028283,0.143130797960201,0.132037667692862,0.121638816663863,0.111912543041745,0.102836380429159,0.0943871270067867,0.0865408709532618,0.0792730189918969,0.0725583288748036,0.0663709382692577,0.0606843951547461,0.0554716872281445,0.0507052770180668,0.0463571349462938,0.0423987755902844,0.038801295268855,0.0355354108510526,0.0325715021000539,0.0298796579678234,0.0274297232122187,0.0251913442460528,0.0231340180722155,0.0212286399468447,0.019480499136104,0.0179292288767806,0.0166158212979162,0.015581073201463,0.0148655256320701,0.0145094094906629,0.0145525885222089,0.0150345018179346,0.0159941130108543,0.017469862430803,0.0194996207886592,0.0221206446904028,0.0253695332436635,0.0292821859389564,0.0338937628153924,0.0392386495168287,0.045350417103473,0.0522617805890982,0.060004597521291,0.0686100120003182,0.0781082837692462,0.0885286666237436,0.0998993744497112,0.112247548769491,0.125599402146372,0.13998142574114,0.15542043853441,0.171942782333115,0.189574020049376,0.208338758110189,0.228260513006532,0.249361623112167,0.271663186755032,0.295185004172727,0.31994554299516,0.345961897411877,0.373249767590767,0.40182341030815,0.431695631448796,0.462877760093265,0.495379618430971,0.529209514679912,0.564374233136032,0.600879010865001,0.638727526470412,0.677921900160299,0.718462688436774,0.760348871619812,0.803577845010545
0.795807277408849,0.760194949239988,0.725496397490218,0.691718241014281,0.658865987788568,0.626944032628897,0.595955656880498,0.565903030130346,0.536787208772622,0.50860813768861,0.481364653827243,0.45505449081698,0.429674284355716,0.405219578900108,0.381684835535407,0.359063441141489,0.337347719683322,0.316528944801454,0.296597349571452,0.27754213966772,0.259351507466042,0.242012647281075,0.225511771862185,0.209834129732497,0.194964023837831,0.180884832015089,0.167579028914751,0.155028207078367,0.14321309637378,0.132113587695675,0.121708757457765,0.111976891350308,0.102895510058059,0.0944413984209452,0.0865906308686029,0.0793185999835188,0.0726000490038285,0.0664091007262911,0.0607192879208133,0.0555035827525354,0.0507344319163706,0.0463837897174438,0.0424231543544533,0.0388236055269612,0.0355558432665816,0.0325902303052266,0.029896838396383,0.0274454949590226,0.0252058289530265,0.0231473198424437,0.0212408461485494,0.019491700178769,0.0179395379585037,0.0166253751867551,0.015590032123125,0.0148740731228545,0.0145177522191327,0.0145609560780803,0.0150431464679066,0.016003309425226,0.0174799073825813,0.0195108328260346,0.022133363783647,0.0253841204070759,0.0292990228285934,0.0339132513038915,0.0392612112481419,0.0453764930244903,0.0522918304574324,0.0600390994122455,0.0686494618966629,0.0781531950527241,0.0885795694966629,0.0999568153370109,0.112312089702145,0.12567162022725,0.140061913305195,0.155509803337174,0.172041647276329,0.189683022733132,0.20845855028297,0.228391759938505,0.249505002917786,0.271819389680024,0.295354731847707,0.320129507669399,0.34616082116359,0.373464381525568,0.402054453729123,0.431943851022246,0.463143908999577,0.495664455498166,0.52951380351313,0.564698741241302,0.601224508759598,0.639094786786758,0.678311696749914,0.718875795471156,0.760786062684158,0.804039892192383
0.796246688478484,0.760614696690483,0.725896985870203,0.692100178527042,0.659229785678659,0.627290204567505,0.596284718350629,0.56621549781296,0.537083599931975,0.508888969558525,0.481630442999354,0.455305752631527,0.429911532295316,0.405443323987211,0.381895585734114,0.359261700764412,0.337533988804695,0.316703718677183,0.29676111806456,0.277695386681064,0.259494710382806,0.242146276413688,0.225636289910339,0.209949991250743,0.195071674713472,0.180984708957375,0.167671558956174,0.155113807087603,0.143292172579351,0.132186535222709,0.121775959878271,0.112038720246574,0.102952324600246,0.0944935449607873,0.0866384425471469,0.0793623963546379,0.0726401356756823,0.0664457690187433,0.0607528145396445,0.0555342294799004,0.0507624453206565,0.0464094008813927,0.0424465786233201,0.0388450422774357,0.0355754756971525,0.0326082252499382,0.0299133461641698,0.0274606491987977,0.0252197465441013,0.0231601008119823,0.0212525744440691,0.0195024626699747,0.0179494434114781,0.0166345550147125,0.0155986402784979,0.0148822859559943,0.0145257683069625,0.014568996021251,0.0150514526561858,0.0160121457748195,0.0174895590470209,0.0195216058814777,0.0221455848895992,0.0253981364431394,0.0293152005079459,0.0339319767647579,0.0392828896259595,0.0454015480018727,0.0523207037912242,0.0600722504597938,0.0686873672216558,0.0781963479366049,0.0886284793828693,0.100012007256451,0.112374103680742,0.125741010772718,0.140139249560954,0.155595669263464,0.172136641386583,0.189787757663657,0.208573652264511,0.228517868194083,0.249642769011819,0.27196947683323,0.295517814219943,0.320306269623429,0.346351956506292,0.373670592737774,0.402276451168176,0.432182352120424,0.463399637448192,0.495938140415046,0.529806178606189,0.565010543966604,0.601556479466557,0.639447667857127,0.67868623173681,0.719272728235143,0.761206136522457,0.804483848963182
0.796669113312573,0.761018218038457,0.72628208877645,0.69246735154932,0.659579520298434,0.627622994599067,0.59660105935005,0.566515886487956,0.537368533551011,0.509158945360806,0.481885957606725,0.455547301462811,0.430139608983522,0.405658419800288,0.382098188999883,0.359452296300363,0.337713057353781,0.31687173635029,0.296918555788166,0.277842709651876,0.259632377529893,0.242274739868694,0.225755994486457,0.21006137393089,0.195175164148366,0.181080724974472,0.167760512080248,0.15519609807251,0.143368191950111,0.132256662830169,0.121840564466764,0.112098159034196,0.103006942872784,0.0945436756811157,0.0866844059781391,0.0794044996972303,0.0726786727241939,0.0664810198315377,0.060785045125936,0.055563691502178,0.0507893758157566,0.0464340219991332,0.0424690973843926,0.038865650351261,0.0355943492003475,0.0326255245672734,0.029929215794114,0.0274752176238219,0.0252331261253339,0.0231723877098553,0.0212638493609552,0.0195128091174726,0.0179589659511192,0.0166433799796938,0.01560691566994,0.0148901813071044,0.0145334745183112,0.0145767251657688,0.0150594377536224,0.0160206405392188,0.0174988376087853,0.0195319624848331,0.0221573335664329,0.0254116106637904,0.0293307528096259,0.0339499783588148,0.0393037299865825,0.0454256344334517,0.0523484609736881,0.0601041199931947,0.068723807247244,0.0782378326671305,0.088675498568306,0.10006506563168,0.112433720396002,0.125807718900214,0.140213596242833,0.155678215885917,0.172227963326418,0.189888443874606,0.208684304769228,0.228639101505261,0.249775209506464,0.272113762094056,0.295674592345929,0.32047619852205,0.346535703164057,0.373868832479836,0.402489866891722,0.43241163352408,0.463645480247665,0.496201245542785,0.530087251407289,0.565310293389424,0.601875617240956,0.639786907666739,0.679046288391346,0.719654316839888,0.761609971641123,0.804910643776075
0.797075412900282,0.761406335743864,0.726652491128315,0.692820508455662,0.659915904479369,0.627943081018486,0.596905324647135,0.566804808409572,0.537642590383366,0.509418615361967,0.482131718440961,0.455779629637298,0.430358979287788,0.405865304749084,0.382293058280065,0.359635616222458,0.337885290309312,0.317033340275539,0.297069983632906,0.277984408854836,0.259764789501417,0.242398299481181,0.22587112957322,0.210168504793874,0.19527470307538,0.181173075766877,0.167846069591834,0.155275247759133,0.143441309429258,0.132324113452619,0.121902702900753,0.112155328861716,0.103059476199005,0.0945918927587051,0.086728614844557,0.0794449958266146,0.072715738695837,0.0665149250131201,0.0608160453722878,0.0555920288690617,0.0508152782915889,0.0464577032535946,0.0424907565355624,0.0388854717519527,0.035612502244269,0.0326421635168184,0.0299444796318031,0.0274892299275578,0.0252459949670776,0.0231842055793012,0.0212746938798202,0.0195227606094621,0.0179681249863317,0.0166518680688023,0.0156148751644104,0.0148977752685432,0.014540886560031,0.0145841592652287,0.0150671180354962,0.0160288110325103,0.0175077619795021,0.0195419237450001,0.0221686337603808,0.0254245705322768,0.02934571143244,0.0339672927770336,0.0393237748069756,0.0454488014123559,0.0523751585797022,0.0601347729691476,0.0687588562457349,0.0782777337987605,0.0887207228877958,0.100116098606639,0.112491061359117,0.125871880574698,0.140285104884743,0.15575761145162,0.172315799228829,0.189985286585297,0.208790733329809,0.228755706970595,0.249902594342836,0.272252539545699,0.295825385771905,0.320639640715495,0.346712435650568,0.374059504805341,0.402695135885138,0.432632162556128,0.463881938476457,0.496454307144038,0.530357594800923,0.565598600461072,0.602182572551575,0.640113197656476,0.679392600583444,0.720021339041876,0.761998391139633,0.805321146527147
0.797466394585094,0.761779821021617,0.727008928939164,0.693160350991619,0.660239606638528,0.628251099858121,0.597198118836653,0.5670828376843,0.537906314997641,0.509668495543045,0.482368213844692,0.456003198806055,0.430570079111059,0.406064389927337,0.382480580792489,0.359812024799205,0.33805102990928,0.317188851570351,0.297215702495674,0.278120765855399,0.259892209408506,0.242517200772067,0.225981923951471,0.210271596715628,0.195370489284782,0.181261944841571,0.167928401499224,0.155351413423004,0.143511670305939,0.132389021118796,0.121962498653316,0.112210343329268,0.103110028966019,0.0946382920039984,0.0867711569922693,0.0794839652112117,0.0727514072430881,0.0665475519352733,0.0608458768781886,0.0556192978887273,0.0508402042180433,0.0464804917009569,0.0425115991149601,0.0389045458659127,0.035629970900186,0.032658175161239,0.0299591680074672,0.0275027139533568,0.025258378640551,0.0231955779031889,0.0212851295494224,0.0195323369201998,0.0179769387167096,0.0166600361484187,0.0156225345779378,0.0149050829300018,0.0145480191603269,0.0145913130916658,0.0150745087630227,0.0160366734899913,0.0175163498924715,0.0195515094556451,0.0221795079256572,0.0254370418006932,0.0293601061001367,0.03398395442428,0.0393430639174893,0.0454710949728664,0.0524008496591314,0.0601642702970928,0.0687925838617493,0.0783161306176168,0.0887642422049784,0.10016520758714,0.11254624051028,0.125933623289555,0.140353917578967,0.155834013724683,0.172400323629421,0.190078478228442,0.208893149426667,0.228867916292668,0.250025176642822,0.272386084947907,0.295970494134135,0.320796920973945,0.346882505144673,0.374242988592498,0.402892666031152,0.432844377421978,0.464109481992321,0.496697828068531,0.53061774597685,0.565876038066293,0.602477955338411,0.640427186185591,0.679725856457766,0.720374524137896,0.762372166832586,0.805716172911839
0.797842816008821,0.762139397609096,0.727352092911904,0.693487537701884,0.660551254043885,0.628547647994911,0.59748000929331,0.567350513075491,0.538160218437708,0.509909070120261,0.482595902097198,0.456218442199988,0.43077331752122,0.406256061121031,0.382661119917081,0.359981863874015,0.338210597322823,0.317338571583519,0.29735599474955,0.27825204488529,0.26001488416464,0.242631674147512,0.226088592317846,0.210370849467019,0.195462708390478,0.18134750440848,0.168007667344664,0.155424742657459,0.143579410925011,0.132451511606363,0.122020067596278,0.112263309043534,0.103158699134652,0.0946829633291565,0.0868121148591778,0.079521483365646,0.0727857474842299,0.0665789638222382,0.0608745974509398,0.0556455514029068,0.0508642018964211,0.0465024315005276,0.0425316655112024,0.0389229096548369,0.0356467890187484,0.0326735905277973,0.0299733093841466,0.0275156958304778,0.0252703011427572,0.023206526718735,0.0212951765919355,0.0195415566065993,0.017985424221443,0.0166679000465953,0.0156299087528848,0.0149121184522199,0.0145548861407061,0.014598200507719,0.0150816242579064,0.0160442431474814,0.0175246179892963,0.0195607381918969,0.0221899771341501,0.0254490486357837,0.0293739647066109,0.0339999955873874,0.0393616346964389,0.0454925583153023,0.0524255839959851,0.0601926691367635,0.0688250554524456,0.0783530975288096,0.0888061408513085,0.100212487736252,0.112599364775297,0.125993066689422,0.140420167670306,0.155907570756941,0.172481700319038,0.190168199390212,0.20899175152106,0.228975946909984,0.250143193945618,0.272514657084107,0.296110198622675,0.320948344074078,0.347046241205953,0.374419639395017,0.403082840102418,0.433048689350238,0.464328551727626,0.496932280209553,0.530868209054355,0.566143143821906,0.60276233799234,0.64072948169905,0.68004670179541,0.720714556527767,0.762732023020129,0.806096488409753
0.798205388723009,0.762485745215963,0.727682631731338,0.693802687069347,0.660851435804293,0.628833285995475,0.597751528876236,0.567608340571451,0.538404780658676,0.510140793853098,0.482815213598873,0.456425766694904,0.430969078700991,0.406440680647309,0.382835016927969,0.360145454494654,0.338364294181123,0.317482783331631,0.297491125589777,0.278378494102,0.260133045662606,0.242741935997188,0.226191336308165,0.210466450666086,0.195551534714763,0.181429916201336,0.168084016964829,0.155495374077165,0.143644659336948,0.13251170304144,0.122075518552539,0.112314326125905,0.103205578706401,0.0947259911766382,0.0868515658681702,0.0795576212106973,0.0728188243328147,0.0666092200520824,0.0609022613812028,0.0556708390387667,0.0508873166896693,0.0465235641252341,0.0425509936559121,0.0389405978318994,0.0356629883913407,0.0326884387562481,0.0299869304933658,0.0275282000986367,0.0252817850108699,0.0232170727225473,0.021304853999341,0.019550437096686,0.0179935975407296,0.0166754746285035,0.0156370116286961,0.0149188951344849,0.0145615004818606,0.0146048345327101,0.0150884779706075,0.0160515343139472,0.0175325818992069,0.0195696273988879,0.0222000611758634,0.0254606137341367,0.0293873134488649,0.0340154465890574,0.0393795222482729,0.0455132320119412,0.0524494083457203,0.0602200231706476,0.0688563323990557,0.0783887044111002,0.0888464980280342,0.100258028427909,0.112650534575266,0.126050323140494,0.140483980391681,0.155978421593669,0.172560083124495,0.190254619671026,0.209086726001084,0.229080003033432,0.25025686934,0.272638498994935,0.29624476332171,0.321094196251837,0.34720395334561,0.374589791136911,0.40326601758606,0.433245484552906,0.464539561791133,0.497158106753314,0.531109457485213,0.566400422639432,0.603036258083505,0.641020655627771,0.680355743092139,0.721042078976639,0.763078639940449,0.80646281193343
0.798554781499307,0.762819502686374,0.72800115508204,0.694106380392472,0.661140705610208,0.629108540724054,0.598013178407999,0.567856795739462,0.538640452759797,0.510364094159993,0.483026552873577,0.456625554704422,0.431157723735255,0.406618589040084,0.383002592581201,0.360303098406853,0.338512403980699,0.317621752815754,0.297621344267529,0.2785003467433,0.260246911853332,0.242848189700984,0.226290345435495,0.210558576650895,0.195637132099332,0.181509332230118,0.168157591187915,0.155563437963,0.143707535893578,0.132569706448171,0.122128953802348,0.112363488678273,0.103250754151447,0.0947674549120531,0.0868895827873155,0.0795924454032461,0.0728506987996622,0.0666383764329461,0.0609289196955758,0.055695207439789,0.0509095912334242,0.0465439285545685,0.0425696192001864,0.0389576430232491,0.0356785988979861,0.0327027472344058,0.0300000564594965,0.0275402498221725,0.0252928514270825,0.0232272353669126,0.0213141796217843,0.0195589947706776,0.0180014737503984,0.0166827738655906,0.0156438563067491,0.0149254254765046,0.0145678743840571,0.0146112274032129,0.0150950825429177,0.0160585604380715,0.0175402563117729,0.0195781934729142,0.0222097786509867,0.0254717584277763,0.029400176948885,0.0340303359289298,0.0393967595668904,0.0455331541957746,0.0524723666527625,0.0602463828537335,0.068886472392449,0.0784230169419996,0.0888853881746667,0.100301913662703,0.112699844293771,0.126105498253288,0.140545473446761,0.156046696920462,0.172635616624234,0.190337898474589,0.209178248048814,0.229180276596333,0.2503664125022,0.27275783910894,0.296374436438157,0.321234746534091,0.347355932466416,0.374753757666011,0.403442536356118,0.433435126022138,0.464742901394558,0.497375724240781,0.531341936256329,0.566648349074104,0.603300220862254,0.641301245047109,0.680653550379972,0.721357695605342,0.763412656934457,0.806815819172948
0.798891623366931,0.763141270900527,0.728308236417462,0.694399164425476,0.661419584248468,0.629373907735442,0.598265428949284,0.568096325885736,0.538867659033292,0.51057937305961,0.483230300405935,0.456818165916846,0.431339592251065,0.406790106596696,0.383164148571571,0.3604550794248,0.338655193370999,0.317755730229571,0.297746885221977,0.278617822186569,0.260356687735793,0.242950626552736,0.226385797950898,0.210647393280444,0.195719654649418,0.181585895471459,0.168228522473261,0.155629056853765,0.143768153794696,0.13262562625298,0.122180469547846,0.112410885210428,0.103294306801394,0.0948074291846293,0.086926234060367,0.0796260186390211,0.0728814282699628,0.0666664854565137,0.0609546203883499,0.0557187004776199,0.0509310656296565,0.0465635614516272,0.0425875756765205,0.038974075916193,0.0356936486430574,0.0327165417225363,0.0300127109138694,0.0275518666948028,0.0253035203148152,0.0232370329481456,0.021323170248648,0.0195672450353808,0.0180090670303819,0.0166898108990369,0.0156504551098585,0.014931721235179,0.0145740193225491,0.0146173906286306,0.0151014498653776,0.0160653341693353,0.0175476550436214,0.0195864518359056,0.0222191470543745,0.0254825027810496,0.0294125783654708,0.0340446904130251,0.0394133776854946,0.0455523607337023,0.0524945002500954,0.060271795642672,0.0689155296951567,0.078456096896066,0.0889228813070742,0.100344222449411,0.112747382705552,0.126158691362306,0.140604757544558,0.156112519656792,0.172708436804977,0.190418185731878,0.209266482435949,0.229276948126177,0.25047202064823,0.272872892280073,0.296499451428986,0.321370247960512,0.347502452183952,0.374911834179428,0.403612714208125,0.433617955178917,0.464938936620316,0.497585524459559,0.531566063910815,0.566887369480232,0.603554701553927,0.64157175511617,0.680940659816202,0.721661974634211,0.763734675349584,0.807156145664826
0.799216506402569,0.763451615439709,0.728604415503345,0.694681553803315,0.661688561912116,0.629629853472906,0.598508723888159,0.568327352039334,0.539086798846194,0.510787008953894,0.48342681432887,0.457003938890472,0.431515003923966,0.40695553479851,0.383319968870714,0.360601664689921,0.33879291333706,0.317884951069055,0.297867969120084,0.278731126921789,0.260462566266229,0.243049426608658,0.226477861634022,0.210733056670292,0.195799247417294,0.18165974050278,0.168296935498837,0.155692346089683,0.143826619590139,0.132679560747723,0.122230156339748,0.112456599032626,0.103336313209993,0.0948459842583009,0.0869615841103263,0.0796583999306688,0.0729110667577944,0.0666935965308283,0.0609794086343756,0.0557413594466509,0.050951777624533,0.0465824973257208,0.0426048946475318,0.038989925395302,0.0357081640799264,0.03272984646761,0.0300249160995844,0.0275630711358402,0.0253138104270804,0.023246482687738,0.0213318416830168,0.0195752023925245,0.0180163907276078,0.0166965980980392,0.0156568196369314,0.0149377934767451,0.0145799460984728,0.0146233350422427,0.0151075911300139,0.016071867414122,0.0175547910997173,0.0195944170038254,0.0222281828531401,0.0254928656796168,0.0294245394969508,0.0340585352726346,0.0394294058142328,0.0455708853856109,0.0525158480425828,0.0602963062062566,0.0689435553820398,0.0784880024188909,0.0889590433280189,0.100385029155407,0.112793233370251,0.126209995966614,0.140661936890441,0.156176005501184,0.172778671664861,0.190495622566127,0.209351584254621,0.229370187545305,0.250573879408581,0.272983860740618,0.296620028036661,0.321500938705874,0.347643770040162,0.375064298532817,0.403776850268611,0.433794293387336,0.465128012045188,0.497787876181554,0.531782234404327,0.567117903990889,0.603800147466588,0.641832661318319,0.681217576061385,0.72195545090329,0.764045261206904,0.807484389610772
0.799529988295353,0.7637510690365,0.728890200756067,0.694954033271173,0.661948100323998,0.629876817288891,0.598743480860905,0.568550270776135,0.539298248370476,0.51098735826737,0.483616431975107,0.457183192520277,0.43168425986289,0.40711515761699,0.383470320957315,0.360743105828189,0.338925800286821,0.318009637152676,0.297984803812575,0.278840455446094,0.260564729194069,0.243144759467381,0.226566694519942,0.21081571386887,0.195876047030658,0.181730994085306,0.168362947701372,0.155753414312065,0.143883033641376,0.132731602515509,0.122278099469622,0.112500708616498,0.103376845484788,0.0948831863161037,0.0869956936185358,0.0796896448634077,0.0729396651401214,0.0667197561943357,0.061003326984768,0.0557632232429134,0.0509717627719399,0.0466007686818743,0.0426216058426947,0.0390052186675435,0.0357221701255648,0.0327426843083439,0.0300366929678725,0.0275738823786529,0.0253237394277238,0.023255600806965,0.0213402088101391,0.0195828805015831,0.0180234574138201,0.0167031471133972,0.0156629608132152,0.0149436526247176,0.0145856648856387,0.0146290708481365,0.0151135168788253,0.0160781713872972,0.0175616767297028,0.0196021026495561,0.0222369015579943,0.0255028649122674,0.0294360808756159,0.0340718942736277,0.0394448714667399,0.045588759950628,0.052536446675511,0.0603199566189371,0.0689705975615533,0.078518788278995,0.0889939363126598,0.100424403828847,0.1128374749944,0.126259500134892,0.140717109637583,0.156237263432445,0.172846441767946,0.190570341904192,0.209433699589282,0.229460154907045,0.250672163632405,0.273090934977297,0.296736373241097,0.321627043111864,0.347780128619061,0.375211412444101,0.403935226290965,0.433964443346804,0.465310452233091,0.497983126760565,0.531990818811749,0.567340348338009,0.604036979928848,0.64208441152106,0.68148477446561,0.722238628189346,0.764344947653238,0.807801114469206
0.799832594707354,0.764040133829623,0.729166071394595,0.695217059736211,0.662198634691066,0.630115213304641,0.598970093519723,0.568765455897394,0.539502362175244,0.511180756955757,0.483799471304972,0.457356227387688,0.431847643884636,0.407269242715636,0.38361545694925,0.360879640015157,0.339054077051746,0.318129997560277,0.298097585213689,0.278945991087006,0.260663347831206,0.243236784987794,0.226652445568071,0.210895503479893,0.195950182270932,0.181799775700598,0.168426669773419,0.155812363923151,0.143937490546302,0.132781838822569,0.122324379330902,0.112543287927193,0.103415971592319,0.0949190977403037,0.08702861978152,0.0797198058302992,0.0729672713721373,0.0667450083128642,0.0610264155470098,0.0557843285287115,0.0509910545839688,0.0466184061584089,0.0426377372841747,0.0390199813774394,0.0357356902660083,0.0327550767718699,0.0300480612667737,0.0275843185520719,0.0253333239661887,0.0232644025955434,0.021348285660431,0.019590292237593,0.0180302789387906,0.0167094689268265,0.0156688889365406,0.0149493085040081,0.0145911852735945,0.0146346076643974,0.0151192370484028,0.0160842566596775,0.0175683234797455,0.0196095216607718,0.0222453177888962,0.0255125172462134,0.0294472218546254,0.0340847898170433,0.0394598005765933,0.0456060144017158,0.0525563306896949,0.0603427865389045,0.0689967015793728,0.0785485060996441,0.0890276187712937,0.100462412495144,0.112880181764561,0.126307286878199,0.140770368302396,0.156296396170929,0.172911860754521,0.190642469039185,0.209512966135018,0.229547001073155,0.25076703812759,0.27319429453753,0.296848682135737,0.321748772636639,0.347911756573518,0.375353422601223,0.404088107848002,0.434128690373256,0.465486563108827,0.4981716036025,0.532192166897817,0.567555075527367,0.604265596073193,0.642327427871686,0.681742703080487,0.722511981338176,0.764634237217764,0.808106851340165
0.800124821447885,0.764319283440956,0.729432479422674,0.695471064157477,0.662440575504531,0.63034543212313,0.599188933160997,0.568973259975902,0.539699474693352,0.511367521895591,0.483976232221576,0.457523327003877,0.432005423687826,0.407418042557134,0.383755614646428,0.361011490956996,0.339177953808528,0.318246229497894,0.298206498111542,0.279047906760734,0.260758583760595,0.24332565395028,0.226735255278304,0.21097255623566,0.196021774605942,0.181866198044766,0.168488206121215,0.15586929150968,0.143990079530523,0.13283035197922,0.12236907175141,0.112584406729324,0.103453755639252,0.0949537773704293,0.0870604165475684,0.079748932248962,0.0729939306856232,0.0667693942610677,0.0610487121508488,0.0558047098842684,0.0510096846695342,0.0466354386536718,0.0426533154027368,0.0390342377131389,0.0357487466535026,0.0327670441627767,0.0300590396228214,0.0275943967553778,0.0253425797463838,0.0232729024748756,0.0213560854675104,0.0195974497444069,0.0180368664793335,0.0167155738963824,0.0156746137199165,0.0149547703815638,0.0145965163072898,0.0146399545628922,0.015124761011031,0.0160901332017548,0.0175747422402975,0.0196166861932455,0.022253445335526,0.0255218384964437,0.0294579806880579,0.0340972430317483,0.0394742176045825,0.0456226770096483,0.0525755326643498,0.0603648333721314,0.0690219102059572,0.0785772045723783,0.0890601458913724,0.100499117430081,0.112921423654184,0.12635343449333,0.140821800147215,0.156353500603422,0.172975035811154,0.190712122148727,0.209589513767107,0.229630868337838,0.250858658342457,0.273294108772099,0.296957138734512,0.321866326729483,0.348038869571024,0.375490561682525,0.404235745430448,0.434287303579316,0.465656633223497,0.498353615519631,0.532386608563858,0.567762437381448,0.604486370478642,0.64256210854342,0.681991784512427,0.722775958228713,0.76491360389064,0.808402101162104
0.800407136478183,0.764588964890498,0.729689851456399,0.69571645328838,0.662674310199584,0.630567842408374,0.599400350226541,0.569174015781526,0.539889901573591,0.511547952165429,0.4841469977834,0.457684758956071,0.432157851935281,0.407561795424119,0.383891018492268,0.361138869794992,0.339297628928883,0.318358519095111,0.298311716915275,0.27914636567132,0.260850589489578,0.243411508666352,0.226815256259085,0.211046995525643,0.196090938681038,0.181930367484128,0.168547655286821,0.15592428823341,0.144040884808119,0.132877219672657,0.12241224829996,0.11262413086904,0.103490258131582,0.0949872807411744,0.0870911348348613,0.0797770707613798,0.0730196857718306,0.0667929530897136,0.0610702525012523,0.0558243999475428,0.0510276828621749,0.0466518934428792,0.0426683651446115,0.0390480105042176,0.0357613601960701,0.0327786056452075,0.0300696456163544,0.0276041331274379,0.0253515215901776,0.0232811140563579,0.0213636207217035,0.0196043644837952,0.0180432305844957,0.0167214717983403,0.015680144330802,0.014960047003836,0.0146016665236475,0.014645120105949,0.015130097612582,0.0160958104240088,0.0175809432901275,0.019623607719998,0.0222612972130403,0.0255308435896682,0.0294683746047163,0.0341092738598661,0.0394881456376097,0.0456387744573178,0.052594083348817,0.0603861324236114,0.0690462638094809,0.0786049296538843,0.0890915697606384,0.100534577411601,0.112961266706525,0.126398016879392,0.14087148753312,0.156408668174877,0.173036068104075,0.190779412772764,0.209663465066134,0.22971189100307,0.250947170994274,0.273390537519877,0.297061916715862,0.321979893637229,0.348161671165693,0.375623049297529,0.404378375459739,0.434440536962387,0.465820934921174,0.498529453979197,0.532574455181658,0.56796276596196,0.604699656685272,0.642788829345324,0.682232417631345,0.723030981583916,0.765183495039458,0.808687336737311
0.800679981761332,0.764849600363509,0.729938590410684,0.695953611284652,0.662900204686978,0.630782792342808,0.59960467568895,0.569368037596698,0.540073940928503,0.511722330228156,0.484312035323266,0.457840775965364,0.432305167252826,0.407700726361145,0.384021880460965,0.361261975940221,0.339413289763748,0.318467042140854,0.298413406344515,0.279241521955803,0.260939509052767,0.243494483541234,0.226892573751641,0.211118937884259,0.196157782772312,0.18199238447569,0.168605110337676,0.1559774401915,0.144089985914555,0.132922515274075,0.12245397656927,0.112662522534326,0.103525536213818,0.0950196603019356,0.0871208227327582,0.0798042654182846,0.073044576950247,0.0668157216800565,0.0610910703195553,0.0558434295432524,0.0510450773379915,0.0466677962859395,0.042682910070111,0.0390613213119264,0.0357735506401625,0.032789779318618,0.0300798958510143,0.0276135429105045,0.0253601634959918,0.0232890501951892,0.0213709032194215,0.0196110472807553,0.0180493812172592,0.0167271718658429,0.015685489427347,0.0149651466313563,0.014606643985311,0.0146501123802053,0.0151352552074847,0.0161012972141091,0.0175869363369551,0.0196302970766526,0.0222688857135228,0.0255395466233254,0.0294784198762369,0.0341209011356113,0.0395016064799567,0.0456543319452159,0.0526120117841211,0.0604067170369268,0.0690698005154157,0.0786317247476695,0.0891219395730371,0.100568847952167,0.112999773295728,0.126441103829936,0.14091950824552,0.156461985249913,0.173095053179101,0.190844446254507,0.209734935802569,0.229790195909519,0.251032714649252,0.273483731739694,0.297163180109309,0.32208965114843,0.348280353602944,0.375751092855078,0.40451622122263,0.43458863040873,0.465979725415527,0.498699394255626,0.532756000824369,0.568156374882511,0.604905788591809,0.643007945207933,0.68246497914745,0.723277450641855,0.765444333177763,0.80896300460097
0.800943774970889,0.765101588842682,0.730179077056948,0.696182901189489,0.663118604767651,0.630990610973366,0.59980222233114,0.569555622431436,0.540251874486879,0.511890923022991,0.48447159748185,0.457991616863737,0.432447595151831,0.407835048044708,0.384148400876979,0.361380997844471,0.339525113367576,0.318571964762998,0.298511722066186,0.279333521280123,0.26102547856888,0.243574705593472,0.226967326114155,0.2111884934414,0.196222409205189,0.182052343955519,0.168660659226391,0.156028828749356,0.144137458014165,0.13296630812231,0.122494320437279,0.112699640495425,0.103559643889907,0.0950509656195818,0.0871495256877108,0.0798305578494562,0.0730686423244707,0.0668377348864216,0.0611111974738266,0.0558618278020418,0.0510618947245751,0.0466831715270417,0.042696972444714,0.0390741905125473,0.0357853366470012,0.0328005822877494,0.0300898060179354,0.0276226405091425,0.0253685186929193,0.0232967230400692,0.0213779441087653,0.0196175083653619,0.0180553277930576,0.0167326828245952,0.0156906571918643,0.014970077070672,0.0146114563118154,0.0146549390278713,0.0151402416910231,0.0161066019712742,0.0175927305549801,0.0196367645033253,0.0222762224535056,0.025547960920083,0.0294881318799949,0.0341321426581029,0.0395146207375794,0.0456693732888592,0.0526293454152421,0.0604266187231547,0.0690925563539235,0.0786576308718598,0.0891513018189,0.100601981513374,0.113037002367961,0.126482761302783,0.140965935794873,0.156513533446699,0.173152081331018,0.190907322147685,0.209804035384339,0.22986590292691,0.251115420258247,0.273573834093943,0.297261083929598,0.322195767280689,0.348395098562722,0.37587488836519,0.404649493734426,0.434731810620879,0.466133247784209,0.498863696494737,0.532931523403388,0.568343560521062,0.605105081746486,0.643219791555413,0.682689825067619,0.723515742699169,0.765696517598487,0.809229526747467
0.801198911070378,0.765345307616946,0.730411671463035,0.696404666306457,0.663329837440413,0.631191609455817,0.599993285929176,0.569737051146523,0.540423968659161,0.512053982974944,0.484625923163074,0.458137507497233,0.432585348882003,0.407964961587512,0.384270769172592,0.361496113712901,0.339633267167892,0.318673444056596,0.298606811283182,0.279422501389967,0.261108626755494,0.243652294935272,0.227039625269359,0.211255766338896,0.196284914741384,0.18211033569775,0.168714385123361,0.156078530848328,0.144183372184394,0.133008663786063,0.122533340308714,0.112735540327084,0.103592632227456,0.0950812435658981,0.0871772866751247,0.0798559874211518,0.0730919179263046,0.0668590256680101,0.0611306640993824,0.0558796222706439,0.051078160201703,0.0466980421867151,0.042710573323265,0.0390866373744489,0.0357967358631464,0.0328110307273121,0.030099390955083,0.027631439544702,0.0253765996907513,0.0233041440791397,0.0213847539316835,0.0196237574114528,0.0180610792153822,0.0167380129258623,0.0156956553617727,0.0149748457038673,0.0146161107084007,0.0146596072756293,0.0151450645291937,0.0161117326380343,0.0175983346195767,0.0196430196833498,0.0222833184178988,0.0255560990782193,0.0294975251572562,0.0341430152586738,0.0395272078960327,0.0456839210088505,0.0526461101949026,0.0604458672800299,0.0691145653961095,0.0786826868143153,0.0891797004607538,0.100634027704338,0.113073009664333,0.126523051669448,0.141010839694676,0.156563389945606,0.17320723794504,0.190968134593027,0.209870867270569,0.229939125407327,0.25119541165196,0.273660979488082,0.297355774762904,0.322298400916038,0.348506077846545,0.375994621180289,0.404778392536961,0.434870291974941,0.466281731888085,0.499022606697523,0.533101285719327,0.568524603140697,0.60529783454033,0.64342468557402,0.682907292041671,0.723746214537867,0.765940425883933,0.809487302226219
0.801445763774632,0.765581113677418,0.730636714325461,0.696619231469686,0.663534212111825,0.631386082206022,0.600178146346633,0.569912589492676,0.540590475523142,0.512211748928785,0.48477523841804,0.458278661561578,0.432718630220404,0.408090657282573,0.384389164588793,0.361607492163388,0.339737909584771,0.318771628665128,0.29869881327901,0.279508592620427,0.261189075405297,0.243727365216911,0.22710957711864,0.211320855115839,0.196345390936919,0.182166444646749,0.168766366724482,0.156126619290391,0.144227795678785,0.133049644306495,0.122571093338578,0.112770274614177,0.10362454954668,0.0951105384910083,0.0872041463583669,0.0798805913817582,0.0731144378490728,0.0668796252108476,0.0611494987102852,0.0558968390138016,0.0510938975945026,0.0467124300470054,0.0427237326278764,0.0390986801293788,0.035807764985789,0.0328211399418311,0.0301086647021525,0.0276399529057161,0.0253844183262635,0.0233113241824908,0.0213913426629773,0.019629803572422,0.0180666439087242,0.0167431699769985,0.0157004912582243,0.0149794595158766,0.0146206139926716,0.0146641239613728,0.0151497307863284,0.0161166967296188,0.0176037567393914,0.0196490717791048,0.0222901840006339,0.0255639730182366,0.0295066134669797,0.034153534863146,0.0395393863925658,0.0456979964142039,0.0526623306795919,0.0604644909021953,0.069135859880083,0.078706929276143,0.0892071770959802,0.100665033465249,0.113107847927126,0.126562033945914,0.141054285718662,0.156611627774765,0.173260603812731,0.191026972666568,0.209935529354371,0.230009970604614,0.251272805999114,0.273745295569772,0.297447391309197,0.322397702388798,0.348613454013159,0.376110466681002,0.404903106436893,0.435004277313776,0.466425395221709,0.499176357630338,0.533265536434353,0.568699767926597,0.605484329311194,0.643622927385665,0.683117698607964,0.723969203745397,0.766176415302809,0.809736708618131
0.801684686902946,0.765809345009999,0.730854528203004,0.696826904220045,0.6637320217165,0.631574307965959,0.600357068547925,0.570082489072788,0.540751633736695,0.512364447013852,0.484919757263516,0.45841528137593,0.432847630202044,0.408212315292236,0.384503756824282,0.361715292837065,0.339839190604441,0.318866659318705,0.298787859922112,0.279591918367918,0.261266939827068,0.243800024038238,0.227177281925487,0.211383853065376,0.196403924473627,0.182220751224682,0.168816678536104,0.156173163001744,0.144270792170489,0.133089308421867,0.122607633639101,0.112803893142104,0.103655441595358,0.095138892383959,0.0872301432359994,0.0799044049966617,0.0731362343710652,0.0668995630407022,0.0611677283025884,0.0559135027086439,0.0511091294597177,0.0467263557303423,0.0427364692200627,0.0391103360384768,0.0358184398232078,0.0328309244210613,0.0301176405514054,0.0276481927945685,0.0253919858060745,0.0233182736415192,0.0213977197464168,0.019635655514362,0.0180720298490784,0.016748161369716,0.0157051718126137,0.0149839251197762,0.0146249726192822,0.0146684955589645,0.0151542471506742,0.0161215013611669,0.0176090046860652,0.0196549294651893,0.0222968290422984,0.0255715940260224,0.0295154098356352,0.034163716549495,0.0395511736828798,0.0457116196795008,0.0526780301184798,0.0604825162832894,0.0691564703276865,0.0787303930045856,0.0892337711074322,0.100695043237332,0.113141567090774,0.126599764006316,0.141096336138952,0.156658316074498,0.173312255424541,0.191083920702187,0.209998114317303,0.230078540062717,0.251347714230692,0.273826903191067,0.297536064884444,0.322493814029907,0.348717380967133,0.376222590911178,0.405023814189341,0.435133958681454,0.466564443700832,0.499325169667704,0.533424510972551,0.568869305946218,0.605664833366044,0.643814801134601,0.683321346346756,0.724185029936987,0.766404824103828,0.809978103402755
0.801916015633062,0.766030321793249,0.731065418659901,0.697027975895103,0.663923543755313,0.631756550791627,0.600530303537382,0.570246988233633,0.540907669383607,0.512512291445485,0.485059682440444,0.458547558599929,0.432972529796939,0.408330106286696,0.3846147066369,0.361819666964103,0.339937252310858,0.318958669332844,0.298874076133223,0.279672595527509,0.261342329254357,0.243870373330029,0.227242834670847,0.211444848565346,0.196460597466363,0.182273331616536,0.168865391139084,0.156218227277095,0.144312421977932,0.133127711775719,0.122643012471522,0.112836443073242,0.103685351710976,0.095166345021535,0.0872553137782241,0.0799274616732334,0.073157338069937,0.0669188671277284,0.0611853784500136,0.0559296367321436,0.051123877165653,0.0467398387726289,0.0427488009675887,0.039121621453451,0.0358287753507967,0.0328403978913407,0.0301263310947782,0.0276561707707399,0.0253993127463636,0.0233250022054023,0.021403894128212,0.0196413214467783,0.0180772445922111,0.0167529941062828,0.0157097035911433,0.0149882487802212,0.0146291927028129,0.0146727282011814,0.0151586199580965,0.0161261532729451,0.0176140858217775,0.0196606009591669,0.0223032628650123,0.025578972792849,0.0295239266033714,0.0341735746012884,0.0395625863029935,0.0457248099163916,0.0526932305358152,0.0604999687105523,0.0691764256526683,0.0787531109161696,0.0892595198030115,0.100724099120351,0.11317421445883,0.126636294780969,0.141137049946757,0.15670352034235,0.173362265240888,0.191139058590491,0.21005870995784,0.23014492997557,0.251420241433095,0.273905916836733,0.297621919886015,0.322586870671363,0.348818004504325,0.376331151166374,0.405140685131413,0.435259518003886,0.466699072392188,0.499469251573347,0.533578432354301,0.569033455039119,0.605839599928344,0.64400057599448,0.683518520949059,0.724393995888416,0.766625972714511,0.81021182522524
0.802140067664188,0.766244347509354,0.731269675326115,0.697222722640032,0.664109041258282,0.63193306096928,0.600698089230194,0.570406312892908,0.541058796758063,0.512655485268325,0.485195206117425,0.45867567489873,0.433093500538053,0.408444192036201,0.384722166401443,0.361920757888469,0.340032229378719,0.319047785071046,0.298957580318827,0.279750734898536,0.261415347224502,0.243938509707668,0.227306325382685,0.211503925384949,0.19651548774794,0.182324258034481,0.168912571433696,0.156261874006226,0.144352742274111,0.133164907109945,0.122677278423956,0.112867969110586,0.103714320971093,0.0951929341062786,0.0872796925534293,0.079949793076749,0.0731777779288085,0.0669375639835192,0.0612024733926879,0.055945263242234,0.0511381609663188,0.0467528976910285,0.0427607448064674,0.0391325518733162,0.0358387857630264,0.0328495733632194,0.0301347482675751,0.0276638977909186,0.0254064092097078,0.0233315191149268,0.0214098742880541,0.0196468091510744,0.0180822952998776,0.016757674823819,0.0157140928176077,0.0149924364351835,0.0146332800389864,0.0146768277009937,0.015162855214064,0.0161306588537349,0.0176190071247916,0.0196660940500794,0.0223094943047743,0.02558611945247,0.0295321754668351,0.0341831225572476,0.0395736399266212,0.0457375852399105,0.0527079528073474,0.0605168721525692,0.0691957532610105,0.0787751142109215,0.0892844585451234,0.100752241018694,0.113205834868108,0.126671676440029,0.141176483057072,0.156747302660364,0.173410701943599,0.191192462056028,0.210117399496026,0.230209231520881,0.251490487212779,0.273982445021491,0.297705074224323,0.322677000114072,0.348915462817763,0.376436296539643,0.405253879769786,0.435381127720085,0.466829466190361,0.49960880122458,0.533727511970125,0.569192440642217,0.606008869016695,0.644180507102333,0.683709493207931,0.72459638858659,0.766840164853029,0.81043819507139
0.802357144296486,0.766451709975312,0.731467572881443,0.6974114063459,0.664288763678301,0.632104075865857,0.60086065126081,0.570560677306849,0.541205219092777,0.512794221046224,0.485326510543667,0.458799802560267,0.433210705104135,0.408554725960715,0.384826280627398,0.362018701554979,0.340124249531061,0.319134126374164,0.299038484773487,0.279826441561078,0.261486091930438,0.244004524799432,0.227367839441891,0.21156116296937,0.196568669133578,0.182373598963224,0.168958282866945,0.156304161884283,0.144391807280859,0.133200944443998,0.12271047757649,0.112898513649646,0.103742388332923,0.0952186953945963,0.0873033123456467,0.0799714292379802,0.0731975814347449,0.0669556787511882,0.0612190361195083,0.0559604032530965,0.0511520000702509,0.0467655500468826,0.0427723167985064,0.0391431419970569,0.0358484845216755,0.0328584631756669,0.0301429033890218,0.0276713842462283,0.0254132847392722,0.0233378331338869,0.0214156682679284,0.0196521260069926,0.0180871887641566,0.016762209816849,0.0157183453945403,0.0149964937161279,0.014637240124361,0.0146807995713174,0.0151669586140544,0.0161350241625405,0.0176237752131658,0.0196714161249126,0.0223155317414854,0.0255930436155535,0.0295401675189133,0.0341923732572503,0.0395843494184286,0.0457499628300266,0.0527222167312578,0.0605332493407109,0.0692144791440487,0.0787964324783801,0.0893086208708303,0.100779506776955,0.113236470841026,0.12670595656396,0.141214688498661,0.156789721906023,0.173457630669266,0.191244202914585,0.21017426185624,0.230271531169928,0.251558546034698,0.274056590658733,0.297785639723461,0.322764323562093,0.349009886967208,0.376538168428134,0.40536355032608,0.435498951368075,0.466955800446014,0.499744006284654,0.533871950298958,0.569346476555799,0.606172868260383,0.644354836425491,0.683894519938597,0.724792480204689,0.767047688560182,0.810657517358312
0.802567531433791,0.766652682300778,0.731659371969647,0.69759427552124,0.664462947721314,0.632269820718939,0.601018203733841,0.570710284783283,0.541347129235347,0.512928681503091,0.485453768655517,0.458920105068623,0.433324297861107,0.4086618536405,0.384927186439874,0.362113626961716,0.340213433964322,0.319217806959227,0.299116896053555,0.279899815225663,0.261554656547476,0.244068505551429,0.227427457866424,0.211616636704176,0.196620211666572,0.18242141938793,0.169002585643719,0.156345146607111,0.144429668449292,0.133235871241357,0.122742653654534,0.112928116919539,0.10376959076298,0.0952436628157559,0.0873262042636563,0.079992398653138,0.0732167746702326,0.0669732352890454,0.0612350884446472,0.0559750767050954,0.0511654127044359,0.0467778125041547,0.0427835321847606,0.0391534057725445,0.0358578844006308,0.0328670790371357,0.0301508071999359,0.0276786399968104,0.0254199483905699,0.0233439525782501,0.0214212836988775,0.0196572790171726,0.0180919314300543,0.0167666050582491,0.0157224669228575,0.0150004259667534,0.0146410781746229,0.01468464904336,0.0151709355625082,0.0161392549487534,0.0176283963667779,0.0196765741931802,0.0223213831268366,0.025599754401666,0.0295479132856507,0.0342013388850613,0.0395947288835028,0.0457619589888195,0.0527360410940485,0.0605491218447835,0.0692326279649705,0.07881709379607,0.0893320386034637,0.100805932305886,0.113266162727125,0.12673918030188,0.14125171659054,0.156830833948192,0.17350311322603,0.191294349312188,0.210229371929855,0.230331910975343,0.251624507536681,0.274128451403014,0.297863722493357,0.322848956026004,0.349101401315316,0.376636901003652,0.405469841243444,0.435613144129152,0.467078241549458,0.499875044827296,0.534011937575335,0.569495765655034,0.60633181365692,0.644523793566845,0.684073844833116,0.724982529007937,0.767248817157989,0.810870080947511
0.802771500515722,0.766847523778466,0.731845320048209,0.697771566102238,0.66463181811803,0.632430509371063,0.60117094992209,0.57085532834445,0.541484710276982,0.513059040118615,0.485577144640259,0.45903673763703,0.433434425365337,0.408765713290738,0.385025014026654,0.3622056565806,0.340299897743466,0.319298934790184,0.299192915324568,0.27997095055834,0.261621129537077,0.244130534511057,0.227485257575445,0.211670418161087,0.196670181846641,0.182467781006086,0.169045536923066,0.156384881052835,0.144466374627556,0.133269732564265,0.122773848171381,0.112956817114139,0.103795963357598,0.0952678685825025,0.0873483978424077,0.0800127283767758,0.0732353823982137,0.0669902562483801,0.0612506510786721,0.0559893025297886,0.0511784161737356,0.0467897008837583,0.0427944054352221,0.039163356442011,0.0358669975275325,0.0328754320637339,0.0301584698977441,0.0276856744039701,0.0254264087609847,0.0233498853432693,0.0214267278258808,0.0196622748299825,0.018096529416516,0.0167708662187208,0.0157264627201186,0.015004238260415,0.0146447991415905,0.0146883810836763,0.0151747911904492,0.0161433566708964,0.0176328765477995,0.019681574909776,0.0223270560102333,0.0256062604690042,0.0295554227605669,0.0342100310080541,0.0396047917133375,0.0457735891936269,0.0527494437317897,0.0605645101433511,0.0692502231392239,0.0788371248210397,0.0893547419563746,0.100831551699471,0.113294948834612,0.126771390518764,0.141287615106024,0.156870691829262,0.173547208295081,0.191342965947274,0.210282800819397,0.230390448838614,0.251688456821674,0.274198119968429,0.297939423275706,0.32293100669786,0.349190123933088,0.37673262165009,0.405572889657478,0.435723853333806,0.467196947473119,0.500002085917274,0.534147654409596,0.569640500551396,0.60648591027625,0.644687596513397,0.68424769925488,0.725166780195615,0.767443810140783,0.811076160086648
0.802969309384793,0.767036480712452,0.732025652178835,0.697943502206437,0.664795588341818,0.63258634495285,0.601319082915907,0.57099599134361,0.541618136137379,0.513185461682444,0.48569679446062,0.459149847703687,0.43354122683181,0.40886643620306,0.385119887054084,0.362294906748615,0.34038375016956,0.319377612422792,0.299266638684423,0.280039937483096,0.26168559492944,0.244190690090703,0.22754131163504,0.211722575326613,0.196718642842361,0.182512742424596,0.169087191000794,0.156423415450781,0.144501972216864,0.133302571217683,0.122804100560813,0.112984650514095,0.103821539455046,0.0952913432939627,0.0873699211373692,0.0800324441082153,0.0732534281411915,0.0670067631458207,0.0612657436947054,0.0560030987104033,0.0511910269161669,0.046801230214097,0.0428049502950437,0.0391730065843514,0.0358758354225167,0.0328835328147354,0.0301659011690579,0.0276924963600806,0.0254326740172355,0.0233556389287039,0.0214320075309979,0.0196671197607567,0.0181009885359736,0.0167749986849057,0.0157303378375127,0.01500793541633,0.014648407729033,0.0146920004100335,0.0151785303718748,0.016147334514061,0.0176372214197414,0.0196864245962334,0.022332557562912,0.0256125700420536,0.0295627054365805,0.0342184606141627,0.0396145506286123,0.0457848681464869,0.0527624415870972,0.0605794336891541,0.0692672869093169,0.0788565508750185,0.0893767596294499,0.100856397343836,0.113322865552739,0.126802627932365,0.141322429425342,0.156909345934598,0.173589971618121,0.191390114277371,0.210334616065689,0.230447218758947,0.251750474729597,0.274265684424787,0.298012837765797,0.323010579300003,0.349276166977044,0.376825451370357,0.405672825834306,0.435831218932359,0.467312068276179,0.500125290150465,0.534279272364852,0.569780864207951,0.606635352915833,0.644846452332628,0.68441630297769,0.725345466684342,0.767632914004164,0.81127601528561
0.80316120309364,0.76721978718928,0.732200591763357,0.698110296834374,0.664954461277036,0.63273752051894,0.601462786227694,0.571132448039072,0.541747572109225,0.513308102810091,0.485812866343038,0.459259575393354,0.433644834569967,0.408964147156579,0.385211923054232,0.362381488032034,0.340465095121961,0.319453937325692,0.299338157464232,0.280106861463379,0.261748132586578,0.244249046813233,0.227595689486965,0.2117731728149,0.196765654688933,0.182556359343259,0.16912759947945,0.156460797538727,0.144536505316772,0.1333344278833,0.122833448300561,0.113011651600409,0.1038463507399,0.0953141160314409,0.0873908008123615,0.0800515702720034,0.0732709342548717,0.0670227764306967,0.0612803849900145,0.0560164823381371,0.0512032605543644,0.0468124147781139,0.0428151798275714,0.039182368154504,0.0358844090342809,0.0328913913256374,0.0301731102199997,0.027699114316423,0.0254387519209436,0.0233612204622994,0.0214371293549146,0.019671819811567,0.0181053143125424,0.0167790075762492,0.0157340970756726,0.0150115220146664,0.0146519084073964,0.0146955115061814,0.0151821577390156,0.0161511934061403,0.0176414363651851,0.0196911292605158,0.0223378946003911,0.0256186909373369,0.0295697703357286,0.034226638146282,0.0396240177190173,0.0457958098201661,0.0527750507621748,0.0605939109700099,0.0692838404144527,0.0788753960236903,0.0893981188989633,0.100880500018647,0.113349947465726,0.126832931240699,0.141356202677705,0.156946844150273,0.173631456171868,0.1914358527115,0.210384881859293,0.230502291064929,0.251810638090432,0.274331228473332,0.298084056912101,0.323087772409795,0.349359637040358,0.376915505165199,0.405769773578409,0.435935373933123,0.467423746574368,0.500244810156638,0.534406954494089,0.569917030512174,0.606780326710507,0.645000557820756,0.684579864873816,0.725518809837276,0.767816363016697,0.811469894132102
0.803347414657028,0.767397665796321,0.732370351229304,0.698272152523233,0.665108629841628,0.632884219640432,0.601602234355059,0.571264864128945,0.541873175365427,0.513427112423548,0.485925501232532,0.459366053947355,0.433745374389731,0.409058964800806,0.385301233785567,0.362465505565712,0.340544031377096,0.319528002179512,0.299407558508591,0.280171803764362,0.261808818447393,0.244305675540676,0.227648457161744,0.211822272066011,0.196811274472408,0.182598684725696,0.169166811426678,0.156497072709398,0.144570015860507,0.133365341244372,0.122861927027318,0.113037853160251,0.103870427340275,0.0953362144476628,0.0874110622213818,0.0800701300928645,0.0732879219967671,0.0670383155477926,0.0612945927433897,0.056029469664606,0.0512151319435222,0.046823268157122,0.0428251064544326,0.0391914525201372,0.0358927287736829,0.0328990171389576,0.0301801058044537,0.0277055363091207,0.0254446498524518,0.0233666367216608,0.0214420995170145,0.0196763806896419,0.018109511998973,0.0167828977607114,0.0157377449994066,0.0150150024105974,0.0146553054275222,0.0146989186356117,0.01518567769655,0.0161549380329514,0.0176455265023,0.0196956946154538,0.0223430736033862,0.025624630587401,0.0295766260368531,0.0342345735343139,0.0396332044803534,0.0458064275010382,0.0527872865682277,0.0606079595655472,0.0692999037554003,0.0788936831505459,0.0894188457012789,0.10090388899156,0.113376227458891,0.126862337240796,0.141388975873663,0.156983232010027,0.173671712330635,0.191480236789423,0.2104336592375,0.230555732630357,0.251869019959994,0.274394831703597,0.298153167195373,0.323162679762118,0.349440635479959,0.37700289238611,0.405863850612537,0.436036444810556,0.467532117977618,0.500360791067839,0.534530855840543,0.570049164809553,0.606921007700619,0.645150100106659,0.684738583554962,0.725687020143411,0.767994379938832,0.811658032051423
0.803528165752905,0.767570328291445,0.732535132669011,0.698429261956195,0.66525827756754,0.63302661695718,0.601737593305816,0.571393397249664,0.541995095431997,0.513542632199339,0.486034833216751,0.459469410124452,0.433842965980022,0.409151002012623,0.385387925569195,0.3625470593694,0.340620652905644,0.319599895155705,0.299474924436865,0.28023484169744,0.261867724756147,0.24436064368743,0.227699677477333,0.211869931530781,0.196855556501444,0.182639768958704,0.169204873522844,0.156532284147038,0.144602543741123,0.133395348102105,0.122889570643948,0.113063286385605,0.103893797918469,0.0953576648499717,0.0874307294848844,0.0800881456655759,0.0733044115901531,0.06705339899585,0.0613083838686333,0.0560420761507395,0.0512266552160882,0.0468338032716659,0.0428347419929075,0.0392002704958508,0.0359008045450634,0.0329064193329432,0.0301868962504031,0.0277117699833174,0.0254503748330282,0.0233718941546435,0.021446923934091,0.0196808078245373,0.018113586592455,0.0167866738694122,0.0157412859514323,0.0150183807474051,0.0146586028334367,0.0147022258543855,0.0151890944348568,0.0161585728523334,0.0176494967002422,0.0197001260959326,0.0223481007373079,0.0256303960631785,0.0295832807014116,0.0342422762250431,0.0396421218491184,0.0458167338290576,0.0527991635715287,0.0606215962000971,0.0693154960549701,0.0789114340257303,0.089438964710885,0.100926592106278,0.113401736817589,0.126890880939404,0.141420788028489,0.157018552832255,0.173710788017883,0.191523319348733,0.210481006267965,0.230607607075427,0.251925689839731,0.274456569832865,0.298220250888837,0.323235390531391,0.349519258721478,0.37708771706433,0.405955168931905,0.436134551885781,0.467637311498055,0.500473370955034,0.53465112390416,0.570177424401062,0.607057563361658,0.645295257214869,0.684892647969821,0.725850297850864,0.768167176693098,0.811840653014774
0.803703667376394,0.767737976227756,0.732695128435837,0.698581808530901,0.665403579142181,0.633164878693012,0.601869021087741,0.571518197441047,0.542113474629174,0.51365479698649,0.486140989921565,0.459569764574809,0.433937723261862,0.409240366229294,0.385472099602531,0.362626244642826,0.340695049149766,0.319669700176683,0.299540333886928,0.280296048848318,0.261924920275599,0.24441401541914,0.227749410224445,0.211916206843255,0.196898552467523,0.1826796600009,0.169241830198752,0.156566472954807,0.144634126929204,0.13342448348423,0.122916411419514,0.113087980965289,0.103916489755522,0.0953784922779406,0.0874498255609418,0.0801056380201511,0.0733204222837309,0.0670680443821423,0.0613217744644593,0.0560543165123937,0.0512378438234569,0.0468440324196393,0.0428440976907932,0.0392088323750809,0.0359086457754654,0.0329136065483543,0.0301934894844997,0.0277178226157317,0.0254559335455811,0.0233769988983762,0.0214516082378026,0.0196851063841548,0.0181175428493601,0.0167903403102946,0.0157447240651886,0.0150216609687037,0.0146618044742814,0.014705437023099,0.015192411942377,0.0161621021072989,0.01765335159352,0.0197044288749267,0.022352981870451,0.0256359940948486,0.0295897420975549,0.0342497552100066,0.0396507802347726,0.0458267408350502,0.0528106956363903,0.0606348367920329,0.0693306355144302,0.078928669370269,0.0894584994131878,0.100948635864696,0.113426505319511,0.126918595656274,0.14145167627728,0.157052847847805,0.173748728847605,0.191565150680743,0.210526978220024,0.230657974954432,0.251980713881761,0.274516514929547,0.298285386300909,0.323305989594654,0.349595598543728,0.377170078217757,0.406043835134594,0.436229809681559,0.46773944993062,0.500582681235443,0.534767899076761,0.57030195900722,0.607190153098349,0.645436198590787,0.685042237961506,0.726008833557654,0.768334954989324,0.812017970200021
0.803874120450299,0.767900801536777,0.732850521700726,0.698729966890096,0.665544700913868,0.633299163136697,0.601996668165758,0.571639407580431,0.542228448483228,0.513763735196711,0.486244092880338,0.459667232189086,0.434029754718001,0.409327159759324,0.385553852252106,0.362703152041145,0.340767305281906,0.319737497158631,0.299603861742706,0.280355495289922,0.261980470485962,0.244465851838363,0.227797712339551,0.211961150981665,0.196940311594522,0.182718403521492,0.169277723764206,0.156599678273718,0.14466480158272,0.133452780746352,0.122942480082642,0.113111965170861,0.103938528830155,0.0953987205758233,0.0874683723116713,0.0801226271826893,0.0733359724073218,0.0670822684734209,0.0613347798610737,0.0560662047629305,0.0512487105748908,0.0468539673118691,0.0428531842589482,0.0392171479598839,0.0359162614419114,0.032920587013465,0.0301998930549989,0.0277237011357118,0.0254613323539953,0.023381956797018,0.0214561577909685,0.0196892812896946,0.0181213852990037,0.0167939012808785,0.0157480632767956,0.0150248468298503,0.0146649140154507,0.0147085558180547,0.015195634017155,0.0161655298383106,0.0176570955954027,0.0197086078784669,0.0223577225909744,0.0256414310913107,0.0295960176226039,0.0342570190515106,0.0396591895498573,0.0458364599755238,0.0528218959652821,0.0606476964998287,0.0693453394661713,0.0789454089160237,0.0894774721724656,0.100970045503581,0.113450561320844,0.126945513120563,0.141481675982406,0.157086156319283,0.173785578256313,0.191605778676001,0.210571627724603,0.230706893930975,0.252034155080289,0.274574735621708,0.298348648001782,0.32337455777715,0.349669742344252,0.377250070137449,0.406129950729991,0.436322327253653,0.467838650208362,0.5006888470528,0.534881315048247,0.570422911201308,0.607318928705878,0.645573085590965,0.685187524787925,0.726162808763173,0.768497906908275,0.812190186608511
0.804039716395379,0.768058987073198,0.7330014869721,0.698873903417321,0.665681801363973,0.633429621091209,0.602120677889003,0.571757163788195,0.542340146111118,0.513869569168864,0.486344257878877,0.459761922424536,0.434119163700823,0.409411480072845,0.385633275327087,0.362777867932251,0.340837502446532,0.319803362238341,0.299665579346711,0.280413247781289,0.262034437770764,0.244516211157995,0.227844638066481,0.212004814418793,0.19698088077842,0.182756043029899,0.169312594528092,0.156631937393726,0.14469460214966,0.133480271666621,0.122967805908741,0.113135265936859,0.103959939892502,0.0954183724602308,0.0874863905652873,0.0801391322322154,0.0733510794238935,0.0670960872435037,0.0613474146636866,0.056077754252992,0.0512592676738768,0.0468636191053532,0.042862011901693,0.039225226588757,0.0359236600968823,0.0329273685674178,0.030206114153184,0.0277294121449033,0.0254665773211947,0.023386773418346,0.021460577702789,0.0196933372296237,0.0181251182565009,0.0167973607801751,0.0157513073362263,0.0150279419086035,0.0146679349489951,0.0147115857416952,0.0151987642776176,0.0161688598947501,0.0176607329104476,0.0197126677996223,0.022362328222762,0.0256467131583742,0.0296021143240453,0.0342640759069326,0.0396673592381301,0.0458459021651847,0.0528327771363023,0.0606601897650842,0.0693596244228999,0.0789616714616969,0.0894959042953452,0.100990845066205,0.113473931836754,0.126971663560892,0.141510820833882,0.157118515652483,0.173821377626315,0.19164524896021,0.210615004923612,0.230754418941627,0.252086073450394,0.274631297291855,0.298410107035071,0.323441172081739,0.349741773387393,0.377327782655251,0.406213612426898,0.43641220850036,0.467935023734337,0.500791987632537,0.53499149918606,0.570540416814033,0.607444034800734,0.645706071941075,0.685328671607854,0.726312396383351,0.768656215446825,0.81235749564125
0.804200637663406,0.768212707124084,0.733148190581814,0.699013776700239,0.665815031548245,0.633556396293668,0.602241186890007,0.571871595806817,0.542448690580046,0.513972415509641,0.486441595277863,0.459853939609804,0.434206048720147,0.409493420073039,0.385710456334931,0.362850474637279,0.340905717986095,0.319867367985223,0.29972555469871,0.28046936995347,0.262086881590557,0.244565148863371,0.227890239107478,0.212047245262529,0.197020304717891,0.182792619996912,0.169346480910628,0.156663285857571,0.144723561463958,0.133506986534226,0.122992416801524,0.113157908935807,0.103980746533033,0.0954374695833905,0.0875039001741011,0.0801551713538089,0.0733657599781887,0.0671095159177578,0.0613596927931825,0.0560889777076776,0.0512695267521088,0.0468729984343303,0.042870590345226,0.0392330771626436,0.0359308498921338,0.0329339586820534,0.0302121596333917,0.0277349619356325,0.0254716742260257,0.0233914540692602,0.0214648728430739,0.0196972786727316,0.0181287458347828,0.016800722619822,0.0157544598177491,0.0150309496150867,0.0146708706033454,0.0147145301323564,0.015201806172651,0.0161720959456363,0.0176642675462079,0.0197166131115687,0.0223668038402473,0.0256518461157617,0.0296080389191568,0.0342709335514373,0.0396752983008626,0.0458550778073325,0.052843351138204,0.0606723303527401,0.0693735061236222,0.0789774749251799,0.0895138160901343,0.101011057469294,0.113496642616616,0.126997075789526,0.141539142943181,0.15714996150056,0.173856166400958,0.191683605021291,0.210657157609563,0.230800602348916,0.252136526195158,0.274686262259006,0.298469831115657,0.323505905903317,0.349811771036151,0.377403301393951,0.406294912402842,0.436499552451836,0.468028676691818,0.500892216613798,0.535098572889854,0.570654605311765,0.607565609223416,0.645835304164,0.685465833935288,0.726457761232158,0.768810055027562,0.812520081637468
0.80435705823571,0.768362127885113,0.733290791139663,0.699149737963982,0.665944535509578,0.633679625808112,0.602358325458054,0.571982827355403,0.542554199243745,0.514072385412197,0.486536210314412,0.459943383230016,0.434290503712419,0.409573068350002,0.385785478720513,0.362921050655558,0.340972025652381,0.319929583599608,0.299783852641542,0.280523922483408,0.2621378586454,0.244612717863891,0.227934564764477,0.212088489387323,0.197058626036448,0.182828173968015,0.169379419548353,0.156693757557897,0.144751710835209,0.133532954232164,0.123016339369257,0.113179918648368,0.104000971247015,0.0954560325923118,0.0875209200687679,0.0801707618882962,0.0733800299422074,0.0671225690147031,0.0613716275241609,0.0560998872613165,0.0512794989012725,0.0468821154393379,0.0428789288642009,0.0392407081692551,0.0359378386009712,0.0329403644823276,0.0302180360317419,0.0277403565081007,0.0254766285790483,0.0233960038102839,0.0214690478555488,0.0197011098803414,0.018132271955835,0.0168039904344994,0.0157575241296952,0.0150338732011061,0.0146737241524083,0.0147173921733903,0.0152047629910247,0.0161752414896519,0.0176677033241835,0.0197204480798122,0.0223711542822806,0.0256568355130118,0.0296137978133626,0.0342775993992226,0.0396830153214366,0.0458639968222869,0.0528536294031548,0.060684131388691,0.0693869995766517,0.0789928363925159,0.089531226922315,0.101030704565651,0.113518718214373,0.1270217772811,0.14156667293098,0.157180527861445,0.173889982192408,0.191720888328211,0.210698131356176,0.230845494084407,0.252185567861975,0.274739689948981,0.298527884814711,0.323568829229381,0.34987981096905,0.377476708001243,0.406373938555951,0.436584453540704,0.468119710334463,0.500989642359955,0.535202651923232,0.57076560015033,0.6076837834151,0.645960921980201,0.685599160064387,0.726599060471981,0.768959591975394,0.812678120378334
0.804509144089786,0.768507407906296,0.733429439958761,0.699281931476722,0.666070450664313,0.633799440393084,0.602472217888597,0.57209097646148,0.542656784057207,0.514169584954355,0.486628203384315,0.460030348193585,0.434372618292627,0.40965050941833,0.385858422089904,0.362989670875131,0.341036495804295,0.319990075098338,0.299840535035015,0.28057696325666,0.262187423026927,0.244658968634905,0.227977662071327,0.212128590557218,0.19709588539675,0.182862742669443,0.169411445392375,0.156723384828153,0.144779080132645,0.133558202314696,0.123039598996119,0.113201318428995,0.104020635494845,0.0954740811841591,0.0875374683090574,0.0801859203787563,0.0733939044577744,0.0671352603849495,0.061383231520536,0.0561104944900097,0.0512891947027914,0.0468909797944082,0.0428870363066003,0.0392481277058345,0.0359446336390968,0.0329465927654198,0.0302237495836668,0.0277456015864757,0.0254814456373146,0.0234004274691367,0.0214731071703094,0.0197048349177383,0.018135700361216,0.0168071676916775,0.0157605035235985,0.0150367157688718,0.0146764986240778,0.0147201749017017,0.0152076378702116,0.0161782998645262,0.0176710438900704,0.0197241767736283,0.0223753841651055,0.0256616866443619,0.0296193971174115,0.0342840805234037,0.0396905184883645,0.0458726686739934,0.052863622837397,0.0606956053949879,0.0694001190998589,0.0790077721637205,0.0895481552664795,0.101049807202762,0.113540182054388,0.127045794246311,0.141593440009283,0.157210247169033,0.17392286088252,0.191757138442196,0.210737969640594,0.230889141782612,0.252233250488839,0.274791637053773,0.298584329732876,0.323630008827723,0.349945965383101,0.377548080368705,0.406450774740686,0.436667001855302,0.468208221257847,0.501084368249238,0.535303846724209,0.570873519106082,0.607798682770134,0.646083058682445,0.685728791467189,0.726736444035103,0.769104984963618,0.812831779558372
0.804657053636231,0.768648698509366,0.733564281453866,0.699410494929459,0.666192908163998,0.633915964845858,0.602582982810474,0.572196155771717,0.542756551871401,0.514264115377864,0.486717670306325,0.460114925082054,0.434452477990223,0.409725823939606,0.385929362419946,0.363056406769904,0.341099195593087,0.320048905488548,0.299895660918752,0.280628547519789,0.262235626360734,0.244703949350601,0.228019575917608,0.212167590541056,0.197132121607649,0.182896362107493,0.169442591800386,0.156752198527708,0.14480569786376,0.133582757079889,0.123062219909027,0.113222130567414,0.104039759758541,0.0954916341581048,0.0875535621313958,0.0802006626140705,0.0734073979764,0.0671476032476591,0.0613945168688757,0.0561208104421052,0.0512986242556831,0.0468996007325351,0.042894921117028,0.0392553435004721,0.0359512420841316,0.0329526500186265,0.0302293062403259,0.0277507026339612,0.0254861304182083,0.0234047296534425,0.0214770550154839,0.0197084576648716,0.0181390346219073,0.0168102577007453,0.015763401102756,0.0150394802791645,0.0146791969082065,0.0147228812157434,0.0152104338046474,0.0161812742558216,0.0176742927233574,0.0197278030767748,0.0223794978945115,0.0256664045626857,0.0296248426634637,0.0342903836746329,0.0396978156168445,0.045881102394937,0.0528733418499587,0.0607067643228026,0.0694128783583643,0.0790222977956942,0.0895646187549653,0.101068385277681,0.113561056493112,0.127069151700906,0.141619472058322,0.157239150378557,0.173954836717299,0.191792393120881,0.210776713957843,0.230931590906393,0.252279623741341,0.274842157680795,0.298639224662426,0.323689508422195,0.350010303183859,0.37761749283684,0.406525500988593,0.436747283376857,0.468294301653772,0.501176492946867,0.535402262695937,0.570978474585966,0.607910426966157,0.64620184148669,0.685854863166034,0.726870055018412,0.769246385431631,0.812981219226937
0.804800938128175,0.768786144178883,0.733695453514644,0.699535559791897,0.666312033234355,0.634029318324989,0.602690733492512,0.572298472843062,0.542853604709455,0.51435607335006,0.486804702569816,0.460197200384225,0.43453016447018,0.409799088930881,0.385998372254617,0.363121326584375,0.341160189135912,0.320106134930527,0.299949286664792,0.28067872802315,0.262282517939821,0.244747706008509,0.228060349164653,0.21220552922044,0.197167371724497,0.182929066661589,0.169472890622878,0.156780228121613,0.144831591247996,0.133606643637582,0.123084225240254,0.113242376346234,0.104058363594681,0.0955087094639182,0.0875692179934158,0.0802150036697309,0.0734205242966317,0.0671596102247121,0.0614054951096405,0.0561308456667534,0.0513077972026611,0.0469079870695384,0.0429025913585353,0.0392623629320798,0.0359576706939085,0.0329585424361287,0.0302347116839874,0.0277556648669169,0.0254906877124124,0.0234089147626391,0.0214808954281608,0.0197119818263828,0.0181422781475424,0.0168132636215631,0.0157662198302483,0.0150421695589879,0.0146818217640749,0.0147255138830072,0.0152131536534704,0.0161841677051672,0.0176774531463196,0.0197313306975295,0.0223834996772212,0.0256709940925529,0.0296301400201654,0.0342965152985481,0.0397049141689612,0.0458893066094879,0.0528827963795562,0.0607176195833172,0.0694252903998568,0.079036428142429,0.0895806342234279,0.10108645778845,0.113581362876862,0.127091873530351,0.141644795698616,0.157267267046601,0.173985942395413,0.1918266884159,0.210814403928079,0.23097288486446,0.252324735041025,0.27489130349272,0.298692625739221,0.323747388857414,0.350072890163518,0.377685016387228,0.40659819371515,0.4368253802017,0.46837803954853,0.501266110660073,0.535498000479139,0.571080573918042,0.608019130273405,0.646317391860897,0.685977504082542,0.727000030053245,0.769383937976342,0.813126592201871
0.804940942045135,0.768919882928915,0.733823087855611,0.699657251646099,0.66642794549309,0.634139614652723,0.602795578130989,0.572398030415714,0.542948040025562,0.514445551209205,0.486889387566969,0.460277256715642,0.434605755740246,0.409870377960128,0.386065520889137,0.363184495506832,0.341219537678548,0.320161820890383,0.300001466120646,0.280727555154766,0.262328144849684,0.24479028254624,0.228100022754324,0.212242444690942,0.197201671143186,0.182960889171536,0.169502372283971,0.156807501755376,0.144856786285816,0.133629885973115,0.123105637086131,0.113262076094958,0.104076465684037,0.095525324247519,0.0875844516157233,0.0802289579460999,0.073433296599073,0.0671712933727398,0.0614161772664707,0.0561406102406789,0.0513167227546065,0.0469161472264359,0.0429100547330834,0.0392691930491177,0.0359639259236223,0.0329642759347117,0.0302399713424487,0.0277604932680967,0.0254951220960676,0.023412986999143,0.0214846322646346,0.0197154109410073,0.0181454341950603,0.0168161884724826,0.0157689625364597,0.0150447863087431,0.0146843758273938,0.0147280755470476,0.0152158001477771,0.0161869831179781,0.0176805283324496,0.0197347631781016,0.0223873935315666,0.0256754598424731,0.0296352945067799,0.0343024815521301,0.0397118212726224,0.0458972895557887,0.0528919959198178,0.0607281820766835,0.0694373676877072,0.0790501773927072,0.0895962177535667,0.101104042882318,0.113601121595997,0.127113982550439,0.14166943635853,0.157294625406107,0.174016209151174,0.191860058764372,0.210851077397136,0.231013065121541,0.252368629685748,0.274939123838602,0.298744586585176,0.323803708253178,0.350133789167884,0.377750718822657,0.406668925913699,0.436901370749622,0.46845951902631,0.501353311377178,0.535591156207518,0.571179919623869,0.608124901844725,0.64642982583329,0.686096837364809,0.727126499652142,0.769517780719136,0.813268044457329
0.805077203453126,0.76905004664703,0.733947310344423,0.699775690499486,0.66654075924803,0.634246962598693,0.602897620119309,0.572494926669193,0.543039950947886,0.514532637194624,0.486971808810591,0.460355173024517,0.434679326345373,0.409939761329612,0.386130874542685,0.363245975831826,0.341277299748048,0.320216018283285,0.300052250743514,0.280775077065914,0.262372552085676,0.244831720950997,0.228138635811058,0.212278373357057,0.197235053688369,0.182991861019362,0.16953106585725,0.156834046325117,0.144881307823516,0.133652507007108,0.123126476562129,0.113281249240657,0.104094083878133,0.0955414948937128,0.0875992780210804,0.0802425392043022,0.0734457274792349,0.0671826642131746,0.0614265738736633,0.0561501137932966,0.0513254097135258,0.0469240892504338,0.0429173186007406,0.0392758405871618,0.0359700139419194,0.0329698561685123,0.0302450904025654,0.0277651925990683,0.0254994379421778,0.0234169503788235,0.0214882692100173,0.0197187483903947,0.0181485058768234,0.0168190351378696,0.0157716319261323,0.0150473331089594,0.0146868616168737,0.0147305687340707,0.0152183758974297,0.0161897232706969,0.0176835213143676,0.0197381039034599,0.0223911832975041,0.0256798062163824,0.0296403112064466,0.0343082883190488,0.0397185437393249,0.0459050591062876,0.052900949542946,0.0607384622191913,0.0694491221320324,0.0790635591054651,0.0896113847132082,0.10112115790097,0.113620352135742,0.127135500564163,0.141693418337653,0.157321252436746,0.174045666832395,0.191892537074741,0.210886770530857,0.231052171301726,0.252411350962574,0.274985665876867,0.298795158441907,0.323858522149322,0.350193060253009,0.377814664936127,0.406737767337383,0.436975329959325,0.468538820438767,0.501438181091887,0.535681821747361,0.571276609674032,0.608227845987619,0.646539254281559,0.68621298069433,0.72724958853414,0.769648045650137,0.813405715487616
0.805209854342668,0.769176761417182,0.73406824131002,0.699890991078643,0.666650583776971,0.6343514661462,0.602996958301125,0.572589255462699,0.543129426506554,0.514617415662738,0.487052046138568,0.460431024785,0.434750947550219,0.410007306247995,0.386194496520513,0.363305827112684,0.341333531296026,0.3202687796079,0.30010168972626,0.28082133978901,0.262415782663162,0.244872061362367,0.228176225737651,0.212313350021327,0.197267551696273,0.183022012206153,0.169558999136933,0.156859887543407,0.144905179614045,0.133674528651576,0.123146763854543,0.113299914355525,0.10411123524295,0.0955572370663038,0.0876137115711833,0.0802557605999135,0.0734578289783724,0.0671937337604572,0.0614366950019612,0.056159365530286,0.0513338664940996,0.0469318208346263,0.0429243899977007,0.0392823119853943,0.0359759406459991,0.0329752885428611,0.0302500738229491,0.0277697674118698,0.0255036394313162,0.023420808740835,0.0214918097872604,0.0197219974073876,0.0181514961682366,0.0168218063751655,0.0157742305849883,0.0150498124266119,0.0146892815403912,0.0147329958591186,0.0152208833974453,0.0161923908175906,0.0176864349912454,0.0197413561096203,0.0223948726460157,0.0256840374244246,0.0296451949786252,0.034313941224068,0.0397250880808313,0.0459126227870113,0.0529096659219273,0.0607484699687687,0.0694605651188531,0.0790765862429877,0.0896261497939288,0.101137819422983,0.113639073123886,0.127156448415089,0.141716764866289,0.157347173930971,0.174074343973453,0.191924154807339,0.210921517903635,0.231090241285477,0.252452940253752,0.275030974690771,0.298844390296179,0.323911883641692,0.350250760832227,0.377876916669465,0.406804784669902,0.437047329471892,0.468616020601745,0.501520802013815,0.535770084922447,0.57137073772799,0.608328062419619,0.646645783204296,0.686326046574117,0.727369415930101,0.769774858951335,0.813539738648693
0.80533902094623,0.769300147822943,0.734185995832026,0.700003263105238,0.666757523590492,0.634453224742304,0.603093687208057,0.572681106560851,0.543216551847778,0.514699967289939,0.487130175905881,0.460504884178704,0.434820687510538,0.410073076991979,0.386256447366197,0.363364106304735,0.341388285833221,0.320320155072651,0.30014983011572,0.280866387348317,0.262457877720971,0.244911342168859,0.228212828305209,0.212347407968041,0.197299196092461,0.183051371424208,0.169586198704728,0.156885050001119,0.144928424374139,0.133695971862629,0.123166518269048,0.113318089201551,0.104127936099971,0.0955725657457668,0.0876277660012031,0.0802686347146018,0.0734696126124436,0.0672045125485254,0.0614465502827736,0.0561683742557314,0.0513421011439205,0.0469393493364988,0.0429312756532054,0.0392886134020893,0.0359817116757973,0.0329805782272826,0.0302549263458935,0.027774222059958,0.0255077305616793,0.0234245657568494,0.0214952573656273,0.0197251610837967,0.0181544079149036,0.016824504821519,0.0157767609859484,0.0150522266210544,0.0146916379007799,0.0147353592318781,0.0152233250339964,0.0161949882971348,0.0176892721357794,0.0197445228914283,0.0223984650879379,0.0256881574930775,0.0296499504707825,0.0343194456465721,0.0397314605248295,0.045919987795666,0.0529181533513916,0.0607582148489328,0.0694717075374779,0.0790892712020839,0.089640527046389,0.101154043303697,0.113657302375587,0.127176846037491,0.141739498161326,0.157372414556042,0.174102267863923,0.191954942050048,0.210955352581563,0.231127311300731,0.252493437136243,0.275075093396825,0.298892328997723,0.323963843509839,0.350306945814226,0.377937533262304,0.406870041685903,0.437117437803079,0.468691192980012,0.501601252766203,0.535856029725266,0.571462393359338,0.608425646508102,0.646749513975937,0.686436142599263,0.727486095869478,0.769898341300069,0.813670241478902
0.805464824036529,0.76942032123246,0.734300684012691,0.700112611555305,0.666861678678929,0.634552333532822,0.60318789728309,0.572770565845807,0.543301408435062,0.514780369263243,0.487206271165037,0.460576820265272,0.434888611434242,0.4101371350582,0.386316785004711,0.3634208678999,0.341441614555949,0.320370192714371,0.300196716923883,0.280910261863981,0.262498876618618,0.244949600098616,0.228248477737684,0.212380579041893,0.197330016464921,0.183079966124837,0.169612689992638,0.156909557225529,0.144951063837997,0.133716856689992,0.123185758276321,0.113335790772489,0.104144202064747,0.0955874952646476,0.0876414544522433,0.080281173585858,0.073481089399324,0.0672150106557086,0.0614561489309364,0.0561771483929267,0.0513501213625096,0.0469466817953138,0.0429379820054461,0.0392947507291665,0.0359873324273136,0.0329857301677113,0.0302596525085804,0.027778560708496,0.0255117151585357,0.0234282249397333,0.0214986151686556,0.0197282423777071,0.0181572438393514,0.016827133000018,0.0157792254949754,0.015054577949595,0.0146939329012721,0.0147376610621381,0.0152257030900499,0.016197518138012,0.0176920354007423,0.0197476072098726,0.0224019639822578,0.0256921702746672,0.0296545821293753,0.0343248067332789,0.0397376670296506,0.0459271610186453,0.0529264197672133,0.0607677059712928,0.0694825598062358,0.0791016258433816,0.0896545299135357,0.101169844712684,0.113675056935471,0.127196712503451,0.141761639478737,0.157396997912323,0.174129464613064,0.191984927589405,0.210988306200573,0.23116341600851,0.252532879475241,0.275118063246681,0.298939019369948,0.324014450337025,0.35036166773281,0.37799657139207,0.406933599401676,0.437185720505231,0.468764407860877,0.501679608571714,0.535939736515502,0.571551662267468,0.608520689495661,0.646850543586315,0.68654337171121,0.72759973744977,0.770018608154193,0.813797346000352
0.805587379206991,0.769537392066358,0.734412411232568,0.700219136903018,0.666963144744567,0.63464888358328,0.603279675090595,0.572857715516703,0.543384074238379,0.514858695459525,0.487280401835713,0.460646899142752,0.434954781732827,0.410199539306033,0.386375564876935,0.363476164053233,0.341493566464991,0.320418938509851,0.300242393232415,0.280953003649842,0.262538817027696,0.244986870304712,0.228283206791346,0.212412893721927,0.197360041132769,0.183107822582111,0.169638497342027,0.156933431734953,0.144973118807758,0.133737202323564,0.123204501554926,0.113353035333322,0.104160048083165,0.0956020393408462,0.0876547895018561,0.0802933887349497,0.0734922698843908,0.0672252377281302,0.0614654997661106,0.0561856960039357,0.0513579345191975,0.0469538249484576,0.042944515216515,0.0393007296058725,0.0359928080651421,0.0329907490979772,0.0302642566536164,0.0277827873440253,0.0255155968831086,0.0234317896517051,0.0215018862816429,0.0197312441203473,0.0181600065473523,0.0168296933255489,0.015781626376569,0.015056868572738,0.0146961686506155,0.014739903464922,0.0152280197506686,0.0161999826647513,0.0176947273251438,0.0197506118989609,0.0224053725439139,0.0256960794563143,0.0296590942101755,0.0343300294101913,0.0397437132981048,0.0459341490470228,0.0529344727649394,0.0607769520567103,0.0694931318966699,0.0791136615188695,0.089668171261821,0.101185238168977,0.113692353117209,0.127216066067154,0.14178320916294,0.157420946588086,0.174155959210445,0.192014138977444,0.211020409039902,0.23119858858341,0.252571303512105,0.275159923722933,0.298984504314024,0.324063750623031,0.35041497686889,0.3780540853056,0.406995516216853,0.437252240319507,0.468835732517394,0.501755941427117,0.536021282206643,0.571638626476589,0.608613278711981,0.646948964865887,0.686647832436792,0.727710445089867,0.770135770020192,0.813921169002281
0.805706797135559,0.76965146604975,0.734521278391027,0.700322935350004,0.667062013420061,0.634742962086745,0.603369103513887,0.572942634277246,0.543464623912117,0.514935016614131,0.487352634864335,0.460715184098447,0.435019258163809,0.410260346091924,0.386432840066192,0.363530044701957,0.341544188477424,0.320466436480771,0.300286900290984,0.280994651305437,0.262577735017858,0.245023186445373,0.228317046829542,0.2124443811911,0.197389297210884,0.183134965952827,0.169663644059169,0.156956695090146,0.14499460920097,0.133757027137217,0.123222765031671,0.113369838457385,0.104175488465553,0.0956162111089247,0.0876677831927474,0.0803052911932154,0.0735031641645917,0.0672352030017234,0.0614746112329111,0.0561940248079924,0.0513655476699421,0.0469607852468168,0.0429508811864679,0.0393065554316511,0.0359981435342588,0.0329956395506096,0.0302687429389438,0.027786905783564,0.0255193792409317,0.0234352631120088,0.0215050736586876,0.0197341690225512,0.0181626985338713,0.0168321881103075,0.0157839657989333,0.0150591005591148,0.0146983471678856,0.0147420884653136,0.0152302771079979,0.0162023841030343,0.0176973503400249,0.019753539672188,0.0224086938511328,0.0256998885683488,0.0296634907879835,0.0343351183938394,0.0397496047904968,0.045940958191594,0.0529423196171254,0.0607859614552023,0.0695034333562943,0.0791253890978062,0.0896814634105649,0.101200237574201,0.113709206540753,0.127234924206547,0.141804226693231,0.157444282211061,0.174181775582987,0.192042602594582,0.2110516900912,0.231232860789318,0.252608743947071,0.27520071262922,0.299028824906799,0.324111788890292,0.350466921365237,0.378110126942944,0.407055848047686,0.437317057319063,0.468905231361916,0.501830320267599,0.536100740441518,0.57172336452292,0.608703497773152,0.647044866697603,0.686749619113101,0.72781831876837,0.770249932705391,0.814041822307595
0.805823183833013,0.769762644449438,0.734627382132617,0.70042409904117,0.667158372474018,0.634834652559447,0.603456261941187,0.573025397512297,0.543543128962571,0.515009400479576,0.487423034374266,0.460781735750902,0.435082097964797,0.41031960939583,0.386488661417337,0.363582557677493,0.341593525531887,0.320512728792465,0.300330277609802,0.281035241802605,0.262615665137738,0.245058580759497,0.228350027893059,0.212475069401759,0.197417810670739,0.183161420332945,0.169688152467538,0.156979367942664,0.145015554095284,0.133776348730016,0.123240564919576,0.113386215061301,0.104190536918788,0.0956300231495746,0.0876804470597958,0.0803168915268147,0.0735137819110969,0.0672449153229521,0.0614834914198525,0.056202142198819,0.0513729675731593,0.0469675688692514,0.0429570855665622,0.039312233378258,0.036003343571115,0.0330004058670057,0.0302731153471688,0.0277909196831713,0.0255230655897145,0.0234386484041365,0.0215081801293176,0.0197370196808399,0.0181653221886632,0.0168346195689871,0.0157862458388418,0.0150612758901247,0.0147004703870156,0.0147442180030017,0.0152324771659597,0.0162047245846876,0.0176999067739127,0.0197563931286236,0.0224119308523357,0.0257036009922306,0.0296677757657695,0.0343400782018623,0.0397553467368762,0.0459475944970351,0.0529499672896505,0.0607947421646743,0.0695134733300151,0.0791368189911055,0.0896944181595955,0.101214856243765,0.113725632167378,0.12725330366255,0.141824710727483,0.157467025496962,0.174206936648637,0.192070343708801,0.211082177123565,0.231266263050668,0.252645234017107,0.275240466175043,0.299072020492958,0.324158607783776,0.350517547334498,0.378164746053897,0.4071146484525,0.437380229043842,0.468972966090592,0.501902811121425,0.536178181757521,0.571805951630898,0.608791426769266,0.647138334216318,0.686848822099137,0.727923454247887,0.770361197555334,0.814159413023752
0.805936640876766,0.769871024297255,0.734730815060224,0.700522716267933,0.667252306004567,0.634924035024977,0.603541226440705,0.573106077454128,0.543619657905647,0.515081911974971,0.487491661807241,0.460846612183602,0.435143355979726,0.41037738094027,0.386543077648898,0.363633748810961,0.341641620687685,0.320557855846915,0.30037256304677,0.281074810567026,0.26265264049115,0.245093084137753,0.228382178766384,0.212504985137282,0.197445606397683,0.183187208810738,0.169712043957042,0.157001470080422,0.14503597177052,0.133795183965035,0.123257916753634,0.113402179437881,0.104205206576528,0.0956434875173643,0.0876927921554917,0.0803281998600309,0.073524132390629,0.0672543831683221,0.061492148077189,0.0562100552609329,0.0513802007046286,0.0469741817362216,0.0429631337717199,0.0393177684011662,0.0360084127140843,0.0330050522070061,0.0302773776943454,0.0277948325460098,0.0255266591467472,0.0234419484826287,0.0215112084047295,0.0197397985831481,0.0181678798015437,0.0168369898236625,0.0157884684862176,0.0150633964643052,0.014702540161062,0.0147462939365572,0.015234621844672,0.0162070061523852,0.0177023988579549,0.0197591747586444,0.0224150863726414,0.025707219968007,0.0296719528832819,0.0343449131629719,0.0397609441485723,0.0459540637552344,0.0529574224570818,0.0608033018485604,0.0695232605802995,0.0791479611742976,0.089707046815273,0.101229106936229,0.113741644332681,0.127271220475979,0.1418446791433,0.157489196295172,0.174231464366913,0.192097386531379,0.2111118967448,0.231298824519552,0.252680805569211,0.275279219055625,0.299114128771791,0.324204248165046,0.350566898960887,0.378217990307723,0.407171968749817,0.437441810627469,0.469038995819446,0.501973477255565,0.536253673742175,0.571886459879078,0.608877142441053,0.647229448996548,0.686945527975097,0.728025943286245,0.770469661677303,0.814274043778983
0.806047265631166,0.769976698600498,0.734831665935893,0.700618871659695,0.66734389462175,0.635011186187828,0.603624069925613,0.573184743339072,0.543694276415456,0.515152613326812,0.487558576056605,0.460909869070934,0.4352030847778,0.410433710302499,0.386596135458732,0.363683662032563,0.341688515218179,0.320601856370375,0.300413792889576,0.281113391555046,0.26268869280888,0.245126726189576,0.228413527040124,0.212534154070169,0.197472708244909,0.183212353516855,0.169735339030413,0.157023020470598,0.145055879748322,0.133813549005927,0.123274835424504,0.11341774528712,0.104219510027693,0.0956566157668816,0.0877048290739079,0.0803392258972281,0.0735342244855601,0.0672636146627633,0.0615005886337209,0.0562177707850109,0.0513872532715373,0.0469806295226283,0.0429690309922714,0.0393231652503133,0.0360133553133046,0.0330095825579161,0.0302815336382515,0.0277986477299437,0.0255301629958781,0.0234451661794823,0.0215141610836697,0.0197425081142196,0.0181703735673549,0.0168393009083925,0.0157906356484485,0.015065464101449,0.014704558266223,0.014748318047464,0.0152367129846134,0.0162092307640782,0.0177048287307595,0.0197618869493353,0.0224181631199923,0.02571074860134,0.0296760257251578,0.0343496274263405,0.0397664018290623,0.0459603715178534,0.0529646915171491,0.0608116478524428,0.0695328035061781,0.0791588252091635,0.0897193602150101,0.101243001880974,0.113757256777669,0.127288690022335,0.141864149076788,0.157510813631793,0.174255379786534,0.192123754269397,0.211140874459106,0.231330573138931,0.252715489129481,0.275317004527156,0.299155185878956,0.324248749200871,0.350615018596019,0.378269905396535,0.407227858129648,0.437501854916821,0.469103377212579,0.502042379312898,0.536327281179714,0.571964958356452,0.60896071834631,0.647318289229395,0.687039819730136,0.728125873835483,0.770575418150918,0.814385812944868
0.806155151455129,0.770079756540277,0.734930019870127,0.700712646364325,0.667433215619423,0.635096179596985,0.60370486230954,0.57326146155518,0.54376704746437,0.515221564201686,0.48762383359292,0.460971559796922,0.435261334765604,0.410488645020234,0.386647879623613,0.363732339465281,0.3417342486988,0.320644767495954,0.300454001933087,0.281151017326099,0.262723852516353,0.245159535306308,0.228444099169849,0.212562600816793,0.197499139084324,0.183236875671525,0.169758057346928,0.15704403730009,0.145075294829515,0.133831459351396,0.123291335210262,0.113432925745419,0.104233459343312,0.095669418977375,0.087716567973292,0.0803499789435468,0.073544066712854,0.0672726175969585,0.0615088202126393,0.0562252952823713,0.0513941312257179,0.0469869176699149,0.0429747822050242,0.0393284284802314,0.0360181755399554,0.0330140007430086,0.0302855866861889,0.0278023684546992,0.0255335800940908,0.0234483042101898,0.0215170406579755,0.0197451505606937,0.0181728055906463,0.0168415547735576,0.0157927491544555,0.0150674805464855,0.0147065264056265,0.0147502920439186,0.0152387523505475,0.0162114002971706,0.0177071984429553,0.0197645319895798,0.0224211636909303,0.0257141898701288,0.0296799977285673,0.0343542249704496,0.0397717243842155,0.0459665231081661,0.0529717806043886,0.0608197872197167,0.069542110161158,0.0791694202641258,0.0897313687503837,0.101256552804281,0.113772482678063,0.127305727044591,0.141883136959096,0.157531895750219,0.174278703090302,0.192149469175229,0.211169134721481,0.231361535702239,0.252749313968216,0.275353854477712,0.299195226463544,0.324292148446757,0.350661946849221,0.378320535132735,0.407282363758396,0.437560412584734,0.469166164603011,0.502109575441544,0.536399066189242,0.572041513309791,0.609042225016776,0.647404929889289,0.687131776939356,0.728223330229415,0.770678556226632,0.814494814846121
0.806260387897956,0.770180283658568,0.7350259585004,0.700804118218365,0.667520343137382,0.63517908580018,0.603783670653209,0.573336295781464,0.543838031455105,0.51528882183142,0.487687488582399,0.461031735567194,0.435318154292823,0.41054223069136,0.386698353093149,0.363779821513218,0.341778859090063,0.320686624841505,0.300493223552325,0.281187719110994,0.262758148797453,0.245191538720756,0.228473920531578,0.212590348989025,0.197524920854522,0.183260795629061,0.169780217763647,0.15706453801366,0.145094233129348,0.133848929867705,0.123307429806352,0.113447733413128,0.104247066101844,0.0956819077759919,0.0877280185973733,0.0803604679244211,0.0735536672419309,0.0672813994436821,0.0615168496464647,0.0562326349986303,0.0514008402761316,0.046993051397481,0.0429803921837018,0.0393335624595997,0.0360228773950067,0.0330183104295441,0.0302895402023402,0.0278059978086184,0.0255369132777055,0.0234513651794349,0.0215198495178022,0.0197477281159005,0.0181751778900891,0.0168437532899509,0.0157948107585282,0.0150694474731401,0.0147084462129024,0.0147522175644125,0.015240741635225,0.0162135165524565,0.0177095099614927,0.0197671120748611,0.0224240905760425,0.0257175466307564,0.0296838721904229,0.034358709611434,0.0397769162319531,0.0459725236322244,0.0529786956030102,0.0608277267063638,0.0695511882701136,0.0791797551334798,0.0897430823889312,0.101269770953928,0.113787334671934,0.127322345684119,0.14190165855088,0.157552460149405,0.17430145363744,0.192174552593217,0.211196700989007,0.231391737909569,0.252782308161308,0.275389799494142,0.299234283760749,0.324334481925712,0.350707722672714,0.378369921540914,0.407335530877792,0.43761753223628,0.469227410106645,0.502175121416824,0.536469088355025,0.572116188282595,0.609121730106059,0.647489442891243,0.687221475930707,0.728318393360523,0.77077916151294,0.814601139958428
0.8063630608841,0.770278362034711,0.735119560159598,0.700893361907625,0.667605348314334,0.635259972489462,0.603860559302809,0.573409307119285,0.543907286345344,0.515354441131162,0.487749592998676,0.461090445514635,0.435373589752006,0.410594511068018,0.386747597078399,0.363826146944971,0.341822382815885,0.320727462583112,0.30053148977133,0.281223526876354,0.262791609654734,0.24522276256337,0.228503015474141,0.212617421242956,0.197550074606048,0.183284132919858,0.169801838374318,0.157084539349924,0.145112710110744,0.133865974819345,0.123323132353844,0.113462180380554,0.104260341413064,0.0956940923597055,0.0877391902954663,0.0803707014039937,0.0735630339115217,0.0672899673732202,0.0615246834911459,0.0562397959265894,0.0514073859006478,0.0469990357134507,0.0429858655087931,0.0393385713802586,0.0360274647174737,0.0330225151363362,0.0302933974147101,0.0278095387550305,0.0255401652682317,0.023454351586467,0.0215225899565544,0.0197502428843867,0.0181774924026407,0.0168458982526381,0.0157968221439447,0.0150713664873876,0.0147103192555532,0.0147540961811129,0.015242682462876,0.0162155812578362,0.0177117651737023,0.0197696293117918,0.0224269461650998,0.0257208216239826,0.0296876522741824,0.034363085010956,0.0397819816113646,0.0459783779893933,0.0529854421590376,0.0608354727948919,0.0695600452452259,0.0791898382555379,0.0897545106947155,0.101282667122394,0.11380182488578,0.127338559509864,0.141919728974829,0.157572523619968,0.174323650003531,0.192199025003709,0.211223595769254,0.231421204420707,0.252814498648169,0.275424868925174,0.299272389660446,0.32437578420258,0.350752383441978,0.378418104944558,0.407387402898228,0.437673260509054,0.469287163729792,0.502239070756338,0.536537404849425,0.572189044246194,0.609199298529232,0.647571897239238,0.687308989942477,0.728411140846859,0.770877316153002,0.81470487509513
0.806463252887559,0.770374070451994,0.735210900035005,0.700980449118767,0.667688299432275,0.635338904638574,0.603935590020585,0.573480554216367,0.543974867765375,0.515418474810845,0.487810196728285,0.461147736799111,0.435427685672722,0.410645528145397,0.386795651135515,0.363871352972306,0.341864854837512,0.320767313524455,0.300568831328158,0.281258469385434,0.262824261966255,0.245253231915287,0.228531407368596,0.212643839324882,0.197574620544122,0.183306906290031,0.169822936546101,0.157104057375332,0.145130740615685,0.133882607897995,0.123338455466103,0.113476278252493,0.104273295940614,0.0957059825160107,0.0877500920414465,0.0803806876024986,0.0735721742455792,0.0672983282679223,0.0615323280393651,0.0562467838183981,0.0514137733571619,0.0470048754248377,0.0429912065768487,0.0393434592657174,0.0360319411922091,0.0330266182408945,0.0302971614216764,0.027812994138267,0.0255433386778918,0.0234572658301734,0.0215252641755408,0.0197526968861874,0.0181797509874768,0.0168479913846004,0.0157987849263881,0.0150732391307123,0.0147121470381356,0.0147559294030539,0.0152445763925066,0.0162175960718229,0.0177139658911255,0.0197720857223895,0.0224297327519075,0.0257240174805069,0.0296913410162684,0.0343673546836372,0.0397869245913107,0.0459840908822948,0.0529920256917681,0.0608430317074913,0.0695686882010257,0.0791996777297564,0.089765662847737,0.101295251668769,0.113815964959136,0.127354381545884,0.141937362746347,0.157592102278263,0.174345310018221,0.192222906064626,0.211249840665957,0.23144995890518,0.25284591128641,0.275459090940986,0.29930957477191,0.324416088454187,0.350795965031612,0.378465124047885,0.407438021486876,0.437727642167835,0.469345473470667,0.502301474828592,0.536604070548947,0.572260139723506,0.60927499259458,0.647652359166272,0.687394389271933,0.728501647189577,0.770973098991368,0.814806103583417
0.80656104309659,0.770467484555007,0.735300050318467,0.70106544868248,0.667769262052872,0.635415944632731,0.604008822108195,0.573550093383925,0.544040829129189,0.515480973480449,0.487869347670297,0.46120365470165,0.435480484810497,0.410695322245614,0.386842553244745,0.363915475324491,0.341906308723347,0.320806209162325,0.300605277736273,0.281292574255575,0.262856131539264,0.245282970858418,0.228559118654903,0.212669624114731,0.197598578068998,0.183329133738856,0.169843528954253,0.157123107516247,0.145148338894851,0.133898842249858,0.123353411253981,0.113490038171412,0.1042859399233,0.0957175876424716,0.0877607324516729,0.0803904344126782,0.0735810954683039,0.0673064887359477,0.0615397893331062,0.0562536041970419,0.0514200076940963,0.047010575147146,0.0429964196092623,0.0393482299791899,0.036036310357262,0.0330306229861694,0.0303008351981788,0.0278163666893421,0.0255464360148377,0.0234601102138705,0.0215278742883707,0.0197550920608596,0.0181819554297038,0.0168500343401763,0.0158007006571729,0.015075066883186,0.0147139310052649,0.01475771867915,0.0152464249210126,0.0162195625868553,0.0177161138531325,0.0197744832481155,0.0224324525388866,0.0257271367262228,0.029694941332134,0.0343715220040778,0.0397917490785499,0.0459896668261997,0.052998451404596,0.0608504094184627,0.0695771239686032,0.0792092813329122,0.089776547662268,0.101307534539438,0.113829766067822,0.127369824297364,0.141954573802552,0.157611211598581,0.174366450800828,0.192246214650723,0.211275456422165,0.231478024089527,0.252876570903484,0.275492492589463,0.299345868484955,0.324455426535606,0.35083850188698,0.378511016013154,0.407487426650901,0.437780720193986,0.469402385415253,0.502362382955583,0.536669138143828,0.572329530905911,0.609348872128049,0.64773089226664,0.687477741415721,0.728589983921727,0.771066585731449,0.814904905430746
0.806656507569326,0.770558676998285,0.735387080348254,0.701148426708736,0.667848299146291,0.635491152391203,0.60408031252324,0.573617978707325,0.54410522173945,0.515541985749464,0.487927091830441,0.461258242713427,0.435532028230831,0.410743932096943,0.386888339885066,0.363958548318493,0.34194677671491,0.32084417974852,0.300640857342536,0.281325868012465,0.262887243160904,0.245312002522771,0.228586170886024,0.212694795667098,0.197621965814079,0.18335083255414,0.169863631614898,0.157141704589267,0.145165518635628,0.1339146905015,0.123368011349617,0.113503470839339,0.104298283195211,0.0957289167651884,0.0877711198019201,0.0803999494152932,0.0735898045183409,0.06731445512425,0.0615470731755273,0.0562602623671953,0.051426093760321,0.0470161393134392,0.0430015086605655,0.0393528872311861,0.0360405756108308,0.0330345324869251,0.0303044216015643,0.0278196590313193,0.0255494596880801,0.02346288694983,0.0215304223251072,0.0197574302712947,0.0181841074438672,0.016852028708312,0.015802570826294,0.0150768511663766,0.0147156725444544,0.0147594654010436,0.0152482294861211,0.0162214823324265,0.0177182107303402,0.0197768237536891,0.0224351076414013,0.0257301817871808,0.029698456021991,0.0343755902134878,0.039796458825416,0.0459951101579009,0.0530047242952376,0.060857611665956,0.0695853591090316,0.0792186565343837,0.0897871736041728,0.101319525287629,0.113843238945904,0.127384899775188,0.141971375529658,0.157629866443544,0.174387088793986,0.192268968890683,0.211300462961003,0.231505421801961,0.25290650134547,0.275525099849351,0.299381299027684,0.324493829042751,0.350880027091903,0.378555816533682,0.407535656816074,0.437832535869916,0.469457943827858,0.502421842509725,0.536732658241588,0.572397271763675,0.609420994590804,0.647807557620905,0.687559111202501,0.728676219748823,0.771157849084275,0.815001357482072
0.806749719380877,0.770647717586832,0.735472056743173,0.701229446714658,0.66792547121299,0.635564585483212,0.60415011598943,0.573684262150689,0.544168094886715,0.515601558320902,0.487983473410095,0.461311542619884,0.435582355388623,0.410791394908729,0.38693304610474,0.364000604925364,0.341986289789202,0.320881254348352,0.30067559738204,0.281358376141449,0.262917620646164,0.245340349131192,0.228612584769609,0.212719373250029,0.197644801681965,0.183372019345657,0.169883259916004,0.157159862829878,0.145182292988577,0.133930164784268,0.123382266928934,0.113516586538568,0.104310335204744,0.0957399785562554,0.0877812620433845,0.0804092398937847,0.0735983080621994,0.0673222335308542,0.0615541851421855,0.0562667634254828,0.0514320362145322,0.0470215721829152,0.0430064776262704,0.0393574345866889,0.0360447402178359,0.033038349735764,0.0303079233771144,0.0278228736843851,0.0255524120121479,0.0234655981635577,0.021532910236194,0.0197597133073204,0.0181862086772675,0.0168539760156349,0.0158043968653083,0.0150785933460981,0.0147173729887987,0.0147611709057964,0.0152499914691709,0.0162233567780425,0.0177202581278436,0.0197791090306955,0.0224377000918508,0.0257331549942812,0.029701887776226,0.0343795624259561,0.0398010574370749,0.0460004250441011,0.0530108491653973,0.0608646439630699,0.0695933999260575,0.0792278105105991,0.0897975488072825,0.101331233091892,0.113856393906455,0.12739961951917,0.14198778078887,0.157648081092862,0.174407239795441,0.192291186202175,0.211324879424205,0.231532173014588,0.252935725523199,0.275556937680502,0.299415893521084,0.324531325371559,0.350920572432648,0.378599559902887,0.407582748901104,0.437883128858929,0.469512191236738,0.502479899005475,0.536794679464902,0.572463414150339,0.609491415190365,0.647882413914031,0.687638560918336,0.728760420681736,0.771246958909127,0.815095533568468
0.806840748762444,0.770734673409007,0.73555504352938,0.701308569745429,0.668000836398891,0.635636299237518,0.604218285100755,0.573748993655819,0.544229495943271,0.515659736080201,0.488038534890419,0.46136359458027,0.43563150420328,0.410837746442214,0.386976705588033,0.364041676832996,0.342024877717671,0.320917460895981,0.300709524029951,0.281390123136042,0.262947286883209,0.245368032041664,0.228638380207413,0.212743375381705,0.197667102878526,0.183392710076769,0.169902428646674,0.157177595919555,0.145198674592472,0.133945276757388,0.123396188732915,0.113529395151229,0.104322105032581,0.0957507813502693,0.0877911668178208,0.0804183128481396,0.0736066125069439,0.0673298298164639,0.0615611305916498,0.0562731122701794,0.0514378395341205,0.0470268778490137,0.0430113302502845,0.0393618754719405,0.036048807316134,0.0330420776088232,0.0303113431632703,0.0278260130706459,0.0255552952114935,0.0234682458978396,0.0215353398961679,0.019761942889109,0.0181882607130962,0.0168558777293595,0.0158061801500596,0.01508029473501,0.0147190336195114,0.014762836478435,0.0152517121977426,0.0162251873360197,0.0177222575882708,0.0197813408009952,0.022440231843538,0.0257360585877113,0.0297052391805224,0.0343834416343785,0.0398055483783882,0.0460056154893445,0.0530168306299085,0.060871511608346,0.0696012524780996,0.0792367501586963,0.0898076810888783,0.101342666773565,0.113869240861186,0.12741399462002,0.142003801940864,0.157665869270512,0.17442691898813,0.192312883325013,0.211348724208556,0.231558297883325,0.252964265455866,0.27558803007139,0.299449678030658,0.324567943773943,0.350960168458428,0.378642279079568,0.407628738387903,0.437932537280725,0.469565168515044,0.502536596185972,0.536855248544168,0.572528007901421,0.609560186985709,0.647955517547103,0.687716150425266,0.728842650162343,0.77133398234653,0.815187504647671
0.806929663232921,0.770819608962237,0.735636102260366,0.701385854488689,0.668074450604344,0.635706346846107,0.604284870420044,0.573812221235779,0.544289470451901,0.515716562179342,0.488092317111965,0.461414437202897,0.435679511129776,0.410883021077553,0.387019350718336,0.364081794505507,0.342062569122002,0.32095282624676,0.30074266245056,0.281421132543827,0.262976263876267,0.245395071787332,0.228663576332594,0.212766819865141,0.197688885945147,0.183412920094335,0.169921152024861,0.157194917011398,0.14521467559798,0.133960037629808,0.123409787087729,0.113541906177809,0.104333601408715,0.0957613331599474,0.0878008414718614,0.0804271750080077,0.0736147240122003,0.0673372496154449,0.0615679146755437,0.0562793136103909,0.0514435080235612,0.0470320602470874,0.0430160701319274,0.0393662131808625,0.0360527799223996,0.0330457188711647,0.0303146834965776,0.0278290795186673,0.0255581114246621,0.0234708321165701,0.0215377131071719,0.0197641206704002,0.0181902650734023,0.016857735260037,0.0158079220032573,0.0150819565950772,0.0147206556683261,0.0147644633543584,0.0152533929481459,0.0162269753641314,0.0177242105946745,0.0197835207199512,0.0224427047743298,0.0257388947211428,0.0297085127207051,0.0343872307160663,0.0398099349804054,0.0460106853435214,0.0530226731253813,0.0608782196956979,0.0696089225896033,0.0792454821094479,0.089817577964341,0.101353834813314,0.113881789339025,0.12742803574013,0.142019450868951,0.157683244170454,0.174446140968629,0.192334076352526,0.211372015000361,0.231583815785677,0.252992142312293,0.275618400084061,0.29948267761527,0.32460371141074,0.350998844538665,0.378684005749665,0.407673659388089,0.437980797782833,0.46961691495742,0.502591976105015,0.536914410405067,0.572591100927813,0.609627360986691,0.648026922743016,0.687791937273472,0.728922969182423,0.771418983944066,0.81527733893706
0.807016527723477,0.770902586272025,0.735715292130522,0.701461357382819,0.668146367587259,0.635774779462328,0.604349920572258,0.573873991063489,0.544348062209919,0.515772078116462,0.488144859350033,0.461464107616377,0.43572641122591,0.410927251877249,0.387061012637914,0.364120987239447,0.342099391526926,0.320987376226783,0.30077503684371,0.281451427009905,0.263004572786239,0.245421488114389,0.228688191545012,0.212789723821033,0.197710166789251,0.183432664157035,0.169939443723602,0.157211838754403,0.145230307690084,0.133974458180884,0.123423071923785,0.113554128754678,0.104344832728552,0.0957716416909122,0.0878102930705723,0.0804358328451182,0.0736226485015209,0.06734449834622,0.061574542348049,0.056285371974742,0.0514490458223564,0.0470371231616626,0.0430207007325706,0.0393704508811341,0.0360566609376897,0.0330492761818766,0.0303179468163665,0.0278320752677706,0.0255608627082368,0.0234733587083756,0.0215400316022799,0.0197662482415523,0.0181922232219011,0.0168595499641581,0.0158096236969168,0.0150835801398989,0.0147222403197691,0.0147660527216181,0.015255034947775,0.0162287221681125,0.0177261185732679,0.0197856503794829,0.0224451206901224,0.0257416654657062,0.0297117107873276,0.034390932438055,0.0398142204465106,0.0460156383089712,0.0530283809183882,0.0608847731238102,0.0696164158617859,0.0792540127394965,0.0898272466610172,0.101364745366771,0.11389404850369,0.127441753133245,0.142034739001004,0.157700218480977,0.174464919774088,0.192354780761249,0.211394768808081,0.231608745356488,0.253019376449986,0.275648069896688,0.299514916373375,0.324638654401819,0.351036628917162,0.378724770384725,0.407717544705916,0.438027945608233,0.469667468352509,0.502646079204641,0.536972208251468,0.572652739304174,0.609692986248164,0.648096681646517,0.687865976807476,0.72900143639618,0.771502025775465,0.815365102039515
0.807101404695492,0.770983665004608,0.735792670082667,0.70153513271945,0.668216639060762,0.635841646293812,0.60441348233281,0.573934347555589,0.544405313348719,0.515826323811237,0.488196199386009,0.461512641537063,0.435772238215992,0.410970470646209,0.387101721304477,0.364159283217018,0.342135371410217,0.321021135679797,0.300806670488757,0.281481028318023,0.263032233969123,0.245447300017941,0.228712243544652,0.212812103718858,0.197730960713188,0.183451956462171,0.169957316895853,0.157228373316435,0.145245582109304,0.133988548779957,0.12343605279377,0.113566071670687,0.104355807068164,0.0957817143556872,0.0878195284102854,0.0804442925850354,0.0736303916731436,0.0673515812211119,0.0615810183749063,0.0562912917196021,0.051454456912554,0.0470420702333137,0.0430252253819263,0.0393745916199454,0.0360604531527141,0.0330527520989034,0.0303211354691823,0.0278350024720997,0.0255635510405748,0.0234758274900446,0.0215422970486453,0.0197683271324315,0.0181941365666323,0.0168613231466164,0.0158112864546695,0.0150851665369124,0.0147237887133109,0.0147676057230754,0.0152566393773373,0.0162304290040322,0.0177279828960152,0.0197877313109581,0.0224474813281208,0.0257443728137521,0.0297148356800137,0.0343945494621306,0.0398184078582409,0.0460204779472077,0.0530339581132146,0.0608911766050366,0.0696237376828118,0.0792623481829358,0.0898366941313467,0.101375406279355,0.113906027170341,0.12745515666309,0.142049677330212,0.157716804407746,0.174483268907723,0.192375011439039,0.211417001993226,0.231633104521787,0.253045987452111,0.275677060843851,0.299546417486799,0.32467279787353,0.351073548763418,0.378764602297249,0.407760425897867,0.438074014659367,0.469716865051582,0.502698944388602,0.537028683643888,0.57271296735262,0.609757109959086,0.648164844418929,0.687938322266655,0.729078108226794,0.771583167553361,0.815450857062579
0.807184354252312,0.771062902573712,0.735868290909913,0.701607232740606,0.668285314785705,0.635906994690509,0.604475600711249,0.573993333451905,0.544461264409156,0.515879337676294,0.488246373574958,0.461560073332944,0.435817024551172,0.411012707988639,0.387141505544772,0.364196709556483,0.342170534250061,0.321054128511651,0.300837585786216,0.281509957429553,0.263059267012444,0.245472525775994,0.22873574936329,0.21283397540634,0.197751282441618,0.183470810671069,0.16997478419802,0.157244532405999,0.145260509671808,0.134002319404907,0.123448738889737,0.113577743382891,0.104366532198733,0.0957915582869592,0.0878285540307582,0.0804525602182966,0.0736379590101873,0.0673585032556678,0.0615873473419395,0.0562970770368793,0.0514597451258721,0.0470469049651765,0.0430296472840031,0.0393786383294491,0.036064159252828,0.0330561490836223,0.0303242517129837,0.0278378632044757,0.0255661783253463,0.0234782402097784,0.0215445110504829,0.0197703588151484,0.0181960064624795,0.0168630560630433,0.0158129114539529,0.0150867169094821,0.0147253019454047,0.0147691234584466,0.0152582073729665,0.0162320970805404,0.0177298048830865,0.0197897649879325,0.0224497883599474,0.0257470186824163,0.0297178896115721,0.0343980843495912,0.039822500180799,0.0460252076852904,0.053039408659201,0.0608974346738298,0.0696308932374315,0.0792704943422859,0.0898459270653016,0.101385825100304,0.113917733821349,0.127468255821012,0.142064276434751,0.157733013695641,0.174501201362981,0.192394782711706,0.21143873029963,0.231656910530863,0.253071994162534,0.275705393454709,0.299577203262209,0.324706166003655,0.351109630221226,0.378803529693134,0.407802333329102,0.438119037558794,0.469765140033587,0.502750609091958,0.537083876573859,0.572771827722024,0.609819777526934,0.648231459327885,0.688009024880503,0.729153038967359,0.771662466736125,0.815534664731367
0.807265434245131,0.77114035424169,0.735942207352208,0.701677707730727,0.668352442658337,0.635970870228099,0.604536319030561,0.574050989890746,0.544515954412965,0.515931156684893,0.488295416909674,0.461606436084196,0.435860801466612,0.41105399336197,0.387180393105369,0.364233292359952,0.342204904569943,0.321086377732411,0.300867804297225,0.281538234520414,0.263085690769753,0.245497182981653,0.2287587253945,0.212855354137365,0.197771146147443,0.183489239933149,0.169991857812256,0.157260327292869,0.145275100788471,0.134015779659727,0.123461139059301,0.113589152031447,0.104377015600247,0.0958011803501434,0.0878373762266947,0.0804606415109658,0.0736453557903111,0.0673652692774959,0.0615935336631359,0.0563027319614052,0.051464914150449,0.0470516307291195,0.0430339695227511,0.0393825938319265,0.0360677818227623,0.0330594695051792,0.0303272977211207,0.0278406594600483,0.0255687463948884,0.023480598550271,0.0215466751518954,0.0197723447066518,0.0181978342135571,0.0168647499220203,0.0158144998280837,0.0150882323388784,0.0147267810714181,0.01477060698624,0.0152597400282239,0.0162337275609973,0.0177315858051832,0.0197917528287456,0.0224520433945865,0.0257496049169969,0.0297208747118947,0.03440153956576,0.039826500268278,0.0460298308218626,0.0530447363577008,0.060903551694731,0.0696378875161163,0.0792784568988915,0.0898549519021716,0.101396009095977,0.113929176621239,0.127481059742709,0.14207854649642,0.157748857649442,0.174518729646426,0.192414108368254,0.21145996888118,0.231680179986649,0.253097414719017,0.275733087489168,0.299607295170409,0.324738782063999,0.351144898454744,0.378841579721365,0.407843296226962,0.43816304570666,0.469812326966757,0.502801109347023,0.537137825534373,0.57282936146315,0.609881032657712,0.648296572832364,0.688078133958871,0.729226280876535,0.771739978629079,0.815616583495539
