2.23979243893906,2.12808048114426,2.01952847629246,1.91415199184099,1.81196281674163,1.71296895852704,1.61717464656415,1.52458034272702,1.43518274852577,1.34897481782817,1.26594577485653,1.18608113596417,1.10936273721954,1.03576876879156,0.965273809127543,0.897848860566793,0.83346139957749,0.772075411483326,0.7136514343731,0.658146624137713,0.605514796986039,0.555706494875654,0.508669043605892,0.46434662209303,0.422680346978511,0.3836083250802,0.347065749018397,0.31298498546854,0.281295692159168,0.251924889354241,0.224797036518004,0.199834126128264,0.176955864519385,0.156079812391788,0.137121576881006,0.119995188510221,0.104614099473794,0.0908908909931929,0.0787371200257804,0.0680636371865853,0.0587812371186511,0.0508009141983726,0.0440346778046743,0.0383961647462992,0.0338008480758339,0.03016638097141,0.0274126436563205,0.0254611561237857,0.0242349011308981,0.0236580054048615,0.0236578531776502,0.024234455141464,0.0254604484436525,0.0274117239531567,0.0301653135783379,0.0337996935602166,0.038394980835326,0.04403350976115,0.050799786813413,0.0587801981446608,0.0680627366635544,0.0787362773131838,0.0908902095455319,0.104613513571679,0.119994719264083,0.137121238052599,0.15607956528868,0.176955765599191,0.19983415836129,0.224797183633595,0.251925188108836,0.281296153131787,0.312985582216595,0.347066484119382,0.383609232171473,0.422681429887715,0.464347859590323,0.508670420549442,0.555708029444916,0.605516509846779,0.658148523397492,0.713653512116681,0.772077657301045,0.833463815946806,0.897851448497421,0.965276564573998,1.03577168277497,1.10936580161147,1.18608434787664,1.26594913663623,1.34897833053234,1.43518640969544,1.52458414612251,1.61717858183839,1.71297301515753,1.81196699093271,1.91415628391339,2.01953289005934,2.12808502418406,2.23979712234962
2.25321169702719,2.14083043989593,2.03162806791914,1.92562024182338,1.82281882119153,1.72323186153171,1.62686361755028,1.5337145538885,1.44378135229426,1.35705692441988,1.27353042992681,1.19318729839255,1.11600925706008,1.04197436542918,0.971057049639119,0.903228138295664,0.838454913008905,0.77670114332797,0.717927130913692,0.66208977496526,0.609142614990813,0.559035896630184,0.511716630096014,0.46712865986398,0.42521274978793,0.385906635865393,0.349145122436514,0.314860170965506,0.282981017739583,0.253434245779549,0.226143861963986,0.201031391404595,0.178016059372672,0.157014932650442,0.13794311275086,0.12071411512858,0.105240873444494,0.0914354451683447,0.0792088573691043,0.0684714265415026,0.0591334128729403,0.051105277480831,0.0442985025662975,0.0386262075106943,0.0340033589406987,0.030347116670309,0.0275768809015701,0.0256137014308004,0.0243800995820411,0.0237997475033073,0.0237995943640578,0.0243796509205526,0.0256129895107465,0.027575955688193,0.0303460428821696,0.0340021975080374,0.0386250165065608,0.0442973275246794,0.051104143341375,0.05913236767415,0.0684705206231723,0.0792080096075676,0.0914347596379295,0.105240284032066,0.120713643071049,0.137942771892432,0.157014684066866,0.178015959859818,0.201031423830738,0.226144009960991,0.25343454632407,0.282981481474025,0.314860771288854,0.349145861941706,0.385907548391317,0.425213839185163,0.467129904775485,0.51171801528924,0.559037440393504,0.609144338113807,0.662091685604066,0.717929221105649,0.776703402601048,0.838457343855404,0.903230741731349,0.971059821594268,1.04197729687112,1.11601233981169,1.19319052954854,1.27353381184793,1.3570604581697,1.44378503539908,1.53371838007125,1.62686757640191,1.72323594246668,1.82282302039141,1.92562455961085,2.0316325081302,2.14083501015443,2.25321640849745
2.26559259830345,2.15259383095259,2.04279141602894,1.93620110031131,1.83283480854835,1.73270064051145,1.63580287428563,1.54214197706525,1.45171461236514,1.3645136528887,1.28052819873213,1.19974359941166,1.1221414817655,1.04769978473523,0.976392793937384,0.908191177687361,0.843062037814911,0.780968944790828,0.721871982142326,0.665727812239201,0.612489719299437,0.562107675573634,0.514528400107238,0.469695428813706,0.427549200057328,0.388027107708676,0.351063597872123,0.316590258155135,0.284535936013934,0.254826811059216,0.227386472604123,0.202136014558155,0.17899421835329,0.157877695072015,0.138701079728824,0.12137741256487,0.105819148830718,0.0919378627713039,0.0796440925689686,0.0688476619273624,0.0594583379334103,0.0513860897081156,0.0445419130668213,0.0388384500010458,0.0341901998978363,0.030513867382641,0.0277284097793936,0.0257544430704576,0.0245140628516393,0.0239305218662432,0.0239303678855273,0.0245136117248548,0.02575372723856,0.0277274794821731,0.0305127876942727,0.0341890320833586,0.0388372524526073,0.0445407315686087,0.0513849493368135,0.0594572869914832,0.0688467510312107,0.0796432401491692,0.0919371734740503,0.105818556179599,0.121376937913488,0.138700736997454,0.157877445122527,0.178994118293635,0.202136047162473,0.227386621414339,0.254827113255163,0.284536402296494,0.316590861777128,0.351064341440733,0.388028025248729,0.427550295440559,0.469696680565724,0.514529792911795,0.562109227819593,0.612491451890613,0.665729733376546,0.721874083819427,0.780971216478112,0.843064482018375,0.90819379542835,0.976395581123816,1.0477027322848,1.12214458145615,1.19974684832214,1.28053159923616,1.3645172060557,1.45171831570781,1.54214582427203,1.63580685489027,1.73270474387026,1.83283903082192,1.93620544182407,2.04279588063798,2.15259842632365,2.26559733566219
2.27703566990196,2.16346616755386,2.05310916179309,1.94598047893241,1.84209210395008,1.74145217752787,1.64406499935857,1.54993103899626,1.45904694310384,1.37140554838609,1.28699589988589,1.20580327312272,1.12780920213549,1.05299151443961,0.981324365773232,0.912778276303059,0.847320181696529,0.784913468425902,0.725518018407982,0.669090275122546,0.615583286835165,0.564946773115919,0.517127183898421,0.472067769906907,0.429708668671327,0.389986957850754,0.352836752449469,0.318189294537128,0.285973072192166,0.25611389217272,0.228534957856278,0.203156964612882,0.179898283655177,0.158675104884295,0.139401632152643,0.121990466484389,0.106353620958439,0.0924022231982819,0.0800463595318585,0.0691953981997244,0.0597586505397501,0.0516456309443193,0.0447668856857908,0.0390346155272177,0.0343628880085281,0.030667987046286,0.0278684606334863,0.025884523799118,0.0246378786588554,0.0240513903203996,0.0240512355619568,0.0246374252535165,0.0258838043516915,0.0278675256375138,0.0306669019046198,0.0343617142956445,0.0390334119301928,0.0447656982200585,0.0516444848132215,0.0597575942897178,0.0691944827028118,0.0800455028066509,0.0924015304195207,0.106353025313953,0.121989989435634,0.139401287690203,0.158674853672361,0.17989818309014,0.203156997381879,0.228535107418105,0.256114195895001,0.28597354082983,0.318189901207899,0.3528374997737,0.389987880025124,0.429709769587127,0.472069027981285,0.517128583737765,0.564948333201973,0.615585028177325,0.669092205963184,0.725520130700249,0.784915751587041,0.847322638245194,0.912780907265754,0.981327167037203,1.05299447687668,1.12781231748208,1.20580653844282,1.28699931756521,1.37140911949944,1.45905066515137,1.54993490563454,1.64406900006848,1.74145630161195,1.84209634754954,1.94598484237332,2.05311364895202,2.16347078613525,2.27704043118819
2.28763019854283,2.1735322831526,2.06266181136506,1.95503468312918,1.8506629391866,1.74955475809584,1.65171445955517,1.55714251530341,1.46583555640112,1.37778638622393,1.29298399884378,1.2114136012705,1.13305664162509,1.05789084425942,0.985890244664191,0.917025225843147,0.851262569622913,0.78856549212134,0.728893688594923,0.672203399864863,0.618447455741001,0.567575341850022,0.519533258969268,0.474264193781516,0.431708005290266,0.391801478391265,0.354478421540905,0.319669756893845,0.287303639799825,0.257305531812719,0.229598278992811,0.204102207723753,0.180735309418023,0.159413384027442,0.140050236214471,0.122558060355739,0.106848460147037,0.0928321497089176,0.0804187970214714,0.0695173486363088,0.0600366939375991,0.0518859263087914,0.0449751758144127,0.0392162347076525,0.0345227707042633,0.0308106782089297,0.0279981262369993,0.0260049585961525,0.0247525130998313,0.0241632959646415,0.0241631404861428,0.0247520575849006,0.0260042358013009,0.0279971868907033,0.0308095880183464,0.0345215915303609,0.0392150255105646,0.0449739828236726,0.0518847748450065,0.0600356327730758,0.0695164288797974,0.0804179363101165,0.0928314537068145,0.106847861731153,0.122557581087384,0.140049890149326,0.159413131646675,0.180735208385079,0.204102240645216,0.229598429250516,0.257305836948151,0.287304110617954,0.319670366387317,0.354479172342267,0.391802404856303,0.431709111328378,0.474265457709427,0.519534665321747,0.567576909194801,0.61844920518523,0.672205339689263,0.728895810715204,0.788567785905508,0.85126503760134,0.917027869047112,0.985893058961806,1.05789382048004,1.13305977146667,1.21141688178339,1.29298743242479,1.37778997395286,1.46583929576649,1.55714639993227,1.65171847887947,1.74955890136834,1.85066720253056,1.95503906687218,2.06266631940171,2.1735369232232,2.28763498198224
2.29745557902283,2.18286761264822,2.07152095175896,1.96343156459436,1.85861154361109,1.7570691024946,1.65880857949631,1.56383044838113,1.47213132574003,1.38370398403909,1.29853737007978,1.21661662733595,1.13792312424822,1.06243448949446,0.990124647047718,0.920963852706615,0.854918745625595,0.791952383935594,0.73202428978408,0.675090516046414,0.621103689936288,0.570013080120959,0.521764656309903,0.47630116031348,0.433562192829379,0.393484267244232,0.356000907721497,0.321042739726223,0.288537610035101,0.258410660059093,0.230584404482016,0.204978827489033,0.181511568265424,0.160098065123482,0.140651752516361,0.123084447695201,0.107307374693328,0.0932308641480988,0.080764196063232,0.0698159259154281,0.0602945517684117,0.0521087765613653,0.0451683443670978,0.0393846685861879,0.0346710461368962,0.0309430101900525,0.0281183782966113,0.0261166499930996,0.0248588252385663,0.0242670774135201,0.0242669212672408,0.0248583677671972,0.0261159240938414,0.0281174349158194,0.0309419153170965,0.0346698618984373,0.0393834541955939,0.0451671462524579,0.052107620152039,0.0602934860461828,0.069815002208559,0.0807633316551185,0.0932301651566639,0.107306773707246,0.123083966368388,0.140651404964865,0.160097811658739,0.181511466798544,0.204978860551894,0.230584555385078,0.258410966505082,0.288538082875395,0.321043351837472,0.356001661747554,0.393485197688441,0.433563303617928,0.476302429669966,0.521766068702671,0.570014654197491,0.621105446894386,0.675092464202368,0.732026421018877,0.791954687571575,0.854921224203998,0.920966507263151,0.990127473432753,1.06243747849796,1.13792626753248,1.21661992193866,1.29854081840803,1.38370758717734,1.47213508116599,1.56383434969449,1.65881261608362,1.75707326356248,1.85861582526613,1.96343596716555,2.07152547915765,2.18287227264794,2.29746038300712
2.30658250790895,2.19153932654353,2.07975032715383,1.971231541415,1.86599510982249,1.76404927869165,1.66539840350814,1.57004295991896,1.47797955107406,1.38920092072726,1.3036959717698,1.22144978865613,1.14244366581068,1.06665514303846,0.994058040722231,0.924622496498073,0.85831501699031,0.795098513573692,0.734932347592369,0.677772397336268,0.623571101824777,0.572277528188607,0.523837431495162,0.478193326089502,0.435284572725555,0.395047432581459,0.35741516573712,0.322318122058591,0.289683861684886,0.259437228641881,0.231500429793309,0.205793131451528,0.182232645613206,0.160734074658783,0.14121050914898,0.123573416017966,0.107733666625466,0.093601235386107,0.0810850419071058,0.0700932783903865,0.0605340793968175,0.0523157851766181,0.0453477812496676,0.0395411290952275,0.0348087811927503,0.0310659351580501,0.0282300820620506,0.0262204016431456,0.0249575800228662,0.0243634814057668,0.0243633246391769,0.024957120734135,0.0262196728601619,0.0282291349335608,0.0310648359355746,0.0348075922497564,0.0395399098803153,0.0453465783753678,0.0523146241733116,0.0605330094408741,0.0700923510139766,0.0810841740650232,0.0936005336178415,0.107733063251892,0.123572932779022,0.141210160216792,0.16073382018712,0.182232543743235,0.205793164645734,0.231500581295852,0.259437536305265,0.289684336403597,0.322318736601529,0.357415922758639,0.395048366721973,0.43528568792685,0.478194600488665,0.523838849498836,0.572279108518354,0.623572865762611,0.677774353231515,0.734934487293762,0.795100826361154,0.858317505415175,0.924625161600167,0.994060878335433,1.06665814391615,1.14244682158203,1.22145309634706,1.30369943379696,1.38920453817942,1.47798332141892,1.57004687673077,1.6654024561313,1.76405345628989,1.86599940848694,1.97123596147596,2.07975487253817,2.19154400505568,2.30658733097768
2.31507403364654,2.19960732867763,2.08740678573281,1.97848849550673,1.87286464318926,1.77054350545398,1.67152945382099,1.57582296568834,1.48342063170072,1.39431516889857,1.30849543931987,1.22594647250854,1.14664949402568,1.07058196099064,0.99771759740772,0.928026430976743,0.861474845018461,0.798025614368388,0.737637950762241,0.680267570058889,0.625866736185225,0.574384328766083,0.52576590316986,0.479953762112107,0.436887043107517,0.396501772684113,0.358730965223354,0.323504714179085,0.290750313007927,0.260392329054178,0.232352682791462,0.206550744789159,0.18290352263371,0.161325806160774,0.141730365979917,0.124028343096881,0.108130280750397,0.0939458219320581,0.0813835509428446,0.0703513220005515,0.0607569314697163,0.0525083821614588,0.0455147260046477,0.0396866970574635,0.0349369273398657,0.0311803022734914,0.0283340091782852,0.0263169302583758,0.0250494596466756,0.0244531738961525,0.0244530165524371,0.0250489986671044,0.0263161987924275,0.0283330585630067,0.0311791990043036,0.0349357340198595,0.039685473354095,0.0455135187020484,0.052507216883998,0.0607558575748032,0.0703503912100688,0.0813826799058607,0.0939451175802807,0.108129675155544,0.124027858078925,0.141730015763159,0.161325550752291,0.182903420388713,0.206550778105568,0.232352834851752,0.260392637850204,0.290750789474283,0.32350533098442,0.358731725031795,0.396502710263603,0.436888162414349,0.479955041202884,0.525767326393817,0.574385914913705,0.625868506616875,0.68026953315463,0.737640098340798,0.798027935670219,0.861477342604293,0.928029105890228,0.997720445467402,1.07058497291585,1.14665266141479,1.2259497923765,1.30849891409225,1.39431879966813,1.48342441592585,1.57582689691963,1.6715335213636,1.77054769843177,1.87286895767894,1.97849293183984,2.08741134785067,2.1996120244134,2.31507887447106
2.32298647671178,2.20712513048487,2.09454110934668,1.98525055898652,1.8792657062407,1.77659485607078,1.67724239493778,1.58120880187142,1.4884906558639,1.39908064906403,1.31296760544254,1.23013650337743,1.15056850426267,1.07424098817072,1.00112758929996,0.93119823291112,0.8644191874301,0.800753100464524,0.740159044344279,0.682592583574221,0.628005818929242,0.576347455315332,0.527562862020426,0.481594144562719,0.438380232441547,0.39785693353687,0.359957033287189,0.324610386220271,0.291744037296844,0.261282296048029,0.233146816087816,0.207256692410909,0.183528648952885,0.161877184318729,0.142214770986035,0.124452246258926,0.108499847631469,0.0942669092737376,0.0816617030468048,0.0705917682332869,0.0609645860648118,0.0526878449251814,0.0456702859016134,0.0398223379598065,0.0350563345140786,0.0312868700820843,0.0284308489471975,0.0264068760697386,0.025135073506271,0.0245367497746798,0.0245365918931962,0.0251346109511672,0.0264061421037914,0.0284298950829131,0.0312857630421511,0.035055137115552,0.0398211100740737,0.0456690744727041,0.0526866756650438,0.0609635084995486,0.0705908342615554,0.0816608290327972,0.0942662025146318,0.108499239966819,0.124451759583279,0.142214419572309,0.161876928037313,0.183528546358436,0.207256725841187,0.233146968667817,0.261282605899456,0.291744515391663,0.324611005133719,0.359957795692499,0.397857874320811,0.438381355573938,0.481595428025163,0.527564290108668,0.576349046884078,0.62800759541186,0.682594553379416,0.740161199262814,0.800755429700083,0.864421693552161,0.931200916966904,1.00113044709372,1.07424401039007,1.15057168247726,1.23013983459202,1.31297109209098,1.39908429224281,1.48849445302273,1.58121274653884,1.67724647638241,1.77659906337929,1.87927003547642,1.98525501048209,2.09454568705691,2.2071298422697,2.32299133408124
2.33037023397885,2.21414061524336,2.1011987387786,1.99156080159396,1.88523906938953,1.78224187352468,1.68257361440307,1.58623477257706,1.49322191616498,1.40352771408714,1.31714095479059,1.23404656890616,1.15422565794815,1.07765553009015,1.00430973572521,0.934158104519615,0.867166797681372,0.803298344091189,0.742511685987806,0.684762246635087,0.630001974557252,0.578179411615639,0.529239753451061,0.483124921560494,0.439773651326882,0.399121546591534,0.361101179147276,0.325642180560121,0.292671363898661,0.262112798107142,0.233887887770687,0.207915470722397,0.184112006199691,0.162391721036041,0.142666809497356,0.124847825478577,0.108844721158051,0.0945665425188605,0.081921269858475,0.0708161485673582,0.0611583658004679,0.0528553165233816,0.0458154517511763,0.0399489157424368,0.0351677632577755,0.0313863173481998,0.0285212181721703,0.0264908119708019,0.0252149669036372,0.0246147413627822,0.0246145829794624,0.0252145028782731,0.0264900756718981,0.0285202612759688,0.0313852067894713,0.0351665620532432,0.0399476839537927,0.0458142364716648,0.0528541435466778,0.0611572848100963,0.0708152116269393,0.0819203930663593,0.094565833513277,0.1088441115619,0.124847337256001,0.14266645696664,0.162391463940018,0.184111903279138,0.207915504258935,0.233888040835672,0.262113108943451,0.292671843513134,0.325642801440824,0.361101943975938,0.399122490365815,0.439774778029219,0.483126209102503,0.529241186078571,0.578181008243286,0.630003756686531,0.684764222701431,0.742513847755884,0.803300680730368,0.867169311769298,0.934160797106838,1.00431260260264,1.07765856191581,1.15422884626489,1.23404991070922,1.31714445252155,1.40353136884599,1.49322572539331,1.58623872978286,1.68257770882083,1.78224609420638,1.88524341238599,1.9915652672389,2.10120333103937,2.21414534200489,2.33037510678776
2.33727048098694,2.22069670531569,2.10742040694929,1.99745783085663,1.89082127905665,1.78751910757795,1.68755572985383,1.59093162785955,1.49764335955161,1.40768357214295,1.3210410208831,1.23770059178235,1.15764333039641,1.08084647770818,1.0072835057932,0.936924154983104,0.869734486288945,0.805676917639117,0.744710269699958,0.686789833743223,0.631867416012281,0.579891406000467,0.530806837072396,0.48455545875408,0.441075825023387,0.400303349044027,0.362170402953304,0.326606409955672,0.293537966412566,0.262888916435702,0.234580431888478,0.208531110282099,0.184657163489039,0.162872564367662,0.143089247190318,0.125217501001232,0.109167011346351,0.0948465548931034,0.0821638394678005,0.0710258358136814,0.0613394562660433,0.0530118215861327,0.0459511117116671,0.040067204837581,0.0352718953178501,0.0314792525132732,0.028605669753078,0.0265692515008723,0.025289628645106,0.0246876258310812,0.0246874669787871,0.0252891632457587,0.0265685130217809,0.0286047100234983,0.0314781386661704,0.0352706905565404,0.0400659694015997,0.0459498928337021,0.0530106451362345,0.0613383720748497,0.0710248960989735,0.0821629600794956,0.094845843788148,0.10916639994518,0.125217011333025,0.143088893615754,0.162872306510376,0.184657060263738,0.208531143917939,0.23458058540669,0.2628892281924,0.293538447447182,0.326607032674808,0.36217117004663,0.400304295612832,0.4410769550619,0.484556750108512,0.530808273941928,0.579893007355742,0.631869203418461,0.686791815660716,0.744712437869051,0.805679261197106,0.869737007821109,0.936926855543101,1.00728638115948,1.08084951851111,1.15764652815379,1.23770394348052,1.32104452897087,1.40768723772357,1.4976471800591,1.59093559678267,1.68755983639519,1.78752334075712,1.89082563491277,1.99746230972438,2.10742501280779,2.2207014460732,2.33727536822428
2.34372778478895,2.22683194443113,2.11324269149741,2.0029763158375,1.89604515345779,1.79245758347255,1.69221803150831,1.59532698087191,1.50178098001033,1.41157265582255,1.32469073249164,1.24112005427164,1.16084161435179,1.08383259083744,1.01006638251395,0.939512646112983,0.872137348880475,0.807902804914801,0.746767721113924,0.688687265230371,0.633613110360013,0.581493503409037,0.532273325882758,0.485894166375448,0.442294409104718,0.401409288796727,0.363170990749619,0.32750874318151,0.294348939657626,0.263615213889683,0.235228519958315,0.20910723047966,0.185167325840194,0.163322541226434,0.143484567606771,0.125563446176114,0.109468612963774,0.095108592609534,0.0823908379591171,0.0712220627387939,0.0615089221055265,0.0531582802180557,0.0460780633378378,0.0401779006754132,0.0353693428942401,0.0315662219498839,0.028684700186893,0.0266426558116393,0.0253594976724735,0.0247558316726551,0.0247556723814911,0.0253590309873422,0.0266419152923118,0.0286837378058164,0.0315651050254953,0.035368134804471,0.040176661826226,0.0460768410924126,0.0531571005179156,0.0615078349189791,0.0712211204278853,0.0823899561412784,0.0951078795399704,0.109467999873452,0.125562955155074,0.143484213055368,0.163322282656751,0.185167222329706,0.209107264208428,0.23522867390066,0.263615526507688,0.294349422021222,0.327509367621067,0.363171759962236,0.40141023798067,0.44229554226525,0.485895461297576,0.532274766722007,0.581495109188463,0.633614902704356,0.688689252623416,0.746769895273135,0.807905154947464,0.872139877379012,0.939515354133964,1.01006926582417,1.08383564004135,1.16084482094379,1.24112341522972,1.3246942502714,1.41157633153027,1.50178481107294,1.59533096076019,1.69222214939504,1.79246182834696,1.89604952134806,2.00298080707925,2.11324731008076,2.22683669828619,2.34373268552852
2.34977863883903,2.23258100589521,2.11869849706563,2.00814744425589,1.90094021532052,1.79708521100632,1.69658686836557,1.59944567195287,1.50565816130425,1.4152169442834,1.32811071596234,1.24432428146721,1.16383858491693,1.08663074549705,1.01267409331602,0.941938206767565,0.874388965234537,0.809988585520773,0.748695667916917,0.690465264431091,0.63524892339252,0.582994758095283,0.533647507744052,0.487148610131078,0.443436290399137,0.402445616068444,0.36410859735842,0.328354279774104,0.295108866849352,0.26429579513934,0.235835814650097,0.209647087258532,0.185645376435819,0.163744194656692,0.143855004900156,0.125887616112473,0.109751230511941,0.0953541365743766,0.082603548214459,0.0714059383192154,0.0616677210551545,0.0532955201301481,0.0461970240968377,0.0402816288534907,0.0354606567119493,0.0316477171658261,0.0287587561141332,0.0267114397475849,0.0254249688505665,0.0248197443528357,0.0248195846504262,0.0254245009605839,0.0267106973164421,0.0287577912484561,0.0316465973578491,0.0354594455032281,0.040280386805939,0.0461957986959144,0.0532943373843499,0.0616666310617934,0.0714049935755219,0.0826026641200117,0.0953534216638655,0.109750615838791,0.125887123823753,0.1438546494334,0.163743935419455,0.185645272658097,0.209647121074378,0.235835968989878,0.264296108564438,0.295109350458277,0.328354905825789,0.364109368556931,0.402446567702916,0.443437426485174,0.487149908396334,0.533648952303148,0.582996368020386,0.635250720364199,0.690467256955032,0.748697847689204,0.809990941620567,0.874391500260954,0.941940921779904,1.01267698407014,1.08663380257317,1.16384179978745,1.24432765110235,1.32811424282403,1.41522062948077,1.5056620022576,1.59944966211611,1.69659099688354,1.79708946683982,1.90094459448747,2.00815194709279,2.11870312757288,2.2325857720234,2.34978355223096
2.35545593010144,2.23797513640091,2.12381747647342,2.01299932168403,1.9055330697692,1.80142714177275,1.70068598546728,1.60331008657814,1.50929597628055,1.41863624457807,1.33131955922894,1.24733068864702,1.16665053091039,1.08925614992235,1.01512081135431,0.944214020098499,0.87650157309905,0.81194559587197,0.750504588682225,0.69213349493926,0.636783745908404,0.584403329520463,0.53493685146471,0.488325608041468,0.444507675139516,0.403417963395948,0.364988318760337,0.329147615304832,0.29582187826393,0.264934359208158,0.236405616667933,0.210153614791386,0.186093913526133,0.164139816384727,0.14420257243221,0.126191772704582,0.110016400043967,0.0955845213423121,0.0828031263341895,0.0715784619361228,0.061816716202243,0.0534242872343167,0.0463086405516472,0.0403789531442752,0.0355463330702167,0.0317241810953092,0.02882824003577,0.0267759771559088,0.0254863980214325,0.0248797112430868,0.0248795511548209,0.0254859290009827,0.0267752329309809,0.0288272728388844,0.0317230585817683,0.0355451189350987,0.0403777080958171,0.0463074121900374,0.0534231016308909,0.0618156235753532,0.0715775149098375,0.0828022401036849,0.0955838047045084,0.110015783885707,0.126191279226446,0.144202216106612,0.164139556521147,0.186093809497674,0.210153648688934,0.236405771380614,0.264934673390521,0.295822363041301,0.329148242869119,0.364989091822137,0.403418917329661,0.444508813970446,0.488326909443458,0.534938299514,0.584404943335299,0.636785547221739,0.692135492277331,0.750506773721051,0.811947957664329,0.876504114250335,0.94421674167057,1.01512370909277,1.08925921438466,1.16665375354835,1.24733406642353,1.33132309461187,1.41863993867924,1.50929982651401,1.60331408638201,1.70069012396015,1.80143140788874,1.90553745951664,2.01300383540021,2.12382211816842,2.23797991404452,2.3554608553646
2.36078934733143,2.24304254394618,2.12862639884705,2.01755732046848,1.9098477346189,1.80550608140974,1.70453681868465,1.60694043326877,1.51271344848292,1.42184843755236,1.33433404257591,1.25015499747883,1.16929215708705,1.09172253337008,1.01741933146526,0.946351987215283,0.878486220118906,0.813784069933615,0.752203942957255,0.693700680578433,0.63822560408915,0.585726583650202,0.536148099522505,0.489431315084631,0.445514166011688,0.404331415560077,0.365814755359359,0.329892898432502,0.296491702514249,0.265534245395014,0.236940905727299,0.210629461906905,0.186515282685332,0.164511475269805,0.144529087768196,0.126477506505085,0.110265508234053,0.0958009516845369,0.0829906159896077,0.0717405357823398,0.061956686700133,0.0535452549036303,0.0464134963879459,0.0404703824941842,0.0356268200039083,0.0317960135978403,0.0288935153101455,0.0268366055277191,0.0255441064220019,0.0249360459335072,0.0249358854827562,0.0255436363395573,0.0268358596176559,0.0288925459232532,0.0317948885426118,0.0356256031196456,0.0404691346265849,0.0464122652449786,0.0535440666156636,0.0619555915992274,0.0717395866117195,0.0829897277524271,0.0958002334240628,0.110264890680637,0.126477011909575,0.144528730635776,0.164511214817821,0.186515178421322,0.210629495881207,0.236941060790293,0.265534560288774,0.296492188389292,0.329893527417772,0.36581553017159,0.404332371653765,0.445515307421253,0.489432619433362,0.536149550850587,0.585728201119171,0.638227409481167,0.693702682439041,0.752206132943624,0.813786437073737,0.878488767024075,0.94635471494976,1.01742223576502,1.0917256047712,1.16929538702198,1.25015838290358,1.33433758596394,1.42185214001802,1.5127173074344,1.60694444212932,1.70454096654823,1.80551035718544,1.90985213430597,2.01756184440499,2.12863105105216,2.24304733240773,2.36079428374677
2.36580573833847,2.24780873727833,2.13314947174917,2.02184438505136,1.91390592939666,1.80934256283075,1.7081587526696,1.61035498677284,1.51592778107375,1.42486969301658,1.33716934056602,1.25281142520875,1.17177676108954,1.09404231133112,1.01958122413498,0.948362870398708,0.880352896779148,0.815513262372872,0.753802285096156,0.695174710381034,0.639581756083158,0.586971181593737,0.537287349200977,0.490471297262765,0.446460829575049,0.405190570774062,0.366592067342363,0.33059388082674,0.297121711418616,0.266098473458041,0.237444376411811,0.211077023964792,0.186911605037343,0.164861042200049,0.144836194548797,0.1267462558651,0.110499809064204,0.0960045170865238,0.0831669609820948,0.0718929757189844,0.0620883371442269,0.0536590320754359,0.0465121194379647,0.0405563771480591,0.0357025226749996,0.031863576269983,0.0289549105254905,0.0268936300592729,0.0255983845497319,0.0249890320064549,0.0249888712147656,0.0255979134684192,0.0268928825642413,0.0289539390787686,0.0318624488241487,0.0357013032050055,0.0405551266288925,0.0465108856789679,0.0536578412625014,0.0620872397163647,0.0718920245314918,0.083166070857518,0.0960037972998333,0.110499190198562,0.126745760218634,0.144835836657514,0.164860781194636,0.186911500551785,0.211077058011285,0.237444531804295,0.266098789020913,0.297122198326085,0.330594511148527,0.366592843800975,0.405191528899333,0.44646197340997,0.490472604383079,0.537288803612955,0.586972802499631,0.639583565311414,0.695176716495353,0.753804479735982,0.81551563454288,0.880355449096182,0.948365603929291,1.01958413460603,1.09404538925858,1.17177999788769,1.25281481782712,1.33717289148332,1.42487340334953,1.51593164822503,1.61035900415173,1.70816290934689,1.80934684769194,1.91391033843254,2.02184891860068,2.13315413383965,2.24781353591478,2.36581068524309
2.37052942301329,2.25229682330846,2.13740862342233,2.0258812994868,1.91772732857634,1.81295518562435,1.7115693468665,1.61357030113648,1.51895455741111,1.42771465827449,1.33983919896535,1.25531285042461,1.17411638848962,1.09622673028653,1.02161697040322,0.950256418581673,0.88211065288717,0.817141556461927,0.755307363997715,0.696562730569058,0.640858776630767,0.588143157267871,0.53836012367957,0.491450596498022,0.44735225533516,0.405999594295534,0.367324023184026,0.331253960909879,0.297714959313844,0.266629778822932,0.237918469590217,0.21149847078401,0.187284801986676,0.1651902119057,0.145125381653834,0.126999323704407,0.110720438444795,0.096196204450675,0.0833330162471898,0.0720365207878496,0.0622123057870876,0.0537661703511504,0.0466049878346477,0.0406373540153041,0.0357738080964861,0.0319271966613248,0.0290127233310365,0.0269473272103546,0.0256494955496075,0.0250389263429234,0.0250387652301894,0.0256490235277106,0.0269465782228374,0.0290117499446761,0.0319260669643764,0.0357725861916379,0.0406361009992891,0.0466037516122667,0.0537649771605799,0.0622112061680467,0.0720355677011691,0.0833321243453463,0.0961954832268229,0.110719818343495,0.126998827068309,0.145125023047968,0.16518995037915,0.187284697292498,0.211498504898482,0.237918625292966,0.266630095015872,0.297715447193496,0.331254592490198,0.367324801192954,0.406000554333845,0.44735340145392,0.491451906228198,0.538361580995499,0.588144781410146,0.640860589471417,0.696564740688883,0.755309563019467,0.817143933368327,0.882113210300286,0.950259157570157,1.02161988668545,1.09622981435954,1.17411963175051,1.25531624981685,1.33984275697259,1.42771837601567,1.51895843228374,1.61357432653666,1.71157351184322,1.81295947904091,1.91773174641551,2.02588584208804,2.13741329482137,2.2523016315261,2.37053437979516
2.37498246798756,2.2565277680722,2.1414237504383,2.0296869221682,1.92132978377459,1.81636082611105,1.71478453382186,1.616601396659,1.52180791704139,1.43039662354435,1.34235608998276,1.25767095850184,1.17632196882632,1.09828599472112,1.02353608023224,0.952041477449937,0.883767699777814,0.818676558755483,0.756726210618485,0.697871225260796,0.642062631316891,0.589247985541756,0.539371434410339,0.492373787574071,0.448192607575891,0.406762265467375,0.368014042206565,0.331876222237461,0.298274217549775,0.267130643475803,0.238365399982647,0.211895771147906,0.187636616918036,0.165500522098766,0.145398000017116,0.127237892226134,0.110928427043113,0.0963769092420241,0.0834895575099085,0.0721718415578616,0.062329171746621,0.053867170225838,0.0466925354115046,0.0407136913783035,0.035841009277289,0.0319871719736981,0.0290672237985544,0.0269979478265085,0.0256976781860012,0.0250859620236578,0.0250858006082732,0.02569720527741,0.0269971974320166,0.0290662485836855,0.0319860401546113,0.0358397850770897,0.0407124360084951,0.0466912968668771,0.0538659747938564,0.0623280700619432,0.0721708866808055,0.0834886639326252,0.0963761866633514,0.110927805776952,0.127237394657103,0.145397640737607,0.165500260080938,0.187636512027189,0.211895805326462,0.238365555977884,0.267130960262712,0.29827470634591,0.331876855004204,0.368014821676984,0.40676322730912,0.448193755847637,0.492375099764577,0.53937289446384,0.589249612734986,0.642064447562967,0.697873239156636,0.756728413771104,0.818678940126908,0.883770261995036,0.952044221583618,1.02353900199271,1.09828908458756,1.17632521817969,1.25767436427984,1.34235965467372,1.43040034826932,1.52181179919298,1.61660542962091,1.7147887066225,1.8163651275928,1.92133420991268,2.02969147330272,2.14142843061257,2.25653258532209,2.37498743408075
2.37918492799487,2.26052062605264,2.14521293532333,2.03327839209808,1.92472951900885,1.81957482193352,1.71781879345185,1.61946192418238,1.52450071035518,1.43292766732512,1.34473134868877,1.25989636941611,1.17840343515138,1.10022937873831,1.02534719652517,0.953726086194722,0.885331500127555,0.820125182289957,0.758065214876188,0.699106087393018,0.643198741821565,0.590290642120069,0.540325835932349,0.493245028174293,0.448985670907641,0.407482019055517,0.368665231979689,0.332463467225636,0.298802004801832,0.267603323110733,0.238787180384842,0.212270714338422,0.187968634265167,0.165793370292251,0.145655277402718,0.127463035847488,0.111124711556623,0.09654744528268,0.0836372897694904,0.0722995474596477,0.0624394613403695,0.0539624865625404,0.0467751564478077,0.0407857330300097,0.03590442886465,0.032043772311923,0.0291186573763527,0.0270457198827446,0.0257431494542371,0.0251303508785526,0.0251301891775483,0.0257426757088484,0.0270449681604522,0.0291176804358704,0.0320426384901164,0.0359032024982653,0.0407844754388622,0.0467739157116127,0.0539612890152778,0.0624383577062937,0.0722985908929654,0.083636394611049,0.096546721425426,0.111124089191149,0.127462537398024,0.145654917487475,0.165793107810791,0.187968529188719,0.212270748577456,0.238787336656108,0.267603640458187,0.298802494462878,0.332464101112041,0.368666012829358,0.407482982599213,0.448986821211219,0.493246342686681,0.54032729856937,0.590292272192569,0.643200561281434,0.699108104852387,0.75806742192722,0.820127567875147,0.885334066878543,0.953728835184065,1.02535012345562,1.10023247407218,1.17840669025438,1.25989978122053,1.34473491968735,1.43293139864088,1.52450459937612,1.61946596428049,1.71782297363613,1.81957913102662,1.92473395297885,2.0332829512857,2.14521762377903,2.2605254518265,2.37918990287541
2.38315505830591,2.26429274202001,2.14879263810219,2.03667131043758,1.92794130255457,1.82261113452477,1.72068530642463,1.62216430969143,1.52704463470851,1.43531878434114,1.34697529308537,1.26199875023827,1.18036982924772,1.10206532429859,1.0270581866783,0.955317562669996,0.88680884700489,0.821493719811671,0.759330193336631,0.70027268114348,0.644272043350539,0.5912756562495,0.541227474116852,0.494068102923163,0.449734890356839,0.408161981632625,0.369280421238366,0.333018246836508,0.299300613750765,0.268049871023808,0.239185642989232,0.212624929089543,0.188282296294394,0.166070028603685,0.145898331410405,0.12767573258081,0.111310144635181,0.0967085533724548,0.0837768547672928,0.0724201932410944,0.0625436536606702,0.0540525334105345,0.0468532098451002,0.0408537919156622,0.0359643423500032,0.0320972435449653,0.029167247489255,0.0270908508984243,0.0257861068791717,0.0251722857305164,0.0251721237596828,0.0257856323432472,0.0270900979217379,0.0291662689185585,0.0320961078311578,0.035963113937189,0.0408525322259806,0.0468519670384968,0.0540513338649327,0.0625425481849675,0.0724192350781955,0.0837759581151064,0.096707828307305,0.11130952123117,0.127675233299587,0.145897970894575,0.166069765684223,0.188282191042606,0.212624963385712,0.239185799521266,0.268050188900818,0.299301104228905,0.333018881780675,0.369281203391034,0.40816294678418,0.449736042579921,0.49406941962907,0.541228939194565,0.591277289042091,0.644273865846528,0.70027470196937,0.759332404070554,0.821496109377672,0.886811418038999,0.955320316246559,1.02706111849289,1.10206842479762,1.18037308978249,1.26200216773595,1.34697887004284,1.43532252188332,1.52704853021903,1.62216835653123,1.72068949358436,1.82261545080842,1.92794574392352,2.03667587723308,2.14879733438149,2.26429757584662,2.383160041488
2.38690950200818,2.26785992897066,2.15217786516053,2.03987990055781,1.93097859845207,1.82548249233753,1.7233960893801,1.62471988179125,1.52945035442526,1.43757999833635,1.3490973299577,1.26398691430824,1.18222939438861,1.10380152782503,1.02867622329215,0.956822578465895,0.88820593356002,0.822787908333751,0.760526448885499,0.701375896961697,0.645287035265258,0.592207157184016,0.542080128699526,0.494846462212477,0.450443406708263,0.408805003653413,0.369862188902646,0.333542886748299,0.299772134603117,0.268472159177762,0.239562458181287,0.212959900296382,0.188578917900742,0.166331656805699,0.146128180941021,0.127876874066946,0.111485503628322,0.0968609088886847,0.0839088375703758,0.0725342846584712,0.0626421854896355,0.0541376882530393,0.0469270228091457,0.0409181533432733,0.0360210008952252,0.0321478098282911,0.0292131978307012,0.0271335300661898,0.0258267305415897,0.0252119423736304,0.0252117801476264,0.0258262552580771,0.0271327759032572,0.0292122177183557,0.0321466723252698,0.0360197705471585,0.0409168916690654,0.0469257780446138,0.0541364868176626,0.0626410782723566,0.0725333249860739,0.0839079395055955,0.0968601826812608,0.111484879242195,0.127876373999151,0.14612781985723,0.166331393472032,0.188578812483139,0.212959934646581,0.239562614959923,0.268472477555558,0.299772625853961,0.333543522692763,0.369862972287524,0.408805970325476,0.450444560746568,0.494847780992734,0.542081596085337,0.592208792548923,0.645288860632424,0.701377920971213,0.760528663102232,0.822790301664295,0.888208508644559,0.956825336380468,1.02867915972555,1.10380463320862,1.18223266006006,1.26399033718988,1.34910091255036,1.43758374176669,1.52945425607281,1.62472393500648,1.72340028313631,1.82548681542109,1.93098304681799,2.03988447454788,2.15218256883838,2.26786477041252,2.38691449304081
2.39046345538156,2.27123662525435,2.15538231835726,2.04291714937172,1.93385370029324,1.82820051732182,1.72596211433428,1.62713898427497,1.53172760676431,1.43972046167621,1.35110604834556,1.26586890880961,1.18398965724767,1.10544501667958,1.03020785544277,0.958247225201607,0.889528414563671,0.824012986142503,0.761658823420979,0.702420200163358,0.64624782579119,0.593088915215583,0.542887250838183,0.4955832564865,0.451114087713741,0.409413687778459,0.37041288970334,0.334039510464671,0.300218475860767,0.268871896802908,0.239919151137461,0.213276983769978,0.188859699673515,0.16657931385022,0.146345756320886,0.128067274435115,0.111651498309465,0.0970051284971805,0.0840337723850764,0.0726422835019261,0.0627354556392789,0.0542182957581134,0.0469968941012393,0.0409790778186189,0.0360746338283284,0.0321956758312083,0.029256694386767,0.0271739301318938,0.0258651848675936,0.0252494813199428,0.0252493188523949,0.0258647088764146,0.0271731748460615,0.0292557128150978,0.0321945366345189,0.0360734016483532,0.0409778142658599,0.0469956474833337,0.0542170925338774,0.0627343467734253,0.072641322400639,0.0840328729831359,0.0970044012084809,0.111650872993668,0.128066773622752,0.146345394699465,0.166579050124466,0.188859594098952,0.213277018171322,0.23991930814953,0.268872215654748,0.30021896784305,0.334040147356015,0.370413674254627,0.409414655889834,0.451115243470334,0.495584577230336,0.542888720408836,0.593090553015443,0.646249653876209,0.702422227186494,0.761661040934537,0.82401538303656,0.889530993482344,0.958249987222536,1.03021079624833,1.10544812668688,1.18399292778149,1.26587233678769,1.35110963627246,1.43972421068027,1.53173151422116,1.62714304352517,1.72596631433473,1.82820484684218,1.93385815528248,2.04292173017217,2.15538702903859,2.2712414739048,2.39046845384552
2.3938308141746,2.27443603355482,2.15841852691579,2.04579493234343,1.93657784955704,1.83077583679536,1.72839341429374,1.6294310756909,1.53388529564826,1.44174854344639,1.35300930221961,1.26765209223009,1.18565750034906,1.10700221680692,1.03165907172172,0.959597073162019,0.890781460838733,0.825173743220054,0.762731744460858,0.703409673912518,0.647158171562743,0.593924377966209,0.543651996332878,0.496281366567478,0.451749555696531,0.409990413926866,0.370934676848167,0.334510059755124,0.30064138269176,0.269250646849834,0.240257116506219,0.21357741928805,0.18912573945292,0.166813968061715,0.14655190825693,0.128247678139551,0.111808777708044,0.0971417760881233,0.0841521476991669,0.0727446120405807,0.0628238287903959,0.0542946710963573,0.0470630969140206,0.0410368035528118,0.0361254508509245,0.0322410287069713,0.0292979072264264,0.0272122090574156,0.0259016202113347,0.0252850493445244,0.0252848866481143,0.0259011435496443,0.0272114527076396,0.029296924272053,0.032239887905537,0.0361242169352223,0.041035538220132,0.0470618485400498,0.0542934661771832,0.0628227183625233,0.0727436495854251,0.0841512470302718,0.0971410477749186,0.111808151511387,0.128247176621711,0.146551546126106,0.166813703964461,0.189125633729638,0.213577453737854,0.240257273739465,0.269250966150829,0.300641875367082,0.334510697543634,0.370935462504623,0.409991383401984,0.451750713081197,0.496282689171797,0.543653467973662,0.593926018073177,0.647160002222918,0.703411703791047,0.762733965098147,0.825176143490529,0.890784043390235,0.959599839073705,1.03166201666989,1.10700533119518,1.18566077548996,1.26765552503704,1.35301289520069,1.44175229773154,1.5338892086094,1.62943514065922,1.72839762021058,1.83078017241456,1.93658231082187,2.04579951959668,2.15842324423288,2.27444088903539,2.39383581967971
2.39702430320256,2.27747024402405,2.16129796427729,2.04852412424421,1.93916134045277,1.83321818255883,1.73069917682794,1.63160481755738,1.53593157470558,1.44367190750675,1.35481428373116,1.26934320299023,1.18723922625712,1.10847901266583,1.03303535608845,0.960877223248758,0.891969807485727,0.826274565917936,0.763749266435588,0.704348057303063,0.648021512659365,0.594716702542048,0.544377255058364,0.496943430523514,0.452352212008314,0.410537361472486,0.371429522103558,0.334956312764837,0.301042453206556,0.269609840566196,0.240577631415171,0.213862342157735,0.189378042569026,0.167036506168235,0.146747415770775,0.128418766902623,0.111957936162654,0.0972713680351636,0.0842644108377167,0.072841656960806,0.062907638893745,0.0543671028803398,0.0471258814193944,0.0410915486839682,0.0361736439939985,0.0322840398382577,0.0293369920876938,0.0272485114938855,0.0259361742572854,0.02531878085436,0.0253186179409048,0.0259356969597047,0.0272477541351014,0.0293360078220106,0.0322828975149377,0.0361724084321915,0.0410902816632719,0.0471246313800308,0.0543658963537436,0.0629065269845066,0.0728406932216876,0.0842635089672845,0.0972706387503528,0.11195730913062,0.128418264715733,0.146747053156851,0.167036241718661,0.189377936704704,0.213862376653497,0.240577788858174,0.269610160293154,0.301042946539131,0.334956951404188,0.371430308808118,0.410538332240933,0.452353370936988,0.496944754892253,0.544378728662389,0.594718344837001,0.648023345761732,0.704350089889552,0.763751490035318,0.82627696939049,0.89197239348248,0.960879992850306,1.03303830496532,1.10848213120884,1.18724250576722,1.26934664037671,1.35481788150545,1.4436756668003,1.5359354928868,1.63160888794857,1.73070338835568,1.83322252396196,1.93916580766915,2.04852871761709,2.16130268788752,2.27747510598208,2.39702931538526
2.40005559135964,2.28035034355813,2.16403115180246,2.05111469744325,1.94161361296338,1.83553647885592,1.73288782711037,1.6336681526491,1.53787392096643,1.44549758176049,1.35652758821782,1.270948420348,1.18874061454149,1.10988080041533,1.0343417374366,0.96209235308426,0.89309779668062,0.827319476602747,0.764715107333921,0.7052387791542,0.648841003698416,0.595468784068643,0.545065677083973,0.497571867512524,0.452924258733605,0.411056528942007,0.371899233616303,0.335379900086279,0.301423152902411,0.269950790432933,0.240881867014282,0.214132793476966,0.189617530928358,0.167247741316027,0.146932993239854,0.128581165876525,0.112099518692931,0.097394377862621,0.0843709720062017,0.0729337728612551,0.0629871921884338,0.0544358557731978,0.0471854770296884,0.0411435132488312,0.0362193893535642,0.0323248663861962,0.0293740917852485,0.0272829700891026,0.0259689732646885,0.025350799103175,0.0253506359836987,0.025968495363515,0.0272822117725591,0.0293731062748582,0.0323237226182888,0.0362181522292599,0.0411422446258546,0.0471842254095192,0.0544346477208225,0.0629860788730697,0.0729328079033877,0.0843700689952599,0.0973936476555534,0.112098890867949,0.128580663054568,0.146932630167366,0.167247476532029,0.189617424930159,0.214132828016351,0.240882024656388,0.269951110564219,0.301423646858856,0.335380539533257,0.371900021315734,0.411057500938091,0.452925419127866,0.497573193556065,0.545067152551525,0.595470428440449,0.648842839118933,0.705240814311107,0.764717333745624,0.827321883114744,0.893100385947638,0.962095126188262,1.03434469004263,1.10988392290206,1.18874389819887,1.27095186208142,1.35653119054188,1.44550134580806,1.5378778441026,1.63367222818772,1.73289204396403,1.8355408257492,1.94161808582902,2.05111929662493,2.16403588138619,2.28035521166461,2.40006060988078
2.40293539385502,2.2830865129341,2.16662775095352,2.05357580927969,1.94394333555305,1.83773892056235,1.73496710173496,1.6356283745871,1.53971920037209,1.44723201972851,1.35815527198801,1.27247341853787,1.19016697241438,1.11121253519269,1.03558283365423,0.963246757994367,0.894169415718428,0.82831216889778,0.765632681277741,0.70608498805176,0.649619541474074,0.596183281056318,0.545719695891979,0.498168898977483,0.453467717983138,0.411549751524871,0.372345471755475,0.335782319045509,0.301784827503206,0.270274701663454,0.241170898736803,0.214389729255961,0.189845051091099,0.167448420193851,0.14710929665637,0.128735449120498,0.112234025774694,0.0975112403942283,0.0844722078844853,0.0730212853596486,0.0630627698850063,0.0545011728074606,0.0472420944076295,0.0411928809353753,0.0362628486335146,0.032363652667321,0.0294093374616933,0.0273157066497168,0.026000133173767,0.0253812172713124,0.0253810539561107,0.0259996546991647,0.0273149474232768,0.029408350768799,0.0323625075270181,0.0362616100247974,0.0411916107901908,0.0472408412856538,0.0544999633055555,0.0630616552337864,0.0730203192439379,0.0844713037900298,0.0975105093109925,0.112233397196391,0.12873494569521,0.147108933148235,0.167448155092141,0.189844944965714,0.214389763836789,0.241171056568063,0.270275022178863,0.301785322052345,0.335782959259752,0.372346260400058,0.411550724687244,0.453468879769745,0.49817022661213,0.54572117312993,0.596184927401189,0.649621379096894,0.70608702565063,0.765634910360894,0.828314578297327,0.89417200809228,0.963249534425787,1.03558578980306,1.11121566142606,1.19017026001179,1.27247686440099,1.35815887863446,1.44723578829252,1.53972312821559,1.63563245501593,1.73497132364838,1.83774327267143,1.94394781378564,2.05358041397988,2.16663248621223,2.28309138688177,2.40294041839783
2.40567356324015,2.28568811329727,2.16909664536983,2.05591587985561,1.9461584788072,1.8398330428026,1.73694411443964,1.6374921897992,1.54147372610213,1.44888115537308,1.35970290377017,1.27392341497429,1.19152317981612,1.11247877320808,1.03676289085349,0.964344387497769,0.895188330885893,0.829256039060917,0.766505127525564,0.706889579095916,0.650359789566051,0.596862637984635,0.546341549050402,0.498736567517923,0.453984449071998,0.412018716663495,0.372769763217517,0.336164946422187,0.302128714391584,0.270582682442115,0.241445715435244,0.214634028538678,0.190061381462754,0.16763922937621,0.147276929200051,0.128882144477545,0.112361917591565,0.0976223554470242,0.0845684648267714,0.0731044938589473,0.0631346305543702,0.0545632774496481,0.0472959272559562,0.0412398206432638,0.0363041705193213,0.0324005313795624,0.0294428497016313,0.0273468331759948,0.0260297605906537,0.025410139427217,0.0254099759259159,0.0260292815708248,0.0273460730844087,0.0294418618843905,0.0323993849343604,0.0363029304991968,0.0412385490507359,0.0472946727060353,0.0545620665695032,0.0631335146329939,0.0731035266423379,0.084567559702091,0.0976216235307116,0.112361288296991,0.128881640478598,0.147276565277695,0.167638963972414,0.190061275216438,0.214634063158912,0.241445873446354,0.270583003322754,0.302129209504267,0.336165587365961,0.372770552760769,0.412019690934796,0.453985612182471,0.498737896665424,0.54634302797168,0.596864286205533,0.650361629282861,0.706891619016651,0.76650735914878,0.829258451205999,0.895190926213782,0.964347167092961,1.03676585037089,1.11248190300383,1.19152647115978,1.27392686476401,1.35970651452643,1.44888492823141,1.54147765842146,1.63749627487771,1.73694834116397,1.83983739987095,1.94616296214277,2.05592048980291,2.16910138602441,2.28569299279885,2.40567859350848
2.40827917058682,2.28816376329036,2.17144601406273,2.05814266141174,1.94826638110435,1.84182578303395,1.73882541471849,1.63926577277614,1.54314331059057,1.45045045198945,1.36117561059519,1.27530321323947,1.19281372962242,1.11368370928452,1.03788581835556,0.96538887784724,0.896157917669092,0.830154213967381,0.767335336337789,0.70765521775476,0.651064200285596,0.597509105443167,0.546933296648974,0.499276753719507,0.45447616383906,0.412464977956593,0.373173513605142,0.336529049793265,0.302455952804097,0.270875753054864,0.24170722752881,0.214866500645514,0.190267238707654,0.167820800980241,0.14743644620792,0.129021737923487,0.112483617826558,0.0977280911255629,0.084660061715317,0.0731836740142203,0.063203012258237,0.0546223754414761,0.0473471539133917,0.0412844878754624,0.0363434919030973,0.0324356246955836,0.0294747395251975,0.0273764527846235,0.0260579536657506,0.0254376613848854,0.0254374977064945,0.0260574741270909,0.0273756918697751,0.0294737506380426,0.0324344770086561,0.0363422505398955,0.0412832149056609,0.0473458980046561,0.0546211632498157,0.0632018951281959,0.0731827057500096,0.0846591556102877,0.0977273584165051,0.112482987850389,0.129021233378655,0.147436081891397,0.167820535288984,0.190267132346262,0.214866535303245,0.241707385711064,0.270876074283052,0.302456448453041,0.336529691431252,0.373174304003555,0.412465953283136,0.454477328209309,0.49927808430662,0.546934777172085,0.597510755449268,0.65106604199502,0.707657259884952,0.767337570378097,0.83015662872508,0.896160515808004,0.965391660453038,1.03788878107844,1.11368684247018,1.19281702453097,1.27530666676569,1.36117922526229,1.4504542289342,1.54314724716903,1.63926986227924,1.73882964602082,1.84183014482148,1.94827086929587,2.05814727635211,2.17145075985196,2.28816864807697,2.40828420630348
2.4107605779965,2.2905214079464,2.17368339679428,2.06026330029472,1.95027380727535,1.8437235365009,1.74061704017492,1.6409548154273,1.54473331198736,1.45194494587658,1.36257811877915,1.2766172414807,1.19404276355802,1.11483121038905,1.03895521993969,0.966383581095922,0.897081287735282,0.831009576104327,0.768125972079922,0.708384361170641,0.651735034277974,0.598124758121522,0.547496837766417,0.499791191186431,0.454944440330526,0.412889967577828,0.373558018662971,0.336875797665326,0.302767592937665,0.271154854044874,0.241956274280818,0.215087891642581,0.190463283477594,0.167993717718523,0.14758835961337,0.129154677451597,0.112599517048771,0.0978287867643472,0.0847472925094085,0.0732590799360854,0.0632681344520621,0.0546786564444471,0.0473959387801891,0.0413270259812478,0.0363809389778399,0.0324690452393645,0.0295051092754945,0.0274046605329694,0.0260848028782909,0.0254638714697527,0.0254637076227134,0.0260843228455311,0.0274038988341007,0.0295041193694246,0.0324678963699002,0.0363796963355805,0.0413257516998223,0.0473946815774087,0.0546774430037864,0.0632670161709688,0.0732581106742088,0.0847463854707601,0.0978280533003312,0.112598886423497,0.129154172386899,0.147587994921467,0.167993451753507,0.190463177006611,0.215087926336023,0.241956432626057,0.271155175604045,0.302768089097308,0.336876439964435,0.373558809875784,0.412890943909314,0.454945605900502,0.499792523144535,0.547498319815008,0.598126409827733,0.651736877885032,0.708386405404974,0.768128208422107,0.831011993350109,0.897083888551227,0.96638636656882,1.03895818571526,1.11483434680303,1.19404606186153,1.27662069856531,1.36258173717068,1.45194872671296,1.54473725262193,1.64095890914408,1.74062127583704,1.84372790278266,1.95027830009135,2.06026791999016,2.1736881474734,2.29052629776613,2.41076561890178
2.41312550346791,2.29276838032097,2.17581575256564,2.06228439239368,1.9521870010803,1.84553220584513,1.74232456335738,1.6425645712346,1.54624867572336,1.45336928540533,1.36391479058692,1.27786958676093,1.19521410432544,1.11592484563007,1.03997442179894,0.967331591100294,0.897961313071126,0.83182478593124,0.768879493890924,0.709079277221025,0.652374378059038,0.598711510903393,0.548033925202211,0.500281479989563,0.455390735041347,0.413295007385649,0.373924474329058,0.337206268539071,0.303064604096297,0.271420853508645,0.242193630309134,0.215298890129192,0.190650125536725,0.168158517419371,0.147733141917394,0.129281376547826,0.112709975743163,0.097924755560157,0.0848304285257006,0.0733309461619289,0.0633301996874322,0.0547322955111169,0.0474424335934384,0.0413675672682145,0.0364166282163515,0.0325008969598629,0.0295340534125022,0.0274315441564703,0.0261103917382161,0.025488851203862,0.0254886871960908,0.0261099112345503,0.0274307817103848,0.029533062535347,0.0324997469633723,0.0364153843550759,0.0413662917367351,0.047441175157358,0.0547310808800864,0.0633290803093194,0.0733299759492188,0.0848295205972588,0.0979240213766222,0.112709344499253,0.129280870987666,0.147732776867733,0.168158251193447,0.190650018961295,0.215298924856667,0.242193788809708,0.271421175383261,0.303065100742667,0.337206911468266,0.373925266318041,0.413295984674903,0.455391901754732,0.5002828132543,0.548035408704673,0.598713164229906,0.65237622347465,0.709081323460724,0.768881732426932,0.831827205548309,0.897963916438439,0.967334379305706,1.03997739048389,1.11592798512084,1.19521740586454,1.2778730472369,1.36391841252804,1.45337306995066,1.54625262022364,1.64256866896726,1.74232880317463,1.84553657641017,1.9521914983037,2.06228901662099,2.17582050790512,2.29277327493755,2.41313054931826
2.41538107901714,2.2949114567135,2.1778495120216,2.06421203281037,1.95401173222704,1.84725724555518,1.74395313372319,1.64409989481374,1.54769397175167,1.45472776602287,1.36518965708203,1.27906402583626,1.19633128439168,1.11696791313442,1.0409464975879,0.96823576681836,0.89880064761009,0.832602301914429,0.769598174201679,0.709742061596667,0.652984159727657,0.599271133286519,0.548546178675997,0.500749098715722,0.455816393883304,0.413681318877504,0.374273985740853,0.337521459030934,0.303347881990403,0.271674553633171,0.242420011419408,0.215500132423326,0.190828328353363,0.168315697076931,0.147871229746743,0.129402217304551,0.112815327025173,0.0980162869305678,0.0849097204813564,0.0733994894220813,0.0633893951373735,0.0547834544033214,0.0474867785697172,0.0414062339986134,0.0364506672483339,0.0325312759137985,0.0295616592244051,0.0274571847293241,0.0261347974150451,0.025512675919763,0.0255125117586918,0.0261343164622471,0.0274564215705716,0.0295606674210659,0.0325301248423932,0.0364494222244072,0.0414049572748804,0.0474855189573625,0.0547822386369616,0.0633882747129654,0.0733985183025025,0.0849088117042637,0.0980155520607834,0.112814695191232,0.129401711271838,0.147870864355866,0.168315430602163,0.190828221678316,0.215500167183262,0.242420170068134,0.271674875808646,0.303348379100994,0.337522102561082,0.374274778470116,0.413682297080242,0.45581756168723,0.500750433226678,0.548547663565105,0.599272788158416,0.652986006868201,0.709744109749011,0.769600414830072,0.832604723793141,0.898803253410799,0.968238557629939,1.04094946904771,1.1169710555597,1.19633458901677,1.27906748954677,1.36519328240863,1.45473155410566,1.54769791993892,1.6441039963766,1.74395737750345,1.84726162020543,1.95401623365404,2.06421666136,2.17785427180596,2.29491635590514,2.4153861295839
2.41753390283078,2.29695690621922,2.17979062447493,2.06605186042981,1.9557533385623,1.84890370185258,1.74550751529419,1.64556527741374,1.54907342796567,1.45602436166332,1.366406447604,1.28020405277359,1.19739757181954,1.117963464165,1.04187429089894,0.969098753215883,0.899601746639433,0.833344398504664,0.770284115352228,0.710374653126435,0.653566163065021,0.599805262322213,0.549035096671835,0.501195415279904,0.456222662027045,0.414050032122082,0.374607575316564,0.337822291160873,0.303618255286708,0.271916696561963,0.242636079839427,0.215692207214735,0.19099841322037,0.168465716485473,0.14800302704677,0.129517553214636,0.112915879076637,0.0981036486303269,0.0849854003274271,0.0734649102246659,0.0634458939650615,0.0548322827750669,0.0475291034304302,0.0414431392833984,0.0364831556474346,0.0325602709680713,0.0295880074658905,0.0274816572573464,0.026158091302179,0.025535415311384,0.0255352510039965,0.0261576099207088,0.0274808934183922,0.0295870147785591,0.0325591188707186,0.0364819095138208,0.0414418614217244,0.0475278426953857,0.0548310659250971,0.0634447725420216,0.0734639382395304,0.0849844907403434,0.0981029131055547,0.112915246679544,0.129517046730898,0.148002661330221,0.168465449773196,0.190998306450244,0.215692242005652,0.242636238629556,0.271917019024593,0.303618752840373,0.337822935264599,0.374608368752385,0.41405101119669,0.456223830871832,0.501196750980306,0.549036582884421,0.599806918669093,0.653568011851917,0.710376703104293,0.770286357977688,0.833346822541991,0.899604354762686,0.969101546514907,1.04187726500721,1.11796660939112,1.19740087939003,1.28020751957129,1.36641007616185,1.45602815312242,1.54907737967193,1.64556938263232,1.74551176285691,1.84890808040194,1.95575784400141,2.06605649310485,2.17979538850167,2.2969618097775,2.4175389578991
2.41959008613377,2.29891053525943,2.18164460016512,2.06780909797405,1.95741676398719,1.85047624853584,1.7469921204962,1.64696487881889,1.55039096023024,1.45726275297509,1.36756861625834,1.28129290376949,1.1984159934811,1.11891432479437,1.04276043546066,0.969923000053943,0.900366884240444,0.834053182292902,0.770939264524983,0.710978847549072,0.654122040205076,0.600315414243551,0.549502067082139,0.50162169664176,0.4566106927467,0.414402193786352,0.374926190017535,0.338109618901613,0.303876491494387,0.2721479696666,0.242842448923014,0.215875659746482,0.191160862957973,0.168609001505368,0.148128907950715,0.129627711682342,0.113011917334851,0.0981870886532526,0.0850576828964311,0.0735273942798357,0.0634998565538224,0.054878919235542,0.0475695283232373,0.0414783878856696,0.036514185638532,0.0325879644309951,0.02961317293176,0.0275050312107478,0.026180339524018,0.0255571339290781,0.0255569694819423,0.0261798577331188,0.0275042667221262,0.029612179400119,0.0325868113537499,0.0365129384450451,0.0414771089371368,0.0475682665159009,0.0548777013506058,0.0634987341769794,0.0735264214679984,0.0850567725357169,0.098186352502895,0.113011284399886,0.129627204767825,0.148128541923113,0.168608734566244,0.191160756097035,0.21587569456699,0.242842607848199,0.272148292403494,0.303876989471235,0.338110263553167,0.374926984128197,0.414403173693692,0.456611862585623,0.501623033478214,0.549503554558793,0.600317071999203,0.654123890564419,0.710980899270495,0.770941509057861,0.834055608391943,0.900369494581983,0.969925795728748,1.0427634120985,1.1189174726956,1.19841930386478,1.28129637351581,1.36757224790237,1.45726654765894,1.55039491529754,1.64696898752907,1.7469963716716,1.85048063080929,1.95742127325831,2.06781373458931,2.1816493682438,2.29891544298832,2.41959514550157
2.42155529536859,2.30077772765694,2.18341654828969,2.06948858804903,1.95900659257966,1.85197921923873,1.74841104061331,1.64830255605927,1.55165019940885,1.45844635272454,1.3686793657565,1.28233357948619,1.19938935594901,1.11982311541005,1.04360737331563,0.970710778797003,0.901098168983997,0.834730606549833,0.771565427184027,0.711556309907252,0.654653323037437,0.600802994930313,0.549948376786817,0.502029117550069,0.456981555379692,0.414738774359578,0.375230707884104,0.338384234072694,0.304123302262357,0.272369010290916,0.243039687383349,0.216050995578175,0.19131612524615,0.168745947002348,0.14824921936194,0.129732996283047,0.113103706462631,0.0982668369438691,0.0851267673851132,0.0735871137815313,0.0635514316140877,0.0549234923057893,0.0476081646513049,0.0415120769437401,0.036543842734265,0.0326144326203843,0.029637224973158,0.0275273710036116,0.0262016033923477,0.0255778916251444,0.0255777270444434,0.0262011212101343,0.0275266058940665,0.0296362306345632,0.0326132786066011,0.0365425945277981,0.0415107969564357,0.0476069018191191,0.0549222734316778,0.0635503083256418,0.0735861401795688,0.0851258562849973,0.0982661001956047,0.113103073013591,0.129732488956809,0.148248853037048,0.168745679846414,0.191316018298418,0.216051030426964,0.243039846437614,0.272369333289939,0.304123800643666,0.338384879247839,0.375231502639748,0.414739755062805,0.456982726168767,0.502030455472312,0.549949865471611,0.600804654032407,0.654655174899656,0.711558363295099,0.771567673539933,0.83473303461937,0.901100781445675,0.970713576742475,1.04361035237112,1.11982626586803,1.1993926690214,1.28233705205066,1.36868300035018,1.45845015049046,1.55165415768849,1.64830666810658,1.74841529524155,1.85198360507149,1.95901110551324,2.06949322843019,2.18342132024104,2.30078263937193,2.42156035884565
2.42343479020884,2.30256348075371,2.18511121127941,2.0710948256314,1.96052707934691,1.85341663650253,1.74976807323435,1.64958188928582,1.55285451572128,1.45957832869055,1.36974166890143,1.2833288651816,1.20032026432441,1.1206922682935,1.044417371203,0.971464197851118,0.90179755807596,0.835378484329462,0.772164279187152,0.712108585717586,0.655161433484122,0.60126930934037,0.550375220286346,0.502418768423579,0.457336242500432,0.415060674663879,0.375521943925965,0.338646871652425,0.304359348153399,0.272580410026642,0.243228323108202,0.216218683977526,0.191464615627907,0.168876919496476,0.148364283281147,0.129833688799791,0.11319149212382,0.0983431069399982,0.0851928386907628,0.0736442285626498,0.0636007571810229,0.0549661212808925,0.0476451158206576,0.0415442966227923,0.0365722063086972,0.0326397463755337,0.0296602279628163,0.0275487364260184,0.0262219398176511,0.0255977439553497,0.0255975792469091,0.026221457261191,0.0275479707226321,0.0296592328524637,0.0326385914660605,0.0365709571334325,0.0415430156420232,0.0476438520083221,0.0549649014607495,0.0635996330207346,0.0736432542050243,0.0851919268834947,0.0983423696199051,0.113190858183128,0.129833181079791,0.148363916671931,0.168876652133189,0.191464508597169,0.216218718853363,0.243228482285917,0.272580733276361,0.304359846921527,0.338647517328324,0.375522739298461,0.415061656128281,0.457337414198217,0.502420107384252,0.550376710126585,0.601270969730178,0.655163286783667,0.712110640699175,0.77216652728657,0.83538091428355,0.901800172565304,0.971466997968221,1.04442035257069,1.12069542119671,1.20032357996825,1.28333234044131,1.36974530631611,1.45958212940411,1.55285847707314,1.6495860045247,1.74977233116482,1.85342102573936,1.96053159578321,2.0710994696142,2.18511598693452,2.30256839628093,2.42343985761593
2.42523345786608,2.30427243800657,2.18673299573141,2.0726319873875,1.96198217797923,1.85479223801363,1.75106674702318,1.65080620512225,1.55400704072633,1.46066162432682,1.37075828797803,1.28428134887653,1.20121113922911,1.12152404348499,1.04519253534351,0.972185216316271,0.902466870123322,0.835998500294975,0.772737377716832,0.71263711105144,0.655647692774215,0.601715570021436,0.550783707493045,0.502791662463394,0.457675676394502,0.415368731729958,0.375800655438175,0.338898214571874,0.304585242952761,0.272782718572137,0.243408846603146,0.216379160981211,0.191606720219715,0.16900225955282,0.148474398906665,0.129930051061241,0.113275502585657,0.0984160969649328,0.0852560686172292,0.0736988871375752,0.0636479615148797,0.0550069170080938,0.0476804779146566,0.0415751307029911,0.0365993501150447,0.0326639715192773,0.0296822417149331,0.0275691830340341,0.0262414016803141,0.0256167425412975,0.0256165777106106,0.0262409187657018,0.0275684167623446,0.0296812458660119,0.0326628157526329,0.036598100012645,0.0415738487714811,0.0476792131643225,0.0550056962826032,0.0636468365202422,0.0736979120567838,0.0852551561332198,0.0984153590976024,0.113274868174455,0.129929542964413,0.148474032025353,0.169001991991097,0.191606613109538,0.216379195882933,0.243409005899003,0.272783042061772,0.304585742091074,0.338898860726992,0.375801451400994,0.415369713922801,0.457676848961919,0.502793002417841,0.550785198439041,0.601717231643582,0.655649547449275,0.712639167558231,0.772739627484785,0.83600093205257,0.902469486553134,0.972188018511616,1.04519551892396,1.12152719872828,1.20121445733381,1.28428482671557,1.37076192809239,1.46066542786126,1.5540110050183,1.65081032341546,1.75107100811388,1.85479663050814,1.96198669776762,2.07263663481706,2.186737774931,2.30427735718209,2.42523852903418
2.42695584409358,2.30590891844467,2.18828600036396,2.0741039581696,1.96337556593163,1.85610950031481,1.752310344104,1.65197859776873,1.55511068718795,1.46169897743467,1.37173179227667,1.2851934377727,1.20206423216159,1.12232054312095,1.0459348248011,0.972875656414619,0.903107796671171,0.83659222140601,0.773286171158775,0.713143221645165,0.656113329825554,0.602142904803297,0.55117487077221,0.503148742080584,0.458000714909507,0.415663724107103,0.376067546805319,0.339138898047278,0.304801557561922,0.272976447219598,0.243581714103255,0.216532832161024,0.191742798160967,0.169122283941947,0.148579844532522,0.130022326602699,0.113355950166872,0.0984859914855725,0.0853166169648207,0.0737512276443319,0.0636931639146595,0.0550459825899927,0.047714340303539,0.0416046571109734,0.0366253427535551,0.0326871692755584,0.0297033218646257,0.0275887625021498,0.0262600381660916,0.0256349353979083,0.0256347704501597,0.0262595549085162,0.0275879956862587,0.0297023253084585,0.0326860126880955,0.0366240917633402,0.0416033742690434,0.0477130746549869,0.0550447609975501,0.0636920381210576,0.073750251871044,0.0853157038327707,0.0984852530942133,0.113355315305115,0.130021818145024,0.148579477390653,0.169122016190203,0.191742690974722,0.216532867087533,0.243581873512243,0.272976770938974,0.30480205705472,0.339139544661291,0.376068343333426,0.415664706997493,0.458001888309674,0.503150082986658,0.551176362777066,0.602144567605516,0.656115185817792,0.713145279612475,0.773288422524499,0.836594654890624,0.903110414959156,0.972878460600065,1.04593781050047,1.12232370060508,1.20206755262279,1.28519691808168,1.37173543497622,1.46170278367036,1.55511465429534,1.65198271898672,1.7523146082209,1.85611389592886,1.96338008892995,2.07410860889974,2.1882907829577,2.30591384111376,2.4269609188632
2.42860618124239,2.30747694332619,2.18977404131344,2.07551435499285,1.96471066712081,1.85737166026226,1.75350192031836,1.65310194809896,1.55616816705262,1.46269293706056,1.37266457395068,1.28606737310981,1.20288163939313,1.1230837244082,1.04664606357407,0.973537214737099,0.90372191264277,0.837161106589788,0.773812008041233,0.713628161144153,0.656559488829506,0.602552363758682,0.551549671313776,0.50349088471266,0.458312156749636,0.415946376668325,0.376323273848917,0.339369513500548,0.305008823522151,0.273162072010709,0.243747350388947,0.216680075127031,0.191873183830567,0.169237287595005,0.148680879266051,0.130110742169175,0.1134330325481,0.0985529622509374,0.0853746325165788,0.0738013786971613,0.063736475454418,0.0550834140208867,0.0477467861960036,0.041632948400805,0.0366502480949032,0.032709396647299,0.0297235202113057,0.0276075229422121,0.0262778950696772,0.0256523672297635,0.02565220216985,0.0262774114834853,0.0276067556048839,0.0297225229774774,0.0327082392733533,0.0366489962540113,0.0416316646865387,0.0477455196868067,0.0550821915977576,0.0637353488952731,0.0738004022603446,0.0853737187635963,0.0985522233574699,0.113432397254636,0.130110233365747,0.148680511874525,0.169237019661189,0.191873076571435,0.21668011007729,0.243747509906334,0.273162395950215,0.305009323354605,0.339370160554261,0.376324070918666,0.415947360227084,0.458313330947719,0.503492226530555,0.551551164333201,0.602554027691611,0.656561346083826,0.713630220510887,0.773814260937893,0.837163541729179,0.903724532711199,0.9735400208294,1.04664905130373,1.12308688403942,1.20288496211226,1.28607085578541,1.37266821912728,1.4626967458845,1.55617213685765,1.6531060721194,1.75350618733487,1.85737605886533,1.96471519319478,2.07551900888549,2.18977882715937,2.3074818693427,2.42861125946287
2.43018841368286,2.30898026029193,2.19120067505597,2.07686654876082,1.96599067249083,1.85858173446761,1.75464432358002,1.65417894096421,1.5571820077386,1.46364587880687,1.37355886238475,1.28690524362751,1.20366531455899,1.12381541137987,1.04732795155091,0.974171472433987,0.904310685799322,0.83770651550416,0.774316145134932,0.714093088572782,0.656987236123551,0.602944925510515,0.551909004905705,0.503818908093901,0.458610746273073,0.416217364964306,0.37656844776661,0.339590612111642,0.305207536207202,0.273340036595985,0.243906151337427,0.216821241795682,0.191998188855366,0.169347545375224,0.14877774458422,0.130195509077332,0.113506933959249,0.0986171693237771,0.0854302539319422,0.0738494601590418,0.0637779996504298,0.0551193007633602,0.0477778931390029,0.0416600721897754,0.0366741256638294,0.0327307067587874,0.0297428850298122,0.0276255091924068,0.0262950150697694,0.0256690796996235,0.0256689145321738,0.0262945311685219,0.0276247413551598,0.0297418871462879,0.0327295486308147,0.0366728730073655,0.0416587876391716,0.0477766258046776,0.0551180775438247,0.0637768723573336,0.0738484830860784,0.0854293395836513,0.0986164299489219,0.113506298251892,0.130194999942419,0.148777376953339,0.16934727726685,0.191998081526355,0.216821276768711,0.243906310958738,0.273340360746536,0.305208036365296,0.33959125958691,0.376569245355648,0.41621834916385,0.458611921236143,0.503820250785988,0.551910498897828,0.602946590527494,0.656989094587868,0.714095149281189,0.77431839949935,0.83770895223004,0.904313307574719,0.974174280354453,1.04733094122707,1.12381857306958,1.20366863944286,1.28690872857207,1.37356250993617,1.46364969011226,1.55718598012994,1.65418306767143,1.75464859337649,1.85858613593636,1.96599520151353,2.07687120568546,2.19120546401987,2.30898518951774,2.43019349521179
2.43170622086859,2.31042236527896,2.1925692192031,2.07816368397625,1.96721855867158,1.85974253693706,1.75574021052761,1.65521208089235,1.55815456691447,1.46456001872282,1.37441673723084,1.28770899777889,1.20441708008193,1.12451730556108,1.04798207445008,0.974779904460355,0.904875485322399,0.838229716487921,0.774799754801777,0.714539085111574,0.657397566426464,0.603321502954217,0.552253707171915,0.504133575036886,0.458897177844479,0.416477319173539,0.376803638706013,0.339802708041475,0.305398157719915,0.273510754828924,0.244058486237494,0.21695666044757,0.192118103932342,0.169453313685125,0.148870665745615,0.130276824451117,0.113577826256745,0.0986787620165055,0.08548361055753,0.0738955838425639,0.0638178330664793,0.055153726271399,0.0478077334711833,0.0416860915537768,0.0366970309871984,0.0327511491663114,0.0297614613526884,0.0276427630794411,0.0263114379786257,0.0256851116720417,0.0256849464014344,0.0263109537751512,0.0276419947626309,0.0297604628459223,0.032749990315014,0.0366957775483708,0.0416848062008895,0.0478064653453272,0.0551525022878851,0.0638167050693169,0.0738946061593562,0.0854826956381705,0.0986780221798636,0.113577190152348,0.130276314998217,0.148870297885124,0.1694530454093,0.192117996536296,0.216956695442442,0.2440586459585,0.273511079181928,0.30539865819039,0.339803355921132,0.376804436793196,0.416478303987779,0.458898353541389,0.50413491856757,0.552255202097132,0.603323169011105,0.65739942605151,0.714541147107025,0.774802010574189,0.838232154735691,0.904878108735263,0.974782714134545,1.04798506599348,1.12452046922547,1.2044204070424,1.28771248490002,1.37442038706039,1.4645638324086,1.55815854178683,1.65521621017696,1.75574448299084,1.85974694115481,1.96722309052294,2.07816834380944,2.19257401115801,2.31042729758338,2.43171130557126
2.43316303828735,2.31180652242654,2.1938827713925,2.0794086966459,1.96839710492778,1.8608566950944,1.75679206165155,1.65620370634879,1.55908804592387,1.46543742592266,1.37524014024978,1.28848045482504,1.20513863754913,1.12519099565752,1.04860991284911,0.975363887974519,0.905417589610128,0.838731893782787,0.775263931670332,0.714967160253482,0.657791408502288,0.603682948455765,0.552584558330365,0.50443559777598,0.459172099788737,0.416726827690598,0.377029379011157,0.340006281359571,0.305581119523444,0.27367461312251,0.244204699892292,0.217086637596678,0.192233200483836,0.169554831926484,0.148959853073072,0.130354872344194,0.11364586990209,0.098737879741391,0.0855348231636459,0.0739398541465947,0.0638560658636984,0.0551867684655803,0.0478363747347845,0.0417110653864605,0.0367190159101715,0.0327707701403338,0.0297792912265992,0.0276593236567062,0.0263272009687563,0.0257004994346611,0.0257003340650413,0.0263267164751989,0.027658554879603,0.0297782921216351,0.0327696105947772,0.0367177617204179,0.0417097792635276,0.0478351058492034,0.0551855437487868,0.0638549371907612,0.0739388758776642,0.0855339076961649,0.0987371394615184,0.113645233416607,0.130354362586085,0.148959484992199,0.169554563489936,0.19223309302345,0.217086672612515,0.244204859708985,0.273674937669831,0.305581620293748,0.340006929627368,0.377030177576468,0.416727813094834,0.459173276189998,0.504436942111562,0.55258605415118,0.603684615510776,0.657793269241422,0.71496922348426,0.775266188794161,0.838734333491294,0.90542021459466,0.975366699331965,1.04861290618472,1.12519416121724,1.20514196650277,1.28848394403528,1.37524379226591,1.4654412418932,1.55909202317755,1.65620783810722,1.75679633667438,1.86086110195068,1.96840163949414,2.07941335927076,2.19388756621823,2.31181145768587,2.43316812603623
2.43456207651591,2.31313578218062,2.19514422646881,2.08060433056505,1.96952890857408,1.86192666435389,1.75780219505207,1.65715600270665,1.55998450199509,1.46628003406201,1.37603088608118,1.28922131492553,1.20583157715002,1.12583796636708,1.04921285039658,0.975924709976397,0.905938193367763,0.839214154101741,0.775709698707132,0.715378257403002,0.658169630311691,0.604030058579306,0.552902287520497,0.504725641917711,0.459436117986853,0.416966440389636,0.377246166175119,0.340201780706753,0.305756824834355,0.273831972592434,0.244345114531741,0.217211459690442,0.192343732162989,0.169652323828165,0.149045503120229,0.130429824760789,0.113711214851856,0.0987946527838017,0.0855840046141265,0.0739823686353228,0.0638927823006419,0.0552185001652564,0.0478638800502592,0.0417350487258879,0.0367401288837639,0.0327896129221303,0.0297964139455416,0.0276752274208859,0.0263423387790989,0.0257152768994821,0.0257151114347769,0.0263418540069638,0.0276744582017456,0.0297954142661046,0.0327884527098495,0.0367388739728668,0.0417337618634505,0.0478626104350848,0.0552172747442661,0.0638916529787319,0.0739813898038999,0.0855830886202631,0.0987939120782775,0.113710578000403,0.130429314709575,0.149045134827714,0.169652055237269,0.192343624640815,0.217211494726412,0.244345274440327,0.273832297326366,0.305757325892595,0.340202429347296,0.377246965199595,0.416967426360467,0.45943729506453,0.50472698702627,0.552903784201391,0.604031726592853,0.658171492120725,0.715380321820111,0.775711957128778,0.83921659521305,0.905940819861628,0.975927522950339,1.04921584545333,1.12584113374695,1.20583490801776,1.28922480614202,1.37603454019718,1.46628385222669,1.55998848153564,1.6571601368408,1.75780647253298,1.86193107374406,1.96953344574776,2.08060899587086,2.19514902405151,2.31314072027766,2.43456716719018
2.43590633857094,2.31441299777931,2.19635629212835,2.08175315214577,1.97061639901173,1.86295474139012,1.75877277896687,1.65807101405723,1.56084585935898,1.46708965178786,1.37679067205031,1.28993316832656,1.20649738627009,1.12645960640366,1.04979218128982,0.97646357426285,0.906438414064246,0.83967753261005,0.776138012745105,0.715773258974618,0.658533043702679,0.604363578392038,0.55320757674373,0.505004330037917,0.459689799150326,0.417196671596079,0.377454465528618,0.34038962571973,0.305925650801725,0.273983171008675,0.244480031553971,0.2173313946578,0.192449936224558,0.169745998655218,0.149127799733755,0.130501842585251,0.113774001368097,0.0988492030063069,0.0856312604762915,0.0740232185655246,0.0639280611886461,0.0552489894820923,0.047890308457396,0.0417580930519735,0.0367604152266884,0.0328077179574775,0.0298128662632003,0.0276905085091954,0.0263568839027591,0.0257294757861336,0.0257293102300658,0.0263563988629534,0.0276897388653248,0.0298118660317828,0.0328065571045766,0.0367591596228827,0.0417568054789852,0.0478890381411939,0.0552477633844765,0.0639269312431724,0.0740222391936324,0.0856303439766552,0.0988484618917965,0.113773364165001,0.130501332252409,0.149127431237885,0.169745729916019,0.192449828643015,0.217331429713116,0.244480191550851,0.273983495921911,0.305926152136628,0.340390274718425,0.377455264994282,0.417197658111321,0.459690976877936,0.505005675889188,0.553209074251027,0.604365247326592,0.658534906539727,0.71577532453161,0.776140272413756,0.839679975069237,0.906441042008349,0.976466388789996,1.04979517800031,1.12646277553243,1.20650071897699,1.28993666147075,1.37679432818395,1.46709347206077,1.56084984109686,1.65807515047407,1.75877705880963,1.86295915321497,1.97062093869064,2.08175782002757,2.19636109236007,2.31441793860296,2.43591143205606
2.43719863572685,2.31564084028182,2.19752150318131,2.08285756393502,1.971661850525,1.86394307623526,1.75970584319195,1.65895065397681,1.5616739193845,1.46786797226532,1.37752108710839,1.29061750373731,1.20713745732545,1.12705721581193,1.05034911709179,0.976981607768447,0.906919297818256,0.8401229983778,0.776549769523511,0.716152991040751,0.658882408686865,0.604684205388704,0.553501064455773,0.50527224496104,0.459933673806194,0.417418002795733,0.377654712691067,0.340570209241459,0.30608795049371,0.274128524574638,0.244609733112874,0.217446693320462,0.192552034774614,0.169836052311148,0.149206915021733,0.130571076429486,0.113834360757149,0.0989016444905655,0.0856766895769999,0.0740624893672419,0.0639619763069531,0.0552783001788315,0.0479157152262998,0.0417802465576453,0.0367799173640635,0.0328251231096942,0.0298286825865423,0.0277051988791927,0.0263708667581616,0.0257431257889498,0.0257429601450512,0.0263703814610326,0.0277044288270106,0.0298276818244819,0.0328239616409376,0.0367786610941349,0.0417789583015737,0.0479144442361695,0.0552770734307464,0.0639608457620207,0.0740615094757733,0.085675772591142,0.098900902982879,0.113833723216005,0.130570565825901,0.149206546330369,0.169835783429377,0.192551927135996,0.217446728394376,0.244609893194636,0.274128849660247,0.306088452094581,0.340570858584461,0.377655512580864,0.417418989834341,0.459934852158612,0.505273591526313,0.553502562757527,0.60468587520866,0.658884272512185,0.716155057693562,0.776552030390962,0.84012544213276,0.906921927156536,0.976984423788756,1.05035211539209,1.12706038662199,1.20714079180042,1.29062099873468,1.37752474518169,1.46787179456495,1.56167790323477,1.65895479258811,1.75971012530525,1.86394749040067,1.97166639261231,2.08286223429323,2.19752630595965,2.31564578372668,2.43720373191417
2.43844160195249,2.31682181228509,2.19864223456879,2.08391981695242,1.97266739396027,1.86489368332009,1.76060328950514,1.65979671535346,1.5624703698292,1.46861658187247,1.37822361999237,1.29127571597485,1.20775309491328,1.12763201264346,1.05088479295281,0.977479866352596,0.907381824770324,0.840551459356343,0.776945808287811,0.716518227573879,0.659218437342331,0.604992593073425,0.553783348845272,0.505529932753096,0.460168239021436,0.417630885107353,0.377847315807591,0.3407438993385,0.306244054710642,0.274268329550948,0.24473448356705,0.217557590680945,0.192650235911113,0.169922668343926,0.14928301023748,0.130637667406384,0.11389241604393,0.0989520841231667,0.085720384510153,0.0741002610824894,0.0639945967815871,0.055306491996735,0.0479401521412195,0.041801554396329,0.036798675045278,0.0328418638540799,0.0298438951525051,0.0277193284728896,0.0263843158452573,0.0257562547294593,0.0257560890010826,0.0263838303006277,0.0277185580279825,0.0298428938800581,0.0328407017929766,0.0367974181346543,0.0418002654832494,0.0479388805028869,0.0553052646230109,0.0639934656600791,0.0740992806912783,0.0857194670566343,0.0989513422373128,0.113891778177641,0.130637156542393,0.149282641358084,0.169922399325026,0.1926501282176,0.217557625772746,0.244734643730453,0.27426865480235,0.306244556567329,0.340744549012665,0.37784811610533,0.417631872649348,0.460169417974811,0.505531280005113,0.553784847911157,0.604994263744986,0.659220302118198,0.716520295280679,0.776948070308299,0.840553904357613,0.907384455449562,0.97748268380907,1.05088779278224,1.12763518507062,1.20775643108883,1.29127921275467,1.37822727993128,1.46862040612147,1.56247435571123,1.65980085607544,1.76060757380231,1.86489809973672,1.97267193836402,2.08392448969249,2.19864703979654,2.31682675825109,2.43844670073886
2.43963770710192,2.31795826045664,2.19972071325633,2.08494202196322,1.97363502739718,1.86580845156222,1.76146690119015,1.66061087936569,1.5632367932915,1.46933696814487,1.37889966668039,1.29190911294937,1.20834552234517,1.12818513905662,1.05140027329538,0.977959340087242,0.907826913991339,0.840963766925279,0.777326915992573,0.716869694322548,0.659541797379688,0.605289354232421,0.554054990829517,0.505777905456346,0.460393960892263,0.417835741541821,0.378032657593005,0.340911041144277,0.30639427364167,0.27440286373911,0.244854530803695,0.217664307099456,0.192744734766048,0.170006018865197,0.149356236587098,0.130701747836511,0.113948282588038,0.0990006221309136,0.0857624321004013,0.0741366087661016,0.0640259874315352,0.0553336209547634,0.0479636677598812,0.0418220589080742,0.0368167255430543,0.0328579734555734,0.0298585341894385,0.0277329253667002,0.0263972578882495,0.0257688886957134,0.0257687228860436,0.0263967721054504,0.0277321545438742,0.029857532425847,0.0328568108244555,0.0368154680158904,0.0418207693627567,0.0479623954977841,0.0553323929789875,0.0640248557551892,0.0741356278939886,0.085761514196853,0.0989998798811496,0.113947644408862,0.130701236721931,0.149355867526759,0.170005749714337,0.19274462701971,0.217664342208471,0.244854691045662,0.274403189150055,0.306394775744528,0.340911691137121,0.378033458283306,0.417836729568226,0.460395140423939,0.505779253369218,0.554056490630725,0.60529102572348,0.659543663070266,0.7168717630436,0.777329179122629,0.840966213125872,0.907829545960978,0.977962158925735,1.05140327459628,1.12818831303992,1.20834886015718,1.29191261144442,1.37890332841458,1.46934079426974,1.56324078112868,1.66061502211877,1.76147118758886,1.86581287014519,1.97363957403006,2.08494669699536,2.19972552084114,2.31796320884874,2.43964280838934
2.44078926898003,2.31905238699848,2.20075902911303,2.08592615978974,1.97456662590964,1.86668915359369,1.76229835174819,1.66139472369532,1.56397467494187,1.47003052704245,1.3795505372114,1.29251892205345,1.20891588762321,1.12871766689623,1.051896557014,0.978420958093519,0.908255427972344,0.841360720051577,0.777693831145871,0.717208072356776,0.659853115403949,0.605575063927567,0.554316516794607,0.50601664359071,0.460611276821073,0.418032969068627,0.378211097201436,0.341071958545114,0.306538898380078,0.274532387838614,0.244970107449579,0.21776704937039,0.192835714458696,0.170086265391066,0.149426735968138,0.130763441894516,0.114002068647306,0.0990473525704473,0.0858029138272962,0.0741716028523872,0.0640562090853982,0.0553597396232378,0.0479863076507003,0.0418417998263928,0.0368341038355315,0.0328734831312574,0.0298726280647745,0.0277460159085982,0.0264097179661465,0.0257810521697313,0.0257808862817957,0.0264092319540474,0.0277452447219272,0.0298716258283289,0.0328723199513525,0.0368328457147876,0.0418405096723819,0.0479850347880679,0.0553585110678308,0.0640550768748763,0.0741706215172813,0.0858019954904775,0.0990466099703254,0.114001430166896,0.130762930538678,0.149426366733594,0.170085996113161,0.192835606661499,0.217767084495977,0.244970267767183,0.27453271340316,0.306539400719939,0.341072608844768,0.37821189826968,0.418033957561402,0.460612456909513,0.506017992139826,0.554318017303753,0.605576736207607,0.659854981975173,0.71721014205431,0.777696095344173,0.841363167406829,0.908258061184329,0.978423778262566,1.05189955973158,1.12872084237772,1.20891922701074,1.29252242219988,1.37955420067401,1.47003435497333,1.5639786646614,1.66139886840387,1.76230264017017,1.86669357426232,1.97457117468863,2.08593083702861,2.20076383896712,2.31905733772632,2.44079437267537
2.44189846439078,2.3201062601442,2.20175914487324,2.0868740907533,1.97546395050357,1.86753745421053,1.76309921287494,1.66214973004772,1.56468540960218,1.47069856960351,1.38017746192966,1.29310629601272,1.20946526891211,1.12923060280268,1.0523745822366,0.978865592970561,0.908668176735745,0.841743069097979,0.778047247329494,0.717534001314479,0.660152979901337,0.605850262237519,0.554568421104554,0.506246598444234,0.460820597601397,0.418222940508081,0.378382971938285,0.341226955724084,0.306678202310827,0.274657146689598,0.245081431979888,0.217866011708042,0.192923346968485,0.170163559611997,0.14949464164598,0.130822866201024,0.114053875893825,0.0990923637765821,0.0858419062136752,0.0742053094908656,0.0640853188713393,0.0553848973744254,0.0480081146099906,0.0418608144676545,0.0368508427729943,0.0328884221991596,0.0298862034202456,0.0277586248437093,0.026421719632304,0.0257927681441968,0.0257926021808749,0.026421233399341,0.0277578533065792,0.0298852007283424,0.0328872584906578,0.0368495840805084,0.0418595237273443,0.0480068411689169,0.0553836682607121,0.0640841861462942,0.0742043277098005,0.0858409874595264,0.099091620838992,0.114053237123263,0.130822354612806,0.149494272243641,0.170163290211722,0.1929232391223,0.217866046849591,0.245081592370347,0.274657472402094,0.306678704878972,0.341227606319262,0.378383773370567,0.418223929450068,0.460821778226118,0.506247947606187,0.554569922295594,0.605851935277512,0.660154847320808,0.717536071952568,0.778049512556741,0.841745517565411,0.90867081114437,0.978868414421208,1.05237758631874,1.12923377972724,1.2094686098172,1.29310979774975,1.38018112705709,1.47070239927396,1.5646894011348,1.6621538766398,1.76310350324576,1.8675418768881,1.97546850134972,2.0868787701177,2.20176395691313,2.32011121312186,2.44190357040545
2.4429673392643,2.32112182378106,2.20272290526779,2.08778756332898,1.97632865630974,1.86835491811792,1.76387096177263,1.66287729104519,1.5653703082348,1.47134232804412,1.38078159720865,1.29367231824859,1.20999467955518,1.12972489289514,1.05283523068897,0.979294064855094,0.909065921603781,0.842111519313921,0.778387816425715,0.717848082377259,0.66044194397711,0.606115456770323,0.55481116840122,0.506468194172628,0.461022309329037,0.418406006265792,0.37854859882948,0.341376318576168,0.306812442382429,0.274777370411923,0.245188709734647,0.217961376650157,0.193007793935096,0.170238044098519,0.149560078873822,0.130880130365199,0.114103799886959,0.0991357387732672,0.0858794811816702,0.0742377908540152,0.0641133704828627,0.0554091406122336,0.0480291288610661,0.0418791379046941,0.0368669732307027,0.0329028182146496,0.0298992852958299,0.0277707754294325,0.0264332850240031,0.0258040582294275,0.0258038921934596,0.0264327985782048,0.0277700035545828,0.0298982821650255,0.0329016539967658,0.0368657139872582,0.0418778465993973,0.048027854862578,0.0554079109605091,0.064112237261998,0.0742368086432021,0.0858785620253617,0.0991349955104763,0.114103160836792,0.130879618553047,0.149559709309786,0.17023777458032,0.193007686041704,0.217961411807088,0.245188870195312,0.27477769626699,0.30681294517056,0.341376969456126,0.378549400612567,0.418406995640662,0.461023490470544,0.506469543925139,0.554812670249366,0.606117130542644,0.660443812213993,0.717850153921715,0.778390082644503,0.842113968853105,0.909068557165548,0.979296887540755,1.05283823608607,1.12972807121031,1.20999802192265,1.29367582151841,1.38078526394039,1.4713461593909,1.56537430151461,1.66288143945233,1.76387525402144,1.8683593427314,1.97633320914789,2.08779224474164,2.20272771941401,2.32112677892676,2.44297244751399
2.44399781794925,2.32210090627887,2.20365204540251,2.08866822208693,1.97716230010107,1.86914301703685,1.76461498785923,1.66357871655202,1.56603060389688,1.47196296135466,1.38136403070321,1.2942180077991,1.21050507267675,1.13020142706868,1.05327933169948,0.979707145146392,0.909449378656348,0.842466734038679,0.778716151578037,0.718150881000899,0.660720527867685,0.606371124968905,0.555045195714653,0.506681829725717,0.461216775155664,0.418582495924161,0.378708276061362,0.341520316006747,0.306941860273971,0.274893275450344,0.24529213385134,0.218053315886991,0.193089207392609,0.170309852948761,0.149623165461564,0.130935337482568,0.114151930507359,0.0991775556506692,0.0859157063793675,0.0742691054196517,0.064140414422682,0.055432512982971,0.0480493882369296,0.041896803126108,0.036882524249123,0.0329166970955909,0.0299118972434796,0.0277824895410723,0.0264444349629944,0.0258149427515262,0.0258147766455221,0.0264439483120063,0.0277817173406348,0.0299108936895402,0.0329155323866234,0.0368812644745115,0.0418955112761202,0.0480481137010507,0.0554312828125617,0.0641392807238083,0.074268122794528,0.0859147868353456,0.0991768120743594,0.114151291187632,0.130934825454525,0.149622795741641,0.170309583316876,0.193089099453706,0.218053351058752,0.24529229437969,0.274893601442862,0.306942363274185,0.341520967161255,0.378709078182654,0.418583485716364,0.461217956795394,0.506683180047574,0.5550466981963,0.606372799447247,0.660722396892617,0.718152953419161,0.77871841875275,0.842469184611113,0.909452015329833,0.979709969022702,1.05328233836429,1.13020460672451,1.21050841645408,1.29422151254665,1.38136769898163,1.47196679431757,1.56603459886111,1.66358286670902,1.76461928191857,1.86914744351669,1.97716685485967,2.08867290547428,2.20365686157942,2.32210586351472,2.44400292835367
2.44499171174782,2.32304522859923,2.20454819845389,2.08951761498652,1.97796634719734,1.86990313623156,1.76533259893089,1.66425523948411,1.56666745720916,1.47256156044025,1.38192578617352,1.29474432383854,1.21099734540958,1.13066104294118,1.05370766587729,0.980105559927624,0.90981922190699,0.84280933764344,0.779032829910648,0.71844292942329,0.660989221248017,0.606617716228647,0.555270914401426,0.506887880616888,0.461404336899481,0.418752719704163,0.378862284303218,0.341659201124266,0.307066683467022,0.275005065534496,0.245391886121526,0.218141991022797,0.193167730443811,0.170379112383215,0.149684012298325,0.130988584592275,0.114198352355608,0.0992178879115223,0.085950645480844,0.0742993082302923,0.0641664982267114,0.0554550555689291,0.0480689283480715,0.0419138411825665,0.0368975231627297,0.0329300832372937,0.0299240614315796,0.0277937877688615,0.026455189047848,0.0258254408425321,0.0258252746689781,0.0264547021989549,0.0277930152543954,0.0299230574695277,0.0329289180546772,0.0368962628758092,0.0419125488072256,0.0480676532938806,0.0554538248982498,0.0641653640667997,0.0742983252055671,0.0859497255628737,0.0992171440328243,0.11419771277589,0.130988072356007,0.14968364242805,0.17037884264168,0.193167622461013,0.218142026208861,0.245392046715158,0.275005391659584,0.30706718667179,0.341659852543577,0.378863086750706,0.418753709898881,0.461405519019745,0.506889231487876,0.555272417494083,0.606619391387944,0.660991091033021,0.718445002684337,0.779035098007346,0.842811789212441,0.909821859652724,0.980108384952312,1.05371067376482,1.13066422389007,1.21100069054671,1.29474783001136,1.38192945594371,1.4725653949619,1.56667145379801,1.66425939132884,1.76533689473649,1.86990756451151,1.97797090380822,2.08952230027845,2.20455301658938,2.32305018785102,2.44499682423047
2.44595072676252,2.32395641175103,2.20541290274422,2.09033720008231,1.97874217781322,1.87063658051077,1.76602502682755,1.66490802115011,1.56728196138408,1.4731391528467,1.38246782792024,1.29525216983278,1.21147234278132,1.13110452948206,1.05412096849416,0.980489993111364,0.910176086222841,0.843139918236187,0.779338395028616,0.718724728970181,0.661248485352958,0.606855653844244,0.555488711926702,0.507086700549875,0.461585316526042,0.418916969809271,0.379010887923184,0.341793212336743,0.30718712623112,0.275112932561488,0.245488137778391,0.218227554275924,0.193243497880143,0.170445941291544,0.149742723832832,0.131039963097476,0.114243145118723,0.0992568047895538,0.0859843584620142,0.0743284511316086,0.0641916666700009,0.055476807066358,0.0480877827367408,0.0419302813213305,0.0369119957184232,0.0329429996181994,0.0299357987409848,0.027804689507161,0.0264655657388576,0.0258355705233038,0.0258354042845704,0.0264650786990045,0.0278039166896865,0.0299347943851423,0.0329418339785557,0.0369107349371722,0.0419289884390728,0.0480865071824271,0.0554755759129648,0.0641905320652302,0.0743274677213053,0.0859834381832185,0.0992560606190794,0.114242505288139,0.131039450660291,0.14974235381748,0.170445671444206,0.19324338985499,0.21822758947579,0.245488298435014,0.275113258814495,0.307187629633263,0.341793864011565,0.379011690685421,0.41891796039238,0.461586499109977,0.507088051950724,0.555490215608927,0.606857329660599,0.661250355871359,0.718726803044437,0.779340664014945,0.843142370766783,0.910178725003195,0.980492819244129,1.05412397756149,1.13110771167864,1.21147568923054,1.29525567738085,1.38247149912985,1.47314298887239,1.56728595954054,1.66491217462335,1.76602932431812,1.87064101052765,1.97874673621137,2.09034188721198,2.20541772276955,2.32396137294803,2.44595584125048
2.44687647111756,2.32483598365165,2.20624760825276,2.09112835169544,1.97949109290017,1.87134457975041,1.76669343264684,1.66553815616689,1.56787514685288,1.47369670710976,1.38299106486599,1.29574239736331,1.21193086129126,1.13153263035166,1.05451993259652,0.980861089334346,0.910520570011782,0.843459030150946,0.779633359318769,0.718996752177107,0.661498754929487,0.607085336801356,0.555698953504233,0.507278622915856,0.461760017511009,0.419075521662254,0.37915433610722,0.341922574360865,0.307303390530699,0.27521705740813,0.245581050221513,0.218310149123104,0.19331663675222,0.170510451735791,0.149799398515516,0.131089559152211,0.114286383907444,0.0992943715425258,0.0860169018544863,0.0743565829918712,0.0642159619562512,0.0554978039492534,0.0481059830189166,0.0419461511100445,0.0369259661845066,0.0329554678971394,0.0299471288534008,0.0278152130365491,0.026475582436176,0.025845348779795,0.0258451824781436,0.0264750952119879,0.0278144399265784,0.0299461241174294,0.032954301816324,0.0369247049260746,0.0419448577384563,0.0481047069818307,0.0554965723298928,0.0642148269220549,0.0743555992093664,0.0860159812273831,0.0992936270903975,0.114285743834697,0.131089046521078,0.14979902836012,0.170510181786321,0.193316528686182,0.218310184336293,0.245581210938941,0.275217383784618,0.30730389412337,0.341923226282332,0.379155139173287,0.419076512620279,0.461761200542528,0.507279974828184,0.555700457755572,0.607087013251976,0.661500626155843,0.718998827036359,0.779635629163865,0.843461483609777,0.910523209790864,0.980863916536748,1.05452294280272,1.13153581375264,1.21193420900705,1.29574590623892,1.38299473746508,1.47370054458731,1.56787914652256,1.66554231121214,1.76669773176392,1.87134901144396,1.97949565302358,2.0911330405991,2.20625243010238,2.32484094672636,2.44688158754126
2.44777046161054,2.32568538544681,2.20705368261336,2.09189236609832,1.98021431952761,1.87202829398083,1.76733891154675,1.66614667698716,1.56844798552782,1.47423513676129,1.38349635431499,1.29621580964965,1.21237365220487,1.13194604697729,1.05490521187217,0.981219456623885,0.910853237697649,0.84376719624068,0.77991820606909,0.719259444743942,0.661740440034968,0.607307141426939,0.555901983606999,0.507463962172467,0.461928726095428,0.419228635044408,0.379292863889824,0.342047499151478,0.307415666860475,0.275317610679099,0.245670775684463,0.218389910892911,0.193387266895355,0.170572749413914,0.149854129205727,0.131137454017764,0.114328139566912,0.0993306497221611,0.0860483289793946,0.0743837499040833,0.0642394238923823,0.0555180806202244,0.0481235590150822,0.0419614765507653,0.0369394574510672,0.0329675085029237,0.0299580703327941,0.0278253755994362,0.0264852555517882,0.0258547916333144,0.025854625270903,0.0264847681495879,0.0278246022070022,0.0299570652297325,0.0329663419960691,0.036938195731822,0.041960182706631,0.0481222825117835,0.0555168485508794,0.06423828844349,0.0743827657621438,0.0860474080159311,0.09932990499804,0.114327499260308,0.131136941199337,0.149853758915091,0.170572479365816,0.193387158789834,0.218389946118965,0.245670936460611,0.275317937174831,0.307416170637139,0.342048151311132,0.379293667249299,0.419229626364489,0.461929909559179,0.507465314578729,0.555903488407931,0.607308818490066,0.661742311944995,0.719261520361264,0.779920476743496,0.843769650595905,0.910855878441199,0.981222284859234,1.05490822317818,1.13194923154136,1.21237700114378,1.29621931980726,1.3835000282559,1.4742389756409,1.56845198665882,1.66615083355049,1.76734321223455,1.87203272729355,1.98021888131711,2.09189705671511,2.20705850622469,2.32569035033483,2.44777557990357
2.44863412984518,2.32650597733755,2.20783241664407,2.09263046675572,1.98091301584427,1.87268881807703,1.76796249717362,1.66673455807394,1.56900139473184,1.47475530402288,1.38398450541931,1.29667316479695,1.21280142459136,1.13234544138924,1.05527742329327,0.981565668856278,0.911174622002329,0.844064909991319,0.780193391422769,0.719513227336972,0.661973927695106,0.607521422910824,0.556098127359997,0.507643015115228,0.462091712443067,0.419376555145912,0.37942669310433,0.342168186758584,0.307524135015665,0.275414753396731,0.245757457850322,0.218466967312933,0.193455501414082,0.17063293408714,0.149907003547196,0.131183724391226,0.114368478963118,0.0993656974230125,0.0860786901629897,0.0744099953723465,0.0642620900494822,0.0555376695495918,0.0481405388707963,0.0419762821850942,0.036952491122527,0.0329791407169387,0.0299686407004505,0.0278351934697795,0.0264946005758684,0.0258639142053028,0.0258637477841922,0.0264941130016937,0.0278344198044626,0.0299676352427496,0.0329779737984954,0.0369512289580983,0.0419749878844415,0.0481392619170978,0.055536437045525,0.0642609541999597,0.0744090108831636,0.0860777688745747,0.0993649524361238,0.114367838430588,0.131183211391856,0.149906633125907,0.170632663943758,0.193455393270417,0.218467002551415,0.245757618683198,0.275415080007664,0.30752463897008,0.342168839148345,0.379427496747261,0.419377546815769,0.462092896324391,0.507644367998671,0.556099632691881,0.607523100565683,0.661975800265615,0.719515303686653,0.780195662898356,0.844067365212535,0.911177263677636,0.981568498089538,1.05528043566179,1.13234862707694,1.2128047747119,1.29667667619308,1.38398818065653,1.47475914425699,1.5690053972746,1.66673871610387,1.76796679937888,1.87269325295399,1.98091757924335,2.09263515902755,2.20783724195736,2.32651094397737,2.44863924994414
2.44946882789076,2.32729904395728,2.20858502944999,2.09334380916136,1.98158827565652,1.87332718608692,1.76856516574834,1.6673027197528,1.5695362408249,1.47525802321436,1.38445628237762,1.29711517879293,1.21321484812672,1.13273143883791,1.05563714955536,0.981900268025429,0.911485226051703,0.844352637472579,0.780459346181405,0.719758497251863,0.662199583433926,0.607728516709839,0.556287691825508,0.507816062050824,0.462249231708421,0.419519513535111,0.379556033259853,0.342284826118162,0.307628964802744,0.275508637637575,0.245841232419685,0.218541439014693,0.193521447129274,0.170691099974342,0.149958104314499,0.131228442708685,0.114407465247227,0.0993995695121195,0.0861080329355865,0.0744353604838393,0.064283995911332,0.0555566014037483,0.0481569491679569,0.0419905911911942,0.0369650876030477,0.0329903827493705,0.0299788565042394,0.0278446820174169,0.0265036321380154,0.0258727307771111,0.0258725642992704,0.026503144397635,0.0278439080883706,0.0299778507037949,0.0329892154331443,0.0369638250083686,0.0419892964493362,0.0481556717789664,0.0555553684795417,0.0642828596746175,0.0744343756590607,0.0861071113331199,0.0993988242712773,0.114406824496351,0.131227929534443,0.14995773376694,0.170690829738872,0.193521338948745,0.218541474265188,0.245841393307386,0.275508964359843,0.307629468928948,0.342285478730312,0.379556837176732,0.419520505543012,0.46225041599331,0.507817415395443,0.556289197670534,0.607730194936583,0.662201456642763,0.719760574309336,0.7804616184313,0.84435509353074,0.911487868627511,0.981903098223126,1.05564016295075,1.13273462561156,1.21321819938926,1.29711869138603,1.38445995886766,1.47526186475754,1.56954024473206,1.66730687920013,1.76856946942015,1.87333162247566,1.98159284061118,2.09334850303271,2.20858985640815,2.32730401229014,2.44947394973507
2.45027583350915,2.32806579933819,2.20931267313632,2.09403348530502,1.98224113265702,1.87394437522893,1.76914783984038,1.66785203176979,1.57005334255333,1.47574406390194,1.38491240738953,1.29754252827583,1.21361455568275,1.13310463021102,1.05598494133005,0.982223766338197,0.911785525320725,0.8446308191398,0.780716477470494,0.719995629949596,0.662417752686886,0.607928739844692,0.556470967190206,0.507983367880774,0.462401525023135,0.419657729053755,0.379681082351251,0.342397595782598,0.307730316695918,0.275599407120312,0.245922227635275,0.218613440000021,0.193585204991116,0.170747336116284,0.150007509733064,0.131271677425271,0.11444515809973,0.0994323178411241,0.0861364022153163,0.0744598840676604,0.0643051750115854,0.055574905163715,0.0481728150275673,0.0420044254733966,0.0369772661754144,0.0330012518096045,0.0299887333825881,0.0278538557674866,0.0265123640638108,0.0258812548452122,0.0258810883125234,0.0265118761627387,0.0278530815834604,0.0299877272507711,0.0330000841087926,0.0369760031647588,0.0420031303049711,0.0481715372177264,0.0555736718333074,0.0643040384005246,0.0744588989184199,0.0861354803092172,0.0994315723547538,0.114444517137751,0.131271164081957,0.150007139063424,0.170747065791783,0.193585096774945,0.218613475262129,0.245922388575982,0.275599733950223,0.307730820988212,0.342398248609758,0.379681886532991,0.419658721388484,0.4624027096982,0.507984721671268,0.55647247353135,0.607930418624347,0.662419626512873,0.719997707691379,0.780718750469008,0.844633276007137,0.911788168767161,0.982226597468336,1.05598795571823,1.13310781803459,1.2136179080494,1.2975460420262,1.38491608509084,1.47574790671076,1.57005734777962,1.6678561925875,1.76915214493008,1.87394881307929,1.98224569911566,2.09403818072281,2.20931750168477,2.32807076930793,2.45028095704092
2.4510563549869,2.32880739150228,2.21001643716519,2.09470052780205,1.9828725643338,1.87454130958749,1.76971139185661,1.66838331658055,1.57055347414599,1.47621415380846,1.38535356338674,1.29795585309329,1.21400114572027,1.13346557426815,1.05632131934742,0.982536648151378,0.912075969431498,0.844899871499575,0.780965170279019,0.720224980476331,0.66262876210719,0.608122392098818,0.556648227862533,0.508145183103186,0.462548820407878,0.419791408644579,0.37980202760787,0.342506664595906,0.307828342443979,0.275687197749257,0.246000564766915,0.218683078072156,0.193646870460857,0.170801726712349,0.150055293774995,0.131313493274021,0.114481613956128,0.0994639914423555,0.0861638404779909,0.0744836028416656,0.0643256590605812,0.0555926082347371,0.0481881602047341,0.0420178057450354,0.0369890450739545,0.0330117641713059,0.0299982861236205,0.0278627284553559,0.026520809427102,0.0258894991722391,0.0258893325865024,0.0265203213706118,0.0278619540247179,0.0299972796713059,0.0330105960985295,0.0369877816609741,0.0420165101640413,0.048186881987854,0.055591374511459,0.0643245220874594,0.0744826173786114,0.0861629182782239,0.0994632457185146,0.114480972789974,0.131312979767185,0.150054922987281,0.170801456301737,0.193646762210215,0.218683113345497,0.246000725758889,0.275687524683278,0.307828846896913,0.342507317631021,0.379802832045777,0.419792401295411,0.462550005460315,0.508146537324922,0.556649734683514,0.608124071413239,0.662630636530074,0.720227058879967,0.780967444001584,0.844902329149534,0.912078613719988,0.982539480183356,1.05632433469581,1.13346876310718,1.2140044991548,1.29795936796295,1.38535724225956,1.47621799784139,1.57055748064812,1.66838747872366,1.76971569831767,1.8745457488515,1.98287713224705,2.09470522471554,2.21002126725175,2.32881236305517,2.45106148015074
2.45181153560578,2.32952490670898,2.21069735238665,2.09534591371402,1.98348349558687,1.8751188635321,1.77025664726921,1.6688973523933,1.57103736817893,1.47666898150592,1.38578039655981,1.29835575866969,1.21437518450346,1.13381479970807,1.05664677632276,0.982839371763797,0.912356983816851,0.845160188650812,0.781205788883898,0.720446884777056,0.662832920774387,0.608309757127568,0.556819733488,0.508301744739591,0.462691333616009,0.419920748116981,0.379919046186279,0.342612192318439,0.307923185631767,0.275772138117189,0.246076358560219,0.218750455234619,0.193706533864019,0.170854351432063,0.150101526432759,0.131353951505394,0.11451688621574,0.0994946367102461,0.0861903879142606,0.0745065515483226,0.06434547806267,0.0556097365476812,0.04820300717656,0.0420307516050855,0.0370004415520053,0.0330219352326308,0.0300075287198726,0.0278713130774418,0.026528980598375,0.0258974758342068,0.0258973091971443,0.0265284923915126,0.0278705384081984,0.0300065219574659,0.0330207667999663,0.0369991777497621,0.0420294556249176,0.048201728565856,0.0556085024442879,0.0643443407392421,0.0745055657816432,0.0861894654303599,0.0994938907566447,0.114516244852041,0.131353437840344,0.150101155530803,0.170854080938136,0.193706425580024,0.218750490518828,0.246076519601795,0.27577246515194,0.307923690240125,0.342612845554756,0.379919850872037,0.419921741073653,0.462692519033565,0.508303099378568,0.556821240773238,0.608311436959393,0.662834795774788,0.720448963821056,0.781208063307006,0.845162647057983,0.912359628920058,0.982842204668336,1.0566497926002,1.1338179895296,1.2143785389712,1.29835927462229,1.3857840765661,1.47667282672321,1.57104137591549,1.66890151581879,1.77026095505711,1.87512330416387,1.98348806490752,2.09535061207465,2.21070218396138,2.32952987979363,2.4518166623487
2.45254245778243,2.33021937338826,2.21135639477113,2.09597056808645,1.98407480207715,1.87567786488327,1.7707843876045,1.66939487598665,1.5715057182279,1.47710919890863,1.38619351869791,1.29874281819829,1.21473720815016,1.13415280708315,1.05696177874055,0.983132371075724,0.912628971260751,0.845412143711687,0.781438678168955,0.72066166091198,0.663030521313487,0.608491103485271,0.556985729889311,0.508453277193152,0.462829268914776,0.42004593285601,0.380032305811726,0.342714330205352,0.308014982200065,0.275854349970965,0.246149717652061,0.218815668060549,0.19376428071744,0.17090528570357,0.150146273972619,0.131393110109044,0.114551025435056,0.0995242975693183,0.0862160825751371,0.0745287630805067,0.0643646604248541,0.0556263146529271,0.0482173772235292,0.0420432816091267,0.0370114719443839,0.0330317795719802,0.0300164744189564,0.0278796219382677,0.0265368892895455,0.0259051962642364,0.0259050295774968,0.0265364009371411,0.0278788470380836,0.0300154673564186,0.0330306107909883,0.0370102077653821,0.0420419852426074,0.0482160982316521,0.0556250801816289,0.0643635227623728,0.0745277770199552,0.0862151598162301,0.0995235513933369,0.114550383880157,0.131392596290862,0.150145902960091,0.170905015129005,0.193764172401164,0.218815703355276,0.246149878741647,0.275854677103209,0.308015486958855,0.342714983636408,0.380033110737372,0.420046926108698,0.462830454685723,0.508454632235968,0.556987237623893,0.608492783817879,0.663032396872854,0.720663740575775,0.781440953270104,0.845414602851746,0.912631617152503,0.983135204824794,1.05696479591719,1.13415599785561,1.21474056361791,1.29874633519905,1.38619719980127,1.47711304527224,1.57150972715922,1.66939904065332,1.77078869667661,1.87568230683885,1.98407937275998,2.09597526784773,2.21136122778622,2.33022434795547,2.45254758605371
2.45325014690458,2.3308917657856,2.21199448886846,2.09657536722731,1.98464731332991,1.8762190978464,1.77129535321278,1.6698765853208,1.57195918132643,1.47753542358376,1.3865935093571,1.29911757467274,1.21508772453194,1.13448007057328,1.05726676850779,0.983416057126676,0.912892313325826,0.845656090142028,0.781664164847243,0.720869610183789,0.663221840932071,0.608666685577028,0.557146449937595,0.508599993043982,0.46296281980927,0.4201671384794,0.380141965372577,0.342813221542674,0.308103860927392,0.275933948643009,0.246220744955605,0.218878808034966,0.193820192032365,0.170954600980957,0.150189599169491,0.131431024019343,0.114584079506913,0.0995530156298582,0.086240960506852,0.0745502685980775,0.0643832330574659,0.0556423658073771,0.0482312905049289,0.0420554133351075,0.0370221517252809,0.0330413109996683,0.0300251357705119,0.0278876666940731,0.0265445465954674,0.0259126712930764,0.0259125045582389,0.0265440581021474,0.0278868915702891,0.0300241284173829,0.0330401418814208,0.0370208871814961,0.0420541165945175,0.0482300111439944,0.0556411309798681,0.0643820950667085,0.0745492822529951,0.0862400374816798,0.0995522692385652,0.114583437766891,0.131430510052898,0.150189228049907,0.170954330328317,0.193820083684834,0.218878843339878,0.246220906091673,0.275934275869649,0.308104365831831,0.342813875162281,0.380142770530487,0.420168132018693,0.462964005922375,0.508601348477799,0.557147958107239,0.608668366394502,0.663223717032637,0.720871690447678,0.781666440604879,0.84565854999168,0.91289495998106,0.983418891693435,1.05726978655505,1.13448326226644,1.21509108096793,1.29912109268834,1.38659719152265,1.47753927105724,1.57196319141454,1.66988075118919,1.77129966352829,1.87622354108373,1.98465188533163,2.09658006834472,2.21199932327814,2.33089674178823,2.45325527665564
2.453935574889,2.33154300734242,2.21261251101593,2.09716114174768,1.98520181561313,1.87674330573291,1.77179024583728,1.67034314195937,1.57239838024571,1.47794824089413,1.38698091787128,1.29948054277114,1.21542721503639,1.13479703963129,1.05756216448731,0.983690819521672,0.91314737167734,0.845892362969776,0.781882558594691,0.721071018183118,0.663407142382162,0.608836744541463,0.557302114360439,0.508742093786766,0.463092169713863,0.420284531446934,0.380248175471636,0.342909002144491,0.308189943876844,0.276011043451499,0.246289538017393,0.218939961872219,0.193874344595541,0.171002364992192,0.150231561524765,0.131467745305999,0.114616093826677,0.0995808303322981,0.0862650558759319,0.0745710976360002,0.0644012214675435,0.0556579120551546,0.0482447661287981,0.0420671634443383,0.0370324955619533,0.0330505426058418,0.030033524669752,0.027895458393259,0.026551963032431,0.0259199111866837,0.0259197444052611,0.026551474402628,0.0278946830529086,0.0300325170351727,0.0330493731609475,0.0370312306648602,0.0420658663414442,0.0482434864104156,0.0556566768826399,0.0644000831588361,0.074570111015337,0.0862641325928703,0.0995800837324664,0.114615451907355,0.131467231195954,0.150231190301492,0.171002094263933,0.193874236217738,0.218939997186995,0.246289699198482,0.276011370769565,0.308190448922351,0.342909655946716,0.380248980854504,0.420285525263818,0.463093356158364,0.508743449599286,0.55730362295146,0.60883842582855,0.663409019006903,0.721073099028224,0.781884834988164,0.8458948235067,0.913150019072037,0.983693654880397,1.05756518337779,1.13480023221621,1.21543057241016,1.29948406176966,1.38698460106562,1.47795208944258,1.57240239145422,1.67034730899169,1.77179455735708,1.87674775021165,1.98520638889225,2.09716584417856,2.21261734677632,2.33154798473533,2.4539407060733
2.45459966348394,2.33217397383381,2.2132112923159,2.09772867938404,1.98573905460908,1.87725119348583,1.77226973099855,1.6707951733173,1.57282390561064,1.47834820598723,1.38735626521877,1.29983221060489,1.21575613620276,1.1351041405101,1.057848363921,0.983957027755036,0.91339448931206,0.846121279929347,0.782094153102327,0.721266155758941,0.663586674853005,0.609001509070069,0.557452932491879,0.508879770515407,0.463217492575415,0.420398269626052,0.380351078937871,0.343001800814412,0.308273346810847,0.276085738071809,0.246356189348798,0.218999211810621,0.193926811230123,0.171048641969249,0.150272217468478,0.131503323350978,0.114647111446489,0.0996077790812278,0.0862884010852906,0.074591278204699,0.0644186498454985,0.055672974302506,0.0482578222168549,0.0420785477381031,0.0370425173645614,0.0330594868049583,0.030041652397881,0.0279030075139282,0.0265591485738948,0.0259269256811051,0.0259267588545478,0.0265586598118579,0.0279022319637537,0.0300406444906137,0.0330583170435866,0.0370412521251595,0.0420772502841847,0.0482565421521525,0.0556717387957267,0.0644175112287398,0.0745902913170347,0.0862874775523684,0.0996070322793499,0.11464646935345,0.131502809101804,0.150271846144743,0.171048371167725,0.193926702822991,0.218999247134954,0.246356350573506,0.276086065478453,0.308273851993031,0.343002454793571,0.380351884538694,0.420399263711885,0.463218679340993,0.508881126694839,0.557454441491157,0.609003190812148,0.663588551985602,0.721268237167169,0.782096430111841,0.846123741132146,0.913397137423201,0.983959863881072,1.05785138362847,1.13510733395899,1.2157594944851,1.29983573055573,1.38735994940986,1.47835205557718,1.57282791790467,1.67079934147731,1.77227404368514,1.87725563916735,1.98574362912583,2.09773338308751,2.21321612938495,2.3321789525737,2.45460479605684
2.45524328733661,2.33278549628305,2.21379162140171,2.09827872761984,1.98625973789595,1.87774343002589,1.77273444020927,1.67123327474886,1.57323631786538,1.47873584564272,1.38772004575608,1.30017304134306,1.21607492124129,1.13540177768123,1.05812574375188,0.984215032440074,0.913633991699747,0.846343142519047,0.782299227053675,0.721455279919951,0.663760674800372,0.609161196168287,0.557599102969057,0.509013204558977,0.463338953452165,0.420508502817223,0.380450811301742,0.343091739774235,0.30835417957641,0.27615813088154,0.246420786733894,0.219056635886137,0.193977661038031,0.171093492861871,0.150311620547112,0.131537805012845,0.114677173218543,0.0996338973698767,0.0863110268820645,0.0746108368832762,0.0644355411456214,0.0556875723873764,0.0482704759648036,0.0420895812102464,0.0370522303324614,0.0330681553771011,0.0300495296596376,0.0279103239987564,0.0265661126836774,0.0259337240148795,0.0259335571445784,0.0265656237934815,0.0279095482452239,0.0300485214880857,0.0330669853090048,0.0370509647612994,0.0420882834161209,0.0482691955644537,0.0556863365566332,0.0644344022303045,0.0746098497368388,0.0863101031069815,0.0996331503721789,0.11467653095714,0.131537290628828,0.150311249126012,0.17109322198934,0.193977552602474,0.219056671219732,0.246420948000877,0.276158458374035,0.308354684891059,0.343092393924874,0.380451617113801,0.420509497163716,0.463340140528926,0.509014561094015,0.557600612364012,0.609162878351339,0.663762552425173,0.721457361873949,0.782301504660249,0.8463456043672,0.913636640505252,0.984217869309772,1.05812876425115,1.13540497196748,1.21607828040421,1.30017656221688,1.3877237309132,1.47873969624208,1.57324033121148,1.67123744400181,1.77273875402669,1.87774787687312,1.98626431361218,2.09828343255667,2.21379645973909,2.33279047632843,2.45524842125533
2.45586727684481,2.33337836367101,2.2143542470088,2.09881199612242,1.98676453725469,1.8782206504323,1.77318497303313,1.67165801148863,1.57363614910057,1.47911165998985,1.38807272882962,1.30050347472245,1.21638398144561,1.13569033515352,1.05839466185294,0.984465166452137,0.913866187844257,0.84655823698402,0.782498045033332,0.721638634672462,0.663929366717449,0.609316011862997,0.557740814379827,0.509142568072898,0.463456709051858,0.420615373242333,0.380547501237058,0.343178935062405,0.308432546463251,0.276228315281255,0.246483413515654,0.2191123081868,0.194026959625237,0.171136975536284,0.150349821598171,0.131571234779534,0.11470631792827,0.0996592188958291,0.0863329624578561,0.0746297989061654,0.0644519171609178,0.0557017251440853,0.0482827436983977,0.0421002780960561,0.0370616469972384,0.0330765595063853,0.0300571666181951,0.0279174172874075,0.0265728643468115,0.0259403149591567,0.0259401480464462,0.0265723753323662,0.0279166413367206,0.0300561581904207,0.0330753891409212,0.037060381104437,0.0420989799721018,0.0482814629726396,0.055700488999261,0.0644507779561506,0.074628811508849,0.0863320384479997,0.099658471708285,0.114705675503638,0.131570720264788,0.150349450082676,0.171136704594911,0.194026851162121,0.219112343529376,0.246483574823622,0.27622864285698,0.308433051906323,0.343179589379294,0.380548307253911,0.420616367841535,0.46345789643031,0.509143924952694,0.557742324158389,0.609317694473569,0.663931244819441,0.72164071715558,0.782500323218749,0.846560699457841,0.913868837322945,0.984468004042814,1.05839768311985,1.13569353025159,1.21638734146224,1.30050699649107,1.38807641492331,1.47911551156783,1.57364016346664,1.67166218180118,1.77318928794689,1.87822509840968,1.98676911413383,2.09881670225499,2.21435908657583,2.33338334498204,2.45587241206829
2.45647242080957,2.33395332545644,2.21489988036653,2.09932915901009,1.98725409081504,1.87868345797154,1.77362189900016,1.67206992045714,1.57402390475306,1.47947612410511,1.38841476027505,1.3008239284523,1.2166837075066,1.13597017769984,1.05865545817039,0.984707745992007,0.914091371270653,0.846766835230659,0.78269085837217,0.721816451799889,0.664092963851987,0.609466151860662,0.557878245865196,0.509268024588882,0.46357090823235,0.420719015999009,0.380641270972031,0.34326349690471,0.308508546536947,0.276296379992839,0.246544148862189,0.219166299089385,0.194074769311341,0.171179144960043,0.150386868912577,0.131603654910464,0.11473458241824,0.0996837756686712,0.0863542355419857,0.074648188243743,0.0644677985927261,0.055715450463493,0.0482946409255918,0.0421106519177381,0.0370707792627383,0.0330847098166847,0.0300645729276273,0.0279242963466883,0.0265794120982464,0.0259467068457173,0.0259465398918783,0.0265789229633044,0.0279235202048014,0.0300635642513688,0.0330835391628338,0.0370695130580114,0.0421093534739164,0.0482933598842534,0.0557142140140735,0.0644666591072502,0.0746472006031245,0.0863533113044464,0.0996830282970146,0.11473393983531,0.131603140268939,0.150386497305538,0.171178873951909,0.194074660821499,0.219166334440669,0.246544310209905,0.276296707649282,0.308509052104564,0.343264151382828,0.380642077187493,0.420720010843288,0.463572095903381,0.509269381803023,0.557879756015778,0.609467834885842,0.664094842416757,0.721818534796146,0.782693137118949,0.846769298311254,0.914094021402192,0.984710584281887,1.05865848018176,1.1359733735852,1.21668706835117,1.30082745108871,1.38841844727703,1.47947997663215,1.5740279201083,1.67207409179728,1.77362621497715,1.87868790704493,1.98725866882195,2.09933386630229,2.21490472112607,2.33395830799491,2.45647755729841
2.45705946890468,2.33451109392239,2.21542919742486,2.09983085696256,1.98772900505329,1.87913242598599,1.77404575938974,1.67246951194182,1.57440006518829,1.47982968949956,1.38874656381306,1.30113479952205,1.21697447073552,1.13624165199903,1.05890845578796,0.984943071575812,0.914309820944144,0.846969195677867,0.782877905934186,0.721988951588392,0.664251668873914,0.609611802160033,0.558011567680156,0.509389729526908,0.463681692467631,0.420819559483573,0.380732236671932,0.343345530059356,0.308582273949084,0.276362409337272,0.246603068014598,0.219218675479733,0.194121149324676,0.171220053374125,0.150422808385855,0.131635105568844,0.114762001703505,0.0997075981102033,0.0863748724883038,0.0746660276773718,0.0644832051155266,0.0557287653490118,0.0483061823850926,0.0421207155267503,0.0370796384423351,0.0330926164048925,0.030071757763133,0.0279309696986213,0.0265857640495687,0.025952907593057,0.0259527405993193,0.0265852747977331,0.0279301933712519,0.0300707488458209,0.0330914454712786,0.0370783719350105,0.0421194167726263,0.0483049010376108,0.0557275286041054,0.0644820653577364,0.0746650398007269,0.08637394802989,0.0997068505599397,0.114761358967011,0.131634590804329,0.150422436690009,0.171219782301225,0.194121040808907,0.219218710839466,0.246603229400873,0.276362737072017,0.308582779637522,0.343346184693881,0.380733043080063,0.420820554565599,0.463682880422491,0.509391087065397,0.558013078191634,0.609613485587422,0.664253547887623,0.721991035082443,0.782880185225539,0.846971659347088,0.914312471709012,0.984945910543987,1.05891147852154,1.13624484864815,1.21697783238327,1.30113832300031,1.38875025169616,1.47983354294727,1.57440408150312,1.67247368427883,1.77405007639816,1.87913687612263,1.98773358415426,2.0998355653797,2.21543403934124,2.33451607765158,2.45706460662104
2.45762913397725,2.33505234636197,2.2159428409286,2.10031769918704,1.98818985665344,1.87956809965338,1.77445706889162,1.67285727116293,1.57476508717442,1.48017278550441,1.38906854234963,1.30143646541959,1.2172566242035,1.13650508769985,1.05915396191834,0.985171428957245,0.914521802126158,0.847165564050071,0.783059414849513,0.722156343502875,0.664405674497278,0.609753139622927,0.55814094171616,0.509507830672163,0.463789196281979,0.42091712578505,0.380820508795573,0.343425134138448,0.308653818226179,0.276426483493376,0.246660242517867,0.219269500958016,0.194166155984065,0.171259750453242,0.150457683658977,0.131665624944917,0.114788609079051,0.0997307151477972,0.0863948983560643,0.0746833388693122,0.0644981554373183,0.0557416859687845,0.0483173820915882,0.0421304811432406,0.0370882352936492,0.0331002888719062,0.0300787298491916,0.0279374454465963,0.0265919279138944,0.0259589247306861,0.0259587576982312,0.0265914385486266,0.0279366689392367,0.0300777206979637,0.0330991176668133,0.037086968492687,0.0421291820880027,0.0483161004470281,0.0557404489371409,0.0644970154152772,0.0746823507636298,0.0863939736833165,0.0997299674242153,0.11478796619354,0.131665110061055,0.150457311876954,0.171259479317494,0.194166047443137,0.219269536325946,0.246660403941559,0.276426811304107,0.308654324031859,0.343425788924749,0.380821315390669,0.420918121097784,0.463790384512265,0.509509188525394,0.558142452577848,0.609754823440616,0.664407553946634,0.722158427479981,0.783061694669317,0.84716802829049,0.914524453505602,0.985174268583631,1.05915698535273,1.1365082850901,1.21725998663064,1.30143998971476,1.38907223108775,1.48017663984554,1.57476910442043,1.67286144446729,1.77446138690094,1.87957255082177,1.98819443681606,2.10032240869582,2.21594768396758,2.33505733124663,2.45763427288478
2.45818209419237,2.33557772711609,2.21644142235127,2.1007902652511,1.98863719424219,1.87999099762703,1.7748563171545,1.67323365973342,1.57511940525656,1.4805058205627,1.38938107918823,1.30172928526695,1.21753050380375,1.1367607984127,1.05939226882744,0.985393089987282,0.914727567172416,0.847356174116523,0.783235601197771,0.722318826817194,0.664555164060051,0.609890332506343,0.558266521988193,0.509622468619671,0.463893547654691,0.421011831052498,0.380906192427637,0.343502403907685,0.308723264539036,0.276488678739056,0.246715740436116,0.219318836030075,0.194209842868265,0.171298283455289,0.150491536249659,0.131695249370868,0.11481443621997,0.0997531543014269,0.0864143369853188,0.0747001424278949,0.0645126673559037,0.0557542277043289,0.0483282533779129,0.0421399603928125,0.0370965800509125,0.0331077363515125,0.0300854974858126,0.0279437312997506,0.026597911029075,0.0259647654217834,0.0259645983517467,0.0265974215537013,0.0279429546176789,0.0300844881075283,0.0331065648829015,0.0370953129649234,0.0421386610452905,0.0483269714449861,0.0557529903943563,0.0645115270773606,0.0746991540998912,0.0864134121045219,0.0997524064096092,0.114813793189811,0.131694734371158,0.150491164383986,0.171298012258537,0.194209734302915,0.219318871405963,0.246715901896128,0.276489006623543,0.308723770458521,0.343503058841311,0.380906999204215,0.421012826589176,0.463894736152325,0.509623826778415,0.55826803318982,0.609892016702886,0.664557043932279,0.722320911263189,0.783237881530528,0.84735863891139,0.914730219148412,0.985395930252576,1.05939529294209,1.13676399652236,1.21753386698743,1.30173281035507,1.38938476875631,1.48050967577104,1.57512342340645,1.67323783397676,1.77486063613535,1.87999544979691,1.98864177543534,2.10079497581951,2.21644626647992,2.33558271312234,2.45818723425614
2.45871899503387,2.33608784947441,2.21692552369902,2.10124910679253,1.98907154000753,1.88040161356594,1.77524397023052,1.67359911702076,1.57546343303878,1.48082918343431,1.38968453916068,1.30201360087982,1.21779642924255,1.13700908263489,1.05962365469668,0.985608313416201,0.914927356277429,0.847541248380959,0.783406670645542,0.722476591202048,0.664700312065014,0.610023540958849,0.558388455089139,0.509733777189078,0.463994868397645,0.421103785837665,0.380989387588699,0.343577429565935,0.308790693954014,0.276549067676324,0.246769626553408,0.219366738285933,0.194252260974031,0.171335697360773,0.15052440567485,0.131724013428004,0.114839513274908,0.099774941764859,0.0864332110672489,0.0747164579683198,0.0645267578113962,0.0557664051959159,0.0483388089343821,0.0421491643408231,0.0371046824551621,0.0331149675373344,0.0300920685730218,0.0279498345957127,0.0266037203793454,0.0259704364843289,0.0259702693778018,0.0266032307970635,0.0279490577440029,0.0300910589742754,0.0331137958128585,0.0371034150924239,0.0421478647095057,0.0483375267214635,0.0557651676156979,0.0645256172838006,0.0747154694244516,0.0864322859844453,0.0997741937096914,0.114838870104302,0.131723498315811,0.150524033727957,0.171335426104788,0.194252152384969,0.219366773669548,0.246769788048685,0.276549395632426,0.308791199983999,0.343578084642607,0.380990194541488,0.421104781591782,0.463996057154865,0.509735135644464,0.558389966620834,0.610025225523244,0.664702192347832,0.722478676103314,0.783408951476355,0.847543713714171,0.914930008832654,0.985611154301849,1.05962667947184,1.13701228144306,1.21779979316079,1.30201712673788,1.38968822953461,1.48083303948468,1.57546745206628,1.67360329217581,1.77524829015469,1.88040606670825,1.98907612220127,2.10125381838979,2.21693036888568,2.33609283656967,2.4587241362203
2.45924045117197,2.33658329744985,2.21739569919462,2.10169474911548,1.98949339120962,1.88080041756326,1.77562047192379,1.67395406141825,1.57579756438082,1.48114324432079,1.38997926968273,1.30228973775656,1.21805470496429,1.13725022461427,1.05984838442786,0.985817345642265,0.915121398169492,0.847720998725409,0.783572819041461,0.722629817273786,0.664841284684669,0.610152917483968,0.558506880613951,0.509841883811857,0.464093274507763,0.421193095414866,0.38107018952463,0.343650297006225,0.308856183667591,0.276607719441377,0.246821962561192,0.219413262566424,0.194293458863676,0.171372035002954,0.150556329565068,0.131751950046819,0.114863868953298,0.0997961024814424,0.0864515422098228,0.0747323041694122,0.0645404429352354,0.0557782323849311,0.0483490608455107,0.0421581035244004,0.0371125517824246,0.0331219907079856,0.0300984506337198,0.0279557623218328,0.0266093626155327,0.025975944410831,0.0259757772688632,0.0266088729294181,0.0279549853053648,0.0300974408208532,0.0331208187350052,0.0371112841508985,0.0421568036174513,0.0483477783606547,0.0557769945422415,0.0645393021657515,0.0747313154158892,0.0864506169308235,0.099795354267624,0.114863225646286,0.131751434825379,0.15055595753929,0.171371763689439,0.194293350251584,0.219413297957544,0.24682212409072,0.276608047467033,0.308856689804897,0.343650952221829,0.381070996648561,0.421194091380167,0.4640944635171,0.509843242555349,0.558508392466218,0.610154602405632,0.664843165366265,0.722631902617229,0.783575100356003,0.84772346458148,0.915124051287283,0.985820187130421,1.05985140984453,1.13725342410086,1.21805806959596,1.3022932643624,1.38998296083933,1.48114710118897,1.57580158426069,1.67395823745879,1.77562479276415,1.88080487165,1.98949797437517,2.101699461712,2.21740054540888,2.33658828560279,2.45924559344877
2.45974704820792,2.33706462743617,2.21785247685059,2.10212769268139,1.98990322159222,1.88118785748044,1.77598624505004,1.67429889153253,1.57612217451603,1.48144835591613,1.39026560174014,1.30255800600206,1.21830562101557,1.13748449515608,1.06006671039507,0.986020421411065,0.915309910759883,0.847895627011578,0.783734232972085,0.72277867710705,0.664978240232889,0.610278607373024,0.558621931555855,0.509946909892986,0.464188876496238,0.421279860079784,0.381148688976934,0.343721088059529,0.308919807225469,0.27666469990082,0.246872807233408,0.219458461118852,0.194333482802904,0.171407337189422,0.150587343771208,0.131779090600457,0.114887530606847,0.0998166602149052,0.0864693509991242,0.074747698826638,0.0645537380959725,0.0557897225534435,0.048359020624313,0.0421667879823501,0.0371201968700452,0.0331288137505674,0.0301046508350341,0.0279615211350156,0.026614844073933,0.0259812953867545,0.0259811282103559,0.0266143542869443,0.0279607439584843,0.0301036408141487,0.0331276415361636,0.0371189289773904,0.0421654878076237,0.0483577378752684,0.0557884844557616,0.0645525970914932,0.0747467098694344,0.0864684255295199,0.0998159118469566,0.114886887167315,0.131778575272883,0.150586971668794,0.171407065820017,0.194333374168438,0.219458496517261,0.24687296879621,0.276665027994048,0.308920313467038,0.343721743410105,0.381149496267131,0.421280856250251,0.464190065750506,0.509948268916376,0.55862344371956,0.610280292641778,0.664980121301901,0.722780762880068,0.783736514756572,0.847898093375608,0.915312564424208,0.98602326348456,1.06006973643497,1.13748769530175,1.21830898634035,1.30256153333436,1.39026929365711,1.48145221357881,1.57612619522399,1.67430306843333,1.77599056678049,1.88119231248472,1.9899078057019,2.10213240624869,2.21785732406315,2.33706961661667,2.45975219154401
2.46023934430468,2.3375323697574,2.21829635993943,2.10254841450266,1.99030148270189,1.88156436019449,1.77634169261404,1.67463398729358,1.57643762109624,1.48174485438889,1.39054385081038,1.30281870119128,1.2185494538529,1.13771215237697,1.06027887314742,0.986217764469223,0.915493101749672,0.848065325642964,0.783891090281486,0.722923334713945,0.665111329605771,0.610400749109738,0.558733734676696,0.510048971149031,0.464281779696274,0.42136417542876,0.381224972435433,0.34378988072264,0.308981634727373,0.276720071835089,0.246922216590149,0.219502383742476,0.194372376889645,0.171441642815733,0.150617482464377,0.131805464992077,0.114910524305701,0.099836637615529,0.0864866570566788,0.074762658901659,0.0645666579420677,0.0558008883611929,0.048368699244362,0.0421752272831114,0.0371276261412963,0.0331354441826322,0.0301106760082775,0.0279671173802573,0.0266201707939561,0.0259864953077452,0.0259863280978877,0.026619680908941,0.0279663400481811,0.0301096657852456,0.0331342717336203,0.0371263579948842,0.0421739268481668,0.0483674162385869,0.0557996500157169,0.0645655167092267,0.0747616697465247,0.0864857314018501,0.0998358890978014,0.114909880737391,0.131804949561365,0.15061711028749,0.171441371392016,0.194372268233437,0.21950241914797,0.246922378185286,0.276720399993982,0.308982141070262,0.343790536204379,0.381225779887201,0.421365171798601,0.464282969188561,0.510050330444418,0.558735247143047,0.610402434715783,0.665113211051263,0.722925420904412,0.783893372522651,0.848067792500615,0.915495755945105,0.986220607111532,1.06028189979296,1.13771535316312,1.21855281985122,1.30282222922954,1.39054754346625,1.48174871282365,1.5764416426089,1.67463816503034,1.77634601520944,1.88156881609039,1.99030606772903,2.10255312901335,2.21830120812212,2.33753735993643,2.46024448867016
2.46071787171217,2.33798703011693,2.21872782836896,2.10295736944611,1.99068860512184,1.88193033276435,1.7766871989108,1.6749597109929,1.57674424516907,1.48203306030079,1.39081431772469,1.30307210517693,1.21878646709814,1.1379334424104,1.06048510206639,0.986409588175783,0.915671169197283,0.848230278090619,0.784043560557215,0.723063946492215,0.665240696693972,0.610519474748638,0.558842410853325,0.510148177924348,0.46437208455092,0.421446132620016,0.381299122374605,0.343856749371303,0.309041733018611,0.27677389511,0.246970244050741,0.219545077924598,0.194410183174556,0.171474988971692,0.150646778229268,0.131831101736568,0.114932874909684,0.0998560562820425,0.0865034790930711,0.0747772005686818,0.0645792164419172,0.0558117418801827,0.0483781071697765,0.0421834305509027,0.0371348476283946,0.0331418891727253,0.0301165326676149,0.0279725571079837,0.0266253485346286,0.0259915497957397,0.0259913825533591,0.0266248585543286,0.027971779624713,0.0301155222480901,0.0331407164956669,0.0371335792353224,0.0421821298630178,0.048376823914451,0.0558105032938431,0.0645780749871013,0.0747762112211523,0.0865025532581985,0.0998553076187249,0.114932231216197,0.131830586205602,0.150646405979991,0.171474717495182,0.194410074497214,0.219545113336979,0.246970405677309,0.276774223332722,0.309042239459986,0.343857404980536,0.381299929983426,0.421447129183655,0.464373274274569,0.510149537484123,0.558843923613857,0.610521160682541,0.665242578505412,0.723066033088454,0.784045843242286,0.848232745428085,0.915673823908968,0.986412431370999,1.06048812930062,1.13793664381912,1.21878983375116,1.30307563390142,1.39081801109881,1.48203691948604,1.57674826746394,1.67496388954225,1.77669152234696,1.88193478952694,1.99069319104079,2.10296208487378,2.21873267749465,2.33799202126658,2.46072301707825
2.46118313819467,2.33842909095379,2.2191473399693,2.10335499145283,1.99106499962676,1.88228616352264,1.77702313055621,1.67527640825512,1.57704237209259,1.48231327946644,1.39107728947487,1.30331848684538,1.21901691224546,1.13814860006669,1.06068561598099,0.986596096074422,0.915844302049659,0.848390659385188,0.784191805585115,0.723200661644681,0.665366478768596,0.610634910269216,0.558948075401772,0.510244635487007,0.464459886882441,0.421525818618131,0.381371217474774,0.343921764959682,0.309100165869333,0.276826226837301,0.247016940577008,0.219586588967912,0.194446941773795,0.171507411040826,0.150675262151546,0.131856028037016,0.114954606134969,0.0998749368195462,0.0865198349581235,0.0747913392578342,0.0645914269213151,0.055822294627056,0.0483872543832835,0.0421914064901918,0.0371418689940427,0.0331481555596102,0.0301222270275334,0.027977846090277,0.0266303827900385,0.025996464214043,0.0259962969400407,0.0266298927170943,0.0279770684600016,0.0301212164169609,0.0331469826608249,0.0371406003611459,0.0421901055563759,0.0483859708853233,0.0558210558065275,0.0645902852506757,0.0747903497232413,0.0865189089481963,0.0998741880146731,0.114953962319774,0.131855512408576,0.150674889831885,0.171507139512986,0.194446833075905,0.219586624386989,0.247017102234136,0.276826555122082,0.309100672406465,0.343922420692876,0.381372025236295,0.421526815370198,0.464461076831039,0.510245995303844,0.558949588448333,0.610636596521891,0.665368360935844,0.723202748635449,0.784194088701792,0.848393127189173,0.915846957263289,0.986598939807222,1.0606886437876,1.13815180208072,1.21902027953504,1.30332201623707,1.39108098354732,1.48231713938137,1.57704639514799,1.67528058759454,1.77702745480984,1.88229062112791,1.9910695864128,2.10335970777209,2.21915219001184,2.33843408304715,2.46118828453363
2.46163562836755,2.33885901271264,2.21955533169812,2.10374169468062,1.99143105826413,1.88263222309794,1.7773498374522,1.67558440894788,1.57733231239183,1.48258580375839,1.39133303996878,1.30355810282449,1.21924102932346,1.13835784945119,1.06088062374384,0.986777482429278,0.916012680639668,0.848546636577693,0.784335979775232,0.723333622572024,0.665488806842574,0.610747175907568,0.559050838380822,0.51033844430592,0.464545278144573,0.421603316422979,0.381441332829233,0.343984995207147,0.309156994142419,0.27687712152502,0.247062354807428,0.219626960109767,0.19448269097463,0.171538942793529,0.150702963899686,0.131880269856325,0.11497574061651,0.0998932988937561,0.0865357416878869,0.0748050896957863,0.0646033020985339,0.0558325575934133,0.0483961504124985,0.0421991634086106,0.0371486975516016,0.033154249870272,0.0301277650192024,0.0279829898360705,0.0266352788037993,0.0260012436814479,0.0260010763766922,0.0266347886407549,0.0279822120628273,0.0301267542228285,0.0331530767558485,0.0371474286854658,0.0421978622356172,0.0483948666785663,0.0558313185451268,0.0646021602179976,0.0748040999792668,0.0865348155077122,0.0998925499512147,0.114975096682949,0.131879754133085,0.150702591511574,0.171538671215768,0.194482582256756,0.219626995535356,0.247062516494278,0.276877449870156,0.309157500772677,0.343985651060898,0.381442140739263,0.4216043133583,0.464546468311945,0.51033980437276,0.559052351705557,0.610748862470262,0.665490689355861,0.723335709946485,0.784338263311661,0.848549104835384,0.916015336341461,0.986780326684901,1.06088365210712,1.13836105205392,1.21924439723212,1.30356163286506,1.39133673472039,1.48258966438297,1.57733633618687,1.67558858905568,1.77735416250085,1.88263668152274,1.99143564589346,2.10374641186697,2.21956018263235,2.3388640057238,2.46164077565266
2.46207580494978,2.33927723503388,2.21995222077006,2.10411787457434,1.99178715536757,1.8829688653727,1.77766765369107,1.67588402803443,1.57761436256137,1.48285091186149,1.39158183073831,1.3037911981469,1.21945904751552,1.13856140454348,1.06107032477097,0.986953932727053,0.916176477152197,0.848698369171278,0.784476230560897,0.723462965240828,0.665607806009281,0.610856386467166,0.559150804876471,0.510429700310508,0.4646283456589,0.421678705284247,0.381509540138338,0.3440465047733,0.309212275950777,0.27692663121835,0.247106533182848,0.219666232633919,0.194517467334393,0.171569616474349,0.150729911801649,0.131903851984314,0.114996299966546,0.0999111612818318,0.086551215548672,0.0748184659438128,0.0646148541171962,0.0558425412742211,0.0484048043545508,0.0422067092384272,0.0371553402839923,0.0331601783367868,0.030133152305803,0.0279879936053874,0.026640041582602,0.0260058930854643,0.026005725750792,0.0266395513319092,0.0279872156930669,0.0301321413286839,0.0331590050125932,0.0371540711909646,0.042205407832765,0.0484035203910682,0.0558413020043745,0.064613712032475,0.0748174760503175,0.0865502892028827,0.0999104122053686,0.11499565591784,0.131903336168855,0.150729539346948,0.171569344848026,0.194517358597078,0.219666268065842,0.24710669489861,0.2769269596222,0.309212782671628,0.344047160744327,0.381510348192834,0.421679702397835,0.46462953603909,0.510431060620548,0.559152318471811,0.610858073331442,0.665609688859187,0.723465052988544,0.784478514505655,0.84870083787033,0.91617913332887,0.986956777491272,1.06107335367576,1.13856460771888,1.21946241602641,1.30379472881869,1.39158552615059,1.48285477317641,1.57761838707592,1.67588820888969,1.77767197951311,1.88297332459473,1.99179174381723,2.10412259260419,2.2199570725717,2.33928222893786,2.46208095315531
2.46250410993827,2.33968417786936,2.22033840571549,2.10448390886956,1.99213364850679,1.88329642838136,1.77797689840337,1.67617556637289,1.57788880581777,1.48310886998019,1.39182391160309,1.30401800687188,1.21967118574143,1.13875946974046,1.0612549095479,0.987125624147745,0.916335856061131,0.848846009526019,0.784612698772895,0.723588819528653,0.665723595759994,0.610962651610201,0.55924807526862,0.510518495134159,0.464709172836455,0.421752060902564,0.381575907891464,0.344106355422079,0.309266066804831,0.276974805631729,0.24714952006434,0.2197044459753,0.194551305773258,0.171599462883814,0.150756132916779,0.131926798100633,0.115016304829449,0.0999285419200303,0.086566272078331,0.0748314814334783,0.0646260945770933,0.0558522556944472,0.0484132248991703,0.0422140515566769,0.0371618038614178,0.0331659469121379,0.0301383942969008,0.0279928624226899,0.0266446759089215,0.0260104170947237,0.0260102497309417,0.0266441855729442,0.0279920843750431,0.0301373831439112,0.0331647733838318,0.0371605345476175,0.0422127499246209,0.0484119407123281,0.0558510162090162,0.0646249522936939,0.0748304913677802,0.0865653455713936,0.0999277927132571,0.115015660668704,0.131926282195442,0.150755760397285,0.171599191210239,0.194551197017027,0.219704481413387,0.247149681808234,0.276975134092708,0.309266573613832,0.34410701150722,0.381576716086529,0.421753058189611,0.464710363423726,0.510519855680842,0.559249589127267,0.610964338767926,0.665725478937444,0.723590907639555,0.784614983114971,0.848848478654529,0.916338512699875,0.98712846940684,1.0612579389796,1.13876267347308,1.21967455483831,1.30402153815787,1.39182760765822,1.48311273196682,1.57789283103242,1.67617974795545,1.77798122497793,1.88330088837913,1.99213823775467,2.10448862772017,2.22034325836115,2.33968917264209,2.46250925903939
2.46292096570952,2.34008024252911,2.22071426737387,2.10484015853403,1.99247087937887,1.88361523515287,1.77827787655332,1.6764593114662,1.5781559128055,1.48335993250201,1.39205952129315,1.30423875266872,1.21987765320305,1.13895224036573,1.06143456010443,0.98729272600626,0.916490974539292,0.848989703238668,0.784745518990476,0.72371130954774,0.665836290281732,0.61106607613092,0.559342745481268,0.510604916342622,0.464787839385626,0.421823455618176,0.381640501537717,0.344164606175692,0.309318419750873,0.277021692272751,0.247191357843772,0.219741637818312,0.194584239661282,0.171628511455209,0.150781653103244,0.131949130833783,0.115035774933179,0.0999454579484112,0.0865809261249843,0.0748441490001153,0.0646370345630974,0.0558617104340472,0.0484214203503464,0.0422211976040471,0.0371680946579883,0.0331715612850534,0.0301434961619284,0.0279976010894021,0.0266491863529369,0.0260148201706149,0.0260146527785013,0.026648695933955,0.0279968229100465,0.0301424848377695,0.0331703875580909,0.0371668251293169,0.0422198957516493,0.0484201359461155,0.0558604707387945,0.0646358920863308,0.0748431587668176,0.0865799994612067,0.0999447086148112,0.115035130663389,0.13194861484126,0.15078128052069,0.171628239735644,0.194584130886641,0.219741673262398,0.247191519615045,0.277022020789332,0.309318926645668,0.344165262371896,0.381641309869594,0.421824453074044,0.46478903017444,0.510606277119618,0.559344259596183,0.611067763574249,0.665838173777968,0.723713398012121,0.784747803719248,0.848992172785154,0.916493631627755,0.987295571747004,1.06143759004896,1.13895544464069,1.21988102287025,1.30424228455249,1.39206321797396,1.48336379514241,1.57815993870155,1.67646349375663,1.77828220386028,1.88361969590564,1.99247546940361,2.10484487818345,2.220719120841,2.34008523814736,2.46292611568228
2.46332677605363,2.3404658126638,2.22108016982611,2.10518696865134,1.99279917464471,1.88392559450155,1.7785708796854,1.67673553816595,1.57841594225953,1.48360434262034,1.39228888803338,1.30445364936431,1.22007864989645,1.13913990314786,1.06160945046027,0.987455400166926,0.916641982843227,0.849129589499095,0.784874819870828,0.723830553948863,0.665945998736792,0.611166760212174,0.559434907217345,0.510689047648374,0.464864421507288,0.42189295858805,0.381703383646161,0.344221313459121,0.309369385500935,0.277067336558472,0.247232087047585,0.219777844189081,0.194616300900094,0.171656790326623,0.150806497081343,0.131970871816517,0.115054729137581,0.0999619257527977,0.0865951918833719,0.0748564809142464,0.0646476846722985,0.0558709146514174,0.0484293986466574,0.0422281543026044,0.0371742187673256,0.033177026893933,0.0301484628428412,0.0280022141956653,0.0266535772837198,0.0260191065782067,0.0260189391585123,0.0266530867839326,0.0280014358880906,0.0301474513520486,0.033175852973578,0.0371729490294767,0.042226852235703,0.0484281140307978,0.0558696747519027,0.0646465420072885,0.0748554905177901,0.0865942650669099,0.0999611762957316,0.115054084761637,0.131970355738975,0.1508061244374,0.171656518562288,0.19461619210753,0.219777879639007,0.247232248845513,0.277067665129182,0.30936989247925,0.344221969763444,0.381704192111226,0.421893956208267,0.464865612492307,0.510690408649582,0.559436421581738,0.611168447933539,0.665947882543369,0.723832642757355,0.78487710497605,0.849132059452484,0.916644640369493,0.987458246376556,1.06161248090403,1.13914310795079,1.22008202011887,1.30445718183002,1.39229258532329,1.48360820589717,1.57841996881892,1.67673972114548,1.77857520770536,1.8839300559893,1.99280376542575,2.10519168907841,2.22108502409294,2.34047080910517,2.46333192687494
2.4637219271455,2.34084125518744,2.22143646127017,2.10552466925092,1.99311884671477,1.88422780176975,1.77885618662555,1.67700450933336,1.57866914162759,1.4838423329193,1.39251223009244,1.30466290145739,1.22027436709295,1.13932263666941,1.06177974704356,0.987613801432782,0.91678902467458,0.849265801425052,0.785000724458505,0.723946666206685,0.666052825525299,0.611264799666362,0.55952464817927,0.510770969111959,0.464938992078077,0.421960635952197,0.381764614056306,0.34427653123582,0.309419012554747,0.277111781924644,0.247271746434269,0.219813099542104,0.194647519999624,0.171684326408634,0.150830688492958,0.131992041737861,0.115073185479746,0.0999779610041863,0.0866090829289919,0.0748684889110961,0.0646580550394919,0.0558798771054218,0.0484371673803632,0.0422349282724416,0.0371801820172192,0.0331823489399277,0.0301532990660035,0.0280067061313766,0.0266578528797423,0.0260232803965055,0.0260231129499547,0.0266573623012723,0.0280059276989509,0.030152287412954,0.0331811748312599,0.0371789120756871,0.042233625996671,0.0484358825584339,0.0558786370070104,0.0646569121911829,0.0748674983557667,0.086608155963856,0.0999772114268972,0.115072541000435,0.131991525577533,0.150830315789238,0.171684054600704,0.194647411189608,0.219813134997716,0.247271908258152,0.277112110548061,0.309419519614388,0.344277187645424,0.381765422651059,0.421961633732446,0.464940183254146,0.510772330331491,0.559526162786586,0.611266487658461,0.666054709634062,0.72394875535025,0.785003009930288,0.849268271774655,0.916791682627148,0.987616648098984,1.06178277797345,1.13932584198643,1.220277737856,1.30466643448976,1.39251592797544,1.48384619681586,1.57867316883289,1.6770086929839,1.77886051533979,1.88423226397318,1.99312343823223,2.10552939043522,2.22144131631569,2.3408462524303,2.46372707879307
2.46410678845733,2.34120692114444,2.22178347484391,2.10585357608793,1.99343019448724,1.8845221395258,1.77913406414006,1.67726647646054,1.57891574765488,1.48407412592342,1.39272975629851,1.30486670460182,1.22046498779107,1.13950061178898,1.06194560908416,0.987768077911397,0.916932237519676,0.849398466376739,0.785123350476189,0.724059754887913,0.666156870531904,0.611360286161849,0.559612052276188,0.510850757331179,0.465011620822597,0.422026550989972,0.381824250019504,0.344330311135242,0.30946734731435,0.277155069928351,0.247310373085948,0.219847436841665,0.194677926150199,0.171711145447891,0.150854249957424,0.13201266039201,0.115091161216631,0.0999935786957784,0.086622612250181,0.0748801842183221,0.0646681553611269,0.0558886061760896,0.0484447338153469,0.0422415258473225,0.0371859899833975,0.0331875323992305,0.0301580093533565,0.0280110810965637,0.026662017138751,0.0260273455280941,0.0260271780553863,0.026661526483647,0.028010302542538,0.0301569975422753,0.0331863581071536,0.037184719843486,0.0422402233681217,0.0484434487927138,0.0558873658839608,0.0646670123342919,0.0748791935082568,0.0866216851402426,0.0999928290013967,0.115090516636645,0.132012144151051,0.150853877195482,0.171710873597502,0.194677817323186,0.219847472302816,0.247310534935109,0.277155398603104,0.3094678544532,0.344330967647384,0.38182505874057,0.422027548926086,0.465012812184741,0.510852118763349,0.559613567120104,0.611361974417631,0.666158754934987,0.724061844357827,0.785125636304989,0.849400937112238,0.916934895887446,0.98777092502228,1.06194864048752,1.1395038176067,1.22046835908066,1.30487023818609,1.39273345475916,1.48407799042356,1.57891977548928,1.67727066076461,1.77913839353049,1.88452660242629,1.99343478672194,2.10585829800972,2.22178833064784,2.34121191916793,2.46411194090966
2.46448171361668,2.3415631465248,2.2221215293987,2.10617399137644,1.99373350404216,1.88480887822023,1.77940476755503,1.67752168025442,1.57915598693389,1.48429993461432,1.39294166652425,1.30506524606092,1.2206506871415,1.13967399203794,1.06210718898345,0.987918371358798,0.917071752968789,0.84952770625256,0.78524281059807,0.724169923903414,0.666258229357746,0.611453307435836,0.55969719981884,0.510928485618966,0.46508237447534,0.422090764267017,0.381882346331908,0.344382702572729,0.309514434191853,0.277197240344521,0.247348002494491,0.21988088763839,0.194707547290332,0.17173727208691,0.150877203124051,0.132032746724292,0.115108672865136,0.100008793177797,0.0866357922782758,0.0748915775820882,0.0646779949178241,0.0558971098840759,0.0484521049039823,0.0422479530893898,0.0371916480024757,0.0331925820346323,0.0301625980329198,0.0280153431111374,0.0266660738870506,0.0260313057081947,0.0260311382100051,0.0266655831572912,0.028014564438651,0.030161586067887,0.0331914075638815,0.0371903776693066,0.0422466504120108,0.0484508196858271,0.0558958694032309,0.0646768517170723,0.0748905867212818,0.0866348650272733,0.100008043369346,0.115108028187074,0.132032230404785,0.150876830305392,0.171737000195158,0.19470743844676,0.219880923104936,0.247348164368278,0.277197569069282,0.309514941407866,0.344383359184763,0.381883155176024,0.422091762354972,0.465083566018755,0.510929847258284,0.559698714893247,0.611454995948495,0.66626011404755,0.72417201369125,0.78524509677467,0.849530177363992,0.917074411741043,0.987921218902883,1.06211022084804,1.13967719834344,1.22065405894405,1.30506878018284,1.39294536554764,1.48430379970246,1.57916001538115,1.67752586519516,1.7794090976042,1.88481334179976,1.9937380969756,2.1061787140167,2.22212638594146,2.34156814530876,2.46448686685296
2.46484704121345,2.34191025303092,2.22245093022711,2.10648620447926,1.99402904929438,1.88508827680292,1.77966854133911,1.67777035118616,1.57939007642153,1.48451996291683,1.39314815214298,1.30525870513482,1.22083163284687,1.13984293399369,1.06226463266206,0.988064817503001,0.917207697016468,0.849653637767328,0.785359212706997,0.72427727274536,0.666356993538635,0.6115439474946,0.559780167702838,0.511004224170703,0.465151316932989,0.422153333773489,0.381938955459524,0.344433752862291,0.309560315710789,0.277238331256694,0.247384668642516,0.219913482141247,0.194736410170479,0.171762729920312,0.150899568721539,0.132052318874408,0.115125736239798,0.100023618190239,0.0866486349159843,0.0749026792915898,0.0646875825955564,0.0559053959089661,0.0484592873030017,0.0422542158030003,0.0371971611841356,0.0331975024063918,0.0301670692486692,0.0280194960240662,0.0266700267882366,0.0260351645131932,0.0260349969901742,0.0266695359857328,0.0280187172361518,0.0301660571336255,0.0331963277615408,0.037195890662656,0.0422529129325162,0.0484580018943295,0.0559041552442358,0.0646864392253399,0.0749016882839011,0.0866477075275289,0.100022868270639,0.11512509146617,0.132051802478363,0.150899195847615,0.171762457988255,0.194736301310772,0.219913517613051,0.247384830540299,0.277238660030185,0.30956082300199,0.344434409571659,0.381939764423541,0.422154332009396,0.465152508653035,0.511005586011867,0.559781683001835,0.611545636257558,0.66635887850782,0.724279362842979,0.785361499222494,0.849656109245072,0.917210356182851,0.988067665469196,1.06226766497609,1.13984614077448,1.22083500514925,1.30526223978063,1.3931518517147,1.48452382857792,1.57939410546595,1.67777453674726,1.77967287203016,1.88509274104412,1.99403364290866,2.10649092781959,2.22245578748979,2.34191525255588,2.46485219521364
2.46520309555961,2.34224854879937,2.22277196974787,2.10679049255706,1.99431709260803,1.88536058330415,1.779925619652,1.67801271000819,1.57961822392586,1.48473440615648,1.39334939645799,1.3054472535628,1.22100798553794,1.14000758763093,1.06241807988735,0.988207546348515,0.917340190344207,0.849776372714123,0.785472660136518,0.724381896710448,0.666453250750414,0.611632286801962,0.559861029581191,0.511078040221713,0.465218509397774,0.422214315054162,0.381994127655927,0.344483507322759,0.309605032601519,0.277278379142472,0.247420404079633,0.219945249285328,0.194764540413061,0.171787541547758,0.150921366604483,0.132071394217125,0.115142366488271,0.1000380668937,0.0866611515640908,0.0749134992021381,0.0646969269055849,0.0559134716065061,0.04846628738843,0.0422603195477475,0.0372025344225894,0.0332022978824663,0.0301714269698329,0.0280235435220123,0.0266738793514145,0.0260389253686633,0.0260387578214451,0.0266733884780129,0.0280227646215997,0.0301704147085863,0.0332011230679345,0.0372012637175793,0.0422590164890599,0.0484650017940768,0.0559122307625582,0.0646957833702053,0.0749125080512953,0.0866602240416713,0.100037316865772,0.115141721621504,0.132070877746485,0.150920993676696,0.17178726957642,0.19476443153763,0.219945284762256,0.247420566000803,0.277278707963455,0.309605539966,0.34448416412699,0.381994936736801,0.422215313434268,0.465219701289968,0.511079402259598,0.559862545099078,0.611633975808868,0.666455135991887,0.724383987109989,0.785474946982306,0.849778844548879,0.917342849894714,0.988210394726108,1.06242111263941,1.14001079487496,1.22101135832746,1.3054507887192,1.39335309656413,1.48473827237597,1.57962225355228,1.67801689617391,1.77992995096862,1.88536504819022,1.99432168688587,2.10679521657969,2.22277682771219,2.34225354904653,2.46520825030431
2.46555018740443,2.34257832908047,2.22308492815076,2.10708712117968,1.99459788537519,1.88562603538158,1.78017622686082,1.67824896824111,1.57984062856442,1.48494345149032,1.39354557510687,1.305631055902,1.22117989912794,1.14016809665245,1.0625676645816,0.988346682463078,0.917469348586612,0.849896018210846,0.785583251898775,0.724483887110078,0.666547085002328,0.611718402456758,0.559939856026749,0.511149998195539,0.465284010512454,0.422273761330936,0.382047911073089,0.344532009377734,0.309648623891066,0.277317418953966,0.247455239994229,0.219976216795661,0.194791962568971,0.171811728623793,0.150942615797156,0.1320899894006,0.115158578124737,0.100052151898402,0.0866733531465992,0.074924046756896,0.0647060360032305,0.0559213440248254,0.0484731112696475,0.0422662696507232,0.0372077724073736,0.0332069726481459,0.030175674999647,0.0280274891374616,0.0266776349389396,0.0260425915569217,0.0260424239861134,0.0266771439964248,0.0280267101273825,0.0301746625958777,0.0332057976682044,0.0372065015234528,0.0422649664085695,0.0484718254942872,0.0559201030061711,0.0647048923068452,0.0749230554665028,0.0866724254935879,0.100051401764872,0.115157933167176,0.132089472857244,0.150942242816863,0.171811456614162,0.194791853678211,0.219976252277584,0.247455401938197,0.277317747821246,0.309649131326982,0.344532666274442,0.382048720267879,0.42227475985161,0.465285202572462,0.511151360425195,0.559941371758014,0.611720091701469,0.666548970509237,0.724485977803939,0.785585539066544,0.849898490393626,0.917472008511575,0.988349531241713,1.06257069776066,1.14017130434804,1.22118327239234,1.30563459155613,1.39354927573397,1.48494731825417,1.5798446587582,1.67825315499623,1.78018055878728,1.88563050089629,1.99460248029989,2.10709184586743,2.22308978679907,2.34258333003165,2.4655553428749
2.46588861460839,2.34289987687861,2.22339007400431,2.10737634490206,1.99487166856112,1.88588486083568,1.78042057802678,1.67847932863239,1.58005748119608,1.48514727831278,1.39373685644237,1.3058102698843,1.22134752114631,1.14032459880072,1.06271351511248,0.988482345247799,0.917595282582175,0.850012676932526,0.785691082899246,0.724583331468372,0.66663857681922,0.611802368360033,0.560016714685246,0.511220159843668,0.465347876487493,0.422331723618252,0.382100351865811,0.344579300649761,0.30969112698775,0.277355484193598,0.247489206281106,0.220006411247337,0.194818700170819,0.171835311904808,0.150963334534777,0.132108120382485,0.115174385061382,0.100065885291536,0.0866852501344249,0.0749343310073578,0.0647149177055604,0.0559290199197217,0.0484797648026391,0.0422720712180702,0.0372128796335197,0.0332115307151294,0.0301798169836026,0.0280313362563851,0.0266812967737085,0.0260461662241459,0.0260459986303364,0.0266808057638057,0.0280305571393773,0.0301788044408683,0.0332103555739073,0.0372116085751543,0.0422707677970305,0.0484784788507902,0.0559277787307222,0.0647137738521887,0.0749333395808978,0.0866843223540819,0.100065135055042,0.115173740015292,0.132107603768227,0.150962961503287,0.17183503985784,0.194818591265112,0.22000644673413,0.247489368247303,0.277355813106018,0.309691634493318,0.344579957636636,0.382101161171673,0.422332722275985,0.465349068711125,0.511221522260307,0.560018230624564,0.611804057836614,0.666640462584938,0.724585422449207,0.785693370380958,0.850015149454643,0.917597942872245,0.988485194417463,1.06271654870788,1.14032780693661,1.22135089487373,1.30581380602375,1.39374055757742,1.48515114560739,1.58006151194306,1.67848351596218,1.78042491054785,1.88588932696334,1.99487626411653,2.10738107023834,2.22339493331953,2.34290487851623,2.46589377078651
2.46621866277843,2.34321346355579,2.22368766482851,2.10765840780713,1.99513867321809,1.88613727809555,1.78065887936375,1.67870398558874,1.58026896482804,1.48534605863828,1.39392340189144,1.30598504675274,1.22151099305333,1.14047722615171,1.06285575456679,0.988614649191794,0.917718098609655,0.850126447330292,0.78579624413913,0.724680313708842,0.666727803413257,0.611884255372653,0.560091670419572,0.51128858437722,0.465410161220938,0.422388250831891,0.382151494290152,0.344625421049093,0.309732577760966,0.277392606985546,0.247522331605241,0.220035858122187,0.194844775783116,0.171858311293306,0.15098354030239,0.132125802463955,0.115189800638063,0.100079278663049,0.086696852567725,0.0749443606326522,0.0647235795080589,0.0559365057690692,0.0484862536024828,0.0422777291458722,0.0372178604111396,0.0332159759300802,0.0301838564172204,0.02803508812546,0.0266848679460325,0.0260496523870844,0.0260494847708433,0.0266843768704102,0.0280343089041708,0.0301828437389617,0.0332148006315707,0.0372165891826488,0.0422764255503755,0.048484967478515,0.0559352644139421,0.0647224355015875,0.0749433690734941,0.0866959246632027,0.100078528326138,0.115189155505636,0.13212528578055,0.150983167220971,0.171858039209926,0.194844666862832,0.22003589361373,0.247522493593116,0.27739293594199,0.309733085334461,0.344626078123903,0.382152303704336,0.422389249623291,0.465411353604144,0.511289946976212,0.560093186561792,0.611885945075362,0.666729689431377,0.724682404969545,0.78579853192701,0.850128920183347,0.917720759255793,0.988617498742807,1.06285878856823,1.14048043471699,1.22151436723231,1.30598858336549,1.39392710352188,1.48534992645051,1.58027299611452,1.67870817347899,1.78066321246471,1.88614174482098,1.99514326938859,2.10766313377587,2.22369252479413,2.34321846586286,2.46622381964669
2.46654060586697,2.34351934940077,2.22397794763496,2.10793354401774,1.99539912097004,1.88638349667701,1.78089132867083,1.67892312558392,1.58047525499969,1.48553995746197,1.39410536629386,1.30615553157872,1.22167045053686,1.14062610539188,1.06299450100865,0.988743704112327,0.917837898610984,0.850237423837865,0.785898822906221,0.724774914330401,0.666814838845877,0.611964131463925,0.560164785445812,0.511355328591135,0.465470916411467,0.422443389891574,0.382201380796252,0.3446704088574,0.309773010616419,0.277428818143129,0.247554643461899,0.220064581862228,0.194870211049602,0.171880745879649,0.151003249871544,0.132143050321805,0.11520483765029,0.100092343129942,0.0867081700769564,0.0749541439577463,0.0647320286003486,0.055943807786405,0.0484925830551272,0.0422832481304227,0.0372227188744667,0.0332203119826944,0.0301877966533826,0.0280387478588789,0.0266883514201192,0.026053052939384,0.0260528853012621,0.0266878602803913,0.0280379685358693,0.0301867838429278,0.0332191365307601,0.0372214474800283,0.042281944364753,0.0484912967632672,0.05594256626923,0.0647308844445372,0.0749531522691489,0.0867072420513043,0.100091592695082,0.115204192433647,0.132142533570951,0.151002876741423,0.171880473760751,0.1948701021151,0.220064617358405,0.247554805470921,0.277429147142516,0.309773518256173,0.344671066017984,0.382202190316097,0.422444388813357,0.465472108950328,0.511356691368002,0.560166301785951,0.61196582138721,0.6668167251102,0.7247770058641,0.785901110992752,0.850239897013728,0.917840559604446,0.988746554035323,1.06299753540614,1.14062931437601,1.22167382515631,1.30615906865314,1.39410906840751,1.48554382577911,1.58047928681241,1.67892731402086,1.78089566233743,1.88638796398553,1.99540371774053,2.10793827060341,2.22398280823501,2.34352435236085,2.46654576340841
2.46685470673718,2.34381778416614,2.22426115943655,2.10820197817972,1.99565322446982,1.88662371761497,1.78111811574044,1.67913692754343,1.58067652014479,1.48572913310021,1.39428289822164,1.3063218635613,1.22182602379225,1.14077135807956,1.06312986772306,0.988869615381386,0.917954780401608,0.8503456970664,0.785998902955007,0.724867210573469,0.666899754180597,0.612042061851842,0.560236119461618,0.511420446981367,0.465530191665056,0.422497185817763,0.382250052115919,0.344714300806755,0.309812458567111,0.277464147232377,0.247586168233375,0.220092605920093,0.194895026737908,0.17190263398144,0.151022479334897,0.132159878038729,0.115219508375625,0.100105089359217,0.0867192119027468,0.0749636889706224,0.0647402718810249,0.0559509319337499,0.0484987583285039,0.0422886326779145,0.0372274589903854,0.0332245424133135,0.0301916409092509,0.028042318444776,0.0266917500401887,0.0260563706575599,0.0260562029980902,0.0266912588379168,0.0280415390225238,0.03019062796982,0.0332233668116916,0.0372261874340416,0.0422873287462172,0.0484974718728415,0.0559496902584742,0.0647391275795113,0.0749626971557388,0.0867182837589156,0.100104338828793,0.115218863076817,0.13215936122207,0.15102210615726,0.171902361827889,0.194894917789533,0.220092641420789,0.247586330263027,0.27746447627366,0.30981296627151,0.344714958051026,0.382250861738853,0.422498184866754,0.46553138435578,0.511421809931776,0.560237635994855,0.61204375199033,0.666901640685125,0.724869302373513,0.786001191332914,0.850348170557209,0.917957441733933,0.988872465667305,1.06313290250697,1.14077456747234,1.22182939884144,1.30632540108615,1.39428660080673,1.48573300190996,1.58068055247094,1.67914111651375,1.78112244995891,1.88662818549238,1.99565782182569,2.10820670536729,2.22426602065557,2.34382278776332,2.4668598649354
2.46716121769645,2.34410900757521,2.22453752772844,2.10846392591782,1.99590118783082,1.88685813387138,1.78133942274353,1.6793455632077,1.58087292193333,1.48591373751187,1.39445614028063,1.30648417630976,1.22197783778664,1.1409131008917,1.06326196344589,0.988992484139555,0.918068837869012,0.850451353988391,0.78609656467666,0.724957276576727,0.666982617627248,0.612118109135444,0.560305729767374,0.511483991855479,0.46558803459566,0.422549681823045,0.382297547345303,0.344757132154189,0.309850953300347,0.277498622632042,0.247616931242529,0.22011995280663,0.194919242781697,0.171923993180706,0.151041244138874,0.132176299131906,0.115233824598604,0.10011752758952,0.0867299869146495,0.0749730033384908,0.0647483159716571,0.0559578839337084,0.048504784383017,0.0422938871135863,0.0372320845664824,0.03322867062011,0.0301953922727956,0.0280458027512912,0.0266950665362462,0.0260596082066314,0.0260594405263296,0.0266945752729416,0.0280450232321944,0.0301943792075052,0.0332274948724176,0.0372308128521455,0.0422925830198732,0.0485034977675102,0.0559566421041525,0.0647471715279621,0.0749720114003725,0.0867290586554947,0.100116776965841,0.115233179219617,0.132175782251032,0.151040870914869,0.17192372099334,0.194919133819786,0.220119988311737,0.247617093292314,0.277498951714209,0.30985146106783,0.344757789480123,0.382298357068834,0.422550680996168,0.46558922743458,0.511485354975238,0.560307246489043,0.612119799483935,0.666984504366178,0.724959368636682,0.786098853338901,0.850453827786537,0.918071499532013,0.988995334779628,1.06326499860687,1.14091631068325,1.22198121325519,1.30648771427415,1.39445984332577,1.48591760680233,1.58087695476051,1.67934975269851,1.78134375750054,1.88686260230393,1.99590578575792,2.10846865369276,2.22454238955147,2.34411401179409,2.46716637653559
2.46746038100033,2.34439324980078,2.22480727094247,2.10871959426639,1.99614320703463,1.88708693072066,1.78155542459344,1.67954919747507,1.58106461559443,1.48609391660184,1.3946252293953,1.30664259811044,1.2221260125085,1.14105144585685,1.06339089258096,0.989112407498008,0.918180161160233,0.850554478111381,0.786191885259592,0.725045183525198,0.667063494678204,0.612192333419849,0.560373671380634,0.51154601343712,0.465644490920314,0.422600919398425,0.382343904022974,0.344798936752102,0.309888525241019,0.277532271590275,0.24764695680337,0.220146644135862,0.194942878320487,0.171944840359013,0.151059559114521,0.132192326579995,0.115247797634269,0.100129667651595,0.0867405036288572,0.0749820944231025,0.0647561672300134,0.0559646692808984,0.0485106659814492,0.0422990155903604,0.0372365992586514,0.0332326998658743,0.0301990537089634,0.0280492035322985,0.0266983035295343,0.0260627681454441,0.0260626004448097,0.02669781220666,0.0280484239186786,0.0301980405208307,0.0332315239756129,0.0372353273901089,0.0422977113385153,0.0485093792099299,0.0559634273007606,0.0647550226475453,0.0749811023647036,0.0867395752571436,0.100128916936896,0.115247152177024,0.132191809636445,0.151059185845259,0.171944568138641,0.194942769345363,0.220146679645275,0.247647118872805,0.277532600712346,0.309889033070073,0.344799594157742,0.38234471384469,0.422601918692707,0.465645683903874,0.511547376722168,0.560375188286217,0.612194023973308,0.667065381645916,0.725047275838832,0.786194174199352,0.850556952209495,0.918182823145981,0.989115258483743,1.06339392810998,1.14105465603762,1.22212938838635,1.30664613650383,1.39462893288947,1.48609778636147,1.58106864891062,1.67955338747389,1.78155975987607,1.88709139969504,1.99614780551926,2.10872432261461,2.22481213335504,2.34439825462647,2.46746554046502
2.46775242932858,2.34467073191747,2.22507059887639,2.10896918207619,1.99637947031612,1.88731028611377,1.78176628928956,1.67974798872583,1.58125175022135,1.4862698105077,1.39479029707781,1.30679725217878,1.22227066320345,1.14118650057537,1.06351675540528,0.989229478729337,0.918288836859006,0.85065514964205,0.786284938841137,0.725130999790125,0.667142448237077,0.612264792434355,0.560439997144233,0.511606559964715,0.465699604548958,0.422650938394871,0.382389158203688,0.344839747114787,0.309925203611395,0.277565120278172,0.24767626826883,0.220172700667463,0.19496595173725,0.171965191730635,0.151077438506646,0.132207972848637,0.115261438350405,0.100141518987596,0.0867507702249377,0.0749909692952153,0.0647638317625542,0.0559712932527483,0.0485164076983218,0.0423040220970037,0.0372410065782772,0.0332366332844263,0.0302026280655036,0.0280525234328178,0.0267014635376839,0.0260658529316984,0.026065685211215,0.0267009721566567,0.028051743726923,0.03020161475745,0.0332354572549867,0.0372397345591965,0.0423027176907876,0.0485151207745004,0.0559700511256099,0.0647626870446135,0.0749899771193965,0.0867498417433421,0.100140768184043,0.115260792816764,0.132207455843902,0.151077065193204,0.171964919478044,0.194965842749228,0.220172736181078,0.247676430357447,0.277565449439198,0.309925711500555,0.344840404598238,0.382389968121254,0.422651937807429,0.465700797673719,0.511607923411122,0.560441514229358,0.612266483187909,0.66714433542813,0.725133092351405,0.786287228051816,0.850657624032997,0.918291499159827,0.989232330052514,1.06351979129359,1.1411897111361,1.22227403948087,1.30680079099098,1.39479400101032,1.48627368072536,1.58125578401492,1.67975217922057,1.78177062508532,1.8873147556171,1.99638406934503,2.10897391098405,2.22507546186447,2.34467573733553,2.46775758940394
2.46803758623519,2.34494166632928,2.22532771309962,2.10921288039899,1.99661015852756,1.88752837102237,1.78197217824233,1.67994208912855,1.58143446905988,1.48644155387081,1.39495146968239,1.30694825689772,1.22241190059713,1.14131836842748,1.06363964826296,0.989343787447964,0.918394948153229,0.850753445641351,0.786375796650945,0.725214791061216,0.667219538740382,0.612335541644108,0.560504757828502,0.511665677784764,0.465753417669377,0.422699777100382,0.382433344528126,0.344879594481321,0.309961016487635,0.277597193840391,0.247704888075931,0.220198142346902,0.194988480693977,0.171985062873922,0.151094896001374,0.132223249914569,0.115274757188559,0.100153090669358,0.086760794561654,0.0749996347482706,0.064771315436243,0.0559777609197045,0.0485220139287422,0.042308910465843,0.0372453098990273,0.0332404738866768,0.0302061180784759,0.0280557649941308,0.026704548979584,0.0260688649267032,0.0260686971868392,0.0267040575417761,0.0280549851981384,0.0302051046533312,0.0332392977213431,0.0372440377329605,0.0423076059088985,0.0485207268562125,0.0559765186490341,0.0647701705860263,0.0749986424578026,0.0867598659727692,0.100152339779047,0.115274111580325,0.132222732850092,0.151094522644794,0.171984790589871,0.194988371693361,0.220198177864622,0.247705050183279,0.277597523039452,0.309961524435483,0.344880252040746,0.382434154539282,0.422700776628425,0.465754610932008,0.511667041388721,0.56050627508893,0.612337232593034,0.667221426149507,0.725216883864297,0.78637808612615,0.850755920318221,0.918397610761688,0.989346639100621,1.06364268450208,1.14132157935919,1.22241527726469,1.30695179611884,1.3949551740429,1.48644542453569,1.58143850331957,1.67994628010752,1.7819765145391,1.88753284104217,1.9966147580879,2.10921760985329,2.22533257664963,2.34494667232573,2.46804274690682
2.46831606657396,2.34520625717396,2.22557880733695,2.10945087285127,1.99683544548285,1.88774134976433,1.78217324658045,1.68013164492978,1.58161290978102,1.48660927609263,1.39510886864585,1.30709572604299,1.22254983110601,1.14144714877007,1.06375966374864,0.989455419780725,0.918498574993321,0.850849440171206,0.786464527146573,0.725296620471685,0.667294824272589,0.612404634355674,0.560568002227905,0.511723411440071,0.465805970827506,0.422747472312879,0.382476496288836,0.344918508875025,0.309995990853244,0.277628516443018,0.247732837788501,0.220222988343422,0.195010482165293,0.172004468760947,0.151111944752195,0.132238169288421,0.11528776418392,0.100164391415657,0.086770584191924,0.0750080973113244,0.0647786238897148,0.0559840771548832,0.0485274888967703,0.0423136843800595,0.0372495124632736,0.0332442245663587,0.030209526377459,0.0280589306586181,0.0267075621799859,0.0260718063998707,0.0260716386410798,0.0267070706867267,0.0280581507746376,0.0302085128379648,0.0332430482683128,0.0372482401536623,0.0423123796759156,0.0485262016790142,0.0559828347440417,0.0647774789103193,0.0750071049088915,0.0867696554982621,0.10016364044062,0.115287118502839,0.132237652165602,0.151111571353488,0.172004196446173,0.195010373152378,0.220223023865149,0.24773299991414,0.277628845679225,0.309996498858407,0.344919166508646,0.382477306391388,0.422748471953704,0.465807164224778,0.51172477519789,0.560569519659532,0.612406325495397,0.667296711894679,0.725298713510909,0.78646681688011,0.850851915127306,0.918501237902214,0.989458271755147,1.06376270033035,1.14145036006409,1.22255320815457,1.30709926566346,1.39511257342434,1.48661314719425,1.58161694449592,1.68013583638163,1.78217758336651,1.8877458202885,1.99684004556218,2.10945560283922,2.22558367143574,2.34521126373526,2.46832122782789
2.46858807690112,2.34546470070553,2.22582406783162,2.10968333595833,1.99705549828328,1.88794938031158,1.78236964344162,1.68031679672803,1.58178720473897,1.48677310157714,1.39526261071515,1.30723976899635,1.22268455703679,1.14157293712293,1.06387689088096,0.989564458528267,0.918599794242045,0.850943204433291,0.786551196141771,0.725376548716568,0.667368360674963,0.612472121816942,0.560629777252482,0.511779803753212,0.465857303003409,0.422794059409161,0.382518645492615,0.344956519159733,0.310030152649632,0.277659111318856,0.24776013813758,0.220247257085953,0.195031972470271,0.17202342378557,0.151128597404619,0.132252742036287,0.115300468984118,0.100175429608556,0.0867801463769751,0.0750163632612831,0.0647857625438424,0.055990246643203,0.0485328366633345,0.0423183473805913,0.037253617388169,0.0332478881054503,0.0302128554904783,0.0280620227743367,0.0267105053738598,0.0260746795329691,0.0260745117556911,0.0267100138264377,0.0280612428044124,0.0302118418392913,0.0332467116777754,0.0372523449383482,0.0423170425326681,0.048531549303726,0.0559890040954468,0.0647846174382692,0.0750153707494868,0.0867792175809705,0.10017467855076,0.115299823231882,0.132252224856479,0.151128223964763,0.172023151440787,0.195031863445342,0.220247292611595,0.247760300281085,0.277659440591344,0.310030660710777,0.344957176865825,0.382519455684442,0.422795059160147,0.465858496532195,0.511781167661319,0.560631294851332,0.612473813143031,0.66737024850507,0.725378641986446,0.786553486127639,0.850945679662134,0.918602457444393,0.98956731081698,1.06387992779731,1.14157614877084,1.2226879344575,1.30724330900689,1.39526631590192,1.48677697310537,1.58179123989849,1.68032098864179,1.78237398070559,1.88795385132841,1.99706009886954,2.10968806646753,2.22582893246644,2.34546970781855,2.46859323872382
2.46885381585639,2.34571718565635,2.22606367368889,2.10991043947994,1.9972704776258,1.88815261458166,1.78256151224768,1.68049767973329,1.5819574812153,1.48693314996045,1.39541280816282,1.3073804909474,1.22281617677515,1.14169582534496,1.06399141526686,0.989670983317821,0.918698679816323,0.851034806900411,0.786635866927915,0.7254546341647,0.667440201648599,0.612538053311675,0.5606901280144,0.511834895905546,0.465907451683202,0.422839572410174,0.382559822919574,0.344993653093043,0.310063526823979,0.277689000810285,0.247786809059668,0.220270966297121,0.195052967302537,0.172041941789991,0.151144866119502,0.13226697880014,0.115312880867031,0.100186213308865,0.0867894880997407,0.0750244386344846,0.0647927366117381,0.055996273890028,0.048538061133724,0.0423229028726668,0.0372576276713983,0.0332514671793075,0.0302161078486701,0.028065043599352,0.0267133807105186,0.0260774864241484,0.0260773186288094,0.0267128891101823,0.0280642635454654,0.0302150940883654,0.0332502906249924,0.0372563550846007,0.0423215978842791,0.0485367736355336,0.0559950312085138,0.0647915913828965,0.0750234460158462,0.086788559203753,0.10018546217022,0.115312235045281,0.132266461564659,0.151144492639446,0.17204166941589,0.195052858265872,0.220271001826587,0.247786971220628,0.277689330118218,0.310064034939816,0.344994310869936,0.382560633198616,0.422840572268781,0.465908645340469,0.511836259960474,0.560691645776617,0.612539744819831,0.667442089681928,0.725456727659915,0.786638157160295,0.851037282395708,0.91870134330536,0.989673835913578,1.06399445251012,1.14169903733859,1.22281955455944,1.30738403133901,1.39541651374845,1.48693702190543,1.58196151680921,1.6805018720983,1.78256584997855,1.88815708607979,1.99727507870731,2.10991517049837,2.22606853884738,2.34572219330838,2.46885897823476
2.46911347452389,2.34596389358002,2.22629779720142,2.11013234671873,1.99748053809497,1.88835119871361,1.78274899096514,1.68067442401254,1.58212386165022,1.48708953632804,1.39555956899089,1.30751799308463,1.22294478496452,1.141815901801,1.06410331925702,0.989775070747843,0.918795302821501,0.85112431344087,0.786718600388966,0.725530932964746,0.667510398851966,0.612602476249029,0.560749097909898,0.511888727512017,0.465956452927142,0.422884044042813,0.382600058179037,0.345029937376739,0.310096137374551,0.277718206409849,0.247812869732946,0.220294133025434,0.195073481758783,0.172060036089893,0.151160762595139,0.132280889817167,0.115325008757634,0.100196750270787,0.086798616077545,0.0750323292376627,0.064799551108224,0.0560021632293521,0.0485431660646827,0.0423273541319897,0.0372615461966238,0.0332549643615241,0.0302192857906975,0.0280679953058392,0.0267161902575218,0.0260802290917511,0.0260800612787645,0.0267156986054821,0.0280672151699114,0.0302182719237719,0.0332537876834663,0.0372602734759834,0.0423260490063514,0.0485418784310812,0.0560009204171404,0.0647984057589344,0.0750313365146269,0.0867976870838617,0.100195999053142,0.11532436286796,0.132280372527286,0.151160389075803,0.172059763687146,0.19507337271065,0.220294168558637,0.24781303191096,0.277718535752418,0.310096645543828,0.345030595222813,0.3826008685433,0.422885044006579,0.46595764670995,0.511890091710408,0.560750615831744,0.612604167935087,0.667512287083866,0.725533026680142,0.786720890862219,0.851126789196524,0.918797966590667,0.989777923643617,1.06410635681972,1.14181911413245,1.22294816310406,1.3075215338486,1.39556327496624,1.48709340868025,1.58212789766856,1.68067861681848,1.78275332915223,1.88835567068202,1.99748513966039,2.11013707823474,2.22630266287159,2.34596890175873,2.46911863744521
2.46936723677392,2.34620499917612,2.22652660415746,2.11034921481235,1.99768582843944,1.88854527332945,1.78293221235203,1.68084715472249,1.58228646386153,1.48724237142072,1.39570299712407,1.30765237277649,1.2230704726753,1.14193325151998,1.06421268209325,0.989876794525045,0.918889731678563,0.851211787436316,0.786799455110398,0.725605499145649,0.667579001993325,0.612665436248375,0.56080672869692,0.511941336692031,0.466004341434141,0.422927505798468,0.382639379762523,0.34506539770456,0.31012800739363,0.27774674879871,0.247838338611577,0.220316773675789,0.195093530365767,0.172077719498269,0.151176298088192,0.13229448493808,0.115336861243965,0.100207047955789,0.0868075367741196,0.0750400406583359,0.0648062108588023,0.0560079188315526,0.0485481550711301,0.0423317043105995,0.0372653757386435,0.0332583821285356,0.0302223915669348,0.02807087998397,0.0267189360043746,0.0260829094779236,0.0260827416476901,0.0267184443018055,0.028070099767864,0.0302213775958093,0.0332572053295451,0.0372641028871997,0.0423303990508274,0.0485468673051925,0.0560066758916113,0.0648050653917997,0.0750390478332733,0.0868066076849594,0.100206296660938,0.11533621528791,0.132293967595036,0.151175924530468,0.172077447067526,0.195093421306427,0.220316809212644,0.247838500806259,0.277747078175127,0.310128515615135,0.345066055618244,0.38264019021007,0.422928505865006,0.46600553533964,0.511942701030627,0.56080824677477,0.612667128108296,0.667580890419288,0.725607593076225,0.786801745819054,0.851214263446415,0.918892395721497,0.989879647714025,1.06421571996813,1.14193646418158,1.22307385116203,1.30765591390436,1.3957067034803,1.48724624417091,1.58229050029467,1.68085134795934,1.78293655098497,1.88854974575746,1.99769043047778,2.11035394681464,2.22653147032771,2.34621000786954,2.46937240022585
2.4696152795869,2.346440670598,2.22675025413299,2.11056119501028,1.99788649183408,1.88873497378188,1.78311130419172,1.68101599233005,1.58244540125229,1.48739176182969,1.39584319259291,1.30778372374289,1.22319332756541,1.14204795634465,1.06431958004805,0.989976225594253,0.918982032244664,0.851297289893405,0.786878487482414,0.725678384711814,0.667646058918304,0.612726977219666,0.560863060568686,0.511992760136605,0.466051150602899,0.422969987988506,0.382677815093931,0.345100058807467,0.310159159108204,0.277774647883075,0.247863233458223,0.220338904038368,0.195113127105914,0.172095004347991,0.151191483433521,0.132307773644473,0.115348446592258,0.100217113545745,0.0868162564109921,0.0750475782746507,0.0648127205081572,0.0560135447107371,0.0485530316325299,0.0423359564424246,0.0372691189682804,0.0332617228639821,0.0302254273434316,0.0280736996455944,0.0267216198660326,0.0260855294520374,0.0260853616049456,0.026721128114073,0.0280729193511173,0.0302244132704548,0.0332605459467846,0.0372678459889813,0.0423346510515419,0.048551743737239,0.0560123016459451,0.0648115749260949,0.0750465853498609,0.0868153272285067,0.100216362175427,0.115347800571319,0.132307256249462,0.151191109838274,0.172094731889883,0.195113018035619,0.220338939578792,0.247863395669197,0.277774977292577,0.310159667380759,0.345100716787237,0.382678625622885,0.422970988155498,0.466052344628323,0.511994124612246,0.560864578799024,0.61272866924953,0.667647947533956,0.725680478852721,0.786880778421165,0.851299766152214,0.918984696555195,0.989979079069829,1.06432261822809,1.14205116932895,1.2231967063915,1.30778726522646,1.39584689932144,1.48739563496889,1.58244943809088,1.68102018598811,1.78311564326047,1.88873944665914,1.99789109433469,2.11056592748789,2.22675512079203,2.34644567979453,2.46962044355749
