-3.56993909823927,-3.47064541898531,-3.37080172302337,-3.27052695920258,-3.16994027529971,-3.0691608204567,-2.96830750562443,-2.86749892506651,-2.76685342271717,-2.66648883198699,-2.56652236702853,-2.46707045983951,-2.36824861413935,-2.27017109002685,-2.17295126328359,-2.07670104400491,-1.98153087815208,-1.88755027219074,-1.79486679721851,-1.70358630679513,-1.6138131939913,-1.52564953674537,-1.43919588828757,-1.3545498426236,-1.27180718612742,-1.19106135435818,-1.11240282685987,-1.0359189350723,-0.961693515234985,-0.889808606484405,-0.820343828358864,-0.753374224863573,-0.688969471840977,-0.627194587533525,-0.568107415418627,-0.511742197818238,-0.458115796733263,-0.407259028721066,-0.359205951606763,-0.313962318553865,-0.271531998677178,-0.231893715523204,-0.195003031434154,-0.160810427050188,-0.129244782079957,-0.100237543709184,-0.0737295627992223,-0.0496695034916458,-0.028012829170311,-0.0087439396282897,0.00873440076162472,0.0280039744237892,0.049661957365116,0.0737238425101588,0.10023397899404,0.129243051605993,0.160810371275764,0.19500436768705,0.231895381850866,0.27153647678291,0.313965075000079,0.359208889046618,0.407264123400792,0.458117823100849,0.511747224419707,0.568110531695617,0.627198198937794,0.688974415534828,0.753377752948728,0.820347962370676,0.889813856950466,0.96169829604806,1.03592287124764,1.11240781743489,1.19106700828993,1.2718125025281,1.35455428309013,1.43920044884268,1.52565489332838,1.61381900556223,1.70359214122079,1.79487219582532,1.88755557174347,1.98153629739654,2.07670641307116,2.17295642114803,2.27017594333731,2.36825325522294,2.46707514615333,2.56652712175012,2.66649356846125,2.76685802435474,2.86750326383286,2.96831147474092,3.06916455390898,3.16994396798947,3.27053071431231,3.37080565774013,3.47064965154743,3.56994371175729
-3.59132765785994,-3.49143908084435,-3.39099719180823,-3.29012165225838,-3.18893232382111,-3.08754906949606,-2.98609151266474,-2.88467895812401,-2.78343045884157,-2.68246455420279,-2.58189916062483,-2.48185140768389,-2.38243749111629,-2.28377235558684,-2.18597005614493,-2.0891431733723,-1.99340281494464,-1.89885914341313,-1.80562037436564,-1.71379299556184,-1.62348202552217,-1.53479015376403,-1.44781853596177,-1.36266535083561,-1.27942695864396,-1.19819735474601,-1.11906756077543,-1.04212543140046,-0.96745530514831,-0.895139712676151,-0.82525875054646,-0.757887912375251,-0.69309729145352,-0.630952295567211,-0.571511114751095,-0.514808196482991,-0.460860503789032,-0.409699037857679,-0.361358060564541,-0.315843359542029,-0.273158827085957,-0.233283059269313,-0.196171352195172,-0.161773889818583,-0.130019125745523,-0.100838096441557,-0.0741712983880774,-0.0499670881583657,-0.0281806623042568,-0.00879632715337424,0.00878673113654148,0.0281717545063331,0.049959496820763,0.0741655438270724,0.100834510369152,0.130017384903778,0.161773833709997,0.196172696453953,0.233284735580436,0.273163332021343,0.315846132502926,0.361361015603465,0.409704163061137,0.460862542297184,0.514813253200314,0.57151424969862,0.63095592860847,0.6931022647665,0.757891461598205,0.825262909326359,0.895144994599306,0.967460114604649,1.04212939115859,1.11907258125045,1.19820304255214,1.27943230689677,1.36266981790629,1.44782312384051,1.5347955424399,1.62348787191193,1.71379886494327,1.8056258053171,1.89886447471705,1.99340826665739,2.08914857460622,2.18597524491166,2.28377723797492,2.38244216000599,2.4818561220748,2.58190394383336,2.68246931905467,2.78343508804892,2.88468332288519,2.98609550556137,3.08755282531656,3.18893603863487,3.29012542986609,3.39100115009904,3.49144333876501,3.59133229901891
-3.61106121118798,-3.51062376847448,-3.40962997341293,-3.30820014502373,-3.20645480354638,-3.10451447060128,-3.00249942687402,-2.90052963271502,-2.79872479526177,-2.69720410524741,-2.5960861270138,-2.49548863373834,-2.39552845962728,-2.29632118094102,-2.19798147943627,-2.10062255430026,-2.00435612372082,-1.90929295556808,-1.81554186005068,-1.72320991005505,-1.63240270115521,-1.54322348712485,-1.4557739794664,-1.37015289637052,-1.28645712757396,-1.20478118491969,-1.12521659018518,-1.0478516807807,-0.972771258655048,-0.900058307953159,-0.82979336535046,-0.762052339283725,-0.696905708191126,-0.634419239259964,-0.574651442266416,-0.517636953969593,-0.463392830603714,-0.411950243701936,-0.363343643401312,-0.31757884913602,-0.274659774589182,-0.234564898223925,-0.197249270505273,-0.162662801660094,-0.130733552162714,-0.101392179539286,-0.0745788533124931,-0.0502416462863779,-0.0283355088277099,-0.00884466103084491,0.00883501228601628,0.0283265520834014,0.0502340132360495,0.0745730671314447,0.101388573762204,0.130731801755428,0.162662745243205,0.197250622150459,0.234566583746008,0.274664304278194,0.317581637333726,0.363346614677524,0.411955397067255,0.46339488031302,0.517642038472462,0.574654594439786,0.634422892263984,0.696910708831364,0.762055908008876,0.829797546981937,0.900063618899319,0.972776094538287,1.04785566229682,1.12522163824661,1.20478690397906,1.28646250521424,1.37015738798676,1.45577859255453,1.54322890541031,1.6324085796696,1.72321581168743,1.81554732084402,1.90929831616634,2.00436160538953,2.10062798521276,2.19798669671412,2.29632609015674,2.39553315417149,2.49549337403378,2.59609093650501,2.69720889628109,2.79872944990558,2.9005340214596,3.00250344171074,3.10451824705919,3.20645853877222,3.30820394338855,3.40963395345367,3.51062804979146,3.6110658778491
-3.6292999854571,-3.52835525257633,-3.42685135731902,-3.32490922641376,-3.22264998882455,-3.12019477490326,-3.01766447285004,-2.91517964891194,-2.81286061484412,-2.71082716338913,-2.6091984577345,-2.50809286590722,-2.40762781222064,-2.30791945668855,-2.20908306030311,-2.11123239399885,-2.01447974023061,-1.91893642633571,-1.82471181210217,-1.73191351122094,-1.64064765260894,-1.55101801155474,-1.46312681328602,-1.37707327459995,-1.2929547746047,-1.21086630250434,-1.13089984233518,-1.05314417768273,-0.977684538814111,-0.904604329011164,-0.833984491724543,-0.765901318789912,-0.700425644618449,-0.637623568574847,-0.577553895956885,-0.520251438467267,-0.465733338487968,-0.414030924993548,-0.365178822122066,-0.31918287870054,-0.276047028179351,-0.235749640320489,-0.198245538557541,-0.163484380123586,-0.131393862140266,-0.101904291898263,-0.0749555367280502,-0.0504954071594107,-0.0284786260220981,-0.00888933370920568,0.00887963623042639,0.0284696240390002,0.0504877355560161,0.0749497213221165,0.101900667909096,0.13139210289201,0.163484323421745,0.198246897029627,0.235751334355819,0.276051580746949,0.319185680980896,0.365181808405622,0.414036104387523,0.46573539854996,0.520256548650981,0.577557064051275,0.637627240029487,0.700430670515959,0.765904905540006,0.833988694476634,0.904609666781888,0.977689399122465,1.05314817930873,1.13090491589339,1.21087205044957,1.29296017940641,1.37707778890249,1.46313144967397,1.55102345720692,1.64065356081457,1.73191944266133,1.82471730047692,1.91894181400932,2.01448524958618,2.11123785234184,2.20908830393243,2.30792439069977,2.40763253047609,2.50809763014499,2.60920329151752,2.7108319786214,2.81286529299764,2.91518405982322,3.01766850796493,3.12019857043533,3.2226537429163,3.3249130439634,3.42685535746219,3.52835955551742,3.62930467568862
-3.64618629213664,-3.54477188639226,-3.44279571661607,-3.34037927218122,-3.23764424563721,-3.13471233092785,-3.03170497871859,-2.92874331622375,-2.82594821498172,-2.72344002510342,-2.62133846421554,-2.51976245108459,-2.41882995637248,-2.31865768055913,-2.21936142091986,-2.12105547773943,-2.02385265589743,-1.9278648007119,-1.83320178079707,-1.73997171054591,-1.64828121266902,-1.55823454529777,-1.46993440929054,-1.3834804830777,-1.29897059885022,-1.21650018777531,-1.13616166187009,-1.05804421780986,-0.982233482418777,-0.908813247035172,-0.837864831721146,-0.769464883280908,-0.70368456570203,-0.640590285894497,-0.580241122763754,-0.522672049983437,-0.467900289695118,-0.415957316639946,-0.366877916054212,-0.320667963978196,-0.277331412163725,-0.23684652973222,-0.199167929920986,-0.164245035729665,-0.132005207871068,-0.102378429371564,-0.0753042877780023,-0.050730350794442,-0.0286111305862697,-0.00893069375543826,0.00892095115649769,0.0286020867189937,0.050722643496823,0.0752984453143086,0.1023747885208,0.13200344043743,0.164244978764004,0.199169294713733,0.236848231649511,0.277335985913384,0.320670779296924,0.366880916232266,0.415962520132462,0.46790235934211,0.522677183943672,0.580244305598567,0.640593974431579,0.703689614983895,0.769468486719335,0.837869054027686,0.908818609641328,0.98223836534104,1.05804823805451,1.13616675903441,1.21650596246443,1.29897602879924,1.38348501838425,1.46993906725055,1.55824001628733,1.64828714836418,1.73997766958394,1.83320729470798,1.92787021345312,2.02385819088677,2.12106096147885,2.21936668894659,2.31866263752718,2.4188346965809,2.51976723748927,2.62134332048905,2.72344486273987,2.82595291490162,2.92874774765799,3.03170903260795,3.13471614411966,3.23764801719589,3.34038310749305,3.44279973537099,3.54477620935395,3.64619100419074
-3.66184667625118,-3.559996695245,-3.45758253742837,-3.35472621397171,-3.25154994009452,-3.14817593241655,-3.04472616323432,-2.94132228000402,-2.83808567340775,-2.73513721046062,-2.63259712297698,-2.5305848404799,-2.42921884031574,-2.32861632419343,-2.22889358673802,-2.13016541915445,-2.03254511081969,-1.93614498742785,-1.84107538947928,-1.74744489571868,-1.65536058680161,-1.56492716864851,-1.47624778321834,-1.3894225370607,-1.30454968255621,-1.22172506074931,-1.14104148056708,-1.06258852178489,-0.986452178994431,-0.912716603418151,-0.841463464388135,-0.772769737906907,-0.706706893611639,-0.64334162363025,-0.582733260612312,-0.52491692844352,-0.469909923234613,-0.417743854910873,-0.368453658111314,-0.322045234113831,-0.278522551643042,-0.237863786486161,-0.20002335694417,-0.164950468788305,-0.132572170745356,-0.102818145118524,-0.0756277199829387,-0.0509482378457479,-0.0287340155019138,-0.00896905111938344,0.00895926667594304,0.0287249327911931,0.0509404974452562,0.075621852425841,0.102814488630292,0.132570395720584,0.164950411577975,0.200024727598707,0.237865495713193,0.278527145036974,0.322048061524364,0.368456671175144,0.417749080752409,0.469912001770747,0.524922084454135,0.582736457117412,0.643345328009614,0.70671196458019,0.772773356822116,0.841467704829498,0.912721989056722,0.986457082888863,1.06259255929651,1.14104659962375,1.22173086024074,1.30455513582688,1.38942709184641,1.4762524611843,1.56493266313599,1.6553665479906,1.74745088035081,1.84108092707246,1.93615042341682,2.03255066958183,2.13017092644656,2.22889887739095,2.32862130245168,2.42922360088337,2.53058964744221,2.63260200010821,2.73514206887473,2.83809039351383,2.94132673047129,3.04473023453515,3.14817976198603,3.25155372785206,3.35473006575622,3.45758657344385,3.56000103677383,3.66185140854356
-3.67639381897341,-3.57413922621231,-3.47131821537799,-3.36805328234548,-3.26446712784948,-3.16068245403051,-3.05682171773527,-2.95300704967961,-2.84936032278527,-2.74600288422667,-2.64305544345404,-2.54063790443911,-2.4388692151943,-2.33786704302692,-2.23774814455696,-2.13862776701172,-2.04061964982435,-1.9438365649168,-1.84838929113083,-1.75438683855373,-1.66193671323233,-1.57114403704441,-1.48211236169322,-1.39494219141411,-1.30973216890756,-1.22657851595849,-1.14557441018902,-1.06680978724138,-0.990370983331477,-0.916342483982999,-0.844806282969641,-0.775839662090698,-0.709514374905389,-0.645897378484434,-0.585048241183754,-0.527002226423063,-0.471776699024059,-0.419403394486393,-0.369917386231291,-0.323324598980211,-0.279629017224026,-0.238808730050539,-0.20081797468175,-0.165605755102482,-0.133098830231493,-0.103226603026162,-0.0759281605348286,-0.0511506360761804,-0.0288481649629495,-0.00900468179380868,0.00899485848044615,0.0288390461700274,0.0511428649259821,0.0759222696681284,0.103222932012075,0.133097048155214,0.165605697664878,0.200819350781383,0.238810446067689,0.279633628865788,0.323327437622985,0.369920411264893,0.419408641088237,0.471778785817436,0.527007402916573,0.58505145038737,0.645901097579906,0.709519466018994,0.775843295382498,0.844810540256687,0.916347891016692,0.990375906707241,1.06681384079251,1.14557954958178,1.22658433848912,1.30973764384202,1.39494676429428,1.48211705824298,1.57114955335943,1.66194269810289,1.75439284696056,1.84839485072279,1.94384202250092,2.04062523066937,2.13863329618223,2.23775345622767,2.33787204106192,2.43887399467388,2.54064273049768,2.64306033996028,2.74600776194145,2.84936506164257,2.95301151782692,3.05682580520985,3.16068629881344,3.26447093065436,3.36805714943168,3.47132226742705,3.57414358498841,3.67639857006542
-3.68992821136054,-3.58729717531018,-3.48409763595721,-3.38045254013685,-3.27648504029813,-3.17231829030115,-3.06807519780909,-2.96387834315368,-2.8598500479235,-2.75611210602427,-2.65278567128981,-2.54999108911014,-2.44784774539663,-2.34647374064075,-2.24598626129399,-2.14650097885844,-2.04813205149119,-1.95099266627631,-1.85519400988028,-1.76084549370358,-1.66805501956921,-1.57692809635392,-1.4875686569795,-1.40007757568076,-1.31455385830453,-1.23109408086966,-1.14979176402531,-1.07073717450562,-0.994016966367369,-0.919715936161931,-0.847916379517463,-0.778695862740922,-0.712126403547347,-0.648275205505334,-0.587202056267632,-0.528942349073823,-0.473513512673005,-0.420947399396906,-0.371279211787149,-0.324514896376651,-0.280658452324914,-0.239687888056217,-0.201557272320024,-0.166215421362815,-0.133588824471317,-0.103606624704726,-0.0762076848645149,-0.0513389436443015,-0.0289543675091082,-0.00903783191393175,0.00902797243671296,0.0289452151459737,0.0513311438851453,0.0762017723109919,0.103602940176051,0.133587035834446,0.166215363713758,0.201558653485674,0.239689610390767,0.280663080944119,0.324517745469694,0.371282247957205,0.420952665313755,0.47351560714877,0.528947544624239,0.587205277285711,0.648278938292402,0.71213151340354,0.778699509408438,0.84792065247742,0.919721363101247,0.994021907868205,1.07074124297962,1.14979692233839,1.23109992483554,1.3145593533946,1.40008216539568,1.48757337081929,1.57693363297687,1.66806102647266,1.76085152422995,1.8551995899395,1.95099814395215,2.04813765288171,2.14650652838421,2.24599159251925,2.34647875707568,2.44785254247154,2.54999593293551,2.65279058582221,2.75611700169602,2.85985480422657,2.96388282775017,3.06807930033142,3.17232214923839,3.27648885710278,3.38045642145946,3.48410170292361,3.58730155013281,3.68993297994337
-3.7025396209582,-3.59955781330501,-3.49600555932277,-3.39200622605352,-3.28768338685583,-3.18316061650413,-3.07856124273453,-2.97400826483293,-2.86962442245773,-2.76553192578096,-2.66185234271514,-2.55870642996587,-2.45621398148081,-2.35449350139444,-2.25366257667722,-2.15383727417248,-2.05513214220621,-1.95766075471247,-1.86153467837071,-1.7668636985269,-1.67375608579008,-1.58231770964449,-1.49265285823308,-1.40486275055789,-1.3190467308472,-1.23530170519668,-1.15372151388968,-1.07439673217331,-0.997414310269965,-0.922859334548036,-0.850814381905081,-0.781357283753611,-0.714560303950287,-0.650490875751564,-0.589208991151996,-0.53075016435792,-0.475131883686285,-0.422386110333482,-0.372548167156126,-0.325624021011149,-0.281617684726352,-0.240507091563366,-0.202246153288166,-0.166783511211772,-0.134045403376536,-0.103960730667318,-0.0764681469313261,-0.0515144095096309,-0.0290533275341771,-0.00906872134960979,0.00905882817474202,0.0290441438901629,0.051506583092515,0.076462214169921,0.103957033545689,0.134043608626475,0.166783453365682,0.202247539174353,0.240508819784498,0.281622329165218,0.325626879841801,0.372551213703181,0.422391394248143,0.475133985320533,0.530755377665651,0.589212223178848,0.650494621296524,0.714565431270908,0.781360942884681,0.850818669469129,0.922864780035506,0.997419268659827,1.07440081455252,1.15372668983281,1.23530756913603,1.31905224471835,1.4048673559595,1.49265758818379,1.58232326519047,1.67376211322388,1.76686974966435,1.86154027750142,1.95766625110987,2.05513776274112,2.15384284266538,2.25366792612351,2.3544985349745,2.45621879495113,2.55871129034643,2.66185727404439,2.7655368381851,2.86962919501686,2.97401276475684,3.07856535927844,3.18316448863041,3.28768721670552,3.39201012064168,3.49600964018922,3.59956220307988,3.70254440583906
-3.7143083738575,-3.61099923211165,-3.50711783083754,-3.40278792920705,-3.29813349336436,-3.19327849087404,-3.08834664147707,-2.98346133542027,-2.87874570249767,-2.77432234133396,-2.67031320625284,-2.56683943779262,-2.46402121067351,-2.36197740570273,-2.2608259836083,-2.16068338015919,-2.06166450778041,-1.96388330140784,-1.86745168234259,-1.77247978489016,-1.6790762238045,-1.58734720508259,-1.49739734835374,-1.40932819435089,-1.32323940307416,-1.23922818864125,-1.15738868961273,-1.07781176913475,-1.00058465380643,-0.925792700448468,-0.853518748434244,-0.783840876568262,-0.716831578402353,-0.652558501533782,-0.591081828645393,-0.532437186827643,-0.476642119985184,-0.423728690905064,-0.373732334719798,-0.326659037252344,-0.282512824085525,-0.241271558340472,-0.202889005288833,-0.167313642994837,-0.134471475043857,-0.104291176327786,-0.0767112057012603,-0.0516781512702432,-0.0291456753461268,-0.00909754684551323,0.00908762222457267,0.0291364625113278,0.0516702999763728,0.0767052540822033,0.104287467454625,0.134469674589072,0.167313584964881,0.202890395580147,0.241273292054863,0.28251748328703,0.326661905169968,0.373735390950493,0.423733991614978,0.476644228299609,0.532442416706197,0.591085070945443,0.65256225898419,0.716836722020482,0.783844547330107,0.853523049626581,0.925798163244759,1.00058962795684,1.07781586449006,1.15739388200791,1.2392340712195,1.32324493447148,1.40933281439106,1.4974020933389,1.58735277828722,1.67908227039688,1.77248585526154,1.86745729927048,1.96388881527588,2.06167014618054,2.16068896635189,2.26083135005812,2.36198245528235,2.46402603944374,2.56684431362221,2.67031815325662,2.77432726935248,2.87875049022667,2.98346584964747,3.08835077110567,3.19328237530811,3.29813733538746,3.4027918361744,3.50712192467528,3.61100363583969,3.71431317394741
-3.72530647401779,-3.62169143298354,-3.5175024379555,-3.41286361455752,-3.30789929599865,-3.20273381691252,-3.09749126337538,-2.99229539099364,-2.88726969414976,-2.78253713448405,-2.67822002742805,-2.57443987221829,-2.47131719941337,-2.36897124182767,-2.26752030947195,-2.16708118288254,-2.06776911474117,-1.96969837734608,-1.87298122339832,-1.77772811331209,-1.68404798345056,-1.59204735428762,-1.50183115523225,-1.41350122768041,-1.32715752672632,-1.2428975543396,-1.16081572782591,-1.08100317937799,-1.00354739387369,-0.928533980876032,-0.8560460250465,-0.786161836381641,-0.718954123087336,-0.654490733065989,-0.592832027201905,-0.534013738077669,-0.478053461545595,-0.424983355330926,-0.374838959489921,-0.327626277569613,-0.283349347072611,-0.241985965572551,-0.203489761439639,-0.167809060181194,-0.134869646278546,-0.104599983429307,-0.0769383482642356,-0.0518311707362005,-0.0292319759502855,-0.00912448476271042,0.00911453075487891,0.0292227358362007,0.0518232961945791,0.0769323790223816,0.10459626357414,0.134867840492598,0.167809001979411,0.203491155847618,0.241987704420486,0.283354020070053,0.327629153979165,0.374842024770142,0.424988671736289,0.478055576102757,0.53401898344194,0.592835279102434,0.654494501642242,0.718959281935764,0.786165518012645,0.856050338974706,0.928539459847711,1.00355238275261,1.08100728685968,1.16082093559582,1.24290345433621,1.32716307450216,1.41350586140055,1.50183591426736,1.59205294399456,1.68405404794695,1.77773420165788,1.87298685695798,1.96970390754073,2.06777476983665,2.16708678561601,2.26752569181188,2.36897630635913,2.47132204248164,2.57444476248525,2.67822498907996,2.78254207709448,2.88727449605527,2.9922999185875,3.09749540523184,3.20273771284844,3.30790314939802,3.41286753309344,3.51750654391513,3.62169584975107,3.7253112883208
-3.73559858006798,-3.63169727614553,-3.52722043253548,-3.42229251779028,-3.31703820862107,-3.21158218316752,-3.10604887032518,-3.00056236760681,-2.89524651057948,-2.79022460059629,-2.68561929101624,-2.58155241674839,-2.47814484134765,-2.37551612703935,-2.27378491069572,-2.17306829548903,-2.07348185251582,-1.97514016978059,-1.87815581011104,-1.78263953909631,-1.68870059406399,-1.59644578977784,-1.50598034554101,-1.41740638411219,-1.33082413673697,-1.24633137475895,-1.16402277633557,-1.08398972543544,-1.00631994863561,-0.931099292017287,-0.858411069784451,-0.788333808284917,-0.720940416599467,-0.656298930077583,-0.594469876365852,-0.535489086767204,-0.479374205746967,-0.426157479874273,-0.375874547393821,-0.328531428438969,-0.284132171666954,-0.242654513311564,-0.20405195362959,-0.168272675364432,-0.135242257958184,-0.104888967471241,-0.0771509100078626,-0.0519743675200473,-0.0293127367141677,-0.00914969347117137,0.00913971196286307,0.0293034710719191,0.051966471223003,0.0771449242744608,0.104885237339028,0.135240447183293,0.168272617001851,0.204053351889975,0.242656256963507,0.284136857574738,0.328534312795335,0.375877621142659,0.426162810967557,0.47937632614613,0.535494346623127,0.594473137250583,0.656302709065484,0.720945589700526,0.788337500087362,0.858415395630979,0.931104786126018,1.00632495129757,1.08399384426509,1.16402799849326,1.2463372910558,1.33082969983996,1.41741103063416,1.50598511772416,1.59645139492777,1.68870667531509,1.78264564426271,1.87816145923484,1.97514571525381,2.07348752323493,2.17307391370147,2.27379030790574,2.37552120556286,2.47814969779612,2.58155732052596,2.68562426637597,2.79022955686194,2.89525132575148,3.0005669077093,3.10605302362458,3.21158608986695,3.31704207266644,3.42229644715215,3.52722454983886,3.63170170511549,3.73560340767173
-3.74524285784819,-3.64107330962291,-3.53632673582644,-3.43112792635446,-3.32560187979874,-3.21987359618328,-3.11406782564445,-3.00830898608034,-2.90272123276702,-2.79742818538746,-2.69255281395756,-2.58821726793024,-2.48454272289656,-2.38164904975828,-2.2796551916751,-2.17867855414714,-2.07883500664339,-1.98023943300278,-1.88300468665892,-1.78724181916696,-1.69306034987491,-1.60056736931259,-1.50986836843014,-1.42106573363886,-1.33425995495357,-1.2495490561363,-1.16702795977721,-1.08678828577293,-1.00891798718616,-0.933503131728833,-0.860627248699063,-0.79036906717788,-0.72280168447706,-0.657993311594453,-0.596004632442221,-0.53687157082976,-0.480611816775506,-0.427257700100276,-0.376844951056816,-0.329379605320794,-0.284865722001957,-0.243280979855234,-0.204578759087997,-0.168707108665883,-0.135591415897779,-0.105159761646977,-0.0773500922248924,-0.0521085508984456,-0.0293884140572521,-0.0091733154379187,0.00916330816012881,0.0293791244936892,0.052100634215356,0.0773440910379897,0.105156021884599,0.13558960044797,0.168707050152625,0.204580160958302,0.243282728008803,0.284870420007454,0.329382497123767,0.376848032741218,0.427263044956962,0.480613942648951,0.536876844265169,0.596007901745651,0.657997100338653,0.722806870933628,0.790372768511533,0.860631585713725,0.933508640021826,1.00892300276361,1.08679241523626,1.16703319541707,1.24955498770738,1.33426553241894,1.42107039215686,1.50987315293374,1.60057298893346,1.69306644682612,1.78724794009521,1.88301035036719,1.98024499279287,2.07884069200273,2.17868418686425,2.27966060281922,2.38165414139314,2.48454759188303,2.58822218436799,2.69255780216228,2.79743315444881,2.90272606037046,3.00831353790411,3.11407198966652,3.21987751296872,3.32560575382001,3.43113186586085,3.53633086375956,3.64107775002724,3.74524769791547
-3.75429172492061,-3.64987049304472,-3.54487084144835,-3.43941786153156,-3.33363685389476,-3.22765312057401,-3.12159171311405,-3.01557735001854,-2.90973448653469,-2.80418704102247,-2.69905828060518,-2.59447064986059,-2.49054561715163,-2.38740334299971,-2.28516305794263,-2.18394245114349,-2.08385767202308,-1.98502388199071,-1.88755420714479,-1.79155996735168,-1.69715094656866,-1.60443449406661,-1.51351635567192,-1.42449916517132,-1.33748365537319,-1.25256808687439,-1.16984761160719,-1.0894140708307,-1.01135563011068,-0.93575856510694,-0.862706606932419,-0.792278674885178,-0.72454804288713,-0.65958308674046,-0.597444636975496,-0.538168704197019,-0.481773021164248,-0.428289995809959,-0.377755444714625,-0.330175418136689,-0.285553984993097,-0.243868770108501,-0.205073041052369,-0.169114721271642,-0.135919017803768,-0.105413837748482,-0.0775369774895198,-0.0522344501707528,-0.0294594192930584,-0.0091954790505766,0.00918544759424078,0.0294501072850162,0.0522265143601952,0.0775309618031722,0.105410088950478,0.135917197967657,0.169114662617012,0.205074446309728,0.243870522485776,0.285558694349427,0.330178316926536,0.377758533844674,0.428295353580333,0.481775152174008,0.538173990373556,0.597447914177878,0.659586884638629,0.724553241874676,0.79228238516161,0.862710954425726,0.935764086708499,1.01136065780624,1.0894182102712,1.16985285989686,1.25257403277672,1.33748924631426,1.42450383494475,1.51352115173534,1.60444012726502,1.69715705825069,1.79156610306867,1.88755988453712,1.98502945521379,2.08386337111879,2.18394809746978,2.28516848216059,2.38740844693644,2.49055049790205,2.59447557817693,2.69906328086189,2.80419202208955,2.90973932580207,3.01558191283997,3.1215958871968,3.22765704682279,3.33364073727603,3.43942181055618,3.54487497935495,3.6498749441775,3.75429657668196
-3.76279250131647,-3.65813483029088,-3.55289742983926,-3.44720567460392,-3.3411851489012,-3.23496143848635,-3.12865987805611,-3.02240546851204,-2.91632294690316,-2.81053651217562,-2.70516971056426,-2.60034526389596,-2.49618491557231,-2.39280909819206,-2.2903373122646,-2.18888751343456,-2.08857611411778,-1.98951853648153,-1.89182816277362,-1.79561656492003,-1.70099377545994,-1.60806738673324,-1.51694338400476,-1.42772463345308,-1.34051209597411,-1.25540425465443,-1.17249647687716,-1.09188081185595,-1.01364562478829,-0.937877386686435,-0.864660018254208,-0.794072617485242,-0.726188624214296,-0.661076569065674,-0.598797420307202,-0.539387270081832,-0.482863891300761,-0.429259765277472,-0.378610789691288,-0.330923028500146,-0.286200559834167,-0.244420957854292,-0.205537384314571,-0.169497644745925,-0.13622677683342,-0.105652524438113,-0.0777125430971879,-0.0523527237130336,-0.0295261237354702,-0.00921630021126127,0.00920624604087619,0.0295167906424128,0.0523447699335604,0.077706513789628,0.105648767151772,0.136224952876687,0.169497585958484,0.205538792753828,0.244422714199444,0.28620527985381,0.330925933853671,0.378613885815999,0.42926513517935,0.482866027135728,0.539392568227765,0.598800704930094,0.661080375563357,0.726193834973817,0.794076336162788,0.864664375591468,0.937882920790459,1.01365066386797,1.09188496066932,1.17250173705044,1.25541021401996,1.34051769957465,1.4277293138002,1.51694819092782,1.6080730326868,1.70099990098054,1.79562271453003,1.89183385302117,1.98952412232396,2.08858182611786,2.18889317254573,2.29034274876453,2.39281421368554,2.49618980737411,2.6003502033714,2.70517472214296,2.81054150452124,2.91632779712802,3.02241004166498,3.12866406159016,3.23496537362527,3.34118904107555,3.44720963257025,3.55290157711525,3.65813929150228,3.76279736406357
-3.77078797896732,-3.66590792308544,-3.56044690592281,-3.45453056852766,-3.34828476206777,-3.24183533915288,-3.13530790080075,-3.02882771352471,-2.92251977942488,-2.81650856135509,-2.71091786807096,-2.60587068216834,-2.50148900573882,-2.39789352728578,-2.29520400124273,-2.1935386338957,-2.09301408502282,-1.99374602204945,-1.89584806814693,-1.79943203231806,-1.7046081809078,-1.61148433487672,-1.52016670469549,-1.43075837512083,-1.34336052157831,-1.25807183641914,-1.17498788967053,-1.09420092613957,-1.01579949878906,-0.939870262371678,-0.866497315912561,-0.795759925478983,-0.727731686956442,-0.662481276588509,-0.600069792193182,-0.540533402604841,-0.483889918499961,-0.430171890210878,-0.379415291695129,-0.331626199795825,-0.286808701308621,-0.244940322742268,-0.205974126325225,-0.169857806681499,-0.136516242210328,-0.105877023237238,-0.0778776728249917,-0.0524639669007094,-0.0295888631669857,-0.00923588373130308,0.00922580819702545,0.0295795102422376,0.0524559962204195,0.0778716307058845,0.105873257967119,0.136514414377908,0.169857747769142,0.205975537757246,0.244942082819441,0.286813431357733,0.331629111322875,0.37941839439873,0.430177271523146,0.483892058873319,0.540538712008692,0.600073083795501,0.662485091174539,0.727736908788195,0.795763652058266,0.866501682508634,0.939875808235003,1.01580454857618,1.09420508376866,1.17499316102104,1.2580778084476,1.34336613708582,1.43076306541312,1.52017152183268,1.61148999282725,1.70461431944439,1.79943819499523,1.89585377048557,1.99375161976111,2.0930198091602,2.19354430503179,2.29520944929455,2.39789865364907,2.50149390793511,2.60587563213957,2.71092289029865,2.81651356430883,2.92252463995588,3.02883229639505,3.1353120932243,3.24183928265348,3.34828866251251,3.45453453490419,3.56045106201126,3.66591239377637,3.77079285204717
-3.77831692062961,-3.67322745604412,-3.56755587020187,-3.46142805501222,-3.3549701129236,-3.24830814782931,-3.14156801152831,-3.03487522064722,-2.92835502687155,-2.82213214156381,-2.7163306206823,-2.61107369237602,-2.50648360233192,-2.40268128002607,-2.29978671899955,-2.19791836155493,-2.09719310039902,-1.99772683390447,-1.89963341210827,-1.80302486725658,-1.70801168585762,-1.6147019041526,-1.52320194467727,-1.4336150980125,-1.34604274159567,-1.26058376483203,-1.17733392856865,-1.09638566179315,-1.01782769427754,-0.941746853793682,-0.868227407282967,-0.797348779079222,-0.729184712013131,-0.663804019450642,-0.601267921200681,-0.541612658314108,-0.484856077029075,-0.431030792669521,-0.380172851020365,-0.332288341058044,-0.287381357738109,-0.245429382697629,-0.206385384446789,-0.170196953174096,-0.136788817287286,-0.10608842253515,-0.0780331672359119,-0.0525687190502259,-0.0296479417537109,-0.00925432455327466,0.00924422890168728,0.029638570154451,0.0525607324552818,0.0780271130528111,0.106084649747107,0.136786985805325,0.170196894144111,0.206386798696944,0.245431146289059,0.287386097231471,0.332291258398392,0.380175959918978,0.431036184726384,0.484858221676008,0.541617978318977,0.601271219375175,0.663807841653062,0.729189944271052,0.797352513099178,0.868231782597601,0.941752410730151,1.01783275414732,1.09638982772356,1.1773392104442,1.26058974878454,1.34604836831538,1.43361979766965,1.5232067714326,1.61470757340008,1.70801783665071,1.80303104223845,1.89963912583248,1.9977324427928,2.0971988359655,2.1979240440143,2.29979217792922,2.4026864166249,2.50648851431618,2.6110786522306,2.71633565293763,2.8221371545067,2.92835989710732,3.03487981266794,3.14157221232265,3.2483120992037,3.35497402115616,3.46143202930821,3.56756003458857,3.67323193566145,3.7783218034393
-3.78541449765661,-3.68012762227015,-3.5742575321108,-3.46793035557619,-3.36127243199847,-3.25441010215738,-3.14746945426479,-3.0405762407306,-2.93385594852588,-2.82743352328373,-2.72143325400187,-2.61597860031363,-2.51119203754479,-2.40719472233769,-2.30410687364159,-2.20204715625318,-2.10113268246247,-2.0014795683575,-1.90320187784281,-1.80641185361738,-1.71122018973859,-1.61773512539399,-1.52606328303431,-1.43630814727198,-1.34857128598218,-1.2629517743341,-1.17954555306179,-1.09844522478094,-1.01973968594264,-0.943515927424916,-0.869858374464808,-0.798846600594934,-0.730554487172055,-0.665050976828188,-0.602397404373806,-0.54263007893867,-0.485766880285131,-0.431840485005089,-0.380887006595552,-0.332912545471114,-0.287921204279708,-0.245890422357609,-0.206773079866239,-0.170516668542152,-0.137045775395227,-0.106287709880927,-0.0781797527200711,-0.0526674695098902,-0.029703635480497,-0.00927170882323652,0.00926159420694442,0.0296942462766663,0.0526594679121092,0.0781736871641735,0.106283930005693,0.137043940472824,0.170516609401279,0.206774496773066,0.24589218926195,0.287925952676219,0.332915468291692,0.380890121334237,0.431845887190942,0.485769028960788,0.54263540893718,0.602400708743928,0.665054806210624,0.730559729258784,0.798850341629255,0.869862757998481,0.943521494800103,1.01974475531739,1.09844939853706,1.17955084485936,1.26295776952748,1.34857692327169,1.43631285575745,1.5260681188567,1.61774080529116,1.71122635208596,1.80641804019897,1.90320760230026,2.00148518778215,2.10113842880323,2.20205284938706,2.30411234282588,2.40719986858564,2.51119695875622,2.61598356948531,2.7214382957103,2.82743854564345,2.9338608279104,3.04058084137744,3.14747366295033,3.25441406095443,3.36127634757265,3.4679343373379,3.57426170432032,3.68013211030245,3.78541938963866
-3.79211267469662,-3.68663949735253,-3.58058207325457,-3.47406675398076,-3.3672201024169,-3.26016868289894,-3.15303880674804,-3.04595644888922,-2.93904731833895,-2.83243658181788,-2.72624874824936,-2.62060749572485,-2.51563551628651,-2.41145418095972,-2.30818392141755,-2.20594361243047,-2.10485057351519,-2.00502112622365,-1.90656953629304,-1.80960824503243,-1.71424814236898,-1.62059765901625,-1.52876360609017,-1.4388496513161,-1.35095754229048,-1.26518652949307,-1.18163272342215,-1.10038889055093,-1.02154408463013,-0.945185450465489,-0.871397562681978,-0.800260135615182,-0.731847181352699,-0.666227764518461,-0.603463328453041,-0.543590246534111,-0.486626430161726,-0.43260461374803,-0.381560974691779,-0.333501624202065,-0.288430672186336,-0.246325518060448,-0.207138958608688,-0.170818392655819,-0.137288273770702,-0.10647578278507,-0.0783180894398642,-0.0527606630122781,-0.0297561951696151,-0.00928811483298786,0.0092779823191866,0.0297467893518708,0.0527526472559105,0.0783120131511479,0.10647199622146,0.137286435601459,0.170818333410298,0.207140378022689,0.246327288091273,0.288435428984991,0.333504552194486,0.3815640949419,0.432610025492889,0.4866285826394,0.543595585963893,0.603466638670146,0.666231600676873,0.731852432715144,0.800263883269151,0.871401953972182,0.945191027691978,1.02154916297498,1.10039307169239,1.18163802458339,1.26519253529476,1.35096318955501,1.43885436813309,1.52876845046941,1.62060334896383,1.71425431562044,1.80961444256098,1.90657527087975,2.0050267555917,2.10485633002392,2.20594931563818,2.30818940027939,2.4114593363138,2.51564044620588,2.62061247368933,2.72625379887894,2.83244161306452,2.9390522063574,3.04596105767676,3.15304302288073,3.26017264870097,3.36722402491957,3.47407074278808,3.58058625284668,3.68664399332627,3.79211757533488
-3.79844054828709,-3.69279136854257,-3.58655696711547,-3.47986390642581,-3.37283896055409,-3.26560890503333,-3.15830026195956,-3.05103921647132,-2.94395168735492,-2.83716305019588,-2.73079802168478,-2.62498048629389,-2.51983334080078,-2.41547815876189,-2.31203557281381,-2.20962465609257,-2.10836292388519,-2.00836689184861,-1.90975101639451,-1.81262792646205,-1.71710869701969,-1.62330193971859,-1.53131464390969,-1.44125065030802,-1.35321187629557,-1.26729773797071,-1.18360450621069,-1.10222510228752,-1.02324872855533,-0.946762675237844,-0.872851658089133,-0.801595524463581,-0.733068409952271,-0.667339494426821,-0.604470323757904,-0.54449733201921,-0.487438460499429,-0.433326498234405,-0.382197682991882,-0.334058136178686,-0.288911974560441,-0.246736559839557,-0.207484610032624,-0.171103436189168,-0.137517365814215,-0.106653458226627,-0.0784487783229053,-0.0528487043851831,-0.0298058491376586,-0.00930361384939343,0.00929346442753274,0.0297964276244878,0.0528406752529754,0.0784426918947258,0.106649665344403,0.13751552457763,0.171103376844784,0.207486031815193,0.246738332824021,0.288916739296736,0.334061069057029,0.382200808448744,0.433331919009807,0.487440616568929,0.544502680358864,0.604473639498747,0.667343336986606,0.733073670077629,0.801599278371235,0.872856056707054,0.946768261771015,1.02325381537439,1.10222929040603,1.18360981621794,1.26730375379425,1.35321753298365,1.44125537499594,1.53131949637271,1.62330763916094,1.71711488057241,1.81263413433238,1.90975676055049,2.00837253061035,2.10836868999977,2.20963036881719,2.3120410608182,2.41548332271868,2.51983827894668,2.62498547256506,2.73080308074231,2.83716808983812,2.94395658352997,3.05104383294952,3.15830448512768,3.26561287745306,3.37284288960222,3.47986790188923,3.58656115368203,3.69279587201872,3.79844545710301
-3.80442464535422,-3.69860902495107,-3.59220726090187,-3.48534611501424,-3.37815256108967,-3.2707535743845,-3.16327587631878,-3.05584585082426,-2.94858961506081,-2.84163274213178,-2.73510014520751,-2.629115903929,-2.52380310868649,-2.41928352456447,-2.31567797424527,-2.2131057184538,-2.1116844576117,-2.01153089093572,-1.91275965515321,-1.81548355663993,-1.71981384535284,-1.62585930405088,-1.53372709063697,-1.44352120941771,-1.35534373833664,-1.26929425011315,-1.18546916729047,-1.10396155752963,-1.02486076371494,-0.948254213587897,-0.874226756364548,-0.802858365191504,-0.734223292453719,-0.668390827009394,-0.605422611689118,-0.545355137965145,-0.488206375391029,-0.434009164658753,-0.382799800625364,-0.334584414341408,-0.289367129058096,-0.247125270813264,-0.207811483135043,-0.171372994066318,-0.137734011896992,-0.106821481034529,-0.0785723672269081,-0.0529319627047205,-0.0298528055378288,-0.00931827084550597,0.00930810543415568,0.0298433691819223,0.0529239209233464,0.0785662712101155,0.106817682176965,0.137732167759707,0.171372934628443,0.2078129071575,0.247127046590903,0.289371901300799,0.334587351840233,0.382802931006099,0.434014593974093,0.488208534857219,0.54536049473062,0.605425932653609,0.668394675622782,0.734228560865925,0.802862125013098,0.87423116191209,0.948259808922141,1.02486585854781,1.10396575224614,1.18547448566316,1.26930027541406,1.35534940393632,1.44352594154894,1.53373195074461,1.62586501247219,1.71982003864719,1.81548977429019,1.91276540835858,2.01153653858082,2.11169023281026,2.21311144017829,2.3156834708955,2.4192886966566,2.52380805461199,2.62912089805559,2.73510521223513,2.84163778971352,2.94859451894934,3.0558504745753,3.16328010614012,3.27075755306242,3.37815649632766,3.48535011677215,3.59221145406399,3.69861353552203,3.80442956190354
-3.8100891868003,-3.70411601380424,-3.59755582443227,-3.49053556923212,-3.38318241106103,-3.27562351423326,-3.16798578884883,-3.06039580701697,-2.95297987367781,-2.8458637489049,-2.73917253185621,-2.63303048691924,-2.52756088775786,-2.42288568075685,-2.31912586849569,-2.21640088927077,-2.11482861875201,-2.01452592991374,-1.91560763016994,-1.81818669385775,-1.72237453657811,-1.62828010306041,-1.53601071075874,-1.44567051883537,-1.35736175722128,-1.27118414689316,-1.18723425396116,-1.10560528465803,-1.02638671489382,-0.949666102584264,-0.875528423280397,-0.804053769203649,-0.735316503295957,-0.669386017582139,-0.606324046674957,-0.546167136380098,-0.488933283006618,-0.434655376144158,-0.383369764690454,-0.335082588824785,-0.28979797793762,-0.247493224306733,-0.208120900949542,-0.171628157334912,-0.137939088903808,-0.106980531288656,-0.0786893563835252,-0.0530107749626869,-0.0298972544282694,-0.00933214514617706,0.00932196459918886,0.0298878040222411,0.0530027212076221,0.0786832512901591,0.10697672677484,0.137937242020722,0.171628097808537,0.208122327092276,0.247495002728389,0.289802757285882,0.335085530697357,0.383372899732123,0.434660813543397,0.488935445688113,0.54617250112145,0.606327372584148,0.669389871925863,0.735321779552488,0.804057534623373,0.875532835387514,0.949671706249599,1.02639181731257,1.1056094856202,1.18723958025256,1.27119018116535,1.35736743125666,1.44567525801244,1.53601557810276,1.62828581998119,1.72238073909387,1.8181929207657,1.91561339194146,2.01453158596781,2.11483440254948,2.21640661951454,2.31913137333008,2.42289086054989,2.52756584104751,2.63303548848177,2.7391776064283,2.84586880400216,2.95298478486791,3.06040043765248,3.1679900249681,3.27562749883518,3.38318635215833,3.49053957694838,3.59756002383774,3.70412053109114,3.81009411067004
-3.81545632064898,-3.70933386710437,-3.60262357027526,-3.49545255954,-3.38794817688552,-3.28023776575778,-3.1724484150305,-3.06470687511037,-2.95713962885872,-2.84987261350272,-2.74303110442297,-2.6367395410537,-2.53112137070988,-2.42629871155774,-2.32239273662867,-2.21952305246744,-2.11780770079114,-2.0173637192088,-1.9183060768594,-1.82074790722295,-1.72480078284746,-1.63057380192881,-1.53817443309527,-1.44770698223433,-1.35927382328454,-1.27297481769591,-1.18890666760776,-1.10716271054904,-1.02783254847126,-0.951003862629827,-0.87676174827771,-0.805186410459346,-0.736352316869038,-0.670328957281621,-0.607178153273158,-0.546936502130081,-0.48962202551219,-0.435267659339496,-0.383909803713099,-0.335554607461729,-0.290206205792773,-0.247841858996466,-0.208414073281563,-0.171869923668312,-0.138133398673688,-0.107131230866141,-0.0788002032134735,-0.0530854493103723,-0.0299393696015259,-0.00934529099910574,0.00933509611115185,0.0299299058830549,0.0530773842102761,0.0787940895200848,0.107127420993045,0.138131549188966,0.171869864058085,0.208415501433253,0.247843639923321,0.290210991873529,0.335557553478408,0.383912943170987,0.435273104398201,0.489624191240177,0.546941874428548,0.607181483867436,0.670332817054819,0.736357600558039,0.80519018118328,0.876766166600002,0.95100947418884,1.02783765807761,1.10716691742895,1.18891200140211,1.27298086046837,1.35927950531273,1.4477117280873,1.53817930729574,1.6305795269028,1.72480699410048,1.82075414290251,1.91831184674732,2.01736938323034,2.11781349273603,2.21952879078319,2.32239824921752,2.42630389864737,2.53112633097706,2.63674454966174,2.74303618614343,2.84987767572091,2.95714454696703,3.06471151226888,3.17245265711703,3.28024175597267,3.3879521235345,3.49545657290179,3.60262777559628,3.70933839075462,3.8154612514548
-3.82054632860798,-3.7142823024472,-3.60742964878984,-3.50011566661112,-3.3924678677785,-3.28461376562044,-3.17668061855347,-3.06879534607566,-2.96108459978272,-2.85367448490834,-2.74669044395668,-2.64025708237035,-2.53449801214917,-2.42953551437105,-2.32549092371822,-2.2224840062965,-2.1206329612965,-2.02005498246121,-1.92086519230417,-1.82317687523103,-1.72710175263314,-1.63274906824876,-1.54022643407466,-1.44963829514754,-1.36108716197788,-1.2746730292358,-1.19049272806608,-1.10863972051456,-1.0292037280662,-0.952272548947534,-0.877931391932841,-0.806260569064054,-0.737334647379075,-0.671223209355546,-0.607988159042576,-0.547666142549195,-0.490275205576989,-0.43584832798412,-0.384421958431229,-0.336002253949887,-0.290593355264054,-0.248172492328064,-0.2086921079916,-0.17209920667036,-0.138317675478234,-0.107274149241281,-0.0789053265926501,-0.0531562679325209,-0.029979310205415,-0.00935775808077751,0.00934754959233747,0.0299698338618742,0.0531481920731812,0.0788992047432912,0.107270334285625,0.138315823526207,0.17209914698061,0.208693538048515,0.248174275630764,0.290598147729679,0.336005203896699,0.384425102077309,0.435853780306803,0.490277374194164,0.547671522014574,0.607991494080032,0.671227074277872,0.73733993811678,0.806264344818321,0.877935816149395,0.952278167992646,1.02920884448901,1.10864393300665,1.19049806897598,1.27467908006962,1.36109285158618,1.44964304733172,1.54023131477756,1.63275480086016,1.72710797217228,1.8231831192293,1.9208709698894,2.02006065403885,2.12063876096813,2.22248975226745,2.32549644366113,2.42954070838051,2.53450297903359,2.64026209766013,2.74669553245641,2.85367955387978,2.96108952445203,3.06879998942037,3.17668486629917,3.28461776115846,3.3924718196925,3.50011968532693,3.60743385972096,3.71428683213222,3.82055126599174
-3.82537780938355,-3.71897940123775,-3.61199162121427,-3.50454192927122,-3.39675799852818,-3.28876750356754,-3.18069786373743,-3.0726761590389,-2.96482920123188,-2.85728325502332,-2.75016392155256,-2.64359596383883,-2.53770315020226,-2.432607916358,-2.32843175042867,-2.22529456997689,-2.1233147236685,-2.02260955345026,-1.92329432742016,-1.82548247324386,-1.72928585359609,-1.63481385036527,-1.54217421163478,-1.45147151452302,-1.36280839917575,-1.2762849867168,-1.19199823074407,-1.11004171149595,-1.03050526391961,-0.953476797271628,-0.879041628081696,-0.807280169954735,-0.738267084226471,-0.672072041368873,-0.6087570237152,-0.548358723717324,-0.490895209897509,-0.436399503820401,-0.384908100239786,-0.336427163973448,-0.290960840981726,-0.248486332423846,-0.208956021008497,-0.172316844132912,-0.13849259265827,-0.107409808632687,-0.0790051106381067,-0.0532234895978346,-0.0300172221814687,-0.00936959194546102,0.00935937054731868,0.0300077338540995,0.0532154035257254,0.0789989810470284,0.10740598885262,0.138490738364255,0.172316784367678,0.208957452873868,0.248488117981719,0.290965639507925,0.336430117650777,0.384911247861336,0.436404963038117,0.490897381257128,0.548364109985601,0.608760362970161,0.672075911178798,0.738272381654867,0.807283950483839,0.879046057893135,0.953482423422611,1.03051038681267,1.11004592931518,1.19200357840811,1.27629104520253,1.36281409597915,1.45147627271684,1.54217909850984,1.63481959022614,1.72929208100049,1.82548872513832,1.92330011231175,2.02261523220019,2.12332053067443,2.22530032321423,2.32843727735214,2.43261311693583,2.53770812336783,2.64360098547096,2.75016901648723,2.85728833040501,2.96483413212896,3.07268080825561,3.18070211685484,3.28877150415834,3.39676195543979,3.50454595306912,3.61199583747055,3.71898393665103,3.82538275301115
-3.82996784163151,-3.72344176710898,-3.6163256135274,-3.50874699378281,-3.40083373418845,-3.29271366252218,-3.18451435102131,-3.0763630321689,-2.96838666988503,-2.8607116803804,-2.75346381550189,-2.64676798797062,-2.54074811461508,-2.4355267780598,-2.33122561219977,-2.22796467848548,-2.12586246758815,-2.02503646225194,-1.92560206888389,-1.82767285125037,-1.73136080624899,-1.63677544701441,-1.54402465091584,-1.45321312055271,-1.36444361922765,-1.27781638819883,-1.19342849739779,-1.11137363934889,-1.03174175679136,-0.954620864463219,-0.880096381264582,-0.808248817287853,-0.739152923454139,-0.672878453832307,-0.609487465127593,-0.54901669381877,-0.491484230108342,-0.436923135183194,-0.385369947586803,-0.336830839534053,-0.291309961959979,-0.248784488667709,-0.209206745230423,-0.172523605376075,-0.138658768523264,-0.107538688578652,-0.0790999080734587,-0.0532873519261525,-0.0300532395435889,-0.00938083442432788,0.00937060076163304,0.0300437398312714,0.0532792561516469,0.0790937711275459,0.10753486421527,0.138656912004301,0.172523545539129,0.209208178813876,0.248786276368054,0.291314766243882,0.336833796755469,0.385373098985152,0.43692860095137,0.491486404073353,0.549022086549976,0.609490808389292,0.672882328285578,0.739158227238867,0.808252602353174,0.880100816391307,0.954626497364964,1.03174688583134,1.11137786222904,1.19343385147843,1.27782245395407,1.36444932286659,1.45321788445583,1.5440295436546,1.63678119376248,1.73136704112559,1.82767911064641,1.92560786071672,2.02504214781575,2.12586828156184,2.22797043862606,2.33123114575493,2.43553198487775,2.5407530937479,2.64677301562816,2.75346891654991,2.86071676185198,2.96839160669864,3.07636768696415,3.18451860924199,3.29271766791325,3.40083769584793,3.50875102240882,3.61632983484274,3.72344630796425,3.82997279119092
-3.83433212904298,-3.72768466697223,-3.62044645344134,-3.51274524676252,-3.40470901890842,-3.29646574331793,-3.18814313759825,-3.07986857921514,-2.97176917676536,-2.86397149051218,-2.75660141559798,-2.64978400708321,-2.54364332300086,-2.43830208565957,-2.33388206755744,-2.23050346695619,-2.12828490954835,-2.0273440119509,-1.92779631207763,-1.82975550310198,-1.73333370954319,-1.63864056932723,-1.54578408275068,-1.45486907172266,-1.36599841664561,-1.27927247300366,-1.19478842134051,-1.11264006094411,-1.03291743704437,-0.95570866467298,-0.881099260065779,-0.809169825057235,-0.739995195747895,-0.673645205692098,-0.610181982309327,-0.54964230393995,-0.492044281400439,-0.43742101355124,-0.385809080571872,-0.33721466171052,-0.291641912632253,-0.249067981129515,-0.20944513844999,-0.172720197783703,-0.138816771603963,-0.107661230010909,-0.0791900432253263,-0.0533480734070678,-0.0300874855165154,-0.00939152398081506,0.00938127865675721,0.0300779749791789,0.0533399684073446,0.0791838992863011,0.107657401289625,0.138814912969477,0.172720137878572,0.209446573667025,0.249069770866963,0.291646722390686,0.33721762230172,0.385812235561271,0.437426485547715,0.492046457842706,0.549647702816229,0.610185329380708,0.673649084560348,0.740000505576339,0.809173614435677,0.881103700246375,0.955714303993473,1.03292257192893,1.11264428863628,1.19479378152218,1.27927854567089,1.36600412678391,1.45487384105429,1.54578898106477,1.63864632262378,1.73333995152449,1.82976176963067,1.92780211051031,2.02734970399347,2.12829073014713,2.23050923366051,2.33388760741815,2.43830729841075,2.54364830780744,2.64978904046982,2.7566065224587,2.86397657777415,2.97177411920452,3.07987323931458,3.18814740067121,3.29646975327318,3.40471298508224,3.5127492799792,3.6204506795669,3.72768921300186,3.83433708424246
-3.83848512973171,-3.73172215680575,-3.62436779257125,-3.51654993371665,-3.40839669082222,-3.30003617593609,-3.19159624499756,-3.08320441343612,-2.97498792752103,-2.86707348459415,-2.75958711615606,-2.6526540127155,-2.54639836667386,-2.44094303326147,-2.33640991686934,-2.23291934594703,-2.13059007467169,-2.02953984705192,-1.92988432614171,-1.83173732825663,-1.73521109935901,-1.64041539612469,-1.54745833582638,-1.45644485390676,-1.36747794219901,-1.2806580648832,-1.19608250776018,-1.11384517171279,-1.03403619949975,-0.956743801590972,-0.88205358684571,-0.810046244399031,-0.740796691407158,-0.674374837061798,-0.610842876073221,-0.550237626616755,-0.492577219124864,-0.43789478830768,-0.38622695396505,-0.337579902037963,-0.291957792692525,-0.249337748969744,-0.209671990421849,-0.172907272631737,-0.13896712533668,-0.107777838887589,-0.0792758146955556,-0.0534058552001274,-0.030120073551111,-0.00940169602753609,0.00939143960667274,0.0301105527128233,0.0533977414218039,0.0792696641019731,0.107774006019381,0.13896526468909,0.172907212661723,0.209673427193381,0.249339540645673,0.291962607660452,0.337582865835806,0.386230112371648,0.437900266230925,0.492579397924456,0.550243031340606,0.610846226769846,0.674378720131287,0.740802006986727,0.810050037881785,0.882058031835506,0.956749447019465,1.03404133994596,1.11384940398401,1.19608787374752,1.28066414412779,1.36748365852201,1.45644962840411,1.54746323944588,1.64042115565269,1.73521734810106,1.83174360157265,1.92989013085473,2.02954554525959,2.13059590157481,2.23292511889733,2.33641546273032,2.44094825165863,2.54640335687954,2.65265905155381,2.75959222854807,2.86707857736618,2.97499287531339,3.08320907858296,3.1916005126879,3.30004019023456,3.40840066129184,3.51655397130174,3.62437202327417,3.73172670775922,3.83849009029822
-3.84244017180457,-3.73556719401068,-3.62810221555914,-3.5201732649187,-3.41190858467034,-3.3034364188644,-3.19488475517851,-3.08638124042965,-2.97805325199721,-2.8700276177676,-2.76243049909991,-2.65538721549484,-2.54902208731731,-2.44345809638344,-2.33881727269028,-2.23522006866969,-2.13278536085897,-2.03163101458608,-1.93187281208022,-1.83362468692934,-1.73699900075013,-1.64210562330791,-1.54905278327566,-1.45794552421792,-1.36888694408708,-1.28197761057802,-1.19731490973151,-1.11499283918261,-1.03510163457001,-0.957729597252633,-0.882962424298139,-0.810880887980882,-0.741559982649127,-0.67506968952659,-0.611472267406814,-0.5508045724013,-0.493084753623483,-0.438345979924349,-0.38662490883552,-0.337927732671764,-0.292258615885679,-0.249594657946644,-0.209888029175574,-0.173085430294161,-0.139110312247369,-0.10788888943824,-0.0793574977480841,-0.0534608827427946,-0.0301511082312273,-0.00941138320935091,0.00940111622062688,0.0301415775829977,0.053452760604315,0.0793513408171429,0.107885052620778,0.139108449682632,0.173085370262356,0.209889467427506,0.249596451468655,0.292263435814782,0.337930699523403,0.386628070496431,0.438351463491856,0.493086934668034,0.550809982693992,0.61147562155588,0.675073576597058,0.741565303705685,0.810884685372309,0.8829668738679,0.957735248497981,1.03510678031276,1.11499707581462,1.19732028124778,1.28198369608646,1.36889266629998,1.45795030363474,1.54905769194768,1.64211138877033,1.73700525593067,1.83363096670917,1.93187862277421,2.03163671866499,2.13279119376592,2.23522584756823,2.33882282426553,2.44346332015745,2.54902708266472,2.655392259525,2.76243561675956,2.87003271578705,2.9780582048876,3.08638591038329,3.19488902726613,3.30344043729907,3.411912559231,3.52017730666398,3.62810645062122,3.7355717496533,3.84244513748228
-3.84620955675205,-3.73923173792596,-3.63166133769709,-3.52362651012852,-3.41525562360555,-3.3066770479843,-3.19801889649669,-3.08940894117961,-2.98097468436803,-2.87284307836492,-2.76514040829204,-2.65799211658693,-2.55152264557121,-2.4458550977046,-2.34111162269403,-2.23741279113364,-2.13487759617714,-2.03362401877685,-1.93376795474288,-1.83542344943057,-1.73870297468192,-1.6437165080431,-1.55057238435806,-1.45937575023772,-1.37022980477225,-1.28323521431217,-1.19848946043272,-1.11608663297943,-1.03611705611101,-0.9586691178089,-0.883828599208489,-0.811676351820705,-0.742287443562315,-0.675731924307725,-0.612072113925565,-0.55134490468271,-0.493568463496646,-0.438775991756579,-0.387004182954706,-0.338259235480374,-0.292545317871457,-0.249839507132206,-0.210093926663227,-0.173255224900299,-0.139246777694735,-0.107994727066847,-0.0794353464442527,-0.0535133271889484,-0.030180686084996,-0.00942061565660268,0.00941033859609328,0.0301711460873217,0.0535051970827543,0.0794291834734407,0.107990886485516,0.139244913302847,0.173255164809603,0.210095366326065,0.249841302413638,0.292550142528849,0.338262205242456,0.387007347717166,0.438781480703396,0.493570646680773,0.55135032028283,0.612075471365008,0.67573581519136,0.742292769838761,0.811680152937324,0.883833053143221,0.958674774598048,1.03612220690167,1.11609087376752,1.19849483721837,1.28324130579041,1.37023553259857,1.45938053434308,1.55057729784542,1.64372227916137,1.73870923599871,1.83542973537078,1.93377377113709,2.03362972845139,2.1348834348061,2.23741857570122,2.3411171797153,2.44586032660307,2.551527645819,2.65799716556521,2.76514553097204,2.87284818138546,2.98097964211715,3.08941361571442,3.19802317277518,3.306681070361,3.4152596020652,3.5236305558387,3.63166557691372,3.7392362980376,3.84621452730102
-3.8498046520842,-3.74272683988764,-3.63505589239581,-3.52692008345881,-3.41844790144932,-3.30976783621222,-3.20100812072831,-3.09229664646443,-2.98376103493341,-2.87552835710198,-2.76772501613202,-2.66047657171352,-2.55390758248576,-2.44814126597369,-2.34329988605894,-2.23950412603436,-2.13687309027789,-2.03552487001998,-1.93557546939983,-1.8371390403723,-1.74032815990806,-1.64525290835054,-1.55202172180546,-1.46073984516549,-1.37151057398215,-1.28443466869991,-1.19960970201115,-1.11712985170823,-1.03708552637688,-0.959565196615752,-0.88465472374085,-0.812435034835916,-0.742981267984538,-0.676363538537532,-0.612644224614608,-0.551860252966256,-0.494029807490787,-0.439186120611118,-0.387365920117264,-0.338575410192279,-0.292818763270415,-0.250073034929541,-0.210290303819467,-0.173417168507666,-0.139376933223996,-0.108095670952885,-0.0795095955560069,-0.0535633466977521,-0.0302088963117307,-0.00942942121201336,0.00941913454541991,0.0301993473969133,0.0535552089922563,0.0795034268245967,0.108091826781719,0.139375067089439,0.173417108360803,0.210291744827975,0.250074831889043,0.292823592437469,0.338578382730231,0.387369087837863,0.439191614688515,0.494031992715561,0.551865673628398,0.612647585192287,0.67636743305802,0.742986599239516,0.812438839505482,0.884659181838726,0.959570858692364,1.03709068198203,1.11713409646023,1.19961508382255,1.28444076587193,1.37151630716233,1.46074463374262,1.55202663988552,1.64525868486314,1.74033442707738,1.83714533218805,1.93558129123069,2.03553058503141,2.13687893436428,2.23950991600883,2.34330544827442,2.44814649975966,2.55391258740733,2.66048162541115,2.76773014360025,2.87553346489238,2.98376599731659,3.09230132536858,3.20101240100389,3.30977186234868,3.41845188362768,3.52692413295055,3.63506013557488,3.74273140426168,3.8498096272792
-3.85323597445601,-3.74606272404226,-3.63829580967307,-3.53006361952872,-3.42149475650332,-3.31271782496444,-3.20386117218667,-3.0950528036262,-2.98642045454468,-2.87809130916688,-2.77019188331754,-2.66284784859773,-2.55618387466556,-2.4503232888695,-2.34538846406472,-2.2415001911088,-2.13877768053714,-2.03733912883466,-1.93730064353481,-1.83877647833579,-1.74187931054791,-1.64671931862895,-1.55340503533351,-1.46204179935878,-1.37273299832338,-1.28557948247935,-1.20067891148538,-1.11812554707431,-1.03800987841282,-0.96042045495323,-0.885443214539535,-0.813159156385607,-0.743643485545446,-0.676966379863521,-0.613190273057024,-0.552352124789178,-0.49447013516556,-0.439577566229073,-0.387711178505129,-0.338877181706558,-0.293079751986493,-0.250295924472489,-0.210477735102163,-0.173571734846411,-0.13950115957632,-0.10819201638533,-0.0795804622826751,-0.0536110875901981,-0.0302358214342005,-0.00943782563428463,0.00942752979920799,0.0302262640084564,0.0536029426315833,0.0795742880530883,0.108188168787864,0.139499291778481,0.173571674645939,0.210479177395039,0.250297723033617,0.293084585457772,0.338880156893927,0.387714349049111,0.439583065203329,0.49447232233802,0.552357550282745,0.613193636629979,0.676970277855186,0.743648821552158,0.813162964446266,0.885447676610903,0.960426122076439,1.03801503861315,1.11812979560965,1.20068429809357,1.28558558508576,1.37273873661353,1.46204659220395,1.55340995779704,1.64672510029014,1.74188558330315,1.83878277575943,1.93730647055465,2.03734484893988,2.13878352983236,2.24150598624386,2.34539403123779,2.45032852732034,2.55618888404801,2.66285290679971,2.77019701535587,2.87809642150983,2.98642542135082,3.09505748670065,3.20386545627724,3.31272185468939,3.42149874223099,3.53006767262977,3.63830005663408,3.74606729248451,3.85324095408539
-3.85651326436863,-3.74924885997033,-3.64139028668802,-3.53306604189991,-3.4244048378806,-3.31553538837947,-3.20658614983419,-3.09768523657336,-2.98896049250119,-2.88053921001636,-2.77254801254901,-2.66511267858761,-2.55835798382544,-2.45240736050449,-2.34738328556161,-2.24340665259056,-2.14059677351878,-2.03907194536077,-1.9389483744028,-1.84034041151921,-1.74336082985566,-1.64811990157991,-1.55472625175686,-1.46328530867734,-1.37390054789416,-1.28667290543546,-1.20170012402232,-1.11907654555993,-1.03889273617867,-0.961237320644755,-0.886196309894825,-0.813850772034957,-0.744275976083247,-0.677542159572475,-0.613711809321537,-0.552821916428928,-0.494890696479949,-0.439951439807842,-0.388040938203924,-0.339165406662565,-0.293329024888838,-0.250508808478005,-0.210656752572843,-0.173719362684285,-0.139619809393281,-0.10828403686014,-0.0796481477937648,-0.0536566853884457,-0.0302615378848002,-0.00944585278106548,0.00943554818907994,0.0302519723301859,0.0536485335023054,0.079641968312815,0.10828018599018,0.139617940006826,0.17371930243261,0.210658196092431,0.250510608568862,0.293333862471127,0.339168384380418,0.388044111444546,0.439956943459137,0.494892885512663,0.552827346537036,0.613715175755309,0.677546060879497,0.744281316628388,0.813854583334483,0.886200775761316,0.961242992588018,1.03889790076791,1.11908079770877,1.20170551521198,1.28667901323232,1.3739062910649,1.46329010559897,1.55473117840709,1.64812568815857,1.74336710794605,1.84034671429899,1.93895420637869,2.03907767033109,2.140602627789,2.24341245265455,2.34738885746972,2.45241260341078,2.55836299746851,2.66511774109173,2.77255314895229,2.88054432670751,2.98896546353174,3.0976899236309,3.20659043756851,3.31553942153182,3.42440882699825,3.53307009844824,3.64139453726119,3.74925343229817,3.85651824823332
-3.85964555339758,-3.75229402804466,-3.6443478512193,-3.53593562466625,-3.42718616520119,-3.31822829111575,-3.20919056318091,-3.10020119978067,-2.99138814865504,-2.88287880559051,-2.77479989686177,-2.66727730311547,-2.56043590138867,-2.45439922417595,-2.34928984789086,-2.24522876431783,-2.14233538229035,-2.04072809490463,-1.94052320283058,-1.84183514981917,-1.74477680061124,-1.64945851693846,-1.5559890120918,-1.46447379999175,-1.37501644023474,-1.28771795082991,-1.20267615388571,-1.11998546793254,-1.03973653265925,-0.962018044813785,-0.886916085191498,-0.814511787742592,-0.744880482619226,-0.67809246440163,-0.614210270660964,-0.553270922540172,-0.495292650419388,-0.440308771670516,-0.388356107967438,-0.339440879352392,-0.293567268925238,-0.250712273613131,-0.210827849568945,-0.173860458854984,-0.139733209650769,-0.108371985967901,-0.0797128386174203,-0.0537002657511855,-0.0302861165330812,-0.00945352477361601,0.00944321181216348,0.0302765432092516,0.053692107244022,0.0797066541174498,0.108368131970235,0.139731338745984,0.173860398554373,0.21082929426097,0.250714075166036,0.293572110436647,0.339443859488769,0.38835928378539,0.440314279791918,0.495294841230052,0.553276357058654,0.614213639828979,0.678096368877323,0.744885827501998,0.814515602137684,0.886920554685198,0.962023721363842,1.03974170144321,1.119989723535,1.20268154945413,1.28772406358757,1.37502218807012,1.46447860080947,1.55599394274349,1.64946430821702,1.74478308380075,1.84184145771811,1.94052903954325,2.04073382452482,2.14234124131545,2.24523456909268,2.34929542432452,2.45440447134057,2.56044091910386,2.6672823697314,2.77480503743687,2.88288392643748,2.9913931237231,3.10020589064508,3.20919485439776,3.31823232754386,3.42719015755882,3.53593968450934,3.64435210524483,3.75229860408618,3.85965054131021
-3.86264122478146,-3.75520637833387,-3.64717641887396,-3.53868004796096,-3.42984618239196,-3.32080374044117,-3.21168138266226,-3.10260742695619,-2.99370992036983,-2.88511635756818,-2.77695356318475,-2.66934751556873,-2.56242318868071,-2.45630421089527,-2.35111325376386,-2.24697140297894,-2.14399816005339,-2.04231200997445,-1.94202934367902,-1.84326469374381,-1.74613101250986,-1.65073874736628,-1.55719669598211,-1.46561045417265,-1.37608366191232,-1.28871741561558,-1.2036096133157,-1.12085474682621,-1.04054352618614,-0.962764716985557,-0.887604466831613,-0.815143972646779,-0.745458623050858,-0.678618767183357,-0.614686991154089,-0.553700344840032,-0.495677072770866,-0.440650518177835,-0.388657531314038,-0.339704337049407,-0.293795121730527,-0.250906864430671,-0.210991484013388,-0.173995400987409,-0.139841663852518,-0.108456099095049,-0.079774707891754,-0.0537419453166253,-0.0303096231611825,-0.00946086214520863,0.00945054117933107,0.0303000424069991,0.0537337804772207,0.0797685185916718,0.108452242106095,0.139839791495627,0.173995340639995,0.210992929826714,0.250908667381855,0.293799966999685,0.339707319498824,0.388660709596907,0.440656030574376,0.495679265281932,0.553705783576526,0.61469036293709,0.678622674689515,0.745463972082072,0.815147790002421,0.887608939794319,0.962770397941478,1.04054869898185,1.12085900573167,1.20361501307191,1.28872353311767,1.3760894142089,1.46561525871654,1.55720163046074,1.65074454313976,1.74613730057607,1.84327100653864,1.94203518492186,2.0423177440417,2.14400402362598,2.24697721225917,2.35111883452568,2.45630946213248,2.56242821029041,2.66935258611712,2.77695870774972,2.8851214823897,2.9937148992993,3.10261212146141,3.21168567720975,3.32080778000216,3.42985017784827,3.5386841109551,3.64718067620126,3.7552109579271,3.86264621656546
-3.86550806810259,-3.75799348376218,-3.64988334471796,-3.54130644805114,-3.43239180624058,-3.32326843324334,-3.21406508510463,-3.10491017496266,-2.99593184490052,-2.88725768420947,-2.77901461165196,-2.671328699078,-2.56432501320359,-2.45812727415998,-2.35285824454518,-2.24863909992114,-2.14558943049452,-2.04382780919181,-1.94347071333501,-1.84463276050663,-1.74742698688069,-1.65196392182009,-1.55835244374323,-1.4666982268384,-1.37710498800136,-1.28967389868009,-1.20450292956756,-1.12168664260889,-1.0413158151679,-0.963479278716272,-0.888263244799707,-0.815748970604847,-0.74601190070475,-0.679122436451891,-0.615143210407347,-0.554111299946431,-0.496044963139869,-0.440977567966173,-0.388945992028615,-0.339956464817211,-0.294013175785641,-0.251093086921102,-0.211148081401434,-0.174124539968795,-0.139945454009745,-0.108536594959208,-0.0798339164941599,-0.053781832463277,-0.0303321188929031,-0.00946788397505892,0.00945755534898451,0.0303225310279063,0.0537736615639476,0.0798277226003936,0.108532735107606,0.139943580263195,0.174124479576591,0.211149528287839,0.251094891210431,0.294018024650946,0.339959449480194,0.388949172670398,0.440983084454002,0.496047157278211,0.554116742719543,0.615146584692878,0.679126346858191,0.746017253706003,0.815752790793722,0.888267721082238,0.963484963888586,1.04132099180285,1.1216909046753,1.20450833333145,1.28968002072258,1.37711074456728,1.46670303494821,1.55835738188422,1.65196972189518,1.74743327961389,1.84463907798681,1.94347655891321,2.04383354751487,2.14559529841903,2.24864491351301,2.35286382944903,2.45813252929466,2.56433003854032,2.67133377338974,2.77901976003522,2.88726281283463,2.99593682752534,3.10491487295213,3.21406938283951,3.32327247580248,3.43239580466232,3.54131051406083,3.64988760520503,3.75799806675438,3.86551306359149
-3.86825332870305,-3.76066238815095,-3.65247546993566,-3.54382146260931,-3.43482947027466,-3.32562859851367,-3.21634769481337,-3.10711526351017,-2.99805953769293,-2.88930819726602,-2.78098825112886,-2.67322586066692,-2.56614618141783,-2.45987302137815,-2.35452923033112,-2.25023606989687,-2.14711321521428,-2.04527932341965,-1.94485095455646,-1.84594280760795,-1.74866799902573,-1.65313713667,-1.55945917628397,-1.46773986710508,-1.37808299968822,-1.29058981733273,-1.20535836030976,-1.12248325772177,-1.04205535140212,-0.964163535910054,-0.888894084018208,-0.816328310621583,-0.746541713873523,-0.679604745125119,-0.615580081418718,-0.554504826461759,-0.496397251291743,-0.441290747584919,-0.389222219134809,-0.340197899855579,-0.294221982176232,-0.251271411722507,-0.211298037499965,-0.174248202170691,-0.14004484243019,-0.108613676996705,-0.0798906140618976,-0.0538200279974942,-0.0303536605814621,-0.00947460800936141,0.00946427204795884,0.0303440659072211,0.0538118512952412,0.0798844157692652,0.108609814403859,0.140042967352917,0.174248141735598,0.21129948541394,0.251273217293232,0.294226834485172,0.340200886638252,0.389225402035465,0.441296267990524,0.496399446988348,0.554510273100296,0.615583458100647,0.679608658308567,0.746547070676445,0.816332133523534,0.888898563479766,0.964169225119944,1.04206053171348,1.12248752281508,1.20536376791137,1.29059594372305,1.37808876034242,1.46774467862958,1.55946411793199,1.65314294086427,1.74867429622799,1.84594912957476,1.94485680428616,2.04528506581804,2.14711908730616,2.25024188761751,2.35453481920133,2.45987828024498,2.56615121032353,2.67323093858241,2.78099340316847,2.88931332953349,2.99806452385638,3.10711996483613,3.21635199560048,3.32563264394382,3.43483347153604,3.54382553150666,3.6524797334485,3.76066697439795,3.86825832773972
-3.87088375240231,-3.76321964969256,-3.65495916405305,-3.5462312716805,-3.43716516446885,-3.32789003579224,-3.21853482075435,-3.10922811107494,-3.00009822704174,-2.89127293538184,-2.78287933136108,-2.67504366215505,-2.56789116840751,-2.46154574230482,-2.35613031716845,-2.25176623707678,-2.14857325854815,-2.04667011940605,-1.94617345895514,-1.8471980541743,-1.74985709843466,-1.65426127481012,-1.56051961313408,-1.4687379345538,-1.37902010020205,-1.29146742222389,-1.20617800755818,-1.12324654965543,-1.0427639521217,-0.964819169964834,-0.889498534623182,-0.816883416286122,-0.747049364445963,-0.680066878360923,-0.615998677693925,-0.55488189138304,-0.496734802890123,-0.441590826597867,-0.389486891394481,-0.34042923543321,-0.294422053993922,-0.251442277025313,-0.211441720790127,-0.174366691463298,-0.140140073337058,-0.108687534618158,-0.0799449399156408,-0.053856625775641,-0.0303743011603922,-0.00948105077081762,0.00947070778093074,0.0303646999617444,0.0538484435132063,0.0799387374081511,0.108683669398738,0.140138196984727,0.174366630987109,0.211443169688688,0.251444083823831,0.294426909602447,0.340432224246904,0.389490076459519,0.441596350757364,0.496737000079809,0.554887341725306,0.616002056672007,0.680070794205348,0.747054724891527,0.816887241787657,0.889503017130788,0.964824863043404,1.0427691359557,1.12325081764901,1.20618341883698,1.29147355278018,1.37902586477351,1.46874274935015,1.56052455814244,1.65426708295125,1.74986339991904,1.84720438044006,1.94617931266267,2.04667586570928,2.14857913463307,2.2517720587535,2.35613590983911,2.4615510047477,2.56789620073288,2.67504874352353,2.78288448690409,2.89127807113927,3.00010321659579,3.10923281559782,3.21853912446601,3.32789408397328,3.4371691684511,3.54623534334471,3.65496343046509,3.76322423905822,3.87088875483833
-3.87340562601593,-3.76567138034216,-3.65734036319626,-3.5485416348027,-3.43940447122368,-3.33005815000262,-3.22063169024415,-3.11125376744532,-3.00205278549428,-2.89315659435791,-2.78469237210437,-2.67678644815907,-2.56956414475981,-2.46314943480847,-2.35766533171737,-2.25323325862033,-2.14997305005682,-2.04800352120782,-1.94744138736829,-1.84840150029408,-1.75099712710161,-1.65533902297457,-1.56153628877913,-1.46969481460482,-1.37991852924973,-1.29230881086362,-1.20696383030181,-1.12397834270744,-1.04344331091011,-0.965447747871661,-0.890078041275231,-0.817415614322722,-0.747536065726801,-0.68050994067582,-0.616399999694448,-0.555243395910187,-0.497058424696538,-0.4418785222056,-0.389740641384686,-0.340651024451186,-0.294613869418184,-0.251606091204281,-0.211579474680605,-0.174480291040662,-0.140231374335943,-0.108758344346172,-0.0799970238963056,-0.0538917132678391,-0.0303940899614847,-0.00948722765787951,0.00947687792955384,0.0303844825076737,0.0538835256746756,0.0799908173478937,0.108754476608569,0.140229496761171,0.174480230525072,0.21158092452312,0.251607899179925,0.294618728190128,0.340654015212086,0.389743828524788,0.441884049964078,0.497060623317689,0.555248849803342,0.616403380873927,0.68051385907141,0.747541429664685,0.817419442316564,0.890082526703181,0.96545344465926,1.04344849812136,1.12398261348162,1.20696924510605,1.29231494541394,1.3799242975768,1.469699632538,1.56154123700916,1.6553448348997,1.75100343269139,1.8484078306814,1.9474472448895,2.04800927125476,2.14997892997,2.25323908408985,2.35767092803165,2.46315470067983,2.56956918036372,2.67679153283805,2.78469753100621,2.89316173346127,3.00205777829902,3.11125847503318,3.22063599675967,3.33006220082104,3.43940847781452,3.54854570911959,3.65734463238786,3.76567597269779,3.87341063171103
-3.87582481411645,-3.76802328155608,-3.65962460480183,-3.55075792468452,-3.44155259800746,-3.3321379830561,-3.22264317951573,-3.11319694324941,-3.00392775834169,-2.89496355460989,-2.78643158955295,-2.67845827149705,-2.57116900095168,-2.46468782824769,-2.3591378436271,-2.25464054606018,-2.15131584493072,-2.04928262962731,-1.94865768834104,-1.84955594455999,-1.75209073614309,-1.65637288744769,-1.56251156748038,-1.47061273246579,-1.38078037611215,-1.29311593988631,-1.20771765595756,-1.12468033864964,-1.04409500760419,-0.966050731377348,-0.890633951606834,-0.817926142348517,-0.748002949531267,-0.680934962403396,-0.616784980687506,-0.555590180715594,-0.497368869287783,-0.442154503439174,-0.389984059196546,-0.34086378267595,-0.294797874512398,-0.251763235206389,-0.211711619515636,-0.174589265076592,-0.140318957745704,-0.10882627084752,-0.0800469871242689,-0.0539253720694318,-0.030413073003247,-0.00949315303478885,0.00948279684239975,0.0304034595489702,0.0539171793625957,0.0800407766994729,0.108822400694268,0.140317078998267,0.174589204523206,0.211713070263671,0.251765044311229,0.294802736318955,0.340866775304771,0.389987248327219,0.442160034650087,0.497371069282112,0.555595638015052,0.616788363978748,0.680938883246272,0.748008316819272,0.817929972733185,0.890638439836219,0.966056431722955,1.04410019805519,1.12468461209118,1.20772307414369,1.29312207826806,1.3807861480419,1.47061755340807,1.56251651880089,1.65637870300274,1.75209704567111,1.84956227890104,1.94866354952064,2.04928838326552,2.15132172851628,2.25464637516808,2.35914344343662,2.46469309740792,2.57117403970065,2.67846335935174,2.78643675167685,2.89496869692295,3.00393275426476,3.11320165377746,3.22264748872094,3.33214203640452,3.44155660710067,3.55076200154608,3.65962887665982,3.76802787677993,3.87582982293793
-3.87814679242651,-3.77028067675611,-3.66181705914712,-3.55288515779767,-3.44361440700779,-3.33413424256055,-3.22457384148389,-3.11506203677759,-3.00572738950005,-2.89669790611043,-2.78810092034671,-2.68006291626534,-2.57270936950238,-2.4661644047063,-2.3605511858616,-2.25599128472769,-2.15260468252519,-2.05051033986846,-1.94982511491552,-1.8506640000043,-1.75314040089361,-1.65736520833485,-1.56344765673696,-1.47149376580218,-1.38160759154061,-1.29389063619195,-1.20844119077565,-1.125354126418,-1.04472051728989,-0.966629485307737,-0.891167523895833,-0.818416155920555,-0.748451072629696,-0.681342905561069,-0.617154492060132,-0.555923030730951,-0.497666839341118,-0.442419394969601,-0.390217695795244,-0.341067991676102,-0.294974485763757,-0.251914064719965,-0.211838454399069,-0.17469386022888,-0.14040302180742,-0.108891467870758,-0.0800949426890331,-0.0539576783655912,-0.0304312932529339,-0.00949884031336772,0.00948847791665948,0.0304216740393069,0.0539494807505644,0.0800887285436169,0.108887595398926,0.140401141934439,0.174693799639218,0.211839906016235,0.251915874908626,0.294979350482986,0.341070986097785,0.390220886836502,0.442424929494222,0.497669040653448,0.555928491299837,0.617157877378279,0.681346828752894,0.748456443133203,0.818419988599978,0.891172014814083,0.966635189068379,1.04472571085045,1.12535840241973,1.20844661220777,1.29389677825116,1.38161336692829,1.47149858963266,1.56345261102377,1.65737102737395,1.75314671420163,1.85067033814021,1.94983097960652,2.05051609695363,2.15261056963556,2.25599711732777,2.36055678902593,2.46616967702325,2.57271441127002,2.68006800716813,2.78810608556319,2.89670305150422,3.00573238841614,3.11506675012768,3.22457815327071,3.3341382983373,3.44361841850283,3.55288923710165,3.66182133356434,3.77028527473292,3.87815180424873
-3.88037667818968,-3.7724485408557,-3.66392255802702,-3.5549280222006,-3.44559444209957,-3.33605132793094,-3.22642793099785,-3.11685315837741,-3.00745564504905,-2.898363471074,-2.78970404340556,-2.68160391882694,-2.57418864512109,-2.46758241830663,-2.36190847318576,-2.25728845142016,-2.15384240321814,-2.05168935759492,-1.95094623990051,-1.85172810859196,-1.75414843463499,-1.65831817254179,-1.56434661952972,-1.472339856261,-1.38240199857665,-1.29463460707887,-1.20913602930322,-1.1260011909257,-1.04532121848371,-0.967185285137636,-0.891679934044416,-0.818886734945052,-0.748881422608854,-0.68173466918588,-0.617509348152277,-0.55624267950084,-0.497952991531648,-0.44267378057257,-0.390442066075939,-0.341264101493399,-0.295144092393292,-0.252058912147494,-0.21196025885332,-0.174794307007377,-0.140483751783925,-0.108954079098989,-0.0801409962764716,-0.0539887033538759,-0.0304487908648634,-0.00950430202740672,0.00949393367245034,0.0304391661203093,0.0539805010253233,0.0801347785579997,0.108950204400534,0.140481870830041,0.174794246382877,0.211961711305148,0.252060723376991,0.295148959909673,0.341267097636837,0.390445258952006,0.442679318279474,0.497955194109706,0.556248143209484,0.617512735416939,0.681738594633491,0.748886796200333,0.818890569828218,0.891684427544889,0.967190992177869,1.04532641503049,1.12600546938608,1.20914145385259,1.29464075266968,1.3824077772851,1.47234468286512,1.56435157666518,1.65832399492677,1.75415475157308,1.85173445037222,1.95095210796363,2.05169511799035,2.15384829371353,2.25729428737391,2.36191407957184,2.46758769365509,2.57419368978769,2.68160901265693,2.78970921159199,2.89836861942633,3.00746064683945,3.11685787443763,3.2264322452639,3.33605538603971,3.44559845590116,3.55493210385012,3.66392683490198,3.7724531414763,3.88038169289364
-3.88251925782567,-3.7745315271459,-3.66594562086646,-3.55689090287417,-3.44749695340138,-3.33789335416515,-3.22820942783572,-3.11857415266724,-3.00911623466589,-2.89996382461332,-2.79124439981154,-2.68308458692305,-2.57561000305298,-2.46894491279571,-2.3632126189985,-2.2585348304884,-2.15503166376035,-2.05282221355236,-1.95202346977564,-1.85275055441769,-1.75511700109806,-1.65923382559332,-1.56521038547014,-1.47315281996399,-1.38316530240422,-1.29534944947053,-1.20980366300179,-1.12662292108797,-1.04589840058265,-0.967719323883878,-0.892172281934055,-0.819338889513535,-0.749294923209162,-0.682111094193163,-0.617850310657753,-0.556549813147031,-0.498227940081188,-0.442918206283345,-0.39065765164641,-0.341452533074917,-0.295307058459344,-0.252198088402024,-0.212077294330007,-0.174890821019738,-0.140561320961023,-0.109014238926371,-0.0801852467399885,-0.0540185136290046,-0.0304656033974236,-0.00950954990040128,0.00949917582047849,0.0304559733384931,0.0540103067714735,0.080179025588356,0.109010362088472,0.140559438968556,0.174890760361763,0.212078747583818,0.252199900631605,0.295311928663362,0.341455530872698,0.390660846285448,0.442923747047936,0.498230143875416,0.556555279872505,0.617853699792719,0.68211502180824,0.749300299767711,0.819342726514161,0.892176777915647,0.967725034075297,1.04590359999875,1.12662720191073,1.20980909054637,1.29535559845468,1.38317108430343,1.47315764923315,1.56521534534272,1.65923965119318,1.75512332152409,1.85275689969961,1.95202934107886,2.05282797712842,2.15503755750822,2.25854066966452,2.36321822848019,2.46895019105699,2.57561505050503,2.68308968356564,2.79124957085162,2.89996897580835,3.00912123921807,3.11857887133146,3.22821374448393,3.33789741451464,3.44750096941922,3.5568949867774,3.66594990010293,3.77453613030676,3.88252427529854
-3.88457901214185,-3.77653399180565,-3.66789047852563,-3.55877790481874,-3.44932591966226,-3.33966417351893,-3.22992205766727,-3.12022861878697,-3.01071263116534,-2.90150231357058,-2.79272521093396,-2.68450801709598,-2.57697641580415,-2.47025473757772,-2.36446635067857,-2.25973302850274,-2.15617495126935,-2.05391127689858,-1.95305905736714,-1.85373347573703,-1.75604812585967,-1.66011408240774,-1.56604076096427,-1.47393435707374,-1.38389909933153,-1.29603665832703,-1.21044548810326,-1.12722061713796,-1.04645327065587,-0.968232718389314,-0.892645597218914,-0.819773565223305,-0.749692439190327,-0.682472967805907,-0.618178092636314,-0.556845073982502,-0.498492259993563,-0.443153183272903,-0.390864903363836,-0.34163368049031,-0.295463724775173,-0.252331884544843,-0.212189805587093,-0.174983604107092,-0.140635891560243,-0.109072073166008,-0.0802277866212097,-0.0540471715336309,-0.0304817660109035,-0.00951459490730312,0.00950421532372291,0.0304721308430338,0.0540389603221975,0.0802215621691314,0.109068194271369,0.140634008569341,0.174983543416937,0.212191259611885,0.252333697735849,0.295468597562932,0.341636679878483,0.390868099697694,0.443158726976981,0.498494464956948,0.556850543608183,0.618181483569284,0.682476897504662,0.74969781860125,0.819777404259536,0.892650095585715,0.968238431610103,1.04645847283037,1.12722490023178,1.21045091852726,1.29604281057333,1.38390488429816,1.47393918890493,1.56604572346817,1.66011991109819,1.75605444963882,1.85373982438524,1.9530649317852,2.05391704353234,2.15618084814397,2.25973887077665,2.36447196313621,2.47026001863923,2.57698146593398,2.68451311644245,2.79273038471738,2.90150746749842,3.01071763837253,3.12023333995453,3.22992637660554,3.33966823602252,3.44932993781068,3.55878199088857,3.66789476003232,3.77653859740858,3.88458403227659
-3.88656013934344,-3.77846001627201,-3.66976109502661,-3.56059287413449,-3.45108506869366,-3.34136739528831,-3.23156931118624,-3.12181992888069,-3.01224808833358,-2.90298207370441,-2.79414949497212,-2.68587711059078,-2.57829066840637,-2.47151456234643,-2.3656722235904,-2.26088548763849,-2.15727459600151,-2.0549587673699,-1.95405511341666,-1.85467887594689,-1.75694370674465,-1.66096073713046,-1.56683943848909,-1.47468606052449,-1.38460488498846,-1.29669763432212,-1.21106281277989,-1.12779549730382,-1.04698695964333,-0.968726515058111,-0.89310084461342,-0.820191648033343,-0.750074780772123,-0.682821027597366,-0.618493362175412,-0.557129063809892,-0.498746490007413,-0.44337919047294,-0.391064243650076,-0.341807912955472,-0.295614410659127,-0.252460573280157,-0.212298021945786,-0.17507284538056,-0.140707615571885,-0.109127699696041,-0.0802687026252096,-0.0540747354784909,-0.0304973116480519,-0.00951944733087955,0.00950906245373334,0.0304876715662666,0.0540665200793565,0.0802624749986737,0.109123818823173,0.140705731620661,0.175072784659453,0.212299476712127,0.252462387395887,0.295619285931998,0.341810913873327,0.391067441614058,0.443384737004295,0.498748696095324,0.55713453622507,0.618496754837751,0.682824959300259,0.750080162926533,0.820195489027475,0.893105345274379,0.968732231192631,1.04699216447092,1.12779978258201,1.2110682459734,1.29670378970606,1.3846106729054,1.47469089481991,1.56684440352385,1.66096656879353,1.75695003374891,1.8546852278329,1.95406099083066,2.05496453694464,2.15728049588352,2.26089133289196,2.36567783891038,2.47151984610126,2.57829572111175,2.6858822125379,2.79415467139416,2.90298723026075,3.01225309809443,3.12182465245604,3.23157363232716,3.34137145986377,3.45108908889133,3.56059696228821,3.66976537871686,3.77846462422379,3.88656516203844
-3.88846657605798,-3.78031342767983,-3.67156118740504,-3.56233941728253,-3.45277789603816,-3.34300640388479,-3.23315446159162,-3.12335124498418,-3.01372565722303,-2.90440604539365,-2.79552008207026,-2.68719458788453,-2.57955537236431,-2.47272689045489,-2.36683263388123,-2.2619944979063,-2.15833278302183,-2.05596676639746,-1.95501361715181,-1.85558863361846,-1.75780552332996,-1.66177547211902,-1.56760800506833,-1.4754094239995,-1.38528406181661,-1.29733369085775,-1.21165686369564,-1.12834870390953,-1.04750052801946,-0.969201695096099,-0.89353892872351,-0.820593968701158,-0.75044270769193,-0.683155965184795,-0.618796745735958,-0.557402346935305,-0.498991135294172,-0.443596676974338,-0.391256068607135,-0.341975576681547,-0.295759415533778,-0.252584410320785,-0.212402158438971,-0.175158722168307,-0.140776635516186,-0.109181229049972,-0.0803080760547273,-0.0541012602349205,-0.0305122711990523,-0.00952411681320918,0.00951372684206974,0.030502626388611,0.054093040805966,0.0803018453734141,0.109177346273457,0.140774750640846,0.175158661417415,0.212403613918904,0.252586225326374,0.295764293198069,0.341978579071413,0.391259268139783,0.44360222622638,0.498993342464214,0.557407822034814,0.618800140062467,0.683159898816269,0.750448092486395,0.820597811579376,0.893543431592135,0.969207414034498,1.04750573540013,1.12835299128973,1.21166229955424,1.29733984926103,1.38528985257264,1.47541426066623,1.56761297253854,1.66178130664264,1.75781185343775,1.8555949886202,1.9550194974488,2.05597253880228,2.15833868579786,2.26200034602698,2.36683825195563,2.47273217680151,2.57956042754814,2.68719969233426,2.79552526103144,2.90441120447938,3.01373066944128,3.12335597087655,3.23315878485215,3.34301047045401,3.45278191820782,3.56234350744157,3.67156547319653,3.7803180378919,3.88847160121671
-3.89030201656633,-3.78209781755788,-3.67329424386841,-3.56402091870297,-3.45440768204578,-3.34458437536876,-3.23468058057773,-3.12482553447201,-3.01514820105725,-2.90577698800153,-2.79683962814329,-2.6884630019763,-2.58077297841321,-2.47389407114477,-2.3679498301867,-2.26306220833917,-2.15935156287836,-2.0569372272753,-1.955936425955,-1.85646451167433,-1.75863524563829,-1.66255986616168,-1.56834795002541,-1.47610584922786,-1.38593794592051,-1.29794606048019,-1.21222879199857,-1.12888130895529,-1.04799497097378,-0.969659179304113,-0.893960698465769,-0.820981306841169,-0.75079693291618,-0.683478429608108,-0.619088831212674,-0.557665452925032,-0.499226669925913,-0.443806064221049,-0.391440749952189,-0.342136996566232,-0.295899020388643,-0.252703635637349,-0.212502416861677,-0.175241400881823,-0.140843085139553,-0.109232764956641,-0.0803459832073427,-0.0541267972024231,-0.0305266736524269,-0.009528612402785,0.00951821752735397,0.030517024289426,0.05411857389372,0.080339749585013,0.109228880347372,0.140841199374512,0.175241340102255,0.212503873028628,0.252705451499661,0.295903900355297,0.342140000373291,0.391443950995085,0.443811616092458,0.499228878137788,0.557670930608907,0.619092227141378,0.683482365096341,0.750802320252386,0.820985151533309,0.893965203459846,0.969664900941977,1.04800018081245,1.12888559835924,1.21223423042302,1.29795222179037,1.38594373940991,1.4761106881776,1.56835291984037,1.66256570343932,1.75864157873402,1.85647086967577,1.95594230902762,2.05694300240482,2.15935746844062,2.26306805922029,2.36795545091295,2.47389935998667,2.58077803598321,2.68846810883543,2.79684480954905,2.90578214952246,3.01515321564137,3.1248302625951,3.23468490587893,3.34458844385748,3.45441170611398,3.56402501079265,3.67329853168289,3.78210242994607,3.89030704409704
-3.89206993041209,-3.78381655894844,-3.67496354042318,-3.56564055694748,-3.45597750751022,-3.34610429258864,-3.23615055297592,-3.12624558420194,-3.01651840887889,-2.90709749302862,-2.79811062753663,-2.68968475055642,-2.58194578820069,-2.47501831074434,-2.36902592434932,-2.26409063723618,-2.16033286137642,-2.05787198447113,-1.95682528421694,-1.85730816579177,-1.75943444209839,-1.66331540200292,-1.56906067208246,-1.47677665266613,-1.38656777334098,-1.29853590075521,-1.212779678808,-1.12939431922745,-1.04847122315461,-0.970099832467146,-0.894366951113931,-0.821354394640854,-0.751138126038822,-0.683789030423632,-0.619370170736389,-0.557918879129817,-0.499453539135083,-0.444007748018971,-0.391618636789428,-0.342292477742449,-0.29603348911957,-0.252818474602142,-0.212598986732968,-0.175321037809149,-0.140907090052086,-0.109282404834665,-0.0803824957391612,-0.0541513946536732,-0.030540546233215,-0.00953294259764544,0.00952254299835386,0.0305308924851452,0.0541431676079591,0.080376259284016,0.109278518460069,0.140905203430075,0.17532097700196,0.212600443561662,0.252820291289657,0.296038371303883,0.342295482914562,0.39162183928701,0.44401330241338,0.49945574835046,0.557924359302977,0.619373568208344,0.683792967700314,0.751143515823256,0.821358241080181,0.894371458155263,0.970105556705158,1.04847643536084,1.12939861058068,1.21278511970388,1.29854206486534,1.38657356946318,1.4767814938149,1.56906564415592,1.66332124193326,1.75944077807215,1.85731452668255,1.95683116996306,2.05787776222511,2.16033876962242,2.26409649077618,2.36903154762986,2.4750236019897,2.58195084806905,2.68968985973632,2.79811581129703,2.90710265689515,3.01652342574185,3.12625031447368,3.23615488024272,3.34610836292625,3.45598153340713,3.56564465089678,3.67496783018621,3.78382117343269,3.89207496022752
-3.89377357854294,-3.78547282209976,-3.67657215611574,-3.56720131946684,-3.45749026800173,-3.34756895905806,-3.23756709017574,-3.12761401348027,-3.01783880806001,-2.9083699961693,-2.79933542463065,-2.69086208716131,-2.58307596499471,-2.476101682933,-2.37006290124339,-2.26508168155223,-2.16127848853808,-2.05877276216078,-1.95768183145208,-1.85812115210539,-1.76020458684199,-1.6640434732417,-1.56974748586767,-1.47742307162288,-1.3871747058056,-1.29910429965341,-1.21331054024416,-1.12988868098234,-1.04893016301733,-0.970524467377586,-0.894758436008036,-0.821713920267118,-0.751466916396477,-0.684088340539947,-0.619641283242729,-0.558163092998681,-0.499672161385867,-0.444202100377362,-0.391790057234204,-0.342442306997918,-0.296163069756461,-0.252929139037623,-0.212692046177646,-0.175397779841975,-0.140968768311954,-0.109330240245657,-0.0804176809981795,-0.0541750979590952,-0.030553914529632,-0.00953711538490988,0.00952671123347557,0.0305442565558956,0.0541668673122149,0.0804114418131951,0.109326352169906,0.140966880864125,0.17539771900817,0.212693503644026,0.252930956520343,0.296167954077817,0.342445313485464,0.391793261133593,0.444207657203056,0.499674371568268,0.558168575570638,0.619644682201834,0.684092279540065,0.751472308540143,0.821717768390119,0.894762945022203,0.970530194121225,1.04893537750507,1.12989297421399,1.21331598352166,1.29911046646171,1.3871805044649,1.47742791489073,1.56975246011751,1.66404931572831,1.76021092558915,1.85812751578047,1.95768771977453,2.05877854244382,2.16128439937026,2.26508753765446,2.37006852698537,2.47610697649446,2.58308102707789,2.69086719857762,2.7993406106601,2.90837516229617,3.01784382711896,3.12761874582256,3.23757141933668,3.34757303117734,3.45749429566087,3.56720541520816,3.6765764477565,3.78547743860388,3.89377861056003
-3.89541602812146,-3.7870695888649,-3.67812298701703,-3.56870601617955,-3.45894868701837,-3.348981011689,-3.23893274243966,-3.1289332859584,-3.019111775781,-2.90959678837435,-2.80051622448858,-2.69199713140869,-2.58416554350882,-2.47714613815966,-2.37106262779007,-2.26603712551376,-2.16219014682303,-2.05964118205919,-1.95850760974506,-1.85890493427494,-1.76094706639903,-1.66474539066092,-1.57040962788608,-1.47804626987834,-1.38775983600512,-1.29965228049163,-1.21382233204337,-1.13036528424404,-1.04937261681425,-0.970933848526809,-0.89513585795784,-0.822060530991853,-0.751783895926801,-0.684376898819963,-0.619902656829038,-0.558398534202016,-0.49988293027479,-0.444389471198451,-0.391955319903283,-0.342586754077712,-0.296287995589791,-0.253035828178486,-0.212781762735261,-0.175471765142806,-0.141028230961599,-0.109376357310091,-0.080451602330172,-0.0541979497929307,-0.0305668026092877,-0.0095411382770551,0.00953072973700037,0.0305571405616794,0.0541897156742454,0.0804453605134099,0.109372467594293,0.141026342717618,0.17547170428334,0.212783220816422,0.253037646427846,0.296292881971424,0.342589761833437,0.391958525154122,0.444395030368094,0.499885141389478,0.5584040190866,0.619906057221873,0.684380839481607,0.75178929034495,0.822064380738048,0.895140368873974,0.970939577686071,1.04937783350153,1.13036957928664,1.21382777761691,1.29965844990119,1.38776563711037,1.47805111518914,1.57041460423414,1.66475123561197,1.76095340781996,1.85891130063431,1.95851350055129,2.05964696478043,2.16219606014848,2.26604298408618,2.37106825590507,2.47715143395402,2.58417060772726,2.69200224498107,2.80052141270557,2.90960195668038,3.01911679695707,3.12893802029686,3.2389370734267,3.34898508552597,3.45895271637643,3.56871011364851,3.67812728046806,3.78707420731633,3.89542106226114
-3.89700016612877,-3.78860966592694,-3.67961875906736,-3.57015729193452,-3.4603553280654,-3.35034293248721,-3.24024991021413,-3.13020572055969,-3.02033954957404,-2.9107800260119,-2.80165510263644,-2.69309187839864,-2.58521643892668,-2.47815351229345,-2.3720268612376,-2.26695864853225,-2.16306943867937,-2.0604787706131,-1.95930407059026,-1.85966088997699,-1.76166318584727,-1.66542238804112,-1.57104826200388,-1.47864734284609,-1.3883241924398,-1.30018080647164,-1.21431595379684,-1.13082496675189,-1.04979936225918,-0.971328695495891,-0.89549988036881,-0.822394836062748,-0.752089621793875,-0.684655212470907,-0.620154750919225,-0.558625616581629,-0.500086216276422,-0.444570189829346,-0.392114715283632,-0.342726072880637,-0.296408486205307,-0.253138729555317,-0.212868294103201,-0.175543123757743,-0.14108558252024,-0.109420837089263,-0.0804843193596445,-0.0542199903225083,-0.0305792331259322,-0.00954501834523484,0.00953460557236806,0.0305695671490859,0.0542117528552768,0.08047807500454,0.109416945791645,0.141083693508372,0.175543062873528,0.212869752777316,0.2531405485441,0.296413374574072,0.342729081859518,0.392117921837942,0.444575751259721,0.500088428290298,0.558631103696736,0.620158152694889,0.68465915473509,0.752095018405757,0.822398687374508,0.895504393119385,0.971334426985017,1.04980458106791,1.13082926354114,1.21432140158492,1.30018697839009,1.38832999590417,1.47865219012733,1.57105324037565,1.66542823536912,1.76166952984705,1.85966725892536,1.95930996379209,2.06048455568599,2.16307535440957,2.26696450948715,2.37203249164137,2.47815881024144,2.58522150520458,2.69309699405055,2.80166029296332,2.91078519641971,3.02034457279205,3.13021045682345,3.24025424296244,3.35034700798087,3.46035935906207,3.57016139106978,3.6796230542644,3.78861428625654,3.89700520231566
-3.89852871187134,-3.79009569695805,-3.6810620398856,-3.57155763796897,-3.46171260576081,-3.35165705930458,-3.24152085452872,-3.13143350152545,-3.02152423701639,-2.91192174020915,-2.80275401405464,-2.69414820735671,-2.58623045519892,-2.47912553457705,-2.37295725677402,-2.26784783247966,-2.16391787348574,-2.06128696561393,-1.96007258117991,-1.86039031687328,-1.76235417446615,-1.6660756275054,-1.57166448449038,-1.47922732231859,-1.38886874387506,-1.30069078485285,-1.21479225284795,-1.13126851758967,-1.05021113189668,-0.971709686072962,-0.895851128116118,-0.822717409342653,-0.752384618801938,-0.68492375924164,-0.620397998254057,-0.558844729943579,-0.50028236834833,-0.444744566488819,-0.392268516990867,-0.342860502559169,-0.296524748435314,-0.25323801980701,-0.212951788819857,-0.175611978179868,-0.141140921436665,-0.109463755936466,-0.0805158882481372,-0.054241257382256,-0.0305912274175959,-0.00954876224991341,0.00953834539277697,0.0305815576494005,0.054233016683989,0.0805096414437688,0.10945986311254,0.141139031683857,0.175611917271771,0.212953248066118,0.253239839509267,0.296529638721475,0.342863512718281,0.392271724802905,0.444750130100591,0.500284581229837,0.558850219210933,0.620401401364022,0.684927703052122,0.752390017530567,0.822721262165038,0.895855642636759,0.971715419810186,1.05021635275242,1.13127281606428,1.21479770277285,1.30069695919216,1.38887454961576,1.4792321715011,1.57166946481485,1.66608147712694,1.76236052095428,1.86039668831978,1.96007847669327,2.06129275295594,2.16392379153631,2.26785369573345,2.37296288938625,2.47913083460308,2.58623552346399,2.69415332501516,2.80275920641735,2.91192691264497,3.02152926220469,3.13143823964694,3.2415251889765,3.35166113639679,3.46171663833858,3.57156173871207,3.68106633676738,3.79010031909992,3.89853375003361
-3.90000422849091,-3.79153017380918,-3.68245524963701,-3.57290940245298,-3.46302279605553,-3.3529255957345,-3.24274770656626,-3.13261868766004,-3.02266782465102,-2.91302384544938,-2.80381480145265,-2.69516788958797,-2.58720929267857,-2.48006383494589,-2.37385537453298,-2.268706168384,-2.16473687393994,-2.06206712228335,-1.96081443019087,-1.86109443810319,-1.76302119093985,-1.66670620443827,-1.57225932865818,-1.47978718083433,-1.3893944034419,-1.30118307079245,-1.21525202787871,-1.13169668052556,-1.05060861620261,-0.97207745912202,-0.896190190189504,-0.82302879173853,-0.752669381616682,-0.685182989444774,-0.620632806722799,-0.559056241708077,-0.500471715408088,-0.444912893580351,-0.392416982927361,-0.342990268531696,-0.296636977234117,-0.25333386542841,-0.213032386893334,-0.175678443867708,-0.141194340505928,-0.109505185820164,-0.0805463619319371,-0.0542617866338401,-0.030602805596905,-0.0095523762690569,0.00954195546934443,0.0305931321688922,0.0542535428166307,0.0805401127632757,0.10950129152288,0.141192450037886,0.175678382936559,0.213033846691891,0.253335685819388,0.296641869371155,0.342993279830095,0.392420191953493,0.44491845929784,0.500473929127129,0.559061733053011,0.620636211120773,0.685186934747911,0.752674782388625,0.823032646019132,0.896194706418802,0.972083195029352,1.05061383903434,1.13170098062705,1.2152574798663,1.30118924746862,1.38940021137996,1.47979203185217,1.57226431086761,1.66671205627378,1.76302753983,1.86110081196116,1.96082032793556,2.06207291181575,2.16474279423038,2.26871203385692,2.37386100927703,2.48006913697788,2.58721436286188,2.69517300918336,2.80381999578057,2.91302901984288,3.02267285174126,3.13262342757482,3.24275204265454,3.35292967436982,3.46302683015956,3.57291350474812,3.68245954814507,3.79153479770043,3.90000926856003
-3.90142913356642,-3.79291544681712,-3.68380067104378,-3.57421480020221,-3.46428804564748,-3.35415062022659,-3.24393247647802,-3.13376322084671,-3.02377218620362,-2.91408814749094,-2.80483920289103,-2.69615259580371,-2.58815455515434,-2.48096995077011,-2.37472268604689,-2.26953506259661,-2.16552778194365,-2.06282051887895,-1.96153083311507,-1.86177440734309,-1.76366532814997,-1.66731515201651,-1.57283376913725,-1.48032783570061,-1.38990203241391,-1.30165847088258,-1.21569603221334,-1.13211015708854,-1.05099246644017,-0.972432617225482,-0.896517622129522,-0.823329493438817,-0.752944376811355,-0.685433327819326,-0.620859561050361,-0.559260498429257,-0.500654567693791,-0.445075446901598,-0.392560356349011,-0.343115583414923,-0.296745356484415,-0.253426423458991,-0.213110220380568,-0.175742629722815,-0.14124592725318,-0.109545194621675,-0.0805757903410377,-0.0542816117136735,-0.0306139866342744,-0.00955586632410081,0.00954544171704619,0.0306043096719791,0.054273364884504,0.0805695388891808,0.109541298901571,0.141244036094437,0.175742568769404,0.213111680712476,0.253428244515067,0.296750250408844,0.343118595813529,0.392563566547592,0.445081014652577,0.500656782221635,0.559265991780509,0.620862966692166,0.685437274563918,0.752949779556524,0.823333349127619,0.896522140008871,0.972438355228484,1.05099769118011,1.13211445876112,1.21570148619287,1.30166464981546,1.38990784247395,1.48033268849081,1.57283875316698,1.66732100599005,1.76367167935974,1.86178078352981,1.96153673301457,2.06282631052661,2.16553370439712,2.26954093021254,2.37472832284965,2.48097525473926,2.58815962719009,2.69615771726959,2.80484439911675,2.91409332377494,3.02377721513055,3.13376796249326,3.24393681415054,3.35415470035208,3.4642920812254,3.57421890399617,3.68380497112235,3.79292007239776,3.90143417547697
-3.90280570888882,-3.79425373430751,-3.68510045861465,-3.57547592163298,-3.46551038066116,-3.35533409449034,-3.2450770615113,-3.13486893389913,-3.02483909015845,-2.91511635066824,-2.80582885880886,-2.69710390287652,-2.58906775633504,-2.48184533307053,-2.37556058019677,-2.27033584247843,-2.16629186402807,-2.06354836186254,-1.96222293717401,-1.86243131347089,-1.76428761759432,-1.66790344538655,-1.57338872581562,-1.48085015270239,-1.39039244368959,-1.30211774641159,-1.21612497686419,-1.13250960940489,-1.05136329729312,-0.972775729120572,-0.896833948273732,-0.823619995976241,-0.753210044753224,-0.685675175248032,-0.621078624352849,-0.559457827196378,-0.500831218018414,-0.445232486759517,-0.39269886684878,-0.34323664788353,-0.296850059740783,-0.253515842117805,-0.213185413921265,-0.175804638530072,-0.141295764287557,-0.109583846409633,-0.0806042206010193,-0.0543007643689154,-0.0306247884346093,-0.00955923800389189,0.00954880971863211,0.0306151080579068,0.054292514629945,0.0805979669434081,0.109579949314968,0.14129387246154,0.175804577555155,0.213186874768435,0.25351766381642,0.296854955391979,0.343239661345027,0.392702078180044,0.445238056475013,0.50083343332763,0.559463322485897,0.621082031196296,0.685679123385189,0.753215449404691,0.823623853025479,0.896838467747162,0.972781469148164,1.05136852387656,1.13251391259527,1.21613043276809,1.30212392752464,1.39039825579965,1.48085500720485,1.57339371160391,1.66790930142559,1.76429397104505,1.86243769190738,1.96222883915522,2.06355415555372,2.16629778857122,2.27034171216468,2.37556621898841,2.48185063891112,2.58907283016041,2.69710902614945,2.805834056868,2.91512152877864,3.02484412085979,3.13487367721872,3.24508140071431,3.35533817605546,3.46551441766299,3.57548002687491,3.68510476021045,3.79425836152023,3.90281075257836
-3.90413610948145,-3.7955471313642,-3.686356647162,-3.57669474102596,-3.46669171465729,-3.35647787125013,-3.24618325350952,-3.13593755780679,-3.02587020674952,-2.91611006462937,-2.80678531850863,-2.69802330007393,-2.58995032583358,-2.48269135225473,-2.37637036870264,-2.27110976164726,-2.16703031636075,-2.06425179066948,-1.9628918258539,-1.8630661848706,-1.76488903346462,-1.66847200551936,-1.5739250674758,-1.48135494952491,-1.3908664050059,-1.30256161637354,-1.21653953334243,-1.13289566281567,-1.05172168929572,-0.973107331947628,-0.897139663829481,-0.823900754131393,-0.75346680134442,-0.685908910342102,-0.621290339573011,-0.559648536926856,-0.501001942927353,-0.445384258999393,-0.392832731264319,-0.343353651463471,-0.296951250915763,-0.253602261389414,-0.213258085230619,-0.175864567364027,-0.141343929628741,-0.109621201693262,-0.0806316972193433,-0.0543192745829729,-0.0306352279080859,-0.00956249658678175,0.00955206474669554,0.0306255442315064,0.0543110220318058,0.0806254414299657,0.109617303270144,0.141342037157832,0.175864506368324,0.213259546575767,0.253604083709015,0.296956148235804,0.343356665952207,0.392835943690271,0.445389830613513,0.501004158991731,0.559654034089626,0.621293747577794,0.685912859825112,0.753472207838241,0.823904612495434,0.897144184843523,0.973113073931898,1.05172691766082,1.13289996747293,1.21654499110616,1.30256779959363,1.39087221909721,1.48135980568218,1.57393005496366,1.66847786355463,1.76489538908114,1.86307256548138,1.96289772984699,2.06425758633564,2.16703624292347,2.27111563333438,2.37637600941646,2.482696659904,2.58995540138853,2.69802842509329,2.8067905183397,2.9161152445049,3.02587523916574,3.1359423027433,3.24618759419169,3.35648195420658,3.46669575303527,3.57669884766731,3.68636095022414,3.79555176015425,3.90414115489029
-3.90542237193128,-3.79679761792888,-3.68757115966846,-3.57787312415884,-3.4678338560306,-3.35758370140779,-3.24725274583949,-3.136970728427,-3.02686711441766,-2.91707081055895,-2.80771004614585,-2.69891219481589,-2.59080361469381,-2.48350930341508,-2.37715329119469,-2.27185800482422,-2.16774426936992,-2.06493188211375,-1.96353852309443,-1.86367999340799,-1.76547049641268,-1.66902170277097,-1.57444361515354,-1.48184299891484,-1.39132464190628,-1.30299076024782,-1.21694033625415,-1.13326890829425,-1.05206819107709,-0.973427933326686,-0.897435236788381,-0.824172197690916,-0.753715039629813,-0.686134890904929,-0.621495030806058,-0.559832919560546,-0.501167003767551,-0.445530995955286,-0.392962154516254,-0.343466773264685,-0.297049084913547,-0.253685813565072,-0.213328345554404,-0.175922507964178,-0.14139049700859,-0.109657317656305,-0.0806582622574184,-0.0543371706914175,-0.0306453210355269,-0.00956564706103297,0.00955521178405731,0.030635634168549,0.0543289154213527,0.0806520044069993,0.109653417948806,0.141388603914185,0.17592244694838,0.213329807381009,0.253687636485058,0.297053983847065,0.343469788746578,0.392965368000577,0.445536569405037,0.501169220562037,0.559838418534419,0.621498439933647,0.686138841689141,0.753720447904866,0.824176057326141,0.897439759291925,0.97343367720272,1.05207342116472,1.13327321436973,1.21694579581601,1.30299694550503,1.39133045791311,1.48184785667203,1.57444860428457,1.66902756273623,1.76547685412313,1.86368637612094,1.96354442903267,2.06493767968936,2.16775019788521,2.27186387844583,2.3771589337669,2.48351461281301,2.59080869192096,2.69891732152376,2.80771524769007,2.91707599214104,3.02687214849186,3.13697547492678,3.24725708795174,3.35758778570941,3.46783789573907,3.57787723215316,3.6875754641483,3.79680224824395,3.90542741900239
-3.90666642209057,-3.79800706628851,-3.68874581455894,-3.57901283536191,-3.46893851484854,-3.35865324066392,-3.24828713979511,-3.1379699926711,-3.02783130577962,-2.91800002693068,-2.80860442626597,-2.69977191799718,-2.5916289004997,-2.48430041122629,-2.37791051990107,-2.27258169231397,-2.1684347920194,-2.06558965446005,-1.96416399716094,-1.8642736581059,-1.76603287703201,-1.66955336017379,-1.57494514524265,-1.48231503160254,-1.39176784048445,-1.30340582056869,-1.21732798570023,-1.13362990468123,-1.05240332143586,-0.97373801327712,-0.897721109696086,-0.824434733072796,-0.753955131283368,-0.686353455285175,-0.621693004525271,-0.560011251163744,-0.501326647675813,-0.445672917328622,-0.393087330383129,-0.34357618265842,-0.297143708215769,-0.253766623743004,-0.213396300089662,-0.1759785470819,-0.141435536149961,-0.109692248373268,-0.0806839554896615,-0.0543544794891393,-0.0306550829288345,-0.00956869414368284,0.00955825554260886,0.03064539297616,0.054346221589405,0.0806776956458395,0.10968834742354,0.141433642452522,0.175978486046666,0.213397762381923,0.253768447243671,0.297148608709814,0.343579199100877,0.393090544891089,0.445678492553765,0.501328865176445,0.560016751889285,0.621696414738819,0.686357407327888,0.753960541281196,0.824438593937485,0.897725633640246,0.973743758982832,1.05240855318951,1.13363421212839,1.21733344700119,1.30341200779619,1.39177365834393,1.48231989090714,1.57495013596295,1.66955922200572,1.76603923676767,1.86428004285203,1.96416990498048,2.06559545388243,2.16844072242318,2.2725875678066,2.37791616427069,2.4843057223155,2.59163397934416,2.69977704633812,2.80860962946712,2.91800521016334,3.0278363414574,3.13797474068285,3.24829148329053,3.35865732626657,3.46894255584385,3.57901694466482,3.68875012040994,3.79801169807853,3.90667147076939
-3.90787008220241,-3.79917724800261,-3.68988233242866,-3.58011554404606,-3.47000730917846,-3.35968805564388,-3.24928795052211,-3.13893681422796,-3.0287641931507,-2.91889907482966,-2.80946976892711,-2.70060372891157,-2.59242739210231,-2.48506583447665,-2.37864316398508,-2.27328188414977,-2.16910289576369,-2.06622607119132,-1.96476916422695,-1.86484804854455,-1.76657699907895,-1.67006775648183,-1.57543039236765,-1.48277173900572,-1.39219664992287,-1.30380740530265,-1.2177030494966,-1.13397918075204,-1.05272757125981,-0.974038025993677,-0.897997701289675,-0.824688744830087,-0.754187427983317,-0.686564923628642,-0.62188455071594,-0.560183792950624,-0.5014811084932,-0.445810231001089,-0.393208442218371,-0.343682039903898,-0.29723525942348,-0.253844810291257,-0.213462048373923,-0.17603276680142,-0.141479113024685,-0.1097260450095,-0.0807088145506604,-0.0543712263294867,-0.0306645278869036,-0.00957164229799623,0.00956120048074601,0.0306548349487146,0.0543629658854593,0.0807025527781546,0.109722142857873,0.141477218743789,0.17603270574738,0.213463511116723,0.253846634353752,0.297240161427388,0.343685057275735,0.393211657716734,0.445815807943981,0.501483326677053,0.560189295370962,0.621887961980188,0.686568876888995,0.754192839647987,0.824692606884324,0.898002226627681,0.974043773469665,1.05273280462539,1.13398348952634,1.21770851248022,1.30381359443645,1.39220246957486,1.4827765998075,1.57543538462562,1.67007362011981,1.76658336077407,1.86485443525784,1.96477507386671,2.06623187240053,2.16910882799466,2.27328776145266,2.37864881009376,2.48507114720222,2.59243247251159,2.70060885883258,2.80947497373138,2.9189042596593,3.02876923037999,3.1389415637026,3.24929229535577,3.35969214250534,3.4700113514188,3.58011965461506,3.68988663960632,3.7991818812197,3.90787513243676
-3.90903507749877,-3.80030984031782,-3.69098234227315,-3.58118283074739,-3.47104177094625,-3.36068962957028,-3.25025661250402,-3.13987257886374,-3.02966711365844,-2.91976924288059,-2.81030731444352,-2.70140881981156,-2.59320023399685,-2.48580667026377,-2.37935227356126,-2.27395958393166,-2.16974953821027,-2.06684204449737,-1.96535489169143,-1.86540398801011,-1.76710364245534,-1.67056562899037,-1.57590005204371,-1.48321377573294,-1.39261168484334,-1.30419609004973,-1.21806606523028,-1.13431723713159,-1.05304140530318,-0.974328401491044,-0.898265408013834,-0.824934597043308,-0.754412262685519,-0.686769599037458,-0.622069943925341,-0.560350792229044,-0.501630607611727,-0.445943133787329,-0.393325663614179,-0.343784496728591,-0.297323869758997,-0.253920485276293,-0.21352568464562,-0.176085244837029,-0.141521290092433,-0.109758756006446,-0.0807328750714423,-0.0543874352160666,-0.0306736694473962,-0.00957449574962616,0.00956405081951196,0.0306639736195953,0.0543791723094756,0.0807266114322073,0.109754852691528,0.141519395246823,0.176085183764788,0.213527147824485,0.253922309882569,0.297328773224267,0.343787514999951,0.393328880071131,0.445948712392792,0.501632826456855,0.560356296289736,0.622073356206539,0.686773553476338,0.754417675963489,0.824938460248882,0.898269934700912,0.97433415068044,1.05304664022891,1.1343215471904,1.2180715298425,1.30420228102861,1.39261750623026,1.48321863798379,1.57590504578993,1.67057149437639,1.76711000604698,1.86541037662738,1.96536080309294,2.06684784743601,2.16975547220973,2.27396546298666,2.37935792135313,2.48581198457314,2.59320531592068,2.70141395126188,2.81031252079942,2.91977442925591,3.0296721523894,3.13987732975427,3.25026095863294,3.36069371765008,3.47104581439165,3.58118694254181,3.69098665073484,3.80031447491615,3.90904012923867
-3.9101630423149,-3.80140643211229,-3.69204738726162,-3.58221619272883,-3.4720433513658,-3.36165936751965,-3.25119448464628,-3.14077859933321,-3.03054133398162,-2.92061175181487,-2.81111823778147,-2.70218832013385,-2.59394851037891,-2.48652395788288,-2.38003884341713,-2.27461574238333,-2.1703756265135,-2.06743843850778,-1.96592200125302,-1.86594225641257,-1.76761354597261,-1.67104767614912,-1.57635478314158,-1.48364176190361,-1.39301352748529,-1.30457242008355,-1.21841754216463,-1.13464454806854,-1.05334526383389,-0.974609547127869,-0.898524605425906,-0.825172634610796,-0.754629950803506,-0.686967768644316,-0.622249444235778,-0.560512483277037,-0.501775354759006,-0.446071812132479,-0.393439159016763,-0.343883696865952,-0.297409663530972,-0.25399375486017,-0.213587298178076,-0.176136054808513,-0.141562126522087,-0.109790427253335,-0.0807561708057554,-0.054403128887816,-0.0306825204347197,-0.00957725850159017,0.00956681055755733,0.0306728218091561,0.0543948635969363,0.0807499053591269,0.109786522812103,0.141560231129714,0.176135993718649,0.213588761779147,0.253995579992941,0.297414568411153,0.343886716008245,0.393442376401835,0.446077392347667,0.501777574244388,0.560517988925944,0.622252857501601,0.686971724224261,0.754635365643494,0.82517649893111,0.898529133419175,0.974615297976213,1.05335050027016,1.13464885937104,1.21842300835368,1.30457861284886,1.39301935055199,1.48364662555748,1.57635977832877,1.67105354322761,1.76761991140048,1.8659486468733,1.96592791436028,2.06744424312088,2.17038156222523,2.27462162313475,2.38004449283869,2.48652927372571,2.59395359376914,2.70219345306485,2.81112344563968,2.92061693968673,3.03054637416653,3.14078335159463,3.25119883202929,3.36166345677909,3.47204739597794,3.58222030570972,3.69205169696653,3.80141106804794,3.9101680955125
-3.91125552576028,-3.80246852940882,-3.69307893009155,-3.58321704917548,-3.47301342597444,-3.36259860129796,-3.25210285499139,-3.14165611993485,-3.03138805474546,-2.92142775870632,-2.81190365263618,-2.70294330041832,-2.59467324890646,-2.48721868243301,-2.38070381646497,-2.27525126065105,-2.17098202052228,-2.0680160722903,-1.96647127176119,-1.86646359299192,-1.76810740991534,-1.67151455998564,-1.57679521017391,-1.48405628529974,-1.39340272972609,-1.30493691224329,-1.21875796300641,-1.1349615630809,-1.05363956416115,-0.974881849020251,-0.898775649499023,-0.825403184445453,-0.754840791302922,-0.687159704608784,-0.622423298167025,-0.56066908815573,-0.501915548725968,-0.446196442759113,-0.393549084296947,-0.343979776554164,-0.297492758565728,-0.254064719668903,-0.213646973589274,-0.176185266496601,-0.141601678397046,-0.109821102246408,-0.0807787337471884,-0.0544183288979034,-0.0306910930045268,-0.00957993434816022,0.00956948348501487,0.0306813916692072,0.0544100612977356,0.08077246655002,0.109817196714291,0.141599782475108,0.176185205389669,0.213648437599269,0.254066545311609,0.297497664816313,0.343982796539993,0.393552302580942,0.44620202453339,0.501917768831466,0.560674595342892,0.6224267123865,0.687163661293902,0.754846207655795,0.825407049845444,0.898780178757394,0.97488760147536,1.05364480206046,1.13496587558795,1.21876343072269,1.30494310673883,1.39340855441973,1.4840611503125,1.57680020675673,1.67152042870337,1.76811377712169,1.86646998523812,1.96647718652055,2.06802187852518,2.17098795789243,2.27525714304553,2.38070946746496,2.48722399976108,2.59467833371697,2.70294843478346,2.81190886194945,2.92143294802765,3.03139309633857,3.14166087352402,3.25210720358904,3.36260269169992,3.47301747171664,3.58322116330552,3.69308324100057,3.80247316663974,3.91126058036972
-3.91231399698222,-3.80349756049211,-3.69407835795866,-3.58418674601669,-3.47395329930683,-3.36350859396578,-3.25298294509548,-3.14250632073873,-3.0322084146011,-2.92221836090278,-2.81266461521599,-2.7036747759456,-2.59537542419166,-2.48789177816421,-2.38134808694567,-2.27586699336557,-2.17156953570173,-2.06857572263394,-1.96700344186264,-1.86696869882992,-1.76858589842073,-1.67196690835489,-1.5772219254171,-1.48445790336315,-1.39377981495621,-1.30529005668987,-1.21908778554597,-1.13526870848334,-1.05392470205348,-0.975145673353687,-0.899018877831642,-0.825626556585545,-0.755045067717357,-0.687345665042055,-0.622591739513963,-0.56082081746386,-0.502051378042328,-0.446317193267711,-0.393655587279789,-0.344072864999042,-0.29757326660761,-0.254133475134382,-0.213704791129374,-0.176232946080072,-0.141639998905786,-0.109850822236709,-0.0808005942378809,-0.0544330556869627,-0.0306993986850177,-0.00958252688775493,0.00957207319637764,0.0306896947243048,0.0544247858494015,0.0807943253446718,0.109846915647669,0.14163810247077,0.176232884956603,0.213706255535561,0.254135301271147,0.297578174185933,0.344075885802144,0.393658806434722,0.446322776552538,0.502053598748634,0.560826326141387,0.6225951546574,0.68734962279794,0.755050485536012,0.825630423031597,0.899023408315729,0.975151427365534,1.05392994137028,1.13527302215745,1.21909325474193,1.30529625286177,1.39378564122614,1.48446276969248,1.57722692335211,1.67197277866083,1.76859226735018,1.866975092806,1.96700935822266,2.06858153044011,2.17157547467865,2.27587287735196,2.38135373947493,2.48789709693126,2.59538051037823,2.70367991170021,2.81266982593902,2.92222355162845,3.03221345755858,3.14251107561432,3.25298729486996,3.36351268547469,3.47395734614389,3.58419086126011,3.69408267003431,3.80350219897797,3.91231905295955
-3.91333985005516,-3.80449488066205,-3.69504698717352,-3.58512656040536,-3.47486420923636,-3.36439054404177,-3.25383591409362,-3.1433303215138,-3.03300349401504,-2.92298459967799,-2.81340212775739,-2.70438371011583,-2.59605596104437,-2.48854413158669,-2.38197250340472,-2.27646375148635,-2.17213894584697,-2.06911812663405,-1.96751921245949,-1.86745823918334,-1.76904964168879,-1.67240531702866,-1.57763549088248,-1.48484714505054,-1.39414527982106,-1.30563231853714,-1.21940744418072,-1.13556638880606,-1.05420105305574,-0.975401367601729,-0.899254610771063,-0.825843045226493,-0.755243049091939,-0.687525894865938,-0.622754990124638,-0.56096787103865,-0.502183021603998,-0.446434222694431,-0.393758808236542,-0.344163084804033,-0.297651293690867,-0.25420011181196,-0.213760826947779,-0.176279156355992,-0.141677138518874,-0.109879626367369,-0.0808217810694996,-0.0544473286511185,-0.0307074484153058,-0.00958503953491512,0.00957458310246145,0.0306977419101044,0.0544390566451123,0.0808155105325156,0.109875718753978,0.141675241586592,0.176279095216496,0.213762291737951,0.254201938427558,0.297656202556013,0.344166106399224,0.393762028235574,0.446439807443259,0.502185242892599,0.560973381160615,0.622758406163565,0.68752985365959,0.755248468331208,0.82584691268637,0.899259142443094,0.975407123122344,1.05420629374635,1.13557070361127,1.21941291481076,1.30563851633375,1.39415110761871,1.48485201265588,1.57764049012801,1.67241118887385,1.76905601228824,1.86746463483599,1.96752513037085,2.06912393596309,2.17214488638117,2.27646963701558,2.38197815741614,2.48854945174838,2.5960610485646,2.70438884721708,2.81340733984672,2.92298979176474,3.03300853829484,3.14333507763618,3.25384026500866,3.36439463662352,3.47486825713455,3.58513067672784,3.69505130037984,3.80449952036417,3.91334490735821
-3.91433440852561,-3.80546177665227,-3.69598606745293,-3.58603770488167,-3.47574733101096,-3.3652455894101,-3.25466286247884,-3.14412918537855,-3.0337743187917,-2.92372746362644,-2.8141171417925,-2.70507101758958,-2.59671573748719,-2.48917658436105,-2.38257787145872,-2.27704230494541,-2.17269098560595,-2.06964398409547,-1.96801924899439,-1.86793284565279,-1.76949923803697,-1.67283035163792,-1.57803644014855,-1.4852245125581,-1.39449959584017,-1.30596413936831,-1.21971735133139,-1.13585498811356,-1.05446897371356,-0.97564926165883,-0.899483152457834,-0.82605292968002,-0.755434990860482,-0.68770062661135,-0.622913260623542,-0.561110438607318,-0.502310649256333,-0.446547682029601,-0.393858880341969,-0.344250552369929,-0.297726940485351,-0.254264715675688,-0.213815153341407,-0.17632395694445,-0.141713145153509,-0.109907551801224,-0.0808423215771068,-0.0544611662052228,-0.0307152525810818,-0.00958747553143583,0.00957701644152487,0.0307055436090139,0.0544528920969219,0.080836049446493,0.10990364319473,0.141711247739129,0.176323895789416,0.213816618503849,0.254266542755513,0.297731850598064,0.344253574733046,0.39386210115935,0.446553268197769,0.502312871109466,0.561115950129657,0.62291667753064,0.687704586411114,0.755440411477027,0.826056798122797,0.899487685281569,0.975655018642185,1.05447421573607,1.13585930401536,1.21972282335177,1.30597033874007,1.39450542511893,1.48522938140052,1.57804144066461,1.67283622497542,1.76950561025549,1.86793924293087,1.96802516840977,2.06964979490093,2.1726969276499,2.27704819197042,2.38258352690708,2.48918190587484,2.59672082630039,2.7050761559964,2.81412235520646,2.92373265703273,3.03377936435348,3.14413394270968,3.25466721449965,3.36524968303197,3.4757513799379,3.58604182225029,3.69599038175543,3.80546641753355,3.91433946711396
-3.9152989296403,-3.80639947074061,-3.69689678591221,-3.58692133124658,-3.47660378100735,-3.36607481095541,-3.25546483561768,-3.14490392219715,-3.0345218633503,-2.92444789182136,-2.8148105611888,-2.70573756720974,-2.59735558756035,-2.48978993598695,-2.38316495636884,-2.27760338510692,-2.17322635282617,-2.07015395976801,-1.96850418357628,-1.86839311820041,-1.76993525581149,-1.67324254947977,-1.57842528006548,-1.4855904829257,-1.39484321091345,-1.30628593864655,-1.22001789875951,-1.13613487123159,-1.05472880271225,-0.975889668894181,-0.899704791797323,-0.826256475266414,-0.755621135661464,-0.687870081161147,-0.623066751084444,-0.561248700393161,-0.502434422336703,-0.446657714700058,-0.393955930099769,-0.34433537826671,-0.297800302618102,-0.254327368392956,-0.213867838985635,-0.176367404479011,-0.141748064326596,-0.109934633839526,-0.0808622417264818,-0.0544745858416803,-0.0307228210477904,-0.00958983795672236,0.00957937628961384,0.0307131096833595,0.0544663096945775,0.0808559680503682,0.109930724269922,0.141746166444679,0.176367343308908,0.213869304509104,0.254329195922986,0.297805213940703,0.344338401374559,0.393959151710784,0.446663302244699,0.502436644737316,0.56125421327358,0.623070168833493,0.687874041936635,0.755626557613691,0.826260344662403,0.899709325737981,0.975895427296101,1.05473404602643,1.13613918819686,1.22002337212824,1.30629213954588,1.39484904162858,1.48559535296784,1.57843028181371,1.6732484242645,1.76994162960017,1.86839951705483,1.96851010445025,2.0701597720053,2.17323229633429,2.27760927358254,2.38317061321075,2.489795258812,2.59736067762746,2.7057427068827,2.81481577588738,2.92445308650734,3.03452691015535,3.14490868070052,3.25546918871085,3.36607890558597,3.47660783093198,3.58692544962975,3.69690110127779,3.80640411276545,3.91530398947512
-3.91623460828215,-3.80730912457577,-3.69778027078165,-3.58777853416772,-3.47743462022615,-3.36687923594673,-3.25624282702286,-3.14565549174102,-3.03524705377555,-2.92514677675473,-2.81548324497879,-2.7063841847216,-2.59797630393277,-2.49038494630613,-2.38373448543667,-2.27814768705688,-2.17374571073952,-2.07064868542761,-1.96897461695929,-1.86883962702814,-1.7703582351666,-1.67364242119948,-1.57880249234196,-1.48594550953041,-1.39517655072342,-1.3065981150282,-1.2203094587939,-1.13640638488926,-1.0549808619372,-0.976122887132788,-0.8999198033642,-0.826453934145159,-0.755801714097665,-0.688034468441628,-0.623215651656766,-0.561382827679778,-0.502554494179584,-0.446764457018173,-0.394050077738621,-0.344417667579702,-0.297871470972729,-0.25438814758017,-0.213918949149307,-0.176409552784021,-0.141781939297242,-0.109960906032462,-0.0808815661954114,-0.0544876041852121,-0.0307301631915165,-0.00959212973743085,0.00958166557019179,0.0307204495062625,0.0544793260602746,0.0808752910200139,0.109956995528549,0.141780040961769,0.176409491599299,0.213920415023006,0.254389975546944,0.297876383469038,0.344420691410014,0.394053300119537,0.446770045898127,0.502556717111307,0.561388341877665,0.62321907022259,0.688038430163662,0.755807137345629,0.826457804465856,0.89992433838838,0.976128646910851,1.05498610650443,1.1364107028862,1.22031493347065,1.30660431740942,1.39518238283197,1.4859503807364,1.5788074952855,1.67364829738817,1.77036461047849,1.86884602741175,1.96898053924823,2.07065449905391,2.17375165566802,2.27815357693973,2.38374014363045,2.49039027040323,2.59798139521632,2.70638932562285,2.81548846092359,2.92515197268214,3.03525210178669,3.14566025138158,3.25624718115634,3.36688333155582,3.47743867111863,3.58778265353511,3.69778458717853,3.80731376770995,3.91623966932617
-3.91714258063714,-3.80819184274201,-3.69863759486883,-3.58861035453873,-3.47824085754777,-3.36765984118992,-3.2569977814022,-3.14638480663415,-3.03595077065951,-2.92582496707611,-2.81613600999623,-2.70701165530687,-2.59857864033466,-2.49096233783414,-2.38428715023612,-2.27867587173612,-2.17424968999754,-2.07112876181508,-1.96943112038636,-1.86927291432754,-1.77076868972224,-1.67403045235761,-1.57916853502336,-1.48629002347777,-1.39550002004155,-1.30690104758618,-1.22059238547321,-1.13666985878312,-1.0552254574616,-0.976349199569409,-0.900128448245033,-0.826645546088756,-0.755976945443815,-0.688193988066754,-0.623360143149105,-0.561512983336698,-0.502671010587111,-0.446868038600161,-0.394141437581137,-0.344497520232061,-0.297940531968311,-0.254447127040938,-0.213968545895024,-0.176450453039778,-0.141814811199515,-0.109986400282116,-0.0809003184494203,-0.0545002370438731,-0.0307372879277575,-0.00959435365644954,0.00958388706311105,0.030727571990402,0.0544919569996663,0.0808940418191341,0.109982488871559,0.141812912423916,0.17645039184087,0.213970012108584,0.254448955431523,0.297945445603575,0.344500544763443,0.394144660709156,0.446873628775887,0.502673234034216,0.561518498813043,0.623363562507517,0.688197950707307,0.755982369949151,0.82664941730678,0.900132984320651,0.976354960682868,1.05523070324477,1.13667417778118,1.22059786141926,1.30690725140541,1.39550585350227,1.48629489581313,1.57917353912683,1.67403632990869,1.77077506651224,1.86927931619507,1.96943704404836,2.07113457678926,2.17425563630436,2.27868176298453,2.38429280974175,2.49096766316562,2.5985837327986,2.70701679740003,2.81614122715033,2.92583016420819,3.03595581984102,3.14638956737822,3.25700213654518,3.36766393774858,3.47824490937945,3.58861447486119,3.69864191226644,3.8081964869527,3.91714764285455
-3.9180239276126,-3.80904867608252,-3.69946977878618,-3.58941778261085,-3.47902345276779,-3.36841755596653,-3.25773059750083,-3.14709273509881,-3.03663385175097,-2.92648327014586,-2.8167696333336,-2.70762072594595,-2.59916331382509,-2.49152279793414,-2.3848236086941,-2.27918856792889,-2.17473889056881,-2.07159476044354,-1.96987423730784,-1.86969349591104,-1.77116710810932,-1.67440710489084,-1.57952384386991,-1.48662443489882,-1.39581400394604,-1.30719509695043,-1.22086701561114,-1.13692560656905,-1.05546288046733,-0.976568875620594,-0.900330974823798,-0.826831539204101,-0.756147038306322,-0.688348829938713,-0.623500397573211,-0.561639322309396,-0.502784110267736,-0.446968582756047,-0.394230118387813,-0.344575031285402,-0.298007567819397,-0.254504376988117,-0.214016688265868,-0.176490153936517,-0.14184671916619,-0.110011146938444,-0.0809185208123703,-0.0545124994566119,-0.0307442037382473,-0.00959651236127137,0.00958604341297638,0.030734485614831,0.0545042175494166,0.0809122427698584,0.110007234647829,0.141844819963372,0.17649009272384,0.214018154809323,0.254506205790085,0.298012482560216,0.344578056497296,0.394233342241028,0.446974174189547,0.502786334215112,0.561644839026709,0.62350381770097,0.68835279347085,0.756152464032158,0.826835411293141,0.900335511920021,0.976574638030287,1.05546812743079,1.13692992653886,1.22087249278926,1.3072013021655,1.39581983871928,1.48662930833045,1.57952884909929,1.67441298376435,1.77117348633408,1.86969989921898,1.96988016230265,2.07160057672607,2.17474483821353,2.27919446050281,2.3848292694731,2.4915281244638,2.59916840743484,2.70762586919606,2.81677485166155,2.92648846844727,3.03663890206853,3.14709749691404,3.25773495362371,3.3684216534469,3.47902750551112,3.58942190386037,3.69947409715519,3.80905332133814,3.918028990969
-3.91887967802617,-3.80988062479956,-3.70027779396212,-3.59020176091438,-3.47978331942853,-3.36915326477533,-3.25844213075271,-3.14778010351702,-3.037297094427,-2.92712245441706,-2.81738485463475,-2.70821210762172,-2.59973100690759,-2.49206698084474,-2.38534448703154,-2.27968637411784,-2.17521388350898,-2.07204722528443,-1.97030448498483,-1.87010186273369,-1.77155395541125,-1.67477281847478,-1.57986883364221,-1.4869491341601,-1.3961188689579,-1.30748060637189,-1.22113366979009,-1.13717392678761,-1.055693408104,-0.976782171719504,-0.900527619514667,-0.827012130605456,-0.756312191238695,-0.688499174808164,-0.623636578651465,-0.561761992076408,-0.502893925245452,-0.447066206853453,-0.3943162236779,-0.344650291220251,-0.298072656778557,-0.254559964250953,-0.214063432459594,-0.176528701818055,-0.14187770044421,-0.110035174888816,-0.0809361945323195,-0.0545244057376395,-0.0307509186959786,-0.00959860837180468,0.00958813713694713,0.0307411984499902,0.0545161220215616,0.0809299151185967,0.110031261743704,0.14187580082658,0.176528640592008,0.214064899323362,0.254561793452357,0.298077572592823,0.344653317092893,0.394319448235249,0.447071799508199,0.502896149678569,0.561767509998648,0.623639999526228,0.688503139205991,0.756317618149585,0.827016003540213,0.900532157601854,0.976787935387787,1.05569865621348,1.13717824770096,1.2211391481645,1.30748681294227,1.39612470500553,1.48695400865616,1.5798738399648,1.67477869863231,1.7715603350291,1.8701082674402,1.97031041127375,2.07205304283731,2.17521983245275,2.27969226797878,2.38535014904693,2.4920723085378,2.59973610162985,2.70821725199519,2.81739007410245,2.92712765385386,3.03730214584762,3.14778486637229,3.25844648782702,3.36915736315064,3.47978737305703,3.59020588306404,3.70028211327433,3.80988527106976,3.91888474248848
-3.9197108115826,-3.81068864134852,-3.70106256545176,-3.59096318698586,-3.48052132746233,-3.36986780989157,-3.25913319575573,-3.14844769882161,-3.03794125800012,-2.92774325165901,-2.81798237823498,-2.70878647737673,-2.60028236950482,-2.49259550957306,-2.38585038157531,-2.28016986021574,-2.17567521261309,-2.07248667434154,-1.97072235598583,-1.87049848231371,-1.77192967450965,-1.67512801179613,-1.58020389930134,-1.48726449299315,-1.39641496410143,-1.30775790271564,-1.22139265328875,-1.13741510372788,-1.05591730429089,-0.976989332057901,-0.900718607446056,-0.827187527042651,-0.756472593316053,-0.688645194797235,-0.623768842290596,-0.561881133076055,-0.503000581241791,-0.4471610226572,-0.394399852028926,-0.344723386197847,-0.298135873362799,-0.254613952468453,-0.214108831991231,-0.176566140815882,-0.14190779050245,-0.110058511641601,-0.0809533598430032,-0.0545359695178461,-0.0307574404885619,-0.00960064408766438,0.00959017063202043,0.0307477181810603,0.0545276840449205,0.0809470790975142,0.110054597666571,0.14190589048194,0.176566079576851,0.214110299166097,0.254615782057802,0.298140790219633,0.344726412712229,0.394403077270153,0.447166616498062,0.503002806146676,0.561886652168561,0.623772263890873,0.688649160035849,0.756478021377907,0.827191400798797,0.900723146495701,0.976995096948569,1.0559225535134,1.13741942555764,1.22139813282504,1.30776411060234,1.3964208013868,1.48726936852301,1.5802089066857,1.67513389320076,1.77193605548051,1.87050488837856,1.97072828353162,2.07249249312824,2.17568116281854,2.28017575532668,2.38585604479153,2.49260083839603,2.60028746530759,2.70879162284124,2.81798759880965,2.92774845219853,3.03794631049206,3.14845246268701,3.25913755375411,3.3698719091361,3.48052538195054,3.59096731000976,3.70106688568003,3.81069328860412,3.919715877119
-3.92051826165442,-3.81147363314129,-3.70182497456251,-3.59170291591552,-3.48123830566069,-3.37056199375766,-3.25980456858385,-3.14909627072977,-3.03856706587342,-2.92834635903413,-2.81856287516015,-2.7093444802348,-2.60081802080333,-2.49310897766292,-2.38634186045081,-2.28063956918303,-2.17612339595903,-2.07291360112121,-1.97112831958477,-1.87088380005945,-1.77229468734139,-1.67547308374109,-1.58052941712991,-1.48757086554954,-1.39670262189489,-1.30802729738868,-1.22164425694856,-1.13764940823434,-1.05613482046597,-0.977190589279225,-0.900904153099608,-0.827357925487899,-0.756628424671774,-0.688787053888052,-0.623897337024191,-0.561996879105052,-0.503104198032665,-0.447253136646525,-0.394481097356491,-0.344794398304689,-0.298197288565076,-0.254666402270004,-0.214152937844973,-0.176602512974426,-0.141937023132392,-0.110081183404238,-0.0809700360212625,-0.0545472037834898,-0.0307637764400454,-0.00960262179498278,0.00959214618183464,0.0307540521297741,0.0545389166037787,0.0809637539819565,0.11007726862294,0.141935122720483,0.176602451722779,0.214154405322074,0.254668232236244,0.298202206434769,0.344797425442525,0.394484323262109,0.447258731639704,0.503106423395873,0.562002399334477,0.623900759329309,0.688791019943494,0.756633853851793,0.827361800042029,0.900908693084285,0.977196355357446,1.05614007076982,1.13765373095439,1.22164973761363,1.30803350655418,1.39670846038272,1.48757574208375,1.58053442554577,1.67547896635727,1.77230106962672,1.87089020744393,1.97113424835162,2.07291942110656,2.17612934739021,2.28064546550834,2.38634752483363,2.49311430758361,2.60082311765582,2.70934962675927,2.81856809681024,2.92835156064495,3.03857211940617,3.14910103557652,3.25980892747996,3.37056609384661,3.48124236098412,3.59170703978875,3.70182929568074,3.81147828135422,3.92052332823431
-3.92130291788112,-3.81223646507308,-3.70256586130824,-3.59242176272845,-3.48193504398223,-3.37123658121762,-3.26045698894816,-3.14972653383082,-3.03917520755504,-2.92893244103942,-2.81912698499531,-2.70988673099728,-2.60133855097775,-2.49360795084774,-2.38681946516398,-2.28109601853982,-2.17655892735023,-2.07332847600661,-1.97152282306782,-1.87125824050972,-1.77264939607354,-1.67580841450608,-1.58084574577981,-1.48786858938716,-1.39698215927642,-1.30828908720704,-1.22188875798364,-1.13787709846109,-1.05634619628616,-0.977386165126442,-0.901084460907456,-0.82752351368431,-0.756779856999109,-0.68892490837938,-0.624022204426317,-0.562109357691082,-0.503204889781897,-0.447342650311597,-0.39456004917579,-0.344863405781125,-0.298256970051971,-0.254717371444215,-0.21419579861616,-0.176637858368123,-0.141965430542221,-0.110103215156225,-0.080986241440725,-0.0545581209123593,-0.0307699335313097,-0.00960454367277577,0.00959406596302851,0.0307602072748058,0.0545498320740443,0.0809799581441257,0.110099299591419,0.141963529749961,0.176637797104217,0.214197266386963,0.254719201776705,0.298261888905932,0.344866433524817,0.394563275727045,0.447348246424563,0.503207115590493,0.56211487902533,0.624025627416378,0.688928875228593,0.756785287265728,0.827527389013897,0.901089001800771,0.97739193235869,1.0563514476408,1.13788142204629,1.22189423974561,1.30829529761525,1.39698799893277,1.48787346689736,1.58085075519806,1.67581429829961,1.77265577963623,1.87126464917657,1.97152875302126,2.07333429715679,2.17656487997253,2.28110191604523,2.38682513068048,2.49361328183517,2.60134364885033,2.70989187855178,2.81913220769047,2.92893764369129,3.03918026209921,3.14973129963121,3.26046134871667,3.37124068212717,3.48193910011729,3.59242588742704,3.7025701832913,3.81224111421631,3.92130798547504
-3.92206562860014,-3.81297796188581,-3.70328602670465,-3.59312050461172,-3.48261229571121,-3.37189230160718,-3.26109116221824,-3.15033916953881,-3.0397663405423,-2.92950213132218,-2.81967531763239,-2.71041381592297,-2.60184452280349,-2.49409296859643,-2.38728371208103,-2.28153970178003,-2.17698227766497,-2.0737317475431,-1.97190629295562,-1.87162220849382,-1.77299418420233,-1.67613436663667,-1.58115322725234,-1.48815798639254,-1.39725387847014,-1.3085435552069,-1.22212642073827,-1.13809842057726,-1.05655166028213,-0.977576271047963,-0.90125972581085,-0.827684470658905,-0.756927054020344,-0.689058907313721,-0.624143579498376,-0.562218690441281,-0.503302765353191,-0.447429660430839,-0.394636792846225,-0.34493048323515,-0.29831498234861,-0.25476691509682,-0.214237460644061,-0.176672215210934,-0.141993043444838,-0.110124630717368,-0.0810019936220112,-0.0545687327075971,-0.0307759184191441,-0.00960641179889711,0.00959593205118908,0.0307661902708403,0.0545604422570664,0.080995709103283,0.110120714390967,0.141991142282866,0.176672153935112,0.214238928700352,0.254768745785318,0.298319902159309,0.34493351156775,0.394640020025058,0.447435257632274,0.503304991594716,0.562224212849453,0.624147003154224,0.689062874934504,0.756932485343175,0.827688346742261,0.901264267587389,0.977582039401963,1.05655691265818,1.13810274500342,1.22213190356646,1.30854976682307,1.39725971926233,1.48816286485144,1.58115823764495,1.67614025157462,1.77300056900664,1.87162861840719,1.97191222406246,2.07373756982551,2.17698823144508,2.28154560043254,2.3872893786995,2.49409830062076,2.60184962166762,2.71041896447869,2.81968054134339,2.92950733498599,3.0397713960696,3.15034393626617,3.26109552283474,3.37189640331437,3.48261635263521,3.59312463011258,3.70329034952836,3.81298261193332,3.92207069717973
-3.92280720312201,-3.81369891037998,-3.70398623491753,-3.59379988299865,-3.48327077947782,-3.37252985070965,-3.26170776131381,-3.15093482792003,-3.04034109208499,-2.93005603437941,-2.82020845490583,-2.71092629430042,-2.60233647316605,-2.49456454556015,-2.38773509381326,-2.28197108969489,-2.17739389611926,-2.07412384364112,-1.97227913614715,-1.87197609021733,-1.7733294175816,-1.67645128599989,-1.58145218781535,-1.48843936364416,-1.39751806779663,-1.30879097140367,-1.22235749739581,-1.13831360942722,-1.05675143047123,-0.977761108764727,-0.901430133782958,-0.827840967202743,-0.757070171925888,-0.689189192877023,-0.624261591031167,-0.562324993368368,-0.503397928602079,-0.447514259330481,-0.39471140980032,-0.344995701842487,-0.2983713870117,-0.25481508579847,-0.214277968136155,-0.176705619958821,-0.142019891140229,-0.110145452811668,-0.0810173092797228,-0.0545790504293535,-0.0307817374540986,-0.00960822815561094,0.009597746426418,0.0307720074664204,0.0545707584112848,0.0810110235727334,0.110141535744778,0.142017989618791,0.176705558671413,0.214279436470023,0.254816916833111,0.298376307752626,0.344998730747676,0.39471463758934,0.44751985759022,0.503400155264536,0.562330516820704,0.624265015334352,0.689193161247993,0.757075604275659,0.827844844018979,0.901434676418244,0.977766878209394,1.05675668384039,1.13831793467102,1.22236298126068,1.30879718419431,1.39752390969318,1.48844424302546,1.58145719915531,1.67645717205055,1.77333580359314,1.87198250134268,1.97228506837543,2.07412966702439,2.1773998510251,2.2819769894627,2.38774076150316,2.49456987859265,2.60234157299426,2.71093144382962,2.82021367960452,2.93006123902712,3.04034614856817,3.15093959554867,3.26171212275481,3.37253395319238,3.48327483716889,3.59380400927955,3.70399055855858,3.8137035613067,3.92281227265995
-3.92352841386084,-3.81440006148592,-3.7046672152744,-3.59446060552072,-3.48391118114998,-3.37314989258768,-3.26230742847628,-3.1515141294043,-3.04090006083665,-2.93059472714915,-2.8207269521243,-2.71142469992027,-2.60281491447436,-2.49502317292719,-2.38817408051385,-2.28239063161229,-2.17779421144939,-2.07450517270274,-1.97264174099091,-1.87232025427873,-1.77365544538598,-1.67675950269471,-1.58174293886218,-1.48871301422079,-1.39777500243196,-1.30903159350274,-1.22258222864263,-1.1385228891488,-1.05694571493143,-0.977940870801234,-0.901595862318451,-0.827993166320538,-0.757209359785441,-0.68931590077299,-0.624376361943931,-0.562428377196054,-0.503490478649333,-0.447596535127608,-0.394783977758098,-0.345059129533968,-0.298426242791587,-0.254861933723127,-0.214317363284505,-0.176738107405726,-0.142046001592596,-0.110165703127141,-0.0810322043664447,-0.05458908482443,-0.0307873966972024,-0.0096099946348102,0.0095995109785443,0.0307776649206595,0.0545807912818682,0.0810259175038238,0.110161785340095,0.142044099721561,0.17673804610705,0.214318831888327,0.254863765094405,0.298431164437194,0.345062158996024,0.394787206140549,0.447602134416591,0.503492705721163,0.56243390166388,0.624379786876675,0.689319869873548,0.757214793133955,0.827997043849529,0.901600405788904,0.977946641306616,1.05695096926643,1.1385272151878,1.22258771351572,1.30903780743561,1.39778084540254,1.48871789449917,1.58174795112347,1.67676538982753,1.7736618325716,1.87232666658276,1.97264767430983,2.07451099715665,2.17780016745004,2.28239653246478,2.38817974924575,2.49502850694018,2.60282001524018,2.71142985039621,2.82073217778355,2.93059993275373,3.04090511824948,3.15151889790947,3.26231179071913,3.37315399582465,3.48391523958706,3.59446473256024,3.70467153971036,3.81440471326772,3.92353348433082
-3.92422999833078,-3.81508213220466,-3.70532966414959,-3.59510334783647,-3.48453415560601,-3.37375306129955,-3.26289077692863,-3.15207766638855,-3.04144381840185,-2.93111876050162,-2.82123133950597,-2.7119095424549,-2.60328033598517,-2.49546931969246,-2.38860112109306,-2.28279875655815,-2.17818363302005,-2.0748761246772,-1.97299447828863,-1.87265505262211,-1.77397260101333,-1.67705933190527,-1.58202577771647,-1.48897921795906,-1.39802494511893,-1.30926566756562,-1.22280084429017,-1.13872647375262,-1.05713471233911,-0.978115740983146,-0.901757080892255,-0.828141223651958,-0.757344759933288,-0.689439160573825,-0.62448800960204,-0.562528947645219,-0.503580510137147,-0.447676571957909,-0.394854570927959,-0.345120831171105,-0.298479605784098,-0.254907506777739,-0.21435568637481,-0.176769710773491,-0.142071401502631,-0.110185402371872,-0.081046694113976,-0.054598846154055,-0.0307929019356291,-0.00961171304290637,0.00960122751200886,0.0307831684189018,0.0545905511284861,0.0810404061271716,0.110181483884268,0.142069499291514,0.176769649463854,0.214357155241239,0.254909338476493,0.298484528309767,0.345123861174874,0.394857799887692,0.447682172248128,0.50358273760721,0.5625344731009,0.624491435147214,0.689443130384116,0.757350194253363,0.828145101874307,0.901761625175146,0.97812151252038,1.05713996761366,1.13873080056518,1.22280633014404,1.30927188260963,1.39803078913433,1.4889840991101,1.58203079087403,1.67706522009079,1.77397898934106,1.87266146607275,1.97300041266852,2.07488195017261,2.17818959008573,2.28280465846579,2.38860679083861,2.49547465465924,2.60328543766309,2.71191469385182,2.82123656609964,2.93112396703704,3.04144887671901,3.1520824357464,3.26289513995151,3.37375716527025,3.4845382147688,3.59510747561396,3.70533398935882,3.81508678481827,3.92423506970744
-3.92491266101765,-3.8157458074276,-3.70597424673148,-3.59572875534623,-3.48514032839663,-3.37433996250836,-3.26345839243172,-3.15262600474024,-3.04197291078683,-2.93162866063729,-2.82172212352406,-2.71238130875188,-2.60373320504473,-2.49590343384772,-2.38901664435746,-2.28319587434518,-2.17856255186325,-2.07523707205052,-1.97333770223633,-1.87298082143034,-1.77428120293084,-1.67735107470068,-1.58230098838673,-1.48923824216357,-1.39826814683385,-1.30949342863437,-1.22301356385815,-1.13892456766518,-1.05731861247325,-0.978285894903811,-0.901913951389653,-0.828285287866615,-0.757476508329514,-0.689559096049062,-0.624596646114868,-0.562626805702215,-0.503668113469329,-0.447754450189203,-0.394923260195007,-0.3451808687107,-0.298531529572905,-0.254951850723826,-0.214392975888643,-0.17680046179618,-0.142096116375286,-0.110204570326571,-0.0810607930719853,-0.0546083442199256,-0.0307982586973839,-0.00961338510541394,0.00960289775044375,0.0307885234874049,0.0546000477513464,0.0810545039913171,0.110200651157304,0.142094213833258,0.176800400475877,0.214394445010598,0.254953682741224,0.2985364529549,0.345183899241571,0.394926489716453,0.447760051453653,0.503670341326885,0.562632332119109,0.624600072255952,0.689563066549945,0.757481943594949,0.828289166763625,0.901918496463073,0.978291667445067,1.05732386866202,1.13892889523044,1.22301905066633,1.30949964475956,1.39827399186588,1.48924312416374,1.58230600241638,1.67735696391052,1.77428759236989,1.87298723599668,1.97334363764857,2.07524289855934,2.17856850996522,2.28320177727952,2.38902231508933,2.49590876974257,2.60373830761014,2.71238646104494,2.82172735102696,2.93163386807845,3.04197796998394,3.15263077492777,3.2634627562136,3.37434406719299,3.48514438826556,3.5957328838418,3.70597857269313,3.81575046085058,3.92491773327653
-3.92557707513488,-3.81639174164351,-3.70660159868051,-3.59633744480079,-3.48573029730416,-3.37491117499155,-3.26401083474425,-3.15315968520776,-3.04248785976041,-2.93212493039839,-2.82219978816928,-2.71284046404742,-2.60417396825358,-2.49632594349823,-2.38942106007875,-2.28358237659436,-2.17893134165292,-2.07558837077392,-1.97367175130714,-1.87329788196303,-1.77458155546884,-1.67763501878551,-1.58256884227424,-1.48949034227317,-1.3985048474121,-1.30971510131745,-1.2232205971217,-1.13911736623844,-1.0574975966885,-0.978451500361918,-0.90206662850978,-0.828425501034622,-0.757604734898885,-0.689675825474058,-0.624702378615205,-0.562722047870569,-0.503753375036628,-0.447830246621749,-0.394990113297728,-0.345239301359265,-0.298582065363078,-0.254995009291536,-0.214429268599365,-0.176830390799165,-0.142120170583335,-0.110223225893875,-0.0810745151442766,-0.0546175883886376,-0.0308034722650813,-0.0096150124712511,0.00960452334096837,0.0307937354071138,0.0546092905156218,0.0810682249989848,0.110219306061166,0.142118267719243,0.176830329468483,0.214430737970014,0.25499684161906,0.29858698957851,0.345242332403147,0.394993343365871,0.447835848834388,0.503755603271319,0.562727575222984,0.624705805336271,0.689679796647072,0.757610171084409,0.828429380588256,0.902071174352595,0.978457273880358,1.05750285376704,1.13912169453628,1.2232260848587,1.3097213184949,1.39851069343358,1.48949522509977,1.58257385715268,1.67764090899229,1.77458794598951,1.87330429761524,1.97367768772414,2.07559419826905,2.17893730076349,2.28358828052796,2.38942673177057,2.49633128029635,2.60417907168276,2.71284561721267,2.8222050165571,2.93213013872107,3.04249291981394,3.15316445620279,3.26401519926483,3.37491528037103,3.48573435786034,3.59634157399522,3.70660592537445,3.81639639585423,3.9255821482524
-3.92622388427163,-3.81702056054087,-3.70721232768529,-3.59693000581121,-3.48630463380587,-3.37546725205792,-3.26454863899314,-3.15367922474424,-3.04298916413132,-2.93260805049991,-2.82266479613468,-2.71328745310537,-2.60460305255995,-2.49673725791077,-2.38981475999691,-2.28395863769366,-2.17929035961975,-2.07593036113525,-1.97399694907992,-1.87360654134297,-1.77487394956581,-1.6779114392041,-1.58282959883745,-1.48973576248631,-1.39873527613526,-1.30993090033957,-1.223422144625,-1.13930505622802,-1.0576718383591,-0.9786127177723,-0.902215260144342,-0.828561998974397,-0.757729563848922,-0.689789461919547,-0.624805309521542,-0.562814766407245,-0.503836377428227,-0.447904034676265,-0.395055194993824,-0.345296185717974,-0.298631262106449,-0.255037024286702,-0.214464599662152,-0.176859526773376,-0.142143587427048,-0.110241387144622,-0.081087873622826,-0.0546265876146166,-0.0308085476888785,-0.00961659671677664,0.0096061058582218,0.0307988092265892,0.0546182883743775,0.0810815824411202,0.11023746666605,0.142141684249424,0.176859465432588,0.214466069274907,0.255038856916135,0.298636187133234,0.345299217261276,0.395058425594179,0.447909637811969,0.503838606030059,0.56282029467039,0.624808736807221,0.689793433746884,0.757735000930154,0.828565879167257,0.902219806736165,0.978618492242028,1.05767709630383,1.13930938523902,1.2234276332662,1.30993711854142,1.39874112311998,1.48974064611745,1.58283461454217,1.67791733038139,1.77488034113943,1.87361295805227,1.97400288647504,2.07593618959057,2.17929631971218,2.28396454260004,2.38982043262324,2.49674259558823,2.60460815683,2.71329260711969,2.82267002538397,2.93261325968076,3.0429942250186,3.15368399652538,3.26455300423286,3.37547135811383,3.4863086950311,3.59693413568601,3.70721665509214,3.81702521551846,3.92622895822503
-3.92685370394065,-3.81763286251268,-3.70780701492423,-3.59750700226697,-3.48686388444854,-3.37600872287826,-3.26507231696055,-3.15418511775087,-3.04347730094794,-2.93307848068581,-2.82311758992843,-2.71372270128683,-2.60502086628653,-2.49713776849798,-2.39019811876236,-2.2843250156985,-2.17963994741032,-2.07626336857739,-1.97431360501747,-1.8739070932948,-1.77515866346813,-1.67818059900202,-1.583083506216,-1.48997473634835,-1.39895965228258,-1.31014103105814,-1.22361839816349,-1.13948781624237,-1.05784150329589,-0.978769700551727,-0.902359987733312,-0.828694911579318,-0.757851113968624,-0.689900113523583,-0.624905536784389,-0.562905049544516,-0.50391719963038,-0.447975884570512,-0.395118567215962,-0.345351575918792,-0.298679166619335,-0.25507793569139,-0.214499002698545,-0.176887897445019,-0.142166389190224,-0.110259071361318,-0.0811008812197518,-0.0546353504616537,-0.0308134897986206,-0.00961813934958103,0.00960764680814991,0.0308037497741497,0.0546270498901037,0.0810945890288549,0.110255150253848,0.142164485707305,0.176887836094391,0.214500472547045,0.255079768614802,0.298684092436161,0.345354607948394,0.395121798334549,0.447981488605035,0.503919428589711,0.562910578694469,0.624908964619851,0.689904085988055,0.757856551922038,0.828698792394613,0.902364535054471,0.97877547594776,1.05784676208407,1.1394921459478,1.22362388768515,1.31014725025748,1.39896550020523,1.48997962076289,1.58308852272531,1.67818649112433,1.77516505606705,1.87391351103342,1.97431954336503,2.07626919796767,2.17964590845883,2.2843309215521,2.39020379229866,2.49714310703168,2.60502597137538,2.71372785612793,2.82312282001656,2.93308369070227,3.04348236264705,3.15418989029747,3.26507668290051,3.37601282959284,3.48686794632525,3.59751113280426,3.70781134302526,3.81763751823699,3.92685877870798
-3.92746712303281,-3.81822922007048,-3.70838621643885,-3.59806897366844,-3.48740857213995,-3.37653609373596,-3.26558235829326,-3.15467783724523,-3.04395272662552,-2.93353666081537,-2.82355859291954,-2.71414661555543,-2.60542780009546,-2.49752784974329,-2.39057149482132,-2.28468185317781,-2.17998043189449,-2.0765877044673,-1.97462201519787,-1.87419981883913,-1.77543596338758,-1.67844274984774,-1.58333080181711,-1.49020748730344,-1.39917818564913,-1.31034568994856,-1.22380954123719,-1.13966581716485,-1.05800675013815,-0.978922595481463,-0.902500946599166,-0.828824363124668,-0.757969498909183,-0.690007883747081,-0.625003154117745,-0.562992981698473,-0.503995917213062,-0.448045863485221,-0.395180289218122,-0.345405523752388,-0.298725823693178,-0.255117781758378,-0.214532509875899,-0.176915529341098,-0.142188597192856,-0.110276295078969,-0.0811135500973525,-0.0546438851231427,-0.0308183032152548,-0.00961964181204918,0.00960914763156407,0.0308085616692816,0.0546355832549493,0.081107256923544,0.110272373358978,0.142186693412592,0.176915467980886,0.214533979954007,0.255119614968113,0.298730750279472,0.345408556255627,0.395183520841447,0.448051468395157,0.503998146520581,0.562998511712142,0.625006582488674,0.690011856832097,0.757974937712067,0.82882824454619,0.902505494630667,0.978928371779678,1.05801200974782,1.13967014754663,1.22381503161637,1.3103519101194,1.39918403448529,1.49021237248098,1.58333581911006,1.67844864289047,1.77544235698509,1.87420623758027,1.97462795447307,2.0765935347682,2.17998639387418,2.28468775995397,2.39057716924389,2.49753318911092,2.60543290598179,2.71415177120177,2.82356382382466,2.9335418716457,3.04395778911532,3.15468261053736,3.26558672491523,3.37654020109206,3.48741263465117,3.59807310485096,3.70839054521598,3.81823387652206,3.92747219859288
-3.92806470518461,-3.81881018117389,-3.70895046442502,-3.59861643637971,-3.48793919736314,-3.37704984920261,-3.26607923163972,-3.15515783595971,-3.04441587800614,-2.93398301188471,-2.82398821032099,-2.71455958542227,-2.60582422789545,-2.49790786007052,-2.39093523124817,-2.28502947800959,-2.18031212592439,-2.07690366681911,-1.97492246300198,-1.87448498694507,-1.77570610411954,-1.67869813261702,-1.58357171286688,-1.49043422921343,-1.399391077033,-1.31054506506042,-1.22399574947679,-1.13983922255057,-1.05816773072196,-0.979071543048107,-0.902638266261119,-0.828950472556233,-0.758084827447899,-0.690112871614073,-0.62509825121672,-0.563078643665057,-0.504072602505458,-0.448114035720103,-0.395240417713201,-0.34545807878841,-0.298771276198553,-0.255156599099991,-0.214565151982088,-0.176942447851017,-0.142210231840635,-0.110293074123489,-0.0811258918963514,-0.0546521994411068,-0.0308229923615603,-0.00962110548470982,0.00961060970748698,0.0308132493333662,0.054643896309746,0.0811195977650076,0.11028915180679,0.142208327770702,0.17694238648147,0.214566622283875,0.255158432588657,0.29877620353445,0.345461111753059,0.395243649828231,0.448119641482853,0.504074832152177,0.563084174520142,0.625101680109292,0.690116845303612,0.758090267078322,0.828954354568332,0.902642814984625,0.979077320225212,1.0581729911319,1.13984355359124,1.22400124069135,1.31055128617769,1.39939692675909,1.49043911513427,1.58357673092324,1.6787040265564,1.77571249868987,1.87449140666286,1.97492840318087,2.07690949800711,2.18031808881123,2.28503538568451,2.39094090653413,2.49791320025056,2.60582933455866,2.71456474185307,2.82399344202202,2.93398822350789,3.04442094126622,3.15516260997811,3.26608359892609,3.37705395718365,3.48794326049249,3.59862056819082,3.70895479386079,3.81881483833397,3.92806978151694
-3.92864699006454,-3.81937627048115,-3.70950026844759,-3.59914988480707,-3.4884562393187,-3.37755045324392,-3.26656338571965,-3.15562554737476,-3.04486717335564,-2.93441793698753,-2.82440683011455,-2.71496198383495,-2.60621050769519,-2.49827814266196,-2.39128965652844,-2.28536820412923,-2.18063532904851,-2.0772115409742,-1.97521521976022,-1.87476285514417,-1.77596932962453,-1.67894697794263,-1.58380645692888,-1.49065516684591,-1.39959851869357,-1.31073933644675,-1.22417719104446,-1.14000818899961,-1.05832459042675,-0.979216677764227,-0.902772070730734,-0.829073353761766,-0.758197203736443,-0.690215171937705,-0.625190913962238,-0.563162112804449,-0.504147324761036,-0.448180462840599,-0.395299007002442,-0.345509288488613,-0.298815565183014,-0.255194422771651,-0.214596958495762,-0.176968677284526,-0.142231312671525,-0.110309423647808,-0.0811379177624629,-0.054660300924096,-0.030827561472243,-0.00962253168938628,0.00961203435629998,0.0308178169997706,0.0546519965619032,0.0811316226980955,0.110305500749676,0.142229408319337,0.176968615905881,0.214598429015502,0.255196256532109,0.298820493249325,0.345512321902859,0.395302239596592,0.44818606943433,0.504149554738271,0.563167644479413,0.625194343363098,0.690219146216292,0.758202644173221,0.829077236349323,0.902776620128529,0.979222455797725,1.05832985161647,1.1400125206823,1.22418268307303,1.31074555848622,1.39960436928681,1.49066005349103,1.5838114757291,1.67895287275572,1.77597572514277,1.87476927581359,1.97522116081966,2.07721737302661,2.18064129281927,2.28537411267987,2.39129533265569,2.49828348363361,2.60621561511539,2.71496714103012,2.82441206259112,2.93442314938327,3.04487223736628,3.15563032210085,3.26656775365342,3.37755456183392,3.48846030305036,3.59915401723067,3.70950459852514,3.8193809283316,3.92865206714938
-3.92921449458387,-3.81992799052625,-3.71003611658364,-3.59966979250827,-3.48896015699986,-3.37803835026072,-3.26703525033074,-3.15608138669145,-3.04530701330207,-2.93484182221954,-2.82481482392122,-2.71535416801427,-2.60658698240651,-2.49863902622826,-2.39163508529579,-2.28569833223375,-2.18095032818368,-2.07751160024145,-1.9755005453613,-1.87503367010811,-1.77622587357549,-1.67918950673183,-1.58403524239225,-1.49087049633367,-1.39980069478285,-1.31092867656791,-1.22435402701118,-1.14017286650843,-1.05847746850144,-0.979358128470143,-0.902902478790141,-0.829193115826494,-0.758306727534523,-0.690314875532958,-0.625281224613721,-0.563243463214639,-0.504220150312921,-0.448245203815998,-0.395356109097268,-0.34555919831334,-0.298858729963183,-0.255231286350537,-0.214627957652492,-0.176994240926256,-0.142251858399592,-0.110325358165876,-0.0811496383713994,-0.054668196764033,-0.0308320146034354,-0.00962392169216205,0.00961342284270534,0.0308222687233456,0.0546598912022509,0.0811433423976914,0.110321434701069,0.142249953772316,0.176994179538745,0.214629428384653,0.255233120375886,0.298863658741368,0.345562232165772,0.395359342158375,0.448250811219619,0.504222380612283,0.563248995688669,0.625284654509969,0.69031885038564,0.758312168757188,0.829196998974902,0.90290702884511,0.979363907338294,1.05848273045116,1.14017719881684,1.22435951983309,1.31093489950617,1.39980654622122,1.49087538368468,1.58404026191745,1.67919540239644,1.77623227001758,1.87504009170503,1.97550648727894,2.07751743313631,2.18095629281593,2.28570424163791,2.39164076224297,2.49864436797144,2.60659209056449,2.71535932595442,2.82482005715363,2.93484703536822,3.04531207804423,3.15608616210727,3.26703961889547,3.37804245944421,3.48896422131853,3.5996739255288,3.71004044728669,3.81993264904953,3.92921957240211
-3.92976771403669,-3.82046582282724,-3.71055847649889,-3.60017661323686,-3.48945139020477,-3.37851396606899,-3.26749523729659,-3.15652575174717,-3.04573578171924,-2.93525503752994,-2.82521254782083,-2.7157364802421,-2.60695398060071,-2.49899082573343,-2.39197181902591,-2.2860201504451,-2.1812573982479,-2.07780410649997,-1.97577868882541,-1.87529766819283,-1.7764759598732,-1.67942593065356,-1.58425826893134,-1.49108040560723,-1.39999778175163,-1.31111325067201,-1.22452641171194,-1.14033339880062,-1.0586264983716,-0.979496018618083,-0.90302960425401,-0.829309863273713,-0.758413494429905,-0.690412069416937,-0.625369261990509,-0.563322765894845,-0.504291142720192,-0.448308315149505,-0.395411773833984,-0.345607851821788,-0.298900808211466,-0.255267222009629,-0.214658176507038,-0.17701916108708,-0.142271886956286,-0.11034089158467,-0.0811610639524152,-0.0546758938520749,-0.0308363556416433,-0.00962527670617308,0.00961477637851564,0.0308266083893683,0.0546675871208992,0.0811547670922565,0.110336967567454,0.142269982060845,0.177019099690926,0.214659647446273,0.255269056293203,0.298905737683605,0.345610886101376,0.395415007350296,0.448313923342627,0.504293373333572,0.563328299147828,0.625372692369674,0.690416044829265,0.758418936418674,0.829313746968855,0.903034154949611,0.979501798299879,1.05863176106218,1.140337731719,1.22453190530722,1.31111947448644,1.40000363401387,1.49108529364636,1.58426328916327,1.67943182714825,1.77648235721589,1.87530409069388,1.97578463157965,2.07780994021608,2.18126336371995,2.28602606068128,2.39197749677239,2.4989961682287,2.60695908947791,2.71574163890847,2.82521778179006,2.93526025141261,3.04574084717449,3.15653052783534,3.2674996064764,3.37851807583105,3.48945545509569,3.60018074683931,3.71056280781168,3.82047048200643,3.92977279256988
-3.93030712317404,-3.82099022893054,-3.71106779646193,-3.60067078192635,-3.48993036049034,-3.37897770882342,-3.26794374135981,-3.15695902387842,-3.04615384655924,-2.93565793752376,-2.8256003431243,-2.71610924860366,-2.60731181722112,-2.49933384307787,-2.39230014669039,-2.28633393493494,-2.18155680275655,-2.07808931076704,-1.97604988884426,-1.87555507595102,-1.77671980313183,-1.67965645259745,-1.58447572793868,-1.49128507480242,-1.40018994873215,-1.31129321715323,-1.22469449308047,-1.14048992363865,-1.05877180792876,-0.979630466539917,-0.903153556216385,-0.829423696291463,-0.758517596045713,-0.690506836997588,-0.625455101642794,-0.563400088899489,-0.504360362905726,-0.448369851000766,-0.395466048981866,-0.345655290766473,-0.298941836037751,-0.255302260587489,-0.214687640992026,-0.177043459152494,-0.142291415529321,-0.110356037234356,-0.0811722043104919,-0.0546833987935582,-0.030840588312174,-0.00962659789423879,0.00961609612528175,0.0308308397219682,0.054675090922181,0.0811659065860115,0.11035211267852,0.142289510372409,0.177043397747912,0.214689112133166,0.25530409512284,0.298946766186521,0.345658325462554,0.395469282942018,0.448375459963682,0.504362593825284,0.563405622911978,0.625458532492821,0.69051081295559,0.758523038781463,0.829427580519689,0.903158107536625,0.979636247015043,1.05877707134171,1.14049425715178,1.22469998742982,1.31129944182195,1.40019580179768,1.49128996351249,1.5844807488597,1.67966234990151,1.77672620135263,1.87556149933363,1.97605583241422,2.0780951452839,2.18156276904743,2.28633984598237,2.3923058252162,2.49933918630647,2.60731692679957,2.71611440797812,2.82560557781197,2.9356631521221,3.04615891270979,3.15696380062216,3.26794811113934,3.37898181914959,3.48993442593921,3.60067491609619,3.71107212836925,3.82099488874926,3.93031220240431
-3.93083317721639,-3.82150165139517,-3.71156450630027,-3.60115271561769,-3.49039747207122,-3.37942996988777,-3.26838114102386,-3.15738156873407,-3.04656156063714,-2.93605086221808,-2.82597853710151,-2.71647278768723,-2.60766079425475,-2.49966836774226,-2.39262034537289,-2.2866399505136,-2.18184879438436,-2.07836745373349,-1.97631437429014,-1.87580611061534,-1.77695760913662,-1.67988126710659,-1.58468780293322,-1.49148467664454,-1.40037735789879,-1.31146872788966,-1.22485841296473,-1.14064257311763,-1.05891351980318,-0.979761585699509,-0.903274439283335,-0.829534710946192,-0.758619120235831,-0.690599258251573,-0.625538816012745,-0.563475497483331,-0.504427869286116,-0.448429863301381,-0.39551898034503,-0.345701555182273,-0.298981848066416,-0.255336431654022,-0.214716375973249,-0.177067155628225,-0.142310460599333,-0.110370807896715,-0.0811830688472484,-0.0546907179220851,-0.0308447161870809,-0.00962788637134188,0.00961738319677,0.0308349662920699,0.0546824089387365,0.0811767702798457,0.110366882815595,0.142308555187425,0.177067094215424,0.214717847311294,0.255338266434918,0.298986778875064,0.345704590284534,0.395522214738032,0.448435473015033,0.504430100504273,0.563481032236524,0.625542247321975,0.69060323474174,0.758624563700067,0.829538595694304,0.90327899121275,0.979767366948328,1.05891878392062,1.14064690721078,1.22486390804947,1.31147495339153,1.40038321174772,1.49148956600894,1.58469282452627,1.67988716519998,1.77696400821379,1.8758125348577,1.97632031865562,2.07837328903128,2.1818547614738,2.2866458623522,2.39262602465875,2.49967371168602,2.6076659045171,2.71647794775224,2.82598377248981,2.93605607751438,3.04656662746578,3.15738634611717,3.26838551138827,3.37943408076409,3.49040153806424,3.60115685034087,3.71156883878739,3.82150631183759,3.93083825712649
-3.93134631280843,-3.82200051472108,-3.71204901830178,-3.60162281433404,-3.49085311266764,-3.37987112465577,-3.26880779934697,-3.1577937370423,-3.046959262371,-2.93643413775523,-2.82634744366771,-2.71682739924395,-2.6080012013657,-2.49999467739469,-2.39293268085041,-2.28693845118557,-2.1821336154954,-2.07863876626846,-1.97657236469594,-1.87605098055403,-1.77718957527552,-1.68010056078548,-1.5848946699452,-1.49167937681065,-1.40056016480822,-1.31163992856183,-1.2250183074244,-1.14079147394238,-1.05905175162107,-0.979889484930708,-0.903392353792366,-0.829642999384247,-0.758718151269163,-0.690689409892019,-0.625620474586443,-0.563549054238341,-0.504493717894204,-0.448488401863823,-0.395570611858501,-0.345746683470397,-0.299020877508954,-0.255369763572503,-0.214744405301826,-0.177090270183241,-0.142329037974449,-0.110385215831954,-0.0811936665806597,-0.0546978573128083,-0.0308487426926558,-0.00962914320696694,0.00961863866129826,0.030838991524882,0.0546895472447952,0.0811873671910346,0.11038129023845,0.142327132313806,0.177090208762424,0.214745876831942,0.255371598592914,0.299025808961276,0.345749718968863,0.395573846673724,0.448494012309773,0.504495949403627,0.563554589714047,0.625623906343601,0.690693386901281,0.758723595443994,0.82964688463948,0.903396906315995,0.979895266934218,1.05905701642569,1.14079580860132,1.22502380322647,1.31164615487638,1.40056601942132,1.49168426681332,1.58489969219377,1.68010645964881,1.77719597518804,1.87605740563502,1.9765783098374,2.07864460232799,2.1821395833638,2.28694436379591,2.39293836087765,2.50000002203605,2.60800631229515,2.71683255998256,2.82635267973945,2.93643935373234,3.04696432986107,3.15779851504904,3.26881217028189,3.37987523606873,3.49085717919143,3.60162694959696,3.71205335135448,3.82200517577187,3.93135139338167
-3.93184694891999,-3.82248722622493,-3.71252172806546,-3.60208146190604,-3.49129765430536,-3.38030153332567,-3.26922406469118,-3.15819586533419,-3.04734727648012,-2.93680807707566,-2.82670736403126,-2.71717337281043,-2.60833331649281,-2.50031303846355,-2.39323740814158,-2.28722968067351,-2.18241149864312,-2.07890346989579,-1.97682407070811,-1.87628988570084,-1.77741589094646,-1.68031451268513,-1.58509649787936,-1.4918693342714,-1.40073851872037,-1.31180695895329,-1.22517430701162,-1.14093674768888,-1.05918661624725,-0.980014268661893,-0.903507396019439,-0.829748650022005,-0.758814770003509,-0.690777365526795,-0.625700144037259,-0.563620819222837,-0.504557962494689,-0.448545514484214,-0.395620985678869,-0.345790712477619,-0.299058956232495,-0.255402283558094,-0.21477175186341,-0.177112821690334,-0.142347162822902,-0.110399272804002,-0.0812040061636642,-0.0547048227949656,-0.0308526711164983,-0.00963036942730705,0.00961986354394018,0.0308429187069649,0.0546965116687094,0.0811977059718451,0.110395346710593,0.142345256919583,0.177112760261695,0.214773223580917,0.255404118812185,0.299063888312812,0.34579374836264,0.39562422090603,0.448551125644625,0.504560194288283,0.563626355403457,0.625703576231433,0.690781343042508,0.758820214871629,0.829752535772004,0.903511949122807,0.980020051401711,1.05919188172232,1.1409410828998,1.22517980351355,1.31181318606073,1.40074437407903,1.49187422489679,1.58510152076749,1.68032041229965,1.77742229167397,1.87629631160002,1.97683001660666,2.07890930669851,2.18241746727149,2.28723559403678,2.39324308889215,2.50031838378553,2.60833842807311,2.71717853420624,2.82671260076978,2.93681329371699,3.0473523446155,3.15820064394939,3.26922843618271,3.3803056452622,3.49130172134701,3.60208559769557,3.71252606166994,3.82249188786929,3.93185203014022
-3.9323354876964,-3.82296217686685,-3.71298301530425,-3.60252902675095,-3.49173145407078,-3.38072154163129,-3.26963027142942,-3.15858827662684,-3.04772591464409,-2.93717298055312,-2.82705858730491,-2.71751098629643,-2.60865740641377,-2.50062370667834,-2.39353477202431,-2.28751387291295,-2.18268266704235,-2.07916177724362,-1.97706969451423,-1.87652301796078,-1.77763673794173,-1.68052329466638,-1.58529344885778,-1.49205470161367,-1.40091256290136,-1.31196995323434,-1.22532653703598,-1.14107851105096,-1.05931822201427,-0.980136037127934,-0.903619658374373,-0.829851747725316,-0.758909054049677,-0.690863195807909,-0.62577788836117,-0.563690850083387,-0.504620654693247,-0.448601247039335,-0.395670142269849,-0.345833677571062,-0.299096114824488,-0.255434017733082,-0.214798437624637,-0.177134828264425,-0.142364849703814,-0.110412990104383,-0.0812140959017251,-0.0547116199637107,-0.0308565046141883,-0.00963156601734667,0.00962105882860564,0.0308467509929012,0.0547033078047827,0.0812077949270964,0.110409063523151,0.142362943563683,0.177134766828153,0.214799909525008,0.255435853215206,0.299101047517624,0.345836713833298,0.395673377898992,0.448606858896942,0.504622886764146,0.563696386951886,0.625781320981801,0.690867173817836,0.75891449959433,0.829855633958127,0.903624212043472,0.980141820586265,1.05932348814357,1.14108284680054,1.22533203422086,1.3119761811155,1.40091841898756,1.49205959284672,1.58529847237001,1.68052919501395,1.77764313946454,1.87652944465839,1.97707564115157,2.07916761477158,2.18268863641233,2.28751978701097,2.39354045348072,2.50062905266448,2.60866251862919,2.71751614833355,2.8270638246941,2.93717819784264,3.0477309834092,3.15859305583578,3.26963464346412,3.38072565407874,3.49173552161776,3.60253316305436,3.71298734944719,3.82296683909042,3.93234056954798
-3.93281231526163,-3.82342574203124,-3.71343324460347,-3.60296586260839,-3.49215485482407,-3.38113148153252,-3.27002674061329,-3.1589712810684,-3.04809547612528,-2.93752913659458,-2.82740139108326,-2.71784050653984,-2.60897372727793,-2.50092692758035,-2.39382500752462,-2.28779125251952,-2.18294733501513,-2.07941389246905,-1.97730943024677,-1.87675056159345,-1.77785229081108,-1.68072707174324,-1.58548567854361,-1.49223562534533,-1.40108243490963,-1.31212904022994,-1.22547511781478,-1.14121687607344,-1.05944667293871,-0.980254886570368,-0.903729229585412,-0.829952373979004,-0.759001077926482,-0.690946968572618,-0.625853769004573,-0.563759202169934,-0.504681844039603,-0.448655643578251,-0.395718120483093,-0.345875612708836,-0.299132382653783,-0.255464991179049,-0.214824483677002,-0.17715630729874,-0.142382112596279,-0.110426378574773,-0.0812239437694192,-0.0547182541912884,-0.0308602462155884,-0.00963273392282873,0.00962222546000587,0.0308504914115957,0.0547099410244438,0.0812176420307461,0.110422451517411,0.142380206225013,0.177156245855019,0.214825955755852,0.25546682688374,0.299137315945048,0.345878649339243,0.395721356504582,0.448661256116341,0.504684076381158,0.563764739709824,0.625857202041436,0.69095094706491,0.759006524131451,0.829956260683052,0.903733783806681,0.980260670729991,1.05945193970658,1.14122121234877,1.22548061566624,1.31213526886629,1.40108829170592,1.49224051717148,1.58549070266498,1.68073297280627,1.77785869311013,1.87675698907035,1.97731537760519,2.07941973070486,2.18295330510894,2.28779716733467,2.39383068966995,2.50093227421474,2.60897884011325,2.7178456692029,2.82740662910754,2.93753435451673,3.04810054550502,3.15897606085686,3.27003111317814,3.38113559447863,3.49215892286427,3.60296999941336,3.71343757927196,3.82343040482014,3.93281739772942
-3.93327780247708,-3.8238782822644,-3.71387276613724,-3.60339230923546,-3.49256818587295,-3.38153167186764,-3.270413780604,-3.15934517654763,-3.04845624835693,-2.93787682220694,-2.82773604198827,-2.71816218983109,-2.60928252510965,-2.50122293700523,-2.39410834037849,-2.28806203523028,-2.18320570841182,-2.07966001165934,-1.97754346436459,-1.87697269357509,-1.77806271720471,-1.68092600240706,-1.58567333644704,-1.49241224618313,-1.40124826686624,-1.31228434367295,-1.22562016490945,-1.14135195037226,-1.05957206892564,-0.980370909426534,-0.903836194873578,-0.830050607046986,-0.759090913207184,-0.691028748976726,-0.625927844985033,-0.56382592864457,-0.504741578124894,-0.448708746408868,-0.395764957634536,-0.345916550506765,-0.299167787928353,-0.255495227986162,-0.2148499102783,-0.177177275498993,-0.142398964926827,-0.110439448628301,-0.0812335574261062,-0.0547247306375909,-0.030863898830798,-0.0096338740521132,0.00962336434550987,0.0308541428722278,0.0547164164868008,0.0812272549415601,0.110435521106133,0.142397058329924,0.177177214048,0.214851382531385,0.255497063908127,0.299172721803522,0.345919587496587,0.39576819403904,0.448714359611258,0.504743810730668,0.563831466839883,0.625931278428229,0.691032727939913,0.759096360056766,0.830054494211063,0.903840749633883,0.980376694270771,1.05957733631689,1.14135628716083,1.22562566341164,1.31229057304652,1.40125412435575,1.49241713858828,1.58567836116306,1.68093190416854,1.77806912026154,1.87697912181275,1.97754941242694,2.07966585058616,2.18321167921226,2.28806795074551,2.39411402319636,2.50122828427244,2.60928763855012,2.7181673531052,2.82774128063251,2.93788204074668,3.04846131833667,3.15934995690183,3.27041815368638,3.38153578530056,3.49257225439465,3.60339644653007,3.71387710131877,3.8238829456052,3.93328288554643
-3.93373230565888,-3.82432014397195,-3.71430191634573,-3.60380869306393,-3.4929717636096,-3.38192241897003,-3.27079168766872,-3.15971024926998,-3.04880850749905,-2.93821630353281,-2.82806279618487,-2.71847628240882,-2.60958403628415,-2.50151196153905,-2.3943849874685,-2.28832642832108,-2.18345798500931,-2.07990032321114,-1.97777197601361,-1.87718958394089,-1.77826817819755,-1.68112023893314,-1.58585656621439,-1.49258469932488,-1.40141018571046,-1.31243598244335,-1.22576178934906,-1.14148383734263,-1.05969450596184,-0.980484194508354,-0.903940636117502,-0.830146522123647,-0.759178628657922,-0.691108599620615,-0.626000173005428,-0.563891080584356,-0.504799902673721,-0.448760596179768,-0.395810689576576,-0.345956522301471,-0.299202357749844,-0.255524751299766,-0.21487473689181,-0.177197748915695,-0.1424154195954,-0.11045221026969,-0.0812429442307441,-0.0547310542601385,-0.0308674652557813,-0.0096349872779339,0.00962447635689942,0.030857708169878,0.054722739148621,0.0812366410179252,0.110448282293684,0.142413512778183,0.177197687457601,0.214876209315019,0.255526587433877,0.299207292195138,0.345959559642227,0.395813926355057,0.448766210030781,0.504802135537481,0.563896619419625,0.62600360684537,0.691112579043584,0.759184076136906,0.830150409736899,0.903945191404125,0.980489980021048,1.05969977396175,1.14148817463233,1.22576728848662,1.31244221253675,1.40141604387682,1.49258959229537,1.58586159151104,1.68112614137659,1.77827458199427,1.87719601292135,1.97777792476328,2.07990616281266,2.18346395649969,2.28833234451987,2.39439067094304,2.50151730942415,2.6095891503155,2.71848144627957,2.82806803543445,2.93822152267557,3.04881357806465,3.15971503017657,3.27079606125643,3.38192653287827,3.49297583260142,3.60381283083661,3.71430625202821,3.82432480785161,3.93373738931559
-3.93417616725614,-3.8247516600782,-3.71472101857567,-3.60421532782157,-3.49336589211294,-3.38230401725127,-3.27116074654462,-3.16006677430248,-3.04915251896418,-2.93854783635717,-2.82838189986868,-2.71878302092865,-2.60987848797748,-2.5017942189497,-2.39465515723665,-2.28858463100103,-2.18370435488745,-2.08013500818913,-1.97799513736779,-1.87740139610866,-1.77846882859585,-1.68130992767057,-1.58603550590165,-1.49275311470682,-1.40156831344136,-1.31258407079462,-1.22590009784171,-1.14161263635586,-1.05981407629847,-0.980594827171394,-0.904042632009291,-0.830240191476983,-0.759264290368618,-0.691186580668401,-0.626070807561896,-0.56395470707855,-0.504856861631191,-0.448811231957581,-0.395855350766315,-0.345995558210028,-0.299236118165169,-0.255553583364441,-0.214898982223346,-0.17721774297471,-0.1424314889999,-0.110464673114302,-0.0812521112558974,-0.054737229823516,-0.0308709481776904,-0.00963607443905988,0.00962556233202855,0.030861189990849,0.0547289137737652,0.0812458073318572,0.110460744695084,0.142429581967528,0.17721768150968,0.214900454812696,0.255555419705733,0.29924105316724,0.345998595893501,0.395858587910018,0.448816846442032,0.504859094746896,0.563960246538793,0.626074241789296,0.691190560540388,0.759269738462266,0.830244079528893,0.904047187809909,0.980600613336896,1.0598193448928,1.14161697413496,1.22590559759976,1.31259030159098,1.40157417226872,1.4927580082294,1.58604053176532,1.68131583078001,1.77847523311514,1.87740782581454,1.97800108678868,2.08014084844957,2.18371032705162,2.28859054786737,2.39466084135249,2.50179956743824,2.60988360258587,2.71878818538206,2.82838713970944,2.93855305608884,3.04915759010191,3.16007155574852,3.27116512062581,3.3823081316237,3.49336996156389,3.60421946606113,3.71472535474737,3.8247563244841,3.93418125148646
-3.93460971649273,-3.82517315065002,-3.71513038368625,-3.60461251512012,-3.4937508637185,-3.38267674975288,-3.27152123097239,-3.16041501608915,-3.04948853791468,-2.93887166658667,-2.82869358972733,-2.71908263290663,-2.61016609859225,-2.50206991859497,-2.394919050075,-2.28883683478588,-2.18394500078528,-2.08036424066538,-1.97821311395178,-1.87760828718508,-1.7786648172273,-1.68149520931649,-1.58621028823308,-1.49291761724707,-1.40172276734644,-1.31272871856779,-1.22603519297446,-1.14173844294559,-1.05993086862403,-0.980702889474822,-0.90414225820199,-0.830331684584027,-0.759347961876823,-0.691262749960688,-0.626139801045953,-0.564016855320604,-0.504912497245267,-0.448860691300203,-0.395898974330138,-0.3460336871864,-0.299269094215319,-0.255581745565691,-0.214922664256313,-0.177237272506157,-0.14244718505943,-0.110476846406158,-0.0812610653009907,-0.0547432619083018,-0.0308743501799003,-0.00963713634186728,0.00962662307639366,0.0308645909176992,0.0547349449421159,0.0812547606822532,0.110472917554025,0.142445277816901,0.177237211034354,0.214924137007942,0.255583582109349,0.299274029761231,0.346036725204629,0.395902211830577,0.448866306403373,0.504914730607062,0.564022395391299,0.626143235651806,0.691266730271259,0.759353410570856,0.830335573064404,0.904146814504661,0.980708676277964,1.05993613779895,1.14174278120271,1.22604069333858,1.31273495005079,1.40172862681946,1.49292251130892,1.58621531465061,1.68150111307646,1.77867122245238,1.87761471759951,1.9782190640283,2.08037008156941,2.18395097360759,2.28884275230426,2.39492473481722,2.50207526767291,2.61017121376427,2.71908779792916,2.82869883014552,2.93887688689355,3.04949360961126,3.16041979806211,3.27152560553562,3.38268086457872,3.4937549336179,3.60461665381572,3.7151347203358,3.82517781556994,3.93461480128334
-3.93503326997468,-3.82558492348742,-3.71553031062267,-3.60500054501174,-3.49412695955773,-3.38304088866854,-3.27187340420138,-3.16075522893895,-3.04981680973362,-2.93918803070334,-2.82899809337716,-2.71937533713903,-2.61044707816054,-2.50233926180878,-2.39517685869536,-2.28908322385134,-2.18418009843819,-2.08058818804043,-1.97842606494638,-1.87781040825555,-1.77885628721565,-1.6816762191757,-1.5863810408462,-1.49307832707616,-1.40187366021807,-1.31287003139413,-1.22616717340261,-1.14186134898401,-1.0600449682279,-0.980808460332806,-0.904239587449168,-0.830421068259036,-0.759429704284952,-0.691337163121278,-0.626207203841156,-0.564077570695233,-0.504966850144716,-0.448909010326081,-0.395941592124828,-0.346070937074862,-0.299301309981565,-0.255609258469399,-0.214945800284879,-0.177256351771779,-0.14246251923628,-0.110488739034994,-0.0812698129048537,-0.0547491549195191,-0.0308776737467759,-0.00963817376182702,0.00962765936461977,0.0308679134340082,0.0547408370580271,0.0812635076074357,0.110484809759927,0.14246061178844,0.177256290293359,0.214947273195047,0.255611095210757,0.299306246058779,0.346073975420128,0.395944829973777,0.448914626033708,0.504969083746929,0.564083111362306,0.626210638816738,0.691341143860323,0.759435153565525,0.830424957158,0.904244144242316,0.980814247758885,1.06005023797004,1.14186568770814,1.22617267435884,1.31287626354795,1.40187952032184,1.49308322166484,1.58638606780481,1.6816821235712,1.77886269313024,1.87781683936221,1.97843201566341,2.08059402957323,2.18418607190347,2.28908914200673,2.39518254404953,2.50234461146254,2.6104521938832,2.71938050271757,2.82900333435946,2.93919325157218,3.04982188197615,3.16076001142668,3.27187777923552,3.38304500393733,3.49413102989526,3.60500468415286,3.71553464773905,3.82558958890952,3.93503835531267
-3.93544713226531,-3.82598727468264,-3.71592108695917,-3.60537969651591,-3.49449445006875,-3.38339669583849,-3.27221751946771,-3.16108765748769,-3.05013757047038,-2.93949715619416,-2.82929562977667,-2.71966134409981,-2.61072162872548,-2.50260244226692,-2.39542876847939,-2.28932397536764,-2.18440981689714,-2.08080701134745,-1.97863414347759,-1.87800790465866,-1.77904337624063,-1.68185308740638,-1.58654788652356,-1.4932353597552,-1.40202110055831,-1.31300811088704,-1.22629613402892,-1.1419814428488,-1.06015645715534,-0.980911615657859,-0.904334689737069,-0.830508406774854,-0.759509576371264,-0.691409873658215,-0.626273064414626,-0.564136896860853,-0.505019959412911,-0.448956223779831,-0.39598323479543,-0.346107334660577,-0.299332788629199,-0.255636141859184,-0.214968406945398,-0.177274994490847,-0.142477502556749,-0.110500359552405,-0.0812783603575993,-0.0547549130946373,-0.030880921268184,-0.0096391874449135,0.00962867194186743,0.0308711599288874,0.0547465943583245,0.0812720543970295,0.110496429864081,0.142475594908295,0.177274933005961,0.214969880010478,0.25563797879372,0.29933772522556,0.346110373325398,0.395986472984916,0.448961840078082,0.505022193250039,0.56414243811066,0.626276499751478,0.691413854815929,0.75951502622496,0.830512296082828,0.904339247009471,0.980917403692624,1.06016172745172,1.14198578202925,1.22630163556371,1.31301434369631,1.40202696127841,1.49324025485867,1.58655291401088,1.68185899242287,1.77904978282894,1.8780143364417,1.97864009482048,2.08081285349462,2.18441579099066,2.28932989414547,2.39543445443151,2.50260779248333,2.61072674498618,2.71966651022163,2.82930087131019,2.9395023776121,3.05014264324638,3.1610924404784,3.27222189496198,3.3834008115401,3.49449852083436,3.60538383609236,3.7159254245317,3.82599194059542,3.93545221813814
-3.93585159643005,-3.82638048914986,-3.71630298941349,-3.60575023811856,-3.49485359548004,-3.38374442321802,-3.27255382044734,-3.16141253713569,-3.05045104726306,-2.93979926195803,-2.82958640961826,-2.71994085631709,-2.61098994470266,-2.50285964633357,-2.39567495781023,-2.2895592598165,-2.18463431883107,-2.08102086554026,-1.97883749689062,-1.87820091624616,-1.77922621678429,-1.68202593925304,-1.58671094341244,-1.49338882648268,-1.40216519277308,-1.31314305482378,-1.22642216617341,-1.14209880958119,-1.06026541435424,-0.98101242849665,-0.904427632409817,-0.830593761977901,-0.759587634695032,-0.691480933059509,-0.626337429403759,-0.564194875827695,-0.505071862657751,-0.449002365094389,-0.396023931830082,-0.346142905717517,-0.29936355244898,-0.255662414771797,-0.214990500246169,-0.177293213864698,-0.142492145630872,-0.110511716187147,-0.0812867137118762,-0.0547605405111535,-0.0308840950437697,-0.00964017810893913,0.00962966152516601,0.030874332701255,0.0547522209198854,0.0812804071032135,0.110507786094952,0.142490237786361,0.177293152373493,0.214991973462643,0.255664251895122,0.299368489552697,0.346145944694635,0.396027170352372,0.449007981969854,0.505074096724462,0.564200417647002,0.626340865093675,0.691484914626384,0.759593085108834,0.830597651685598,0.904432190150591,0.981018217126278,1.06027068519227,1.1421031492076,1.22642766827361,1.31314928827363,1.40217105409551,1.49339372208924,1.58671597141646,1.68203184487641,1.77923262403104,1.87820734869022,1.97884344884517,2.08102670828786,2.18464029353858,2.28956517920263,2.39568064434673,2.50286499709985,2.61099506148918,2.71994602296986,2.82959165169048,2.93980448391259,3.05045612056042,3.16141732061798,3.27255819639131,3.38374853934262,3.49485766666403,3.60575437812045,3.71630732743182,3.82638515554218,3.93585668282558
-3.93624694455281,-3.82676484112713,-3.71667628433442,-3.60611242824511,-3.49520464626903,-3.3840843133213,-3.27288254168538,-3.16173009446253,-3.05075745873858,-2.94009455869141,-2.8298706356994,-2.72021406873001,-2.61125221322267,-2.50311105338957,-2.39591559838676,-2.28978924129145,-2.18485376081349,-2.08122989976639,-1.97903626700948,-1.8783895776294,-1.77940493636442,-1.68219489526706,-1.58687032523299,-1.4935388342903,-1.40230603735605,-1.3132749573178,-1.22654535773417,-1.14221353103583,-1.06037191581419,-0.981110969158691,-0.904518480288067,-0.830677193397132,-0.759663933696173,-0.691550390883847,-0.626400343698381,-0.564251548031807,-0.505122596077919,-0.449047466449916,-0.396063711611962,-0.346177675053867,-0.2993936228964,-0.255688095530652,-0.215012095595638,-0.177311022600003,-0.142506458671113,-0.110522816859636,-0.0812948787935322,-0.054766041093775,-0.0308871972870072,-0.00964114644481893,0.00963062880467681,0.0308774339638854,0.0547577206668213,0.0812885715513838,0.110518886372671,0.142504550634963,0.177310961102621,0.215013568960093,0.255689932838513,0.299398560496039,0.346180714336244,0.396066950459554,0.449053083889585,0.505124830369037,0.564257090407778,0.626403779733406,0.691554372850663,0.759669384657457,0.830681083495541,0.904523038486656,0.981116758369775,1.06037718718167,1.14221787109814,1.22655086038705,1.31328119139378,1.40231189926725,1.49354373038862,1.58687535374206,1.68220080148364,1.77941134425476,1.87839601071959,1.97904221956189,2.08123574310088,2.18485973612115,2.28979516127216,2.39592128549446,2.50311640469332,2.61125733052317,2.72021923590176,2.82987587829818,2.94009978117051,3.05076253254554,3.16173487842531,3.2728869180689,3.38408842985935,3.49520871786196,3.60611656866285,3.71668062278849,3.82676950798818,3.93625203145926
