-2.77659854300638,-2.69216529203761,-2.607743593249,-2.52343323357359,-2.43933322413308,-2.35554184801981,-2.27215756211547,-2.18927820062016,-2.10699973376332,-2.02541636924208,-1.94462288170824,-1.86471312279171,-1.78577965555315,-1.70791389230685,-1.63120581725768,-1.55574231812951,-1.48160910741461,-1.40889118745495,-1.33767197581215,-1.26803310101714,-1.20005386785692,-1.13381158770034,-1.06938082851705,-1.00683353509773,-0.946239813506502,-0.887666003702963,-0.831177204983751,-0.776836025414707,-0.724703200393246,-0.674835611949496,-0.627288042439264,-0.582110539750749,-0.539172666845448,-0.498213437269955,-0.459104001030839,-0.421754890461943,-0.386118121936131,-0.352112721555916,-0.319696425431474,-0.288804017335983,-0.259368104097385,-0.23129069803446,-0.2044272268419,-0.178502887165527,-0.152855999958563,-0.127173829851287,-0.101457530618931,-0.0757132446533112,-0.0499525583104048,-0.024184005069711,0.00158715629087052,0.0273611993482506,0.0531266991473041,0.0788718450546515,0.104584524267942,0.130262608157237,0.155911576407357,0.18185442702479,0.208758763113894,0.236897970264473,0.266411900273192,0.297398196858311,0.329930458033332,0.364072012546412,0.399868936745121,0.437403905298255,0.476722921770389,0.517917055026589,0.561110775759079,0.606565601694914,0.654412699587497,0.704601395809921,0.757076681291709,0.811781819970188,0.868656316997483,0.927636551409216,0.988657477611959,1.05165236761956,1.11655064111893,1.18327954991236,1.25176379587766,1.321925723953,1.39368588809348,1.46696268949851,1.54167238882293,1.61772939868515,1.6950469964531,1.77353736969448,1.85311250928593,1.93369198906414,2.01518667807644,2.09750204452198,2.180542522493,2.26421315021941,2.34841718047297,2.43305603586319,2.51803075279541,2.60324141804496,2.6885874538981,2.77396801328624
-2.79323396502495,-2.70829484950985,-2.62336735538745,-2.53855186744375,-2.45394799000535,-2.36965459500762,-2.28577072921651,-2.2023948129857,-2.11962339153063,-2.03755123697458,-1.95627369179228,-1.87588516990645,-1.79647878895042,-1.71814650891664,-1.64097885313194,-1.56506322989019,-1.49048586521255,-1.4173322707151,-1.34568636373873,-1.275630261875,-1.20724374504931,-1.14060458782577,-1.07578780493276,-1.01286577220344,-0.95190901572808,-0.892984272928567,-0.836157033130653,-0.781490279503597,-0.729045111328519,-0.678878751432591,-0.631046310388896,-0.585598135937312,-0.542403009552512,-0.501198381134158,-0.461854628710449,-0.424281748588012,-0.388431469655626,-0.354222332877272,-0.321611821147672,-0.290534327510329,-0.260922055020784,-0.232676428924675,-0.205652010741309,-0.179572350688444,-0.153771805404685,-0.127935765830336,-0.102065392653239,-0.0761668650660909,-0.0502518388421522,-0.0243288985875179,0.00159666541302091,0.0275251283754549,0.0534449968943782,0.0793443895754182,0.105211121044847,0.131043049919476,0.156845688714535,0.182943970612977,0.210009498526552,0.238317295978885,0.268008052660067,0.299179997300711,0.331907168861761,0.366253275512608,0.402264669657832,0.44002452129459,0.4795791096084,0.521020049084797,0.564472556156689,0.610199715381083,0.658333479370142,0.708822870896295,0.761612551313472,0.816645444636496,0.873860693574982,0.933194295992566,0.994580816588457,1.05795312758942,1.12324022581488,1.19036892721118,1.25926348252283,1.32984577143359,1.40203587191384,1.47575169628048,1.55090900348119,1.62742169335509,1.70520252368923,1.78416315594106,1.86421505369858,1.94527730894159,2.02726025670754,2.11006879882763,2.19360679683056,2.27777872000217,2.36248724147304,2.44763319324639,2.53311701880746,2.61883820632191,2.70469557548523,2.79058767502425
-2.80858216954922,-2.72317633232969,-2.63778218035985,-2.55250065001795,-2.46743189293441,-2.38267532432406,-2.29833053519299,-2.21449648669301,-2.13127025453423,-2.04874713159184,-1.96702298422644,-1.88619274514443,-1.80635004363999,-1.72758734500546,-1.64999566997336,-1.57366290712689,-1.49867575628014,-1.42512019891667,-1.35308061348466,-1.28263956879371,-1.21387728314232,-1.14687195844867,-1.08169902163053,-1.0184312462103,-0.957139545803554,-0.897891024539597,-0.840751531593581,-0.785784396213383,-0.733051053407201,-0.682609040429016,-0.634513770672356,-0.588815868526828,-0.545383394450245,-0.503952355687383,-0.464392418022297,-0.426613083211171,-0.390565814903676,-0.356168706464355,-0.323379007165817,-0.29213074955581,-0.262355764160619,-0.23395493457935,-0.206782023178939,-0.180559061146566,-0.15461674755739,-0.128638744644327,-0.102626219472942,-0.0765853851892332,-0.0505279616123633,-0.0244625805189447,0.00160543873728332,0.0276763728845628,0.0537386653637601,0.0797803694948613,0.105789232948198,0.131763102574153,0.157707521178011,0.183949207378894,0.211163454398415,0.239626796953797,0.269480697793946,0.300823925394684,0.333730925544714,0.368265756475764,0.404475025288656,0.442442358981333,0.482214291033231,0.523882939331276,0.567574208345054,0.613552628223183,0.661950876628327,0.712717696224292,0.765797444291356,0.821132731224387,0.878662365335621,0.938321992811065,1.00004581879739,1.06376634666905,1.12941218309865,1.1969097419023,1.26618285759907,1.33715298061881,1.40973974977797,1.48386062633975,1.55943090636581,1.6363640165939,1.71457223543432,1.79396673894375,1.87445850422212,1.9559661786775,2.03839960465816,2.12166316145183,2.2056601823275,2.29029461165084,2.37546858776273,2.46108239776014,2.54703593808719,2.63322814461921,2.71955728108822,2.80592133876868
-2.82276777682942,-2.73693057118515,-2.65110510981051,-2.56539283889396,-2.47989441591248,-2.39470975820801,-2.30993895980162,-2.22568148167881,-2.14203488986041,-2.05909495852754,-1.97695803824333,-1.89571954120099,-1.8154735695982,-1.73631305575168,-1.65832948012214,-1.58161117520106,-1.50624527870659,-1.4323182063982,-1.35991476290334,-1.28911793407076,-1.22000834336613,-1.15266458769043,-1.08716247492828,-1.0235751461671,-0.961973873193483,-0.902426099066749,-0.844998005553544,-0.789753241765577,-0.736753553007431,-0.686056767142668,-0.637718577447186,-0.591789864004629,-0.548138020871609,-0.506497721916372,-0.466737974629966,-0.428767823679384,-0.392538487566545,-0.357967645961365,-0.325012332210764,-0.293606245673602,-0.26368087256529,-0.235136595867096,-0.20782643932785,-0.181471030167832,-0.155397686952211,-0.129288474152806,-0.103144564729805,-0.0769722032106092,-0.0507831686089303,-0.0245861362988199,0.00161354749895189,0.027816160910328,0.054010089006222,0.0801833247662412,0.106323553976561,0.132428612612422,0.158504071474748,0.184878299375444,0.212230000312044,0.240837105725338,0.270841792865311,0.302343329068325,0.335416536134414,0.370125795841089,0.406517950692655,0.444677050070909,0.484649862486921,0.526528971097311,0.570440916290881,0.616651564307045,0.665294262937777,0.716317495955952,0.769665339601196,0.825280114404541,0.883100319610799,0.943061276367268,1.00509685750349,1.06913922548148,1.1351166263799,1.20295510234522,1.27257810319935,1.34390668263339,1.41686007357496,1.49135532039999,1.56730729134687,1.6446289758885,1.72323220937032,1.8030277192164,1.88392603288916,1.96584538690039,2.04869516822945,2.13237927320228,2.21680054684284,2.3018624483583,2.38746662180917,2.47351285066173,2.55990052575637,2.64652807251298,2.7332932408133,2.82009350670539
-2.83590147273653,-2.74966488611388,-2.66344009840428,-2.57732902780219,-2.49143280012095,-2.40585179759512,-2.32068657996047,-2.23603707097184,-2.15200129060254,-2.06867545864914,-1.98615637397202,-1.9045398926956,-1.82392055485367,-1.74439172515587,-1.66604530970065,-1.58897005197048,-1.51325349511548,-1.43898245696796,-1.36624213673202,-1.29511590637067,-1.22568476447219,-1.15802767363108,-1.09222079444877,-1.02833760832151,-0.966449718647301,-0.906624882282665,-0.848929588922942,-0.793427783824668,-0.74018149957927,-0.689248833110201,-0.640685736821492,-0.594543327530231,-0.550688382307767,-0.508854340520247,-0.468909600180394,-0.430762782760745,-0.394364879794009,-0.359633187932345,-0.326524540608619,-0.294972328699899,-0.264907719642553,-0.236230632922535,-0.208793408441637,-0.18231537356219,-0.156120717015772,-0.129890023992561,-0.103624472910262,-0.0773303373506424,-0.0510194511324818,-0.0247005299943728,0.00162105496816592,0.0279455831751342,0.0542613856558246,0.0805563995239116,0.106818253270337,0.133044772801626,0.159241554838373,0.185738496017814,0.213217458192691,0.241957665955516,0.272101958074659,0.303750063754799,0.336977152924773,0.371847906915849,0.408409386179841,0.446746031161185,0.48690482797419,0.528978790543827,0.573095048022522,0.619520703664782,0.668389725699501,0.719650358206275,0.773246417224208,0.829119954914888,0.887209184374117,0.947449125813209,1.00977334438704,1.074113686925,1.14039806565108,1.20855217860271,1.27849911943124,1.35015957450857,1.4234524009715,1.49829425722233,1.57459961540077,1.65228106013951,1.73125001657394,1.81141679676314,1.8926915118742,1.974992017992,2.05822728049414,2.14230074855804,2.22711481516769,2.3125724903479,2.39857496053139,2.48502154289975,2.57181116018181,2.65884176519409,2.74601063207179,2.83321475984237
-2.84808168044281,-2.76147470734974,-2.67487958384609,-2.58839866586538,-2.50213351355668,-2.41618494029664,-2.33065393772549,-2.24564085877097,-2.16124414440254,-2.0775604276812,-1.99468692321878,-1.91271989884212,-1.83175430063485,-1.75188389430835,-1.67320098069815,-1.5957946844403,-1.5197529246831,-1.44516289214178,-1.37211015195133,-1.30067843415767,-1.23094908523834,-1.16300140693248,-1.09691188695159,-1.03275432229481,-0.970600623896996,-0.910518839630636,-0.852575744764566,-0.796835559200444,-0.743360581959917,-0.69220915949294,-0.643437484519343,-0.597096893403137,-0.553053591022677,-0.51103987186517,-0.470923568712296,-0.432612910565466,-0.396058678465837,-0.361177813854366,-0.327926964763353,-0.296239235983424,-0.266045499314824,-0.237245244397314,-0.209690176931999,-0.183098418791153,-0.156791256094363,-0.130447902143975,-0.104069540419001,-0.0776624714462671,-0.0512385798708488,-0.0248066188654705,0.00162801740547391,0.028065609562094,0.0544944385154082,0.0809023895689482,0.107277038077977,0.13361620061128,0.159925497927387,0.186536243570858,0.214133227993707,0.242996875059146,0.2732706370286,0.305054671444064,0.338424471089509,0.373444995102771,0.410163506060481,0.448664807079112,0.488996086078511,0.531250756478816,0.575556493452648,0.622181547464019,0.671260462135879,0.722741259255949,0.776567513553002,0.832681028302441,0.891019751225075,0.951518423443779,1.01411032477551,1.07872700933153,1.14529607971857,1.21374291484682,1.28399027805458,1.35595851506142,1.42956613449522,1.50472943680581,1.58136252679039,1.65937761363233,1.73868574203764,1.81919683885534,1.90082062917964,1.98347461628699,2.06706737456094,2.15150193849275,2.2366802818439,2.3225049980669,2.40887684918981,2.49569471996111,2.58285709898241,2.67026150077713,2.75780475827252,2.84538342810646
-2.85939604020524,-2.77244501010769,-2.68550587667352,-2.59868140245798,-2.5120735510705,-2.42578353638144,-2.33991275123292,-2.25456194721721,-2.1698299563728,-2.08581379564758,-2.00261106585054,-1.92031841724448,-1.83903117309819,-1.75884347161904,-1.67984798031915,-1.60213417789329,-1.52579033275954,-1.45090398200914,-1.37756103069524,-1.30584554149183,-1.23583918403546,-1.16762157510133,-1.10126950625791,-1.03685706767212,-0.974456455954,-0.914135989304676,-0.855962708266081,-0.800001087861439,-0.74631367460303,-0.694959046729369,-0.645993620192865,-0.599468935297646,-0.555250665404253,-0.513070041506348,-0.47279437133485,-0.43433151931943,-0.397632070972789,-0.362612637775401,-0.329229695538461,-0.297416083303036,-0.267102398248971,-0.238187730726084,-0.210523197317878,-0.183825800100601,-0.157414128918284,-0.130966122708099,-0.104482969650578,-0.0779709953021721,-0.051442131521195,-0.0249051662534407,0.00163448490770586,0.0281771036971527,0.0547109244703753,0.0812237844037626,0.107703209494126,0.134147007636298,0.160560821917974,0.187277282068099,0.214983898954182,0.243962210458213,0.274356238723622,0.306266539180733,0.339768904518021,0.374928551931596,0.411792931754574,0.450447183994386,0.490938684030777,0.533361216380349,0.577842963421275,0.624653241275996,0.67392712805879,0.725612439067444,0.779652524874303,0.835988957561024,0.89455943833799,0.955298449079053,1.01813900454692,1.08301238694301,1.14984591126639,1.21856465998566,1.28909108960684,1.36134522941294,1.4352452642972,1.51070716220254,1.58764468669676,1.66596969820325,1.74559288804202,1.82642382523528,1.90837187624887,1.99135421663077,2.07527905756482,2.16004904833473,2.2455657732805,2.33173143889499,2.41844641297103,2.50560917856416,2.59311782100927,2.68086944769348,2.76876048169995,2.85668706872489
-2.86992271115072,-2.78265157678313,-2.69539238287568,-2.60824827029692,-2.52132157802834,-2.43471389255226,-2.34852697998159,-2.2628619628187,-2.17781803694549,-2.09349257647108,-2.00998354151518,-1.92738793815192,-1.84580144057618,-1.7653185335587,-1.68603222576071,-1.60803232528668,-1.53140742550883,-1.4562453857802,-1.38263242740754,-1.31065292253581,-1.24038884146275,-1.17192009406726,-1.10532375462073,-1.04067418604797,-0.978043850745871,-0.917501318424369,-0.859113876430556,-0.802946237148048,-0.749061177349834,-0.6975174909262,-0.648371801521033,-0.601675839180559,-0.557294782750989,-0.514958873771268,-0.474534931474803,-0.435930481100464,-0.399095926244897,-0.363947571399447,-0.330441732143984,-0.298511000271097,-0.268085717458896,-0.239064602565225,-0.211298224069471,-0.184502542210383,-0.15799363826711,-0.131448265531049,-0.104867616556936,-0.0782580401883289,-0.0516315122098593,-0.024996852919543,0.00164050215209833,0.0282808357771606,0.0549123389967036,0.0815228042105132,0.108099711493211,0.134640860669545,0.161151915601851,0.18796673057267,0.215775347473746,0.244860340649525,0.275366262451107,0.307394038496756,0.341019740500543,0.376308825751227,0.41330891926708,0.452105474492643,0.492746041216887,0.535324749217695,0.579970252767896,0.626952859458817,0.676408144685573,0.728283731631543,0.782522762318075,0.83906659372844,0.897852697724293,0.958815314978981,1.02188721365364,1.08699942296983,1.15407899034173,1.2230507224342,1.29383679028217,1.36635692876194,1.44052902157002,1.51626872729107,1.59348949201936,1.67210285169844,1.75201916886455,1.83314767962443,1.91539741678276,1.99868525097495,2.08291905547063,2.16800112116347,2.25383267008297,2.34031554870187,2.42734975802386,2.51483340737677,2.60266420690364,2.69073888519946,2.77895348403607,2.86720376677715
-2.87973151195951,-2.79216210294848,-2.7046046752076,-2.61716272211954,-2.5299389324392,-2.44303523985044,-2.35655375828165,-2.27059595585093,-2.18526136747115,-2.10064770005594,-2.0168532485324,-1.9339753505213,-1.85211000721208,-1.77135202630485,-1.69179473434515,-1.61352824638293,-1.53664145858419,-1.46122253058704,-1.38735797838475,-1.3151324624888,-1.24462823335441,-1.17592547397588,-1.10910152204846,-1.04423099465404,-0.981386601850961,-0.920637147706201,-0.862050149541058,-0.805690540912659,-0.751621313151983,-0.69990146109465,-0.650587801912417,-0.603732242454086,-0.559199500775116,-0.516718896435959,-0.476156793485777,-0.437420401103877,-0.400459953376682,-0.36519146874164,-0.33157111347433,-0.299531248980066,-0.269001978859253,-0.239881675811791,-0.212020397591111,-0.185133133646948,-0.158533627766059,-0.131897528449609,-0.10522603232824,-0.078525509944539,-0.0518079780138878,-0.0250822869802519,0.00164610904833069,0.0283774938104122,0.0551000179864794,0.081801432253271,0.108469173894901,0.135101035216371,0.161702699437928,0.188609161886831,0.216512822874946,0.24569722252724,0.27630740724478,0.308444647588669,0.342185275270325,0.377594971297948,0.41472152346225,0.453650677269927,0.494430145025271,0.537154378222228,0.581952470847261,0.629095654346999,0.678719967485151,0.730772854431992,0.785197262880092,0.841934349383048,0.9009213720943,0.962092346935452,1.02537981228315,1.09071456163114,1.15802339305678,1.22723085622971,1.29825885618159,1.37102685345916,1.44545245110245,1.52145101943462,1.59893570872665,1.6778177525703,1.75800720713952,1.83941299832888,1.92194384803608,2.00551634277757,2.0900380409529,2.17541089950632,2.26153580286466,2.34831426203228,2.43564593623702,2.52342858656553,2.61155957355532,2.69993527284113,2.78845137088713,2.87700327479779
-2.88888491801323,-2.80103716417899,-2.71320142969813,-2.62548153691346,-2.5379805009825,-2.45080057959167,-2.36404421124484,-2.27781318658286,-2.19220735689651,-2.10732473966695,-2.0232639422578,-1.94012261168356,-1.85799705427941,-1.77698237909764,-1.69717220932804,-1.61865694645686,-1.5415257692121,-1.46586711745277,-1.39176778216864,-1.31931269296987,-1.24858436174989,-1.17966322636963,-1.11262687034706,-1.04755014793908,-0.984506000317489,-0.923563450247287,-0.86479022965778,-0.808251478501452,-0.754010388331157,-0.702126141501272,-0.652655735780477,-0.605651243006726,-0.560976951233387,-0.518361319646271,-0.477670287524339,-0.438810769105496,-0.401732840292106,-0.366352252580988,-0.332625032919497,-0.300483327719456,-0.269857018411213,-0.240644154665959,-0.212694317636352,-0.185721590848333,-0.159037536780523,-0.132316772962636,-0.105560499828881,-0.0787751081710098,-0.0519726529002839,-0.0251620125923559,0.00165134130851379,0.0284676934427581,0.0552751568270632,0.0820614432029309,0.108813949923099,0.135530462275275,0.162216681544173,0.189208667860576,0.217201022373885,0.246478186459024,0.277185667556083,0.309425058120953,0.343272932490154,0.378795180443064,0.416039741666863,0.455092634215688,0.496001722050358,0.53886175688478,0.583802243038697,0.631095274084794,0.680877321194466,0.733095661486008,0.787693061307674,0.844610490175503,0.903785006814064,0.965150417410458,1.02863904591036,1.09418146583031,1.16170424257082,1.23113168597793,1.30238545285358,1.37538474774484,1.45004691178787,1.52628704630514,1.60401802551034,1.68315080084568,1.76359514259305,1.84525968716229,1.92805286631797,2.0118910014416,2.09668135710134,2.18232557860545,2.26872423533576,2.35577852524322,2.44338778861627,2.5314494615688,2.61986057839238,2.70851718534528,2.79731463732456,2.88614800897968
-2.89743893197272,-2.80933106015735,-2.72123524328476,-2.63325561111667,-2.54549548383937,-2.45805742192521,-2.37104416719939,-2.28455781170574,-2.19869850239562,-2.1135645469808,-2.02925484480221,-1.945867332008,-1.86349860009728,-1.7822440397411,-1.70219755134832,-1.62344980408482,-1.54609024073762,-1.4702075630369,-1.39588881896135,-1.32321918959846,-1.2522814311601,-1.18315621968444,-1.11592136841492,-1.05065195325256,-0.987421131348639,-0.92629812984516,-0.867350881226279,-0.810644718324462,-0.756243019803312,-0.704205143256682,-0.654588255224155,-0.607444581728861,-0.562638008979884,-0.519896192128268,-0.479084673497986,-0.440110091699172,-0.402922374808493,-0.367437024862199,-0.333609938603046,-0.301373061527778,-0.270656067445033,-0.241356704150173,-0.213324107404308,-0.186271514132154,-0.159508448342704,-0.132708564105281,-0.105873065408588,-0.0790083619675712,-0.0521265443881895,-0.0252365175356376,0.00165623094482878,0.0285519865364655,0.0554388270584952,0.082304427866777,0.109136148997498,0.135931769180583,0.162697006582301,0.189768916410473,0.217844156534688,0.247208010563312,0.278006416785261,0.310341268472594,0.344289366699121,0.379916796344443,0.417271639045583,0.456440167556898,0.497470387564825,0.540457331343938,0.585530886677423,0.632963952809458,0.682893405003786,0.735266364265788,0.790025427474359,0.847111389355753,0.906461122264862,0.968008236388315,1.03168485528239,1.09742134689119,1.16514405917473,1.23477707785981,1.3062418277735,1.37945727422678,1.4543405136022,1.53080639583647,1.60876753716307,1.68813462535062,1.76881716351003,1.85072351752274,1.93376184801894,2.017848228607,2.10288964926466,2.18878746407106,2.27544194799309,2.36275400642794,2.45062268160974,2.53894510595982,2.62761800888737,2.71653712884268,2.80559751086776,2.89469391892716
-2.90544384350679,-2.81709255129987,-2.72875334734057,-2.64053064907553,-2.55252806213935,-2.46484843035374,-2.3775947793943,-2.29086948336011,-2.20477296588389,-2.11940380627749,-2.03486117711641,-1.95124328512227,-1.86864698865279,-1.78716794191995,-1.70690030475641,-1.62793499682463,-1.55036170802006,-1.47426938513399,-1.39974531663725,-1.32687491895173,-1.2557411769244,-1.18642498948147,-1.11900438484525,-1.05355464633302,-0.990149133211285,-0.928857263879623,-0.869747158502948,-0.812884330412277,-0.758332333370886,-0.706150688963068,-0.656396721665498,-0.609122801788975,-0.564192439493636,-0.521332537508653,-0.480408266684494,-0.44132600769672,-0.404035550285584,-0.368452163040233,-0.334531620856962,-0.302205681214655,-0.271403823627968,-0.242023513394557,-0.213913469474726,-0.186786136537304,-0.15994913097585,-0.133075205246102,-0.106165566663088,-0.0792266426502194,-0.0522705572168293,-0.0253062398300652,0.00166080670380236,0.0286308686567491,0.0555919909099432,0.0825318147692813,0.109437665349838,0.136307315244714,0.163146498418066,0.190293201278402,0.218446006389756,0.247890985528975,0.278774480176594,0.311198665110736,0.345240553587699,0.380966413063362,0.418424458012492,0.457701199539858,0.498844775959809,0.541950482097734,0.587148564584834,0.634712676618815,0.68478007161613,0.737297724490494,0.792208073530094,0.84945174989156,0.908965451523621,0.970682605194172,1.03453514693356,1.10045325230964,1.16836306579993,1.23818846339878,1.30985065284934,1.3832683755837,1.45835849894206,1.53503563761245,1.6132121664085,1.69279852635106,1.7737039705304,1.8558366116654,1.93910435665667,2.02342304724458,2.10869941644302,2.19483454579674,2.28172843475684,2.36928171494649,2.45739314967835,2.5459595871759,2.63487747153709,2.72404225316315,2.81334868713136,2.90269124666496
-2.91294489237513,-2.82436550167581,-2.73579823043262,-2.64734776566903,-2.5591179805006,-2.47121198426322,-2.38373306861617,-2.29678387196,-2.21046507719337,-2.12487551813252,-2.04011462338897,-1.95628085322685,-1.87347131606523,-1.79178191306871,-1.71130704716444,-1.63213787274423,-1.55436431125792,-1.47807553913269,-1.40335907019396,-1.3303005413851,-1.25898315179689,-1.1894880092141,-1.12189334330623,-1.05627463175117,-0.992705423208681,-0.931255315297355,-0.871992604049452,-0.81498297193321,-0.760290136790064,-0.707973773872505,-0.658091355653084,-0.610695387648187,-0.565649027639107,-0.522678473293729,-0.481648547371111,-0.442465388847726,-0.405078657834887,-0.369403404168772,-0.33539528856875,-0.302985892330469,-0.272104512904285,-0.242648350871734,-0.214465734627504,-0.187268366452442,-0.160362075197979,-0.133418768457604,-0.106439656663297,-0.0794311838322909,-0.0524055052747428,-0.0253715735112042,0.00166509444533759,0.028704785605933,0.0557355139869544,0.0827448889875835,0.109720202999863,0.136659222866348,0.163567697354699,0.190784485460436,0.219009973293705,0.248530971189213,0.279494198440543,0.312002093612709,0.346131868788844,0.381949962508989,0.41950471372429,0.458882856887156,0.500132654591691,0.54334964768805,0.588664419068053,0.636351328425941,0.686547983528361,0.739201222392983,0.794253334699645,0.851644798331118,0.911312147807819,0.973188638024053,1.0372060292879,1.10329431689994,1.17137945466324,1.24138512204111,1.313232323357,1.38683959025593,1.46212357545268,1.53899867319412,1.61737703206999,1.69716886188475,1.77828318144533,1.8606278662432,1.94411058542016,2.02864696344334,2.11414349253719,2.20050099886645,2.28761922370863,2.37539854214533,2.46373745612421,2.55253254755952,2.64167999319664,2.73107497351878,2.82061197189007,2.91018518909292
-2.91998284748802,-2.83118944045859,-2.74240818216707,-2.65374401257083,-2.5653010557529,-2.47718267017122,-2.38949239704766,-2.30233312276703,-2.21580577348756,-2.13000942181749,-2.04504373659744,-1.96100741598101,-1.87799780301054,-1.79611103055709,-1.71544172963435,-1.63608127487192,-1.5581198049785,-1.48164671184011,-1.406749720724,-1.33351467548061,-1.26202497621774,-1.19236192668438,-1.12460394556043,-1.05882669288512,-0.995103895018824,-0.933505317734703,-0.87409942207479,-0.816952049202488,-0.762127070907666,-0.709684306623968,-0.659681367682967,-0.61217088645943,-0.567015690110682,-0.523941314771831,-0.482812256600715,-0.443534427796548,-0.406057366844622,-0.370295918333353,-0.336205635854138,-0.303717935396454,-0.272761943586495,-0.243234612632512,-0.214983904476001,-0.187720824842783,-0.160749525400009,-0.133741121038348,-0.106696825114299,-0.0796230972144625,-0.052532122017393,-0.0254328736737931,0.00166911747371538,0.0287741391296294,0.0558701763510316,0.0829448086002202,0.109985297566434,0.136989404696706,0.163962892648271,0.191245439132584,0.219539122460018,0.249131445926641,0.280169483313966,0.312755920688436,0.346968156685004,0.382872790365618,0.420518277472978,0.459991562018276,0.501341023202687,0.54466243271225,0.590086688939618,0.637888814458447,0.68820674950899,0.740987203664449,0.796172327170979,0.85370245410019,0.913513965633789,0.975539955403491,1.03971201884372,1.10595998211694,1.17420962012351,1.24438442792898,1.31640521899562,1.3901903281331,1.46565620668112,1.54271704205482,1.62128477058647,1.70126938513879,1.7825796846994,1.86512332217808,1.9488077436364,2.03354836968208,2.1192514666158,2.20581762098877,2.29314633184376,2.38113773355901,2.46969008285311,2.55869971177226,2.64806254621486,2.7376735134101,2.82742684178376,2.91721647649717
-2.92659451303907,-2.83760005266752,-2.74861776854205,-2.65975283823373,-2.57110962159189,-2.48279171110723,-2.39490288244817,-2.30754625496331,-2.22082298333624,-2.13483236450352,-2.0496742929842,-1.96544769041233,-1.8822501202424,-1.80017793301742,-1.71932597402244,-1.63978582478497,-1.56164782811324,-1.48500157830172,-1.40993499925241,-1.33653412919051,-1.26488255706518,-1.19506177072005,-1.12715036639705,-1.06122417545112,-0.997357091179914,-0.935619037325998,-0.876078629946539,-0.818801859287918,-0.763852741763772,-0.711291232255831,-0.661175072543983,-0.613557014177557,-0.56829957371583,-0.525127665830237,-0.483905479859658,-0.444538714961962,-0.406976795363329,-0.371134372836277,-0.336966900332988,-0.304405638549376,-0.273379553634307,-0.243785364466738,-0.215470688731079,-0.18814587778852,-0.161113507709134,-0.134043948694848,-0.106938416849545,-0.0798033863861518,-0.0526510695727749,-0.0254904608801282,0.00167289682690956,0.0288392919042794,0.0559966822038412,0.0831326190642892,0.11023433533173,0.137299587384481,0.16433415092806,0.191678472800161,0.220036221014663,0.24969554985627,0.280803866123055,0.313464088391709,0.347753790549545,0.383739722457589,0.421470449576024,0.461033112781831,0.502476200820352,0.545895702231765,0.591422811799638,0.639333174826379,0.68976504388789,0.742665007892802,0.797975086099094,0.855635477477868,0.91558241915987,0.977748853281901,1.04206622039114,1.10846418775667,1.17686836221227,1.24720206559472,1.31938593206561,1.39333811152156,1.46897486612452,1.54621018898572,1.6249558170364,1.70512153933773,1.78661594837248,1.86934648795055,1.95322039456526,2.03815289731271,2.12405005025401,2.21081221484028,2.29833866255173,2.38652930164264,2.47528215845609,2.56449333030476,2.6540585074339,2.7438723791583,2.83382893440701,2.92382187820327
-2.93281317139291,-2.84362960858781,-2.75445824790183,-2.66540449039564,-2.57657291767057,-2.4880673423388,-2.39999176057946,-2.31244951085729,-2.22554196279725,-2.13936862432989,-2.05402960223798,-1.96962402835207,-1.88624967343712,-1.80400309276938,-1.7229793331686,-1.64327017076197,-1.5649661403252,-1.48815702652977,-1.41293094010531,-1.33937410209782,-1.26757027907282,-1.19760113202574,-1.12954542420599,-1.06347914810092,-0.999476354022511,-0.937607114292782,-0.877940190769697,-0.820541713920913,-0.765475836187178,-0.712802639847069,-0.662579989374762,-0.614860748410221,-0.569507141377094,-0.526243498423855,-0.484933720308206,-0.445483305810161,-0.407841571688519,-0.371922988361166,-0.337682914123211,-0.305052463607883,-0.273960452025732,-0.244303378795861,-0.215928537808741,-0.18854566495734,-0.161455854370473,-0.134328775826732,-0.10716564801407,-0.0799729589023321,-0.0527629467092142,-0.0255446250175887,0.00167645152974982,0.0289005719014641,0.0561156683613097,0.0833092657960854,0.110468569923245,0.137591332353682,0.164683341065586,0.192085766304888,0.220503771294644,0.250226122612459,0.281400540277974,0.314130161557371,0.348492725173064,0.384555122821436,0.422366023158384,0.462012752224681,0.503543901798372,0.547055664383641,0.592679513537056,0.640691680273858,0.691230710939903,0.744243080951733,0.799670686365282,0.857453599081718,0.917527920743426,0.979826450997381,1.04428048471024,1.11081953970257,1.17936906473168,1.24985221870257,1.32218946713405,1.39629878600118,1.47209625953318,1.54949569808706,1.62840865104577,1.70874471578315,1.79041229055208,1.87331862249182,1.95737075098445,2.04248372499821,2.12856339897047,2.21550992263251,2.30322235342868,2.39160038693042,2.48054183279916,2.56994256756699,2.65969805983357,2.74970277514125,2.83985047715842,2.93003464504441
-2.93866897113477,-2.84930734001999,-2.75995793538767,-2.67072636874747,-2.58171743051351,-2.49303514057536,-2.40478370275605,-2.31706666185102,-2.22998558988484,-2.1436401934705,-2.05813077926892,-1.97355667704217,-1.89001585276914,-1.80760505451313,-1.72641951886908,-1.6465512052089,-1.56809082907453,-1.49112835440595,-1.41575206785905,-1.342048362633,-1.27010117254581,-1.19999232164128,-1.13180073043142,-1.06560254313395,-1.00147195791333,-0.939479187001467,-0.879693129549644,-0.822180048064877,-0.767004223077846,-0.714225856830382,-0.663902929331724,-0.616088409771993,-0.570644247485315,-0.527294222204108,-0.485901962943603,-0.446372779798007,-0.408655888329452,-0.372665588183235,-0.338357148520628,-0.305661546434936,-0.274507455005635,-0.244791166997456,-0.216359671400302,-0.188922124551478,-0.161778225109792,-0.134596983300185,-0.107379620243906,-0.0801326368650006,-0.0528682958165945,-0.0255956286785252,0.0016797988157382,0.0289582762118276,0.0562277116784597,0.083475605194006,0.110689136930223,0.137866054008759,0.165012155964368,0.192469294240357,0.220944040023529,0.250725736457109,0.281962398505833,0.314757369364843,0.349188542973533,0.385322944587552,0.423209340037039,0.462935229722259,0.504549302442002,0.548147942763159,0.593862886748901,0.641970916950969,0.692610856343697,0.745729073473803,0.801267348384009,0.859165633320085,0.919359902341791,0.98178282092056,1.04636554674298,1.11303745690142,1.18172385130049,1.25234773542045,1.32482941597765,1.39908670517393,1.47503551968812,1.55258949778674,1.63166001224785,1.71215647994295,1.79398711622837,1.87705898304836,1.9612789341753,2.04656184895996,2.13281339386404,2.21993351925284,2.30782108102381,2.39637557447561,2.48549460523139,2.57507384192518,2.66500854444407,2.75519296761512,2.84552066298999,2.93588489704321
-2.94418926755712,-2.85465977041272,-2.76514252271827,-2.67574333437487,-2.58656719264568,-2.49771831282188,-2.40930109447362,-2.32141927690546,-2.23417462294527,-2.14766702650514,-2.06199698267228,-1.97726400779993,-1.89356625189634,-1.81100064476623,-1.72966260190671,-1.64964425543559,-1.57103649130416,-1.49392944244987,-1.4184115613753,-1.34456940356943,-1.27248706052016,-1.20224650997793,-1.13392682070712,-1.06760427996252,-1.00335322529004,-0.941244000815416,-0.881345635117138,-0.8237245151765,-0.768445042275305,-0.715567531745434,-0.665150072511707,-0.617245733266993,-0.571716204016919,-0.5282847456135,-0.486814730898755,-0.447211292091688,-0.409423549355745,-0.373365641347912,-0.338992753202477,-0.306235732353054,-0.275023117891337,-0.245251007767776,-0.216766103540738,-0.189277015197042,-0.162082125877813,-0.13484982404294,-0.107581333107549,-0.0802831662076877,-0.0529676090319035,-0.0256437101258777,0.00168295432167776,0.0290126744003067,0.0563333355641933,0.0836324143103893,0.110897066728575,0.13812503570836,0.165322131678939,0.192830848252342,0.22135908391097,0.25119672532981,0.282492065520049,0.315348641807259,0.349844494454778,0.386046774625352,0.424004339755845,0.463804854616223,0.505497099467298,0.549177639934593,0.594978459547773,0.643176860795243,0.693911927430613,0.747129927253788,0.802772530941174,0.86077957793869,0.921086922033224,0.983627102208139,1.04833114682958,1.11512830032462,1.18394372227358,1.25470027352232,1.32731811108319,1.40171489276804,1.47780637730501,1.55550604072989,1.63472508933431,1.71537276982915,1.79735712515307,1.88058504266598,1.96496320116485,2.05040632010112,2.13681988873071,2.22410366947546,2.31215632823339,2.40087717150486,2.49016361256492,2.5799111240609,2.67001476912537,2.7603686039428,2.85086598010122,2.94139996357599
-2.94939892186726,-2.85971100497186,-2.77003535920143,-2.68047798168452,-2.5911440454561,-2.50213795021316,-2.41356428025775,-2.32552695845801,-2.23812792770807,-2.1514672586793,-2.06564562428192,-1.98076271696039,-1.89691686039642,-1.81420515590912,-1.73272318783045,-1.65256325130323,-1.57381639309869,-1.49657290564182,-1.42092139794922,-1.34694857866723,-1.27473868808109,-1.20437384899841,-1.13593327009336,-1.06949337360875,-1.00512862862852,-0.942909503750221,-0.882905149696349,-0.825182070917955,-0.769804782652974,-0.716833706959451,-0.66632703554881,-0.618337931017376,-0.572727838635404,-0.529219529573313,-0.487676134915478,-0.448002619015218,-0.410148012005643,-0.374026300614672,-0.339592590678039,-0.306777607265972,-0.275509763022239,-0.245684972045739,-0.217149664637862,-0.189611935179564,-0.162368925322054,-0.135088436748579,-0.107771695039063,-0.0804252248543496,-0.0530613336221434,-0.0256890858992553,0.00168593225870521,0.0290640114545864,0.0564330157062481,0.0837803993507806,0.111093295750951,0.138369443802481,0.165614664215945,0.19317205663551,0.221750772148643,0.251641210376077,0.282991926729018,0.315906641739224,0.350463533759927,0.386729872775835,0.424754602675579,0.464625543349295,0.506391561372999,0.550149393242182,0.596031256027394,0.644314942895448,0.69513978370447,0.748451951176857,0.804193012777027,0.862302701498612,0.922716757623707,0.985367600765435,1.05018613724671,1.11710148629475,1.186038675062,1.25692042789892,1.32966676053807,1.40419518508931,1.48042131121837,1.55825846185948,1.63761768618648,1.71840807032505,1.80053749449857,1.88391268130697,1.96844014441813,2.05403445238213,2.14060092722099,2.22803915398916,2.31624761927702,2.4051254514108,2.49456988214144,2.58447619915827,2.6747392799112,2.76525299312035,2.85591050166256,2.94660468229667
-2.95432056453626,-2.86448298600119,-2.77465769906783,-2.68495087774147,-2.5954678705586,-2.50631325142731,-2.4175917791688,-2.32940755006662,-2.24186267712634,-2.15505739800659,-2.06909255360983,-1.98406800273665,-1.90008223314083,-1.81723250817383,-1.73561457166855,-1.65532087278011,-1.57644261020889,-1.49907022705028,-1.42329248018214,-1.34919622294098,-1.27686583618322,-1.2063835797543,-1.13782879450336,-1.07127803019852,-1.00680588018978,-0.944482930665195,-0.884378447738606,-0.82655904683661,-0.771089350853298,-0.718029882672607,-0.667438931110089,-0.619369747474144,-0.573683545829657,-0.530102634737115,-0.488489916888631,-0.448750198052161,-0.410832423307731,-0.374650435853477,-0.340159266610536,-0.307289525050514,-0.275969504359825,-0.246094944949908,-0.217512020861402,-0.189928339374267,-0.162639869284588,-0.135313857938456,-0.107951532960912,-0.0805594299004599,-0.0531498767221265,-0.0257319531086897,0.00168874556282626,0.0291125103801968,0.0565271851100479,0.0839202031546043,0.11127867640616,0.138600339987346,0.165891024321719,0.193494401581576,0.222120806210159,0.252061122416148,0.283464153504191,0.316433793083817,0.351048349963965,0.387375206382327,0.425463387899877,0.46540086095123,0.507236573655738,0.551067423932445,0.597025849481665,0.645390107021846,0.696299758909937,0.74970088804711,0.805534964391795,0.863741620370462,0.924256489035436,0.987011877228893,1.05193857597758,1.11896558623043,1.18801781003319,1.25901784278695,1.33188556675506,1.40653835640035,1.48289168056697,1.5608587175517,1.64035036809671,1.7212755666203,1.80354203962618,1.88705635406288,1.97172486759827,2.05746200622352,2.14417293397213,2.23175706833679,2.3201127265131,2.40913886850341,2.49873255456996,2.5887888976693,2.67920259983407,2.76986735268378,2.8606761408169,2.95152166223639
-2.9589748274636,-2.86899571800725,-2.77902891951692,-2.68918077326534,-2.59955679375605,-2.51026171964381,-2.42140047478779,-2.33307731946576,-2.245394527553,-2.15845249462347,-2.07235222044529,-1.98719372113746,-1.90307563961228,-1.82009539245074,-1.73834887432143,-1.6579286800247,-1.57892615193617,-1.50143187563608,-1.42553474783069,-1.35132175868599,-1.27887742199279,-1.2082841271894,-1.13962134011926,-1.07296573114766,-1.00839201113964,-0.945970877485345,-0.885771705421088,-0.827861215319994,-0.772304131883641,-0.719161073344251,-0.668490420346098,-0.620345508090169,-0.57458733199675,-0.530937763148759,-0.489259488253989,-0.449457163110559,-0.411479652366116,-0.375240663486605,-0.340695156548474,-0.307773631704874,-0.276404269174666,-0.246482645117804,-0.21785469123614,-0.190227554171542,-0.162896093583063,-0.135527032595303,-0.108121600767312,-0.0806863439437545,-0.0532336095112457,-0.0257724914567754,0.00169140602762521,0.0291583744883139,0.0566162385408784,0.0840524117900132,0.111453985823973,0.13881869219728,0.166152370518793,0.19379923438501,0.22247073730638,0.252458221753156,0.283910725456038,0.316932305699472,0.351601394660791,0.387985480732267,0.426133666710178,0.466134057612244,0.508035678671117,0.55193558045969,0.597966409321807,0.64640686034403,0.697396715751086,0.75088197350267,0.806804011348463,0.865102366611324,0.925712570939315,0.988566824530205,1.05359580937831,1.12072841458003,1.18988942387112,1.26100131070878,1.33398383113815,1.40875422945308,1.48522784132656,1.5633177082757,1.64293459067491,1.72398727947693,1.80638335581701,1.89002923944843,1.97483114051406,2.06070335019104,2.14755088310744,2.23527299829737,2.32376785276443,2.41293424733166,2.50266908008912,2.59286729875339,2.68342343946974,2.77423102637851,2.86518287548516,2.95617151574813
-2.96338054898802,-2.873267466476,-2.78316671326024,-2.6931847889487,-2.60342736514919,-2.51399933646553,-2.4250057829817,-2.33655112021225,-2.24873777431165,-2.16166629033635,-2.07543781843654,-1.99015252364877,-1.90590919575822,-1.82280539639285,-1.74093716300218,-1.66039722825422,-1.58127707052747,-1.5036674102782,-1.4276572765741,-1.35333378910389,-1.28078158749393,-1.21008318385503,-1.14131816235014,-1.07456330750174,-1.00989344141451,-0.947379366742412,-0.887090562016986,-0.829093846953666,-0.773454042624908,-0.720231857519551,-0.66948575920686,-0.621269162300473,-0.575442855251879,-0.531728295028084,-0.4899879638863,-0.450126375663312,-0.41209231886955,-0.375799372486972,-0.341202429530502,-0.308231886672529,-0.276815817196921,-0.246849641783309,-0.218179062735846,-0.19051079065675,-0.163138635296863,-0.135728823553139,-0.108282586815362,-0.0808064806745373,-0.0533128709017346,-0.0258108650243013,0.00169392442145312,0.0292017894159801,0.0567005364465098,0.0841775603774109,0.11161993357715,0.139025384222684,0.166399760617666,0.194087788870307,0.222801981799171,0.252834115664544,0.284333450104638,0.317404197338442,0.352124906323715,0.388563165938562,0.426768152090141,0.466828100978827,0.508792110832662,0.552757376726545,0.598856742506118,0.647369318216843,0.698435094210115,0.751999988040089,0.808005290171723,0.866390447902869,0.927090896892397,0.990038736388575,1.0551645451757,1.12239710647065,1.19166109201705,1.2628788598401,1.33597004650691,1.41085177309344,1.48743924921299,1.56564538690714,1.64538081367828,1.72655418467481,1.80907294342628,1.89284337035104,1.97777153594497,2.06377160377033,2.15074844702812,2.23860117475569,2.32722779231905,2.41652694986221,2.50639539196319,2.59672790992252,2.68741888285664,2.77836167637026,2.86944894687879,2.9605730633233
-2.96755495522138,-2.87731493369254,-2.78708725882779,-2.69697858025721,-2.60709471844436,-2.51754071575425,-2.42842180029336,-2.33984253466258,-2.25190548930036,-2.16471135089729,-2.07836141209014,-1.99295597901426,-1.90859398061641,-1.82537311595606,-1.74338955776721,-1.66273616934697,-1.5835045579361,-1.5057855717855,-1.42966836537485,-1.35524018111519,-1.28258577786165,-1.21178778395686,-1.14292589567106,-1.07607700569028,-1.0113160415184,-0.948713905546491,-0.888340174177966,-0.830261761254764,-0.774543579160419,-0.721246421901609,-0.670428839408735,-0.622144321538656,-0.57625346064062,-0.532477321308213,-0.49067819208241,-0.450760452292116,-0.412672818308001,-0.376328747373884,-0.341683068964122,-0.308666081703431,-0.277205757555135,-0.247197369881785,-0.218486403633991,-0.19077915626788,-0.163368442749813,-0.135920019802732,-0.108435120551038,-0.0809203098203546,-0.0533879708009649,-0.0258472238496578,0.00169631059108164,0.0292429249130072,0.0567804084267918,0.0842961382404086,0.111777168511641,0.13922122421721,0.166634161899063,0.194361193268522,0.223115834835003,0.253190273873383,0.284733980278487,0.317851313069263,0.352620931852524,0.389110520716367,0.42736932484026,0.467485704719695,0.509508827745603,0.553536025908043,0.599700330184945,0.648281243793923,0.699418954285682,0.753059303030406,0.809143497791066,0.867610900567134,0.928396856068041,0.991433367892737,1.05665091703438,1.12397818638938,1.19333974158916,1.26465783128752,1.33785197884652,1.4128391885936,1.48953455070094,1.56785085453247,1.64769860169481,1.72898631866219,1.81162131858323,1.89550974985693,1.98055755066408,2.06667876365229,2.1537781280209,2.24175461068585,2.330506073337,2.41993102335052,2.50992605985227,2.60038582593915,2.69120455194327,2.78227545325737,2.87349103508587,2.96474351475386
-2.97151382070729,-2.88115341451429,-2.79080537145642,-2.70057648343971,-2.61057271209742,-2.5208992399263,-2.43166143541234,-2.34296400064812,-2.25490964290616,-2.16759918319808,-2.08113404929004,-1.99561468113075,-1.91114013964312,-1.82780825422198,-1.74571532590053,-1.66495434186014,-1.58561703155017,-1.50779436441758,-1.43157561387855,-1.35704813872983,-1.28429681089906,-1.21340436895917,-1.1444506154992,-1.07751254578383,-1.01266518727392,-0.94997953694788,-0.889525264027481,-0.831369371621043,-0.775576858708447,-0.722208600398585,-0.671323224730371,-0.622974292918786,-0.577022211336359,-0.533187672463009,-0.491332781125793,-0.451361789090903,-0.413223344314099,-0.376830788586875,-0.342138891123864,-0.309077857564693,-0.277575563783711,-0.247527143432941,-0.218777875332254,-0.191033665124018,-0.163586384354686,-0.136101343850092,-0.108579778379684,-0.0810282615268912,-0.0534591930017855,-0.0258817053281643,0.00169857355353854,0.0292819364251417,0.056856156307653,0.0844085934694817,0.111926284798015,0.139406952234981,0.166856460135245,0.19462048073967,0.223413482424085,0.253528042255681,0.285113829529537,0.318275342484708,0.353091345663823,0.389629613448909,0.427939456714944,0.468109353834707,0.510188537790865,0.55427447041918,0.600500360167502,0.649146083124601,0.700352013858327,0.754063921488565,0.810222935346527,0.868768336537584,0.929635383517804,0.992755989175566,1.05806054176223,1.12547762903363,1.19493171598803,1.26634494755506,1.33963673973697,1.41472398614083,1.49152166366492,1.56994244532986,1.64989671334695,1.73129287216022,1.81403811126944,1.89803845387089,1.98319971266226,2.06943581561977,2.15665137486014,2.24474522251614,2.33361508402009,2.42315933135196,2.5132744256957,2.60385486959688,2.69479475228564,2.78598714669874,2.87732441463723,2.96869862963876
-2.97527161099807,-2.88479693461231,-2.79433463699617,-2.7039916451052,-2.61387405457226,-2.52408718090836,-2.434736525849,-2.34592692389348,-2.25776121219843,-2.1703403392742,-2.08376586115297,-1.99813834480031,-1.91355697641198,-1.83011970909836,-1.74792296567539,-1.66705985091644,-1.58762221027239,-1.50970112823056,-1.43338599110272,-1.35876426815999,-1.28592093865941,-1.21493884580552,-1.14589789310606,-1.07887517319431,-1.01394580841121,-0.951180885518262,-0.890650161841271,-0.832420725221001,-0.776557656835345,-0.723121908776147,-0.672172183223609,-0.623762109126478,-0.577751916326527,-0.533861944090076,-0.491954122861305,-0.451932583322736,-0.413745908490098,-0.377307330566505,-0.34257156156753,-0.309468718870522,-0.277926587141326,-0.247840167417488,-0.219054542857753,-0.191275247191385,-0.163793256462279,-0.136273458246773,-0.108717088875811,-0.0811307302458055,-0.0535267977475601,-0.0259144354539046,0.00170072157760733,0.0293189664990477,0.0569280568691293,0.0845153369719978,0.112067827301828,0.139583246919504,0.16706746759598,0.194866598710858,0.223696012160017,0.253848655004977,0.28547438581331,0.318677834973031,0.35353786663278,0.390122340882385,0.428480630955587,0.46870132711533,0.51083372460454,0.554975408509674,0.601259755734609,0.649966996300728,0.701237682294213,0.755017514254329,0.811247547064162,0.869866985043682,0.930811004776504,0.99401143304772,1.05939857007735,1.12690091331298,1.19644283223093,1.26794637330498,1.34133085063043,1.41651305271767,1.49340784894434,1.57192780189695,1.65198318045573,1.73348227323255,1.81633215235857,1.90043872218658,1.98570767630455,2.07205283384164,2.15937868628658,2.2475839378348,2.33656618458171,2.42622366998801,2.51645272430199,2.60714771665664,2.69820260234684,2.7895103190889,2.88096309256408,2.97245285982573
-2.97884160939336,-2.888258373356,-2.79768753094143,-2.70723613740575,-2.61701041568492,-2.52711580765697,-2.43765794164785,-2.34874177794674,-2.26047027710353,-2.17294450875567,-2.0862661507914,-2.00053589084556,-1.91585303412645,-1.8323156512774,-1.75002028081109,-1.66906013921639,-1.58952718214859,-1.51151260338638,-1.43510589649528,-1.36039463569987,-1.28746390222298,-1.21639663867185,-1.14727284442965,-1.08016970463231,-1.01516243175933,-0.952322197868499,-0.891718843986724,-0.833419538452797,-0.777489440534858,-0.723989575460557,-0.672978715846245,-0.624510554989502,-0.578445155023303,-0.534502519651873,-0.492544413651121,-0.452474852670947,-0.414242358032355,-0.377760057826657,-0.34298260972883,-0.30984004726477,-0.278260068449868,-0.248137548334477,-0.219317384194185,-0.191504756431149,-0.163989790338571,-0.136436971394771,-0.108847537414154,-0.0812280781906844,-0.0535910240122674,-0.025945529923614,0.0017027622562736,0.0293541460312176,0.0569963642703491,0.0846167460723477,0.11220229635741,0.139750731449545,0.167267930165186,0.195100417177086,0.223964422748648,0.254153245445617,0.285816923649346,0.3190602132928,0.353962073152915,0.390590444744154,0.428994760542705,0.469263717110076,0.511446668838056,0.555641317904462,0.601981201250775,0.650746885143552,0.702079090316008,0.755923452154029,0.812220954813055,0.870910729664931,0.931927875512303,0.995204137339916,1.06066973173573,1.12825307035212,1.19787843191714,1.26946776936888,1.34294029998847,1.41821271244166,1.49519977395869,1.57381394221084,1.65396537841087,1.73556226112705,1.81851155098734,1.90271903944013,1.98809030691607,2.07453906913674,2.1619697029912,2.25028079113105,2.33936980677829,2.42913487129698,2.51947219054312,2.61027600690428,2.70144014843338,2.79285742438376,2.88441993111937,2.97601947602993
-2.98223602978388,-2.89154957322533,-2.80087552441223,-2.71032106059125,-2.61999252574044,-2.52999548188995,-2.44043567773027,-2.35141819315391,-2.26304610603534,-2.17542060118191,-2.08864347234484,-2.00281552189356,-1.91803616819567,-1.83440359364699,-1.75201444676683,-1.67096205026519,-1.59133846458178,-1.51323498741153,-1.43674121429877,-1.36194481925982,-1.28893098046842,-1.21778273504577,-1.14858017353514,-1.08140056902573,-1.0163192197024,-0.953407378724234,-0.892734966702711,-0.834369228515624,-0.778375397680764,-0.724814568964647,-0.673745581955623,-0.625222191135333,-0.579104299176121,-0.535111590723582,-0.493105673033177,-0.452990452379658,-0.414714391423552,-0.378190519264742,-0.343373441910166,-0.310193113158208,-0.278577148635412,-0.248420303601177,-0.219567298589954,-0.191722978053964,-0.16417665837694,-0.136592442714985,-0.108971570293006,-0.0813206384141025,-0.0536520915306216,-0.0259750951195404,0.00170470257122847,0.0293875953799578,0.0570613122086531,0.0847131677173729,0.112330152018288,0.139909978833134,0.167458533677317,0.195322736091987,0.224219632492237,0.254442855660518,0.28614261494845,0.31942378565945,0.354365416544785,0.391035526538969,0.429483604447,0.46979844790102,0.512029467532652,0.556274476852343,0.602667164968277,0.651488417855136,0.702879116598845,0.756784834636256,0.813146488873652,0.871903141322458,0.932989816829743,0.996338182602967,1.06187837571117,1.1295387262311,1.19924342660562,1.27091434083742,1.34447059415488,1.41982878028965,1.49690356934836,1.57560731924689,1.65585008882581,1.73753995202192,1.82058376344389,1.90488720718847,1.99035575609426,2.07690302756104,2.16443328951435,2.25284500903968,2.34203554252874,2.43190289525382,2.52234315479645,2.61325044303232,2.70451846703034,2.79603991389889,2.88770675704463,2.9794106805707
-2.98546611728513,-2.89468143738445,-2.80390917866817,-2.71325663446761,-2.622830263943,-2.53273574345967,-2.44307893624553,-2.35396503600607,-2.26549723226038,-2.17777681941,-2.09090570145991,-2.00498478995952,-1.9201136109574,-1.83639045319161,-1.75391206986238,-1.67277188475841,-1.59306205803091,-1.5148739862602,-1.43829736203238,-1.3634199543243,-1.29032703356697,-1.21910172681987,-1.14982421137308,-1.082571844011,-1.01742000447465,-0.954440023098073,-0.89370189622441,-0.835272941565007,-0.77921846329268,-0.725599622346255,-0.674475322043786,-0.62589937508889,-0.579731532413198,-0.535691175050144,-0.493639760360723,-0.453481090539684,-0.415163572426982,-0.378600140923514,-0.34374535286956,-0.310529086195815,-0.278878878128635,-0.248689369935868,-0.219805113967334,-0.191930634989542,-0.16435447963821,-0.136740387256454,-0.109089598411397,-0.0814087175517401,-0.0537102026085303,-0.0260032289859586,0.00170654895039285,0.0294194253570557,0.0571231158450955,0.0848049213349612,0.112451817847693,0.140061516628739,0.16763990956816,0.19553429195888,0.224462486855613,0.254718445077199,0.2864525386684,0.319769756524048,0.354749233013845,0.391459060744244,0.429948782122027,0.470307290956873,0.512584051397521,0.556876982897136,0.603319919363816,0.652194051002448,0.703640411488564,0.757604515309107,0.814027215376908,0.872847507700893,0.934000346752941,0.997417325728628,1.06302850602781,1.13076214010087,1.20054233828282,1.2722908799465,1.34592680272409,1.42136661000913,1.49852487948667,1.57731387414662,1.65764355541344,1.73942189765798,1.82255565460225,1.90695040818858,1.99251152887234,2.07915254049149,2.16677760728327,2.25528508636196,2.34457222294499,2.43453691183325,2.52507512805974,2.61608087882257,2.7074477560638,2.79906833066023,2.8908344590139,2.98263770791001
-2.98854223812496,-2.89766401683584,-2.80679822952946,-2.71605228008851,-2.62553273736501,-2.53534538660958,-2.44559620012792,-2.35639048001348,-2.26783152210825,-2.18002072518401,-2.0930600982441,-2.00705065681369,-1.92209202948954,-1.83828260628303,-1.75571924008552,-1.67449545094635,-1.59470349397537,-1.51643485992475,-1.43977933379672,-1.36482477500227,-1.29165654183208,-1.22035784699689,-1.15100895039868,-1.08368728852758,-1.01846831879331,-0.955423445026203,-0.894622735691205,-0.836133577861503,-0.780021342997072,-0.726347255054848,-0.67517027804482,-0.626544280117356,-0.580328867696303,-0.536243132675034,-0.494148389665013,-0.453948341742102,-0.415591342586452,-0.378990237390098,-0.344099536170263,-0.310849044606293,-0.279166225261412,-0.248945610845479,-0.220031593540444,-0.192128393665373,-0.164523824799091,-0.136881279813383,-0.109202000553609,-0.0814925982734657,-0.0537655437402214,-0.026030021812085,0.00170830731929885,0.0294497381135505,0.0571819735243269,0.0848923013873854,0.11256768430431,0.140205831162294,0.167812639922199,0.195735763717985,0.224693765224367,0.254980898136925,0.286747689438566,0.320099236201039,0.355114754331362,0.391862406596246,0.430391786449253,0.470791879293167,0.51311220024287,0.557450769644336,0.60394155930349,0.652866049153856,0.704365418187184,0.758385124750428,0.814865960813313,0.873746859528365,0.934962708346806,0.99844502998021,1.06412381376613,1.13192723822874,1.20177933550898,1.27360180438388,1.3473135990648,1.42283113691325,1.5000689075981,1.57893908370808,1.65935153389503,1.74121413770977,1.82443355279658,1.9089152638127,1.99456454371049,2.08129482722587,2.16901017985024,2.25760885396855,2.34698798892329,2.43704537430967,2.52767687797698,2.61877639791202,2.71023741641767,2.80195239367948,2.89381307467208,2.98571091445483
-2.99147396005779,-2.90050658838921,-2.80955166290095,-2.71871669283754,-2.62810835159368,-2.537832528194,-2.44799529890167,-2.35870206911015,-2.27005623599334,-2.18215929779393,-2.0951133635848,-2.00901954798606,-1.92397757732885,-1.8400859381439,-1.75744157833405,-1.67613810969059,-1.59626787782446,-1.51792246323911,-1.44119173901472,-1.36616365075122,-1.29292364047472,-1.22155500252654,-1.15213807554261,-1.08475037197729,-1.01946742326305,-0.95636070327646,-0.895500349218759,-0.836953814268982,-0.780786534015681,-0.727059792475713,-0.675832611502013,-0.627158912088917,-0.580898162935961,-0.536769180369238,-0.494633142951607,-0.454393659292874,-0.415999032408805,-0.379362021993679,-0.344437093439624,-0.311153983566247,-0.279440083778472,-0.249189823324088,-0.220247441735751,-0.192316869176425,-0.164685220579108,-0.137015558608276,-0.109309126327522,-0.0815725414760994,-0.0538182870549396,-0.0260555569324809,0.00170998314705597,0.0294786279321525,0.0572380683132194,0.0849755796555428,0.112678111771185,0.140343371299785,0.167977261988032,0.195927778013186,0.224914186950812,0.255231031155622,0.287028985275578,0.320413249481322,0.355463117389666,0.392246818634134,0.430813995318831,0.471253720140091,0.513615556786494,0.557997621760728,0.604534018293351,0.65350650244613,0.705056391705606,0.759129090914066,0.815665333958908,0.874603994086863,0.935879894874564,0.99942449185824,1.06516770569587,1.13303764445568,1.20295826575511,1.27485119155866,1.34863529657284,1.42422691616562,1.50154045612134,1.58048800287116,1.66097933664921,1.74292224663731,1.82622329891209,1.91078788541244,1.99652118616468,2.08333655098531,2.1711379512552,2.25982353954619,2.34929035429576,2.43943608483202,2.53015649685195,2.62134538425761,2.71289612485938,2.80470107334761,2.89665186850016,2.98863985889515
-2.99427012441425,-2.90321772452023,-2.81217778244012,-2.72125790790854,-2.63056487402903,-2.54020466880186,-2.45028346764088,-2.36090677446317,-2.27217808308912,-2.18419898663297,-2.0970716896101,-2.0108974011536,-1.92577594080992,-1.84180588716628,-1.75908427874378,-1.67770481483374,-1.59775992736356,-1.51934128243802,-1.44253883714269,-1.36744061928123,-1.29413215074336,-1.22269680372659,-1.15321499196026,-1.08576430035049,-1.02042033092982,-0.957254624382285,-0.89633738346713,-0.837736124412646,-0.781516343970763,-0.727739383441195,-0.676464319845273,-0.627745124577888,-0.581441134982391,-0.537270904559331,-0.49509548211361,-0.454818386156914,-0.416387871383262,-0.379716615942433,-0.344759042664848,-0.311444822694327,-0.279701279567725,-0.24942274385466,-0.22045330949673,-0.192496629917088,-0.164839153707047,-0.137143628591962,-0.109411298797333,-0.0816487882480876,-0.05386859161316,-0.0260799113546002,0.00171158148753621,0.0295061819372355,0.0572915693794453,0.0850550072855923,0.112783433269581,0.140474551827423,0.168134272224102,0.196110913910953,0.225124416771031,0.255469598471101,0.287297274496415,0.320712743349394,0.355795372763489,0.392613456147228,0.431216682005749,0.471694206292637,0.514095639024208,0.558519188413752,0.605099083039623,0.654117342324147,0.705715415844911,0.759838657413492,0.816427745520589,0.875421496277065,0.936754672338422,1.0003586651716,1.06616332993064,1.13409670748557,1.20408268437614,1.27604280930604,1.34989588115304,1.42555815708286,1.50294396287395,1.58196530278366,1.6625318727167,1.74455137566441,1.82793029036966,1.91257392034013,1.99838735697285,2.08528386909142,2.17316733831767,2.26193582202551,2.35148626241308,2.44171625317757,2.53252146258697,2.62379558527132,2.71543189938003,2.80732265898617,2.89935940158115,2.99143337418537
-2.99693891075373,-2.90580535605707,-2.81468427027793,-2.72368335906327,-2.63290949068325,-2.542468747605,-2.4524673998763,-2.36301104544964,-2.27420327038921,-2.18614575835898,-2.09894080496897,-2.01268970955976,-1.92749238064674,-1.84344748467999,-1.76065214667087,-1.67920014942463,-1.59918400725306,-1.52069546796274,-1.44382456881778,-1.36865941608083,-1.2952856078671,-1.22378659068352,-1.15424284993203,-1.08673203967001,-1.02132982931392,-0.958107823311842,-0.897136286994589,-0.838482796767519,-0.782212907759669,-0.72838801594412,-0.677067250997419,-0.628304632419045,-0.581959372180031,-0.537749772928286,-0.495536759621818,-0.455223764778577,-0.416758996972103,-0.380055056522406,-0.345066325637073,-0.311722412775974,-0.27995057669959,-0.249645053794611,-0.220649799043909,-0.19266820173759,-0.164986074480172,-0.137265864404806,-0.109508816845967,-0.0817215616324709,-0.053916604569724,-0.0261031563219098,0.00171310701633056,0.0295324807319375,0.0573426332285217,0.0851308166254703,0.112883956894212,0.14059975648478,0.168284129929074,0.196285707134784,0.225325069665793,0.255697297959198,0.28755334192176,0.320998593908223,0.356112492392323,0.39296339165235,0.431601024480701,0.472114626295462,0.514553851330248,0.559016995331111,0.605638406514042,0.654700355664653,0.706344418434226,0.760515899928314,0.817155425764483,0.876201757520531,0.937589599706061,1.00125028263738,1.06711359894858,1.13510752537267,1.20515588060966,1.27718014343976,1.35109904036636,1.42682875391537,1.504283533504,1.58337530495921,1.66401368369784,1.74610629044712,1.82955952059464,1.9142785932453,2.0001685152043,2.08714247799193,2.17510427755993,2.26395188042097,2.353582136918,2.4438925494737,2.53477869336541,2.62613416847344,2.71785215782624,2.80982481946319,2.90194359420328,2.99409963213565
-2.99948789496493,-2.90827682851412,-2.81707824158603,-2.72599993143438,-2.63514885722395,-2.54463119164812,-2.45455329514042,-2.3650208554675,-2.27613754679655,-2.18800513927644,-2.10072601552262,-2.01440156103371,-1.92913176930022,-1.84501539069095,-1.76214963282488,-1.68062835827232,-1.60054416003118,-1.52198886394221,-1.44505258384887,-1.36982350095076,-1.29638728616678,-1.22482745697757,-1.15522456724026,-1.08765633705925,-1.02219850021008,-0.958922722042506,-0.897899327650055,-0.83919595091379,-0.78287820271931,-0.729007531258765,-0.677643116500223,-0.628839023888324,-0.582454345649768,-0.538207144840623,-0.495958228131508,-0.455610945906901,-0.417113462690222,-0.380378304465494,-0.34535981464104,-0.311987541806663,-0.280188682854295,-0.249857384215576,-0.220837468152528,-0.192832071679172,-0.165126399962753,-0.137382613037836,-0.109601957298088,-0.0817910682111898,-0.0539624622190997,-0.0261253578199411,0.00171456406396042,0.0295575989706955,0.0573914048154913,0.0852032228752895,0.112979968001675,0.140719340690548,0.16842726050429,0.196452653870527,0.225516715228839,0.255914775990868,0.287797914450685,0.321271612602316,0.356415376484242,0.393297618512066,0.43196811377738,0.472516173595604,0.514991494432731,0.55949245563822,0.606153519695149,0.655257197468691,0.706945185024362,0.761162740948106,0.817850440357839,0.876946992746294,0.938387047087341,1.00210187529172,1.0680212102801,1.1360729675276,1.2061809009398,1.27826642251232,1.35224818962306,1.42804231350872,1.50556297065313,1.58472201197358,1.66542897601219,1.74759140492492,1.83111561448589,1.91590674318607,2.00186971703617,2.08891765372335,2.17695426737498,2.26587743772126,2.35558392737334,2.44597115157671,2.53693459679244,2.62836777240441,2.72016377059013,2.81221465766622,2.90441178211891,2.99664620145733
-3.00192410155411,-2.91063895279029,-2.81936629368515,-2.72821400904616,-2.63728914491112,-2.54669796020768,-2.45654690175611,-2.36694174316346,-2.27798624280184,-2.18978225347863,-2.10243224096519,-2.0160376731062,-1.93069862460764,-1.84651392604409,-1.76358086398731,-1.68199337724347,-1.60184413401522,-1.52322503472496,-1.44622626640727,-1.37093608188319,-1.29744022165419,-1.22582227103443,-1.15616284930747,-1.0885397397026,-1.02302873750687,-0.959701566277173,-0.898628608225616,-0.839877552166008,-0.783514062273598,-0.729599636649218,-0.678193503327353,-0.629349771665003,-0.582927419442513,-0.538644280724653,-0.49636104912817,-0.455980996538004,-0.417452245376408,-0.380687250580353,-0.345640318475536,-0.312240940430597,-0.280416254206233,-0.250060320259025,-0.221016834002263,-0.192988691335619,-0.165260516864612,-0.137494196227647,-0.109690976830723,-0.0818574995308981,-0.0540062909360772,-0.0261465770317179,0.00171595664576652,0.0295816058745051,0.057438018545391,0.0852724255726352,0.113071731179967,0.140833633995612,0.168564058389864,0.196612214191015,0.225699881598181,0.256122631893398,0.288031666077658,0.321532551818257,0.356704859729075,0.393617057790795,0.432318961522712,0.472899954779564,0.51540977439119,0.559946879611493,0.606645842134993,0.655789402284304,0.707519371211554,0.761780963041299,0.818514704626118,0.877659255678132,0.939149212092623,1.00291578995886,1.06888866512605,1.13699569452174,1.20716057012384,1.27930464009822,1.35334649575567,1.42920218019784,1.50678580020202,1.58600913509018,1.66678164993095,1.74901081178534,1.83260286033643,1.91746285702797,2.00349565065087,2.0906142883258,2.17872240597604,2.26771780038893,2.35749715032545,2.44795778771096,2.53899511411987,2.63050255244357,2.72237310802824,2.81449875952596,2.90677076717537,2.99908010000169
-3.00425405076918,-2.91289805086006,-2.82155455030349,-2.73033151764194,-2.63933608199721,-2.54867458477002,-2.45845355539954,-2.36877884958922,-2.27975430624343,-2.19148185722278,-2.10406404782767,-2.01760242465724,-1.93219714009063,-1.84794710140998,-1.76494967069619,-1.68329885966625,-1.60308740844738,-1.52440728879068,-1.44734875772958,-1.37200013658273,-1.29844723239923,-1.22677369536815,-1.15706020734589,-1.08938461193331,-1.02382276324613,-0.960446440509634,-0.899326080563205,-0.840529424757461,-0.784122188233027,-0.730165916822608,-0.678719884530637,-0.629838242711201,-0.583379859689977,-0.539062350528092,-0.496746300719378,-0.456334907073058,-0.417776251746503,-0.380982721728414,-0.345908587879254,-0.312483286842251,-0.280633899825936,-0.250254405061704,-0.22118837664674,-0.193138479882792,-0.165388784135377,-0.137600912614784,-0.109776113695188,-0.0819210333879602,-0.054048208023558,-0.0261668707482048,0.00171728848884604,0.0296045656952921,0.0574825991749131,0.0853386099311696,0.113159492023478,0.140942942293851,0.168694889710793,0.196764815142481,0.225875058999136,0.256321421971012,0.288255222414057,0.321782109932115,0.356981716897951,0.393922564433806,0.432654506723384,0.473266996996879,0.515809810687464,0.560381483468385,0.607116691482242,0.656298394501102,0.708068513744088,0.762372220813596,0.81914999640201,0.878340452612061,0.939878134575513,1.00369420499486,1.0697182851371,1.13787817593578,1.2080975101422,1.28029757487644,1.35439689826381,1.43031145824261,1.50795529492397,1.5872401191572,1.66807532574206,1.75036830991994,1.83402523860168,1.91895109954428,2.00505066768685,2.09223692266142,2.1804134255981,2.26947789395901,2.35932692631215,2.44985777489687,2.54096576010328,2.63254422210276,2.72448608319737,2.81668323819822,2.90902686294538,3.00140784183945
-3.0064838011289,-2.91505999700941,-2.82364870151946,-2.73235796333553,-2.64129499109039,-2.5505662051111,-2.46027821390274,-2.37053695173462,-2.28144633458008,-2.19310836995336,-2.10562567926371,-2.01909988447792,-1.93363121230801,-1.84931864344487,-1.7662596122313,-1.68454820015957,-1.60427721618841,-1.52553870033015,-1.44842297660677,-1.37301843188878,-1.2994109369111,-1.22768420394776,-1.15791897473704,-1.09019315065516,-1.02458264211658,-0.961159281620948,-0.899993558285713,-0.841153263738965,-0.784704161894952,-0.730707844265554,-0.679223628848231,-0.63030570718808,-0.583812842863176,-0.539462441349205,-0.497114984666874,-0.456673597778306,-0.418086324307568,-0.381265486217191,-0.346165320427574,-0.312715211209987,-0.280842185652804,-0.250440143298312,-0.221352542144751,-0.193281826812751,-0.16551153530578,-0.137703039691661,-0.10985758927111,-0.0819818349881508,-0.0540883224776776,-0.0261862917387327,0.001718563056363,0.0296265381350036,0.0575252626261466,0.0854019480487111,0.113243478734915,0.141047549817372,0.168820094665055,0.196910853530024,0.226042702941873,0.25651166313344,0.288469164768801,0.322020935864692,0.35724666789684,0.394214932843703,0.432975621890643,0.473618254659835,0.516192643527661,0.560797397300315,0.607567292076715,0.656785497641014,0.708594040545932,0.762938051700358,0.81975796762158,0.878992354850378,0.940575709938065,1.00443914449626,1.07051222755701,1.1387227064679,1.20899415730063,1.28124780875477,1.35540212848738,1.43137303207579,1.50907449583191,1.58841816507703,1.66931336736396,1.75166742920304,1.83538644786242,1.92037534058122,2.00653881162274,2.09378977603271,2.1820317233645,2.2711622951664,2.3610780132621,2.4516760536318,2.54285165897264,2.63449809029334,2.72650819042313,2.81877377393769,2.91118593590807,3.00363547974953
-3.00861898785721,-2.91713025510144,-2.82565403985876,-2.73429846754117,-2.64317082292038,-2.55237760190251,-2.46202548870539,-2.37222049283216,-2.28306660405671,-2.19466590233837,-2.10712108196751,-2.02053383708223,-1.93500446557497,-1.85063201843209,-1.76751399919369,-1.68574455616815,-1.60541656422656,-1.52662212874751,-1.44945163790056,-1.37399354132805,-1.30033377074977,-1.22855609789172,-1.15874132183447,-1.09096739927932,-1.02531029455185,-0.961841891166734,-0.900632728302358,-0.84175064573202,-0.785261454075103,-0.731226788585412,-0.679706009387691,-0.630753346513546,-0.584227463235794,-0.539845564333188,-0.497468032741607,-0.456997924623099,-0.418383246702631,-0.381536258674314,-0.346411164957885,-0.312937299673748,-0.281041638085353,-0.250618004383079,-0.221509745389979,-0.19341909440464,-0.165629080603524,-0.137800835562933,-0.109935609470828,-0.0820400579946951,-0.0541267356792611,-0.0262048890857609,0.00171978356951803,0.0296475787243484,0.0575661167219696,0.0854625999989982,0.113323903572984,0.141147720939637,0.168939989681773,0.197050698434879,0.226203237111114,0.256693836175108,0.288674033836084,0.32224963319818,0.357500382333532,0.394494901920001,0.433283118575373,0.473954615498118,0.51655924044107,0.561195672241805,0.607998782716415,0.657251942754531,0.709097279775281,0.76347988571985,0.820340154803904,0.879616609938549,0.941243701154938,1.00515249114057,1.07127249890785,1.13953142049096,1.20985277768577,1.28215774324898,1.35636472693383,1.43238958460144,1.51014623147017,1.58954625011238,1.67049890368584,1.75291145288474,1.83668992828806,1.92173917960774,2.0079638434286,2.09527677294916,2.18358138918167,2.27277526098004,2.36275483667839,2.45341721923191,2.54465757693975,2.63636909500523,2.7284445401552,2.82077565013271,2.91325344266518,3.00576864361711
-3.01066485766334,-2.91911391229884,-2.82757549295936,-2.73615779858252,-2.64496818689399,-2.55411322621742,-2.46369967331621,-2.3738336097803,-2.28461909609691,-2.19615828164006,-2.10855393053254,-2.02190780606477,-1.93632027433203,-1.85189045367565,-1.76871591393845,-1.68689086744992,-1.60650825223634,-1.52766023630822,-1.45043726929935,-1.37492786099809,-1.30121800155806,-1.22939151967027,-1.15952926935891,-1.09170926033606,-1.02600750858328,-0.962495946496226,-0.90124516122015,-0.842323038659589,-0.785795434185348,-0.73172402496338,-0.680168211483494,-0.631182260653875,-0.584624739637949,-0.540212660912883,-0.497806312474538,-0.457308684562868,-0.418667748547258,-0.38179570445815,-0.346646725574154,-0.313150097962664,-0.281232747230095,-0.250788425366963,-0.221660372671695,-0.193550619960641,-0.165741708867985,-0.137894540538497,-0.110010366010272,-0.0820958454766671,-0.0541635420195382,-0.0262227084878088,0.0017209530274295,0.0296677391655283,0.0576052618515236,0.0855207148196512,0.113400964162434,0.141243701807152,0.169054869374195,0.197184693492357,0.226357055981076,0.256868388742572,0.288870333032502,0.322468763901424,0.357743483650398,0.394763159619554,0.433577752376922,0.474276906037811,0.516910502251677,0.561577286957995,0.608412223686092,0.657698876018642,0.709579468021837,0.76399905429922,0.820897988534347,0.880214751833723,0.941883749654328,1.00583599780608,1.07200096737412,1.14030630522569,1.21067548115129,1.28302961430483,1.35728705895798,1.43336361375355,1.51117313537203,1.59062714626164,1.67163484787885,1.75410343785484,1.83793888286911,1.92304596793112,2.00932926477829,2.09670156734904,2.18506623098165,2.27432075487652,2.36436151695236,2.45508555019404,2.54638795161486,2.63816183378374,2.73029989050862,2.82269378591388,2.91523446361866,3.00781257518074
-3.01262630025621,-2.92101570961993,-2.82941765316936,-2.73794040033352,-2.64669137878144,-2.55577722626583,-2.46530476910193,-2.37538015799165,-2.28610752121741,-2.19758907470337,-2.10992764952294,-2.02322507526515,-1.9375817834136,-1.85309695688504,-1.76986822908886,-1.6879898737337,-1.6075548893948,-1.52865550412997,-1.45138222650076,-1.37582362395949,-1.30206574268221,-1.23019246597416,-1.16028470053578,-1.09242050690235,-1.02667595057968,-0.963123010827255,-0.901832320777725,-0.84287181056317,-0.786307378459041,-0.732200741813857,-0.680611339816732,-0.631593474730645,-0.585005621575789,-0.54056460846348,-0.498130632367468,-0.45760662032603,-0.41894050981199,-0.382044443654275,-0.34687256527547,-0.313354114672974,-0.281415969845367,-0.250951813562783,-0.221804783994995,-0.19367671783198,-0.165849689285121,-0.137984378576912,-0.110082037560494,-0.0821493307683312,-0.0541988294671022,-0.0262397925339448,0.00172207422514759,0.0296870676427864,0.0576427915731999,0.0855764314073652,0.113474844681089,0.141335721817946,0.16916500830928,0.197313158955889,0.226504527184875,0.2570357380233,0.289058531520813,0.322678851705376,0.357976552869102,0.395020347088761,0.433860227481605,0.474585896565916,0.517247268488953,0.56194315352299,0.608808603125844,0.658127365621336,0.710041757734377,0.764496798271685,0.821432802057351,0.880788210118434,0.942497385177191,1.00649129810047,1.07269937402395,1.14104921267695,1.21146423399066,1.28386550572829,1.35817132896944,1.43429744749991,1.51215766187798,1.5916634369089,1.67272391489406,1.75524623300407,1.83913629665589,1.92429882882659,2.01063833908226,2.09806756454673,2.18648979759444,2.27580247064675,2.36590189411273,2.45668503389446,2.54804691866114,2.63988059134471,2.73207867584333,2.82453276570076,2.91713373348611,3.00977215951684
-3.0145078769359,-2.92284006966079,-2.83118480439979,-2.73965041820305,-2.64834440583502,-2.55737347165047,-2.46684450868446,-2.37686373393676,-2.28753534072454,-2.19896160881228,-2.11124543349796,-2.02448870796963,-1.93879192643676,-1.85425433376215,-1.77097362433344,-1.68904413073919,-1.60855890963819,-1.52961024669051,-1.45228870698607,-1.37668291329319,-1.30287896552921,-1.23096079938986,-1.16100937210694,-1.0931027929695,-1.0273171749911,-0.963724542386842,-0.902395572404262,-0.843398237602126,-0.786798477413548,-0.732658047733456,-0.681036424874519,-0.631987945014927,-0.585370994783528,-0.540902225432788,-0.498441746620578,-0.457892424756936,-0.419202164798329,-0.382283054701296,-0.34708920924807,-0.313549824241931,-0.281591732012121,-0.251108548926902,-0.221943315185861,-0.193797681257029,-0.165953272961486,-0.138070558594948,-0.11015079079242,-0.0822006382487888,-0.0542326800822891,-0.0262561809528163,0.00172314976999776,0.0297056091041554,0.0576787931617034,0.0856298793300807,0.11354571693679,0.141423994962928,0.169270662613177,0.19743639356964,0.226645993664193,0.257196273185086,0.289239066953279,0.322880385165516,0.358200131987992,0.395267062412538,0.434131200780285,0.474882305634446,0.517570322296836,0.562294122753025,0.609188842809052,0.658538408007614,0.71048522395946,0.764974275132058,0.821945839072316,0.881338318359794,0.943086034722098,1.007119915913,1.07336934298967,1.14176187046287,1.21222087043467,1.28466736137007,1.3590195933225,1.43519325745441,1.51310210048703,1.59265753192977,1.67376863733759,1.75634249588236,1.84028495421301,1.92550067580004,2.01189411056968,2.09937794114456,2.18785539949906,2.27722385399456,2.36737955027938,2.45821938990428,2.54963833597715,2.64152936462848,2.73378503269321,2.82629686600836,2.91895566898604,3.01165195360416
-3.01631384656597,-2.92459112177769,-2.83288094651736,-2.74129172273906,-2.64993100960656,-2.55890557540043,-2.46832237719456,-2.37828769562256,-2.28890578642304,-2.20027899063555,-2.11251026520189,-2.02570156435357,-1.93995344250542,-1.85536520397709,-1.77203460168422,-1.69005602472934,-1.60952258552081,-1.53052662500635,-1.45315876253277,-1.37750767396164,-1.30365951079214,-1.23169825900525,-1.16170492433366,-1.09375766286111,-1.02793263319994,-0.964301902714413,-0.902936190994292,-0.843903511320206,-0.787269842629099,-0.733096977813405,-0.681444428817616,-0.632366564372333,-0.585721686266866,-0.541226276001519,-0.49874035942688,-0.458166744760965,-0.41945330575048,-0.382512077684503,-0.347297147855768,-0.313737669649278,-0.281760431560057,-0.251258986222715,-0.222076279803366,-0.193913784031019,-0.166052694354036,-0.138153275657171,-0.110216781325873,-0.0822498840501963,-0.0542651704844323,-0.0262719108388667,0.00172418209642707,0.0297234055173925,0.057713348104998,0.085681179564749,0.113613741345676,0.141508721044362,0.169372071429614,0.197554676269573,0.226781775621992,0.257350357591993,0.28941234796367,0.323073820443697,0.358414727068271,0.395503864019839,0.434391285608748,0.475166804151896,0.517880394892977,0.562630989051044,0.609553803391011,0.658932933553289,0.710910870462789,0.765432565627578,0.822438260815271,0.881866321702875,0.943651030670616,1.00772327409158,1.07401239071567,1.14244589165206,1.21294710309563,1.28543699619409,1.35983377202509,1.43605307124228,1.51400858889317,1.59361168141326,1.67477137989132,1.75739470783106,1.84138745547479,1.92665422917761,2.0130994216224,2.10063566312058,2.18916612767353,2.27858812215674,2.36879783006009,2.45969209116877,2.55116580566388,2.64311188555866,2.73542282331964,2.82799007979778,2.9207043939869,3.01345621227143
-3.01804818919499,-2.92627272499042,-2.83450981752961,-2.74286793109641,-2.65145468669976,-2.56037691401067,-2.469741631602,-2.37965518121737,-2.29022187854115,-2.20154412345771,-2.11372493210777,-2.02686631734529,-1.94106889140259,-1.85643201569807,-1.77305349935407,-1.69102778574568,-1.61044804081971,-1.53140665861878,-1.45399431059468,-1.37829972359649,-1.30440909865942,-1.23240647005534,-1.16237289009422,-1.09438655979857,-1.02852368157097,-0.964856364213515,-0.903455367978847,-0.844388745254377,-0.787722512914113,-0.733518499380625,-0.681836250817027,-0.632730167215257,-0.586058468889932,-0.541537474321775,-0.499027128877994,-0.45843018489255,-0.419694486140206,-0.382732017331434,-0.347496839359738,-0.313918064874205,-0.281922440274165,-0.251403456988324,-0.222203970878814,-0.194025282024633,-0.166148172570538,-0.138232712057857,-0.110280154592719,-0.0822971767018887,-0.0542963722768286,-0.0262870168580781,0.00172517347950659,0.0297404961027529,0.0577465325562765,0.0857304451683246,0.113679067821926,0.14159008678406,0.169469458246301,0.197668267730558,0.226912172298517,0.257498330819738,0.289578756433734,0.32325958383823,0.358620811040843,0.39573127378096,0.434641055149529,0.475440019104405,0.518178169624417,0.562954494812831,0.609904289182504,0.659311811725277,0.711319635296557,0.765872679752214,0.822911152499636,0.882373383776861,0.94419361817731,1.00830270233461,1.07462993436931,1.1431027837104,1.21364453246626,1.28617610634403,1.36061565938801,1.43687878374625,1.51487912484202,1.59452798814186,1.67573435242859,1.75840518774557,1.8424462301657,1.92776203119392,2.01425692854011,2.10184350227921,2.19042487073887,2.27989828174731,2.37015985910123,2.46110638326999,2.5526326940036,2.64463164174107,2.73699565713344,2.82961613862301,2.9223837623799,3.01518891179658
-3.01971462756603,-2.92788848883756,-2.83607491378616,-2.74438242658506,-2.65291870766696,-2.56179064568967,-2.4711053183172,-2.38096912601057,-2.29148644205284,-2.20275972286927,-2.11489204148174,-2.02798546707135,-1.94214066742427,-1.85745705882205,-1.77403250439309,-1.69196149966011,-1.6113372620122,-1.53225223650807,-1.45479714466443,-1.37906076232158,-1.3051293381113,-1.23308695270561,-1.16301470316813,-1.09499083370067,-1.02909158878154,-0.965389117028272,-0.903954217764317,-0.844854980952733,-0.78815745991925,-0.733923517225472,-0.682212731913383,-0.633079534012293,-0.586382065552082,-0.541836488376553,-0.49930267052068,-0.458683310622378,-0.419926223657957,-0.382943345739572,-0.347688712395098,-0.31409139713263,-0.282078105903962,-0.251542271328279,-0.222326662499377,-0.194132414566808,-0.166239912553697,-0.138309038306169,-0.110341046622818,-0.0823426177169046,-0.0543263524337042,-0.0263015314353168,0.00172612604722675,0.0297569175449475,0.0577784177455159,0.0857777818887608,0.113741836587938,0.141668266832483,0.169563032102726,0.197777411775129,0.227037463588473,0.257640510490855,0.289738649557007,0.323438074087737,0.358818826262174,0.395949779827884,0.434881045529577,0.475702536944179,0.518464285660598,0.563265334439137,0.610241052496553,0.659675855780462,0.71171239586896,0.766295562204999,0.823365529181026,0.882860592983649,0.944714961898943,1.00885944437697,1.07522329949969,1.14373395664781,1.21431465556931,1.28688627830987,1.36136693372192,1.43767216734706,1.51571557692723,1.59540841895561,1.67665962195694,1.7593761046074,1.84346355093132,1.92882645973105,2.01536911589579,2.1030040512309,2.19163433057007,2.28115714500615,2.37146856097976,2.46246530196684,2.55404214965235,2.64609189531185,2.73850691020114,2.83117853279736,2.92399737890662,3.01685377139575
-3.02131664672542,-2.92944179238912,-2.83757950839516,-2.74583837649104,-2.65432613423608,-2.56314972699467,-2.47241628923766,-2.38223227787365,-2.29270212155784,-2.20392833107065,-2.11601403411626,-2.02906135402556,-1.94317101199095,-1.85844247703635,-1.77497366420848,-1.69285911916185,-1.61219210873924,-1.53306512704332,-1.45556894372038,-1.37979238170808,-1.30582173539482,-1.23374113005912,-1.16363170578822,-1.09557174829403,-1.0296375425041,-0.965901275312247,-0.904433783602378,-0.845303193460645,-0.788575593255388,-0.734312878367546,-0.682574659446977,-0.633415395399211,-0.586693152995631,-0.54212394349821,-0.499567560599103,-0.4589266513159,-0.420149002939711,-0.383146504863032,-0.347873168228664,-0.314258028916778,-0.282227753995202,-0.251675719546991,-0.222444611251791,-0.19423540570536,-0.166328106160648,-0.138382414024279,-0.110399584760542,-0.0823863021266872,-0.0543551736529891,-0.0263154849251255,0.00172704179170604,0.0297727041863726,0.0578090703546675,0.0858232887220163,0.11380217891293,0.141743424688683,0.169652988691231,0.197882336657788,0.227157911515323,0.25777719394772,0.289892361720259,0.323609664471423,0.359009186844322,0.396159839125425,0.435111758644199,0.475954906678524,0.518739341360069,0.563564157993309,0.610564797611083,0.66002582704937,0.71208997356579,0.766702097366039,0.823802341103879,0.883328968230807,0.945216152129076,1.00939466454124,1.0757937270198,1.14434073044526,1.21495887384279,1.28756899728438,1.36208916617755,1.43843488125916,1.51651969443299,1.59625481511202,1.67754912350574,1.76030948890882,1.8444415453091,1.92984974084359,2.01643830962272,2.10411973704823,2.19279703652775,2.28236734461194,2.3727266726026,2.46377168918538,2.55539712022483,2.64749570012013,2.73995974302787,2.83268052977807,2.92554861814634,3.01845427281358
-3.0228575119195,-2.93093580159893,-2.83902666803156,-2.74723874834134,-2.65567983503351,-2.5644569280144,-2.47367721639321,-2.38344721137132,-2.29387139486235,-2.205052329927,-2.11709319686436,-2.030096171088,-1.94416202515793,-1.85939027882706,-1.77587889707858,-1.69372247378509,-1.61301432335525,-1.53384698706354,-1.45631128084859,-1.38049607294757,-1.30648770175883,-1.23437033546461,-1.16422515553342,-1.09613048760273,-1.03016265550524,-0.966393882949932,-0.904895042947377,-0.845734296327885,-0.788977765164733,-0.734687376405368,-0.682922771100961,-0.633738435930967,-0.586992365281122,-0.542400425579729,-0.49982233901402,-0.45916070295177,-0.420363278055714,-0.38334190878212,-0.348050582819571,-0.314418299856682,-0.28237168956164,-0.251804073639524,-0.222558057540004,-0.194334465357527,-0.166412933148199,-0.138452988767073,-0.110455888318722,-0.0824283189690972,-0.054382894678288,-0.0263289057676017,0.00172792257942103,0.029787888203468,0.0578385528600871,0.0858670584204279,0.113860217787037,0.141815713539913,0.169739511361945,0.19798325623714,0.227273761576849,0.257908659779484,0.290040206220665,0.323774704725973,0.359192280781517,0.396361879817871,0.435333664734431,0.476197642689146,0.519003897343226,0.563851574539543,0.610876184385584,0.660362438845818,0.712453137968471,0.767093113838059,0.824222478581221,0.883779464163944,0.945698210397041,1.0099094537168,1.07634237957886,1.14492434183324,1.21557850033674,1.28822565478998,1.36278382881401,1.43916848005122,1.51729311631706,1.59706890174148,1.67840467006309,1.76120724308007,1.8453822066538,1.93083396019004,2.01746668895882,2.10519283372961,2.19391535844708,2.28353134720174,2.37393675826139,2.46502820761292,2.55670036743127,2.6488459174104,2.74135711678735,2.83412519094558,2.92704064184539,3.01999367820293
-3.02434028494679,-2.93237348515966,-2.84041926829489,-2.74858632476513,-2.65698249995006,-2.56571484624161,-2.47489060532742,-2.38461634065481,-2.29499658538786,-2.20613395289655,-2.11813167409201,-2.03109197450692,-1.94511567613229,-1.86030234753746,-1.77675000175948,-1.69455327907112,-1.61380553965369,-1.53459937017503,-1.45702563112083,-1.38117323431994,-1.30712856052145,-1.23497581919379,-1.16479623162665,-1.09666816187782,-1.03066797121836,-0.966867918784478,-0.905338912351381,-0.84614914618366,-0.789364774788805,-0.735047755490696,-0.683257758595645,-0.634049297509936,-0.587280296962661,-0.542666484008836,-0.500067512026576,-0.459385930605684,-0.420569474784439,-0.383529945777026,-0.348221308702051,-0.314572528421036,-0.282510198612529,-0.251927588653738,-0.222667226789109,-0.194429790361225,-0.166494562073046,-0.138520902771118,-0.110510069176158,-0.0824687517343102,-0.0544095705930661,-0.0263418206308251,0.00172877016055373,0.0298024997678549,0.0578669238454147,0.0859091779572092,0.113916068537246,0.141885277028781,0.169822772040994,0.198080371046901,0.227385243974596,0.258035169217231,0.290182476834783,0.323933522797017,0.359368471893222,0.396556303373106,0.435547204741988,0.476431227308153,0.519258479299868,0.564128155193055,0.61117583156566,0.660686360039157,0.712802610708096,0.767469388596009,0.824626776453318,0.884212975947534,0.946162094583709,1.01040483482295,1.07687034738491,1.1454859504852,1.21617476628899,1.28885755564751,1.36345230197076,1.43987442143137,1.51803737941861,1.59785229648665,1.67922796165517,1.76207115101659,1.84628740412019,1.93178107347773,2.01845629736015,2.10622547358735,2.19499151850584,2.28465146572379,2.37510122247439,2.4662373540326,2.55795448090791,2.6501452301515,2.74270180815136,2.83551538693481,2.92847641475113,3.02147504646159
-3.02576783911536,-2.93375762900531,-2.84176000775703,-2.7498837170874,-2.65823665328146,-2.56692591926219,-2.47605880733763,-2.38574193125534,-2.29607987352136,-2.20717529594137,-2.11913147815375,-2.03205069394382,-1.94603381289278,-1.86118045056848,-1.77758866627225,-1.69535314494913,-1.61456729084845,-1.53532373434096,-1.45771337880048,-1.38182517802415,-1.30774555353468,-1.23555875454917,-1.16534604069552,-1.09718581302105,-1.03115446884102,-0.967324301399488,-0.905766251941683,-0.846548546921364,-0.789737372072382,-0.735394713963814,-0.683580271067656,-0.634348582521695,-0.587557505992421,-0.542922634351855,-0.500303554731465,-0.45960277072235,-0.42076799269259,-0.383710980224636,-0.348385676707629,-0.314721013472967,-0.282643549549824,-0.252046503936239,-0.222772330546576,-0.194521565436638,-0.166573151115198,-0.138586287639735,-0.11056223232417,-0.0825076787726801,-0.0544352530897407,-0.0263542545411349,0.00172958617754148,0.0298165671937293,0.0578942382877642,0.0859497289513294,0.113969839390783,0.141952249954973,0.169902932070391,0.198173869275526,0.22749257473844,0.258156967410142,0.290319449253699,0.324086426441198,0.359538101601447,0.396743486543854,0.435752792463329,0.476656113174327,0.519503580557284,0.564394435910065,0.6114643198057,0.660998218321801,0.713139068990703,0.767831650782708,0.825016018166001,0.884630343637939,0.946608703600888,1.01088176780601,1.07737865353058,1.14602664468281,1.21674882713987,1.28946592435041,1.3640958810108,1.44055407336828,1.51875392596591,1.59860651740483,1.68002059365118,1.76290288679364,1.84715889179414,1.93269291601673,2.01940905248355,2.10721965766437,2.19602760208011,2.28572987073657,2.3762223217329,2.46740147152062,2.55916189086784,2.65139615614335,2.74399642285424,2.83685381165865,2.92985871909507,3.0229012481755
-3.02714287293897,-2.93509084959084,-2.84305142082538,-2.75113337777619,-2.65944466576085,-2.56809243637432,-2.47718403068269,-2.38682611088322,-2.29712330700854,-2.20817832751811,-2.12009449898484,-2.03297414167148,-1.94691817099851,-1.86202624780324,-1.77839647594918,-1.69612358341011,-1.61530101688212,-1.53602144883102,-1.45837582394087,-1.3824531364331,-1.30833984710391,-1.23612024345674,-1.16587562204722,-1.09768441955133,-1.03162306800242,-0.967763893497606,-0.90617786952073,-0.846933253530473,-0.790096261338214,-0.735728907682289,-0.683890918164142,-0.634636856706398,-0.587824516380199,-0.543169360811229,-0.500530913321549,-0.459811633195866,-0.420959207039694,-0.383885354335391,-0.348543997542076,-0.314864035694609,-0.282771994447555,-0.252161044273258,-0.222873567490636,-0.194609964066711,-0.166648848831964,-0.138649266970313,-0.110612476367052,-0.082545173668208,-0.0544599907160804,-0.0263662310024223,0.00173037217290576,0.0298301170728262,0.0579205478197806,0.085988788056562,0.114021631990997,0.142016758917789,0.169980142977092,0.198263927663247,0.227595956756333,0.258274284594032,0.290451382397152,0.32423370469314,0.359701490558189,0.396923783163522,0.435950816522089,0.476872725390694,0.519739664431769,0.564650920042521,0.611742194436657,0.661298603201231,0.713463148825288,0.768180585184419,0.825390939505084,0.885032356187667,0.947038881676132,1.01134115421512,1.07786825886985,1.14654744650336,1.21730176803987,1.29005191090147,1.36471578249523,1.44120872061187,1.51944411045096,1.59933299020412,1.68078406436785,1.76370402264608,1.84799831705372,1.93357121146815,2.02032675532743,2.10817726527246,2.19702556768454,2.28676860075519,2.3773021752572,2.46852276061488,2.56032487968493,2.65260106001844,2.74524340811348,2.83814299514895,2.93119016785498,3.02427497930183
-3.02846792269129,-2.93637560606469,-2.8442958895337,-2.75233761185229,-2.66060876558817,-2.56921654923902,-2.47826835085655,-2.38787087932654,-2.29812881048055,-2.20914489773589,-2.12102251289389,-2.03386402100521,-1.94777038166334,-1.86284129932939,-1.7791749208092,-1.69686601554115,-1.61600807112507,-1.53669380059166,-1.45901418843353,-1.38305826782693,-1.30891253741392,-1.23666132159252,-1.16638595250371,-1.09816490115702,-1.03207463304184,-0.968187505914069,-0.906574524324275,-0.847303975608987,-0.790442104563769,-0.736050953072223,-0.684190272879054,-0.634914651790769,-0.58808182063128,-0.543407118478184,-0.500750007163685,-0.460012903276683,-0.421143470523921,-0.384053389745357,-0.348696563230912,-0.315001858892927,-0.282895770224561,-0.252271420936429,-0.222971124354582,-0.194695149304247,-0.166721794849096,-0.138709956929317,-0.11066089398081,-0.0825813055808779,-0.0544838291010653,-0.0263777721054775,0.00173112959642866,0.029843174398132,0.0579459009698512,0.086026427318103,0.114071541870237,0.142078922905129,0.170054547177952,0.198350712324319,0.227695580718197,0.258387337162476,0.290578519618109,0.324375629210128,0.359858940137207,0.397097525792345,0.436141642177072,0.477081463502236,0.519967166384115,0.564898080679846,0.612009968003101,0.661588068742554,0.713775447982717,0.768516835416687,0.825752232019464,0.885419755115825,0.947453422280349,1.01178384139645,1.07834006648825,1.14704931657484,1.21783460889805,1.29061659616304,1.36531314984309,1.4418395706703,1.520109205931,1.60003305487615,1.68151978204015,1.76447603628285,1.84880722823336,1.93441757986317,2.02121109861055,2.10910006273543,2.19798725608396,2.28776957173516,2.37834277485581,2.46960328955251,2.5614455925122,2.65376216424282,2.74644506401499,2.83938531532695,2.93247321691111,3.02559877371143
-3.02974537392539,-2.93761421143794,-2.84549565436099,-2.75349858735829,-2.66173104855033,-2.57030028165265,-2.47931372001484,-2.38887811753396,-2.29909819419535,-2.21007674675921,-2.12191719063056,-2.03472193403911,-1.94859197916455,-1.86362707252479,-1.77992540232536,-1.69758177797977,-1.61668972652228,-1.53734200009125,-1.45962962155785,-1.38364166165383,-1.3094646555076,-1.23718296308643,-1.16687795083835,-1.0986281228731,-1.0325099769343,-0.968595901299407,-0.906956930469713,-0.847661380586332,-0.790775524387831,-0.736361429927968,-0.684478874155594,-0.635182467903134,-0.588329881983322,-0.54363633539969,-0.500961230703427,-0.460206943321349,-0.421321114884003,-0.384215388977052,-0.348843648445746,-0.315134731197887,-0.283015099720537,-0.252377832642358,-0.223065176774897,-0.194777274512471,-0.16679212049494,-0.138768466779903,-0.110707572334087,-0.0826161395607714,-0.0545068111621274,-0.0263888986283231,0.00173185981173745,0.0298557626773997,0.0579703433825147,0.0860627144997895,0.114119658883742,0.142138853833915,0.17012627862656,0.198434379501489,0.227791625982011,0.258496328649643,0.290701089808042,0.324512455505941,0.360010733802821,0.397265027227833,0.436325612981209,0.477282703310573,0.52018649599742,0.565136362797645,0.612268122591118,0.661867136085004,0.71407652871072,0.768841006847553,0.826100546162055,0.885793237876001,0.947853071731637,1.01221062634178,1.07879492580454,1.14753315843892,1.21834830901434,1.29116099676612,1.36588905852454,1.44244775929436,1.52075040981054,1.60070797178223,1.68222907121724,1.76522031759856,1.84958708165615,1.93523354496095,2.02206367446019,2.10998971141151,2.1989143986539,2.28873458577439,2.37934599397201,2.47064500366357,2.56252604702477,2.65488155921026,2.74760355395973,2.84058300880357,2.93371017620061,3.02687501469732
-3.03097747205422,-2.93880884284304,-2.84665282416856,-2.75461834497436,-2.6628134873165,-2.57134553852302,-2.48032197563312,-2.38984959595717,-2.30003316206673,-2.21097551252603,-2.12278010479576,-2.03554938875171,-1.94938440764783,-1.86438494856568,-1.78064923964071,-1.69827212884232,-1.61734718123913,-1.53796718668877,-1.46022320507843,-1.38420434336199,-1.30999717185888,-1.23768608484278,-1.16735248185082,-1.09907489891775,-1.03292986489635,-0.96898979750199,-0.907325760123381,-0.848006096683564,-0.791097106872059,-0.736660883983667,-0.684757229276566,-0.635440775791615,-0.588569136460931,-0.543857414476953,-0.501164955214495,-0.460394094399662,-0.421492452370564,-0.384371636781209,-0.34898551172251,-0.315262886162981,-0.283130192684388,-0.252480466433974,-0.223155890070238,-0.194856484045236,-0.166859949382916,-0.138824899366527,-0.110752593474773,-0.0826497368365824,-0.0545289772954992,-0.0263996301283698,0.00173256410235269,0.0298679040374117,0.0579939180209066,0.0860977133846497,0.11416606760818,0.142196657046472,0.170195463407355,0.198515076258973,0.227884261369312,0.258601450633022,0.290819308412115,0.32464442408411,0.360157138367143,0.3974265818921,0.4365030523053,0.477476798540732,0.520398038793682,0.565366185231282,0.61251711196649,0.662136295753314,0.714366920227592,0.769153669282509,0.826436494174687,0.886153460949633,0.948238532505383,1.01262225922335,1.07923363633808,1.14799982255844,1.21884377133428,1.29168606961938,1.36644452083095,1.44303435551478,1.52136884915216,1.60135892724331,1.68291317863721,1.76593817483798,1.85033924809299,1.93602054100692,2.02288598147355,2.1108477750619,2.19980862505964,2.28966533910594,2.38031359599304,2.47164973399907,2.56356814236875,2.65596121251365,2.74872091425897,2.84173818079923,2.93490321996254,3.02810594554514
-3.03216633207814,-2.93996155096556,-2.84776938533599,-2.75569880685892,-2.66385793998414,-2.5723541141217,-2.48129484846721,-2.39078698222086,-2.30093531904589,-2.21184273784359,-2.12361273665444,-2.03634780553881,-1.95014902738351,-1.86511622841022,-1.78134767528306,-1.69893825317427,-1.61798156385211,-1.53857043356976,-1.46079595793144,-1.38474727884203,-1.31051100057699,-1.23817155051252,-1.16781036011362,-1.09950599621975,-1.03333501770109,-0.969369870677876,-0.907681646412485,-0.848338715634937,-0.791407404039911,-0.736949829277466,-0.685025816062012,-0.635690018863486,-0.588799994764599,-0.544070735210858,-0.501361530407199,-0.460574677772231,-0.421657777098849,-0.384522401370359,-0.349122396581484,-0.315386543777015,-0.283241246682892,-0.252579498490838,-0.223243419957627,-0.194932913872386,-0.166925397947033,-0.138879351560482,-0.110796034685452,-0.0826821550808679,-0.0545503655512187,-0.0264099850271427,0.00173324367724864,0.0298796193198367,0.0580166653528816,0.0861314840512212,0.114210847708038,0.142252431766891,0.17026222028185,0.198592941119563,0.227973645896555,0.258702883563362,0.290933378362533,0.324771761479832,0.360298405145958,0.397582467107353,0.43667426473891,0.477664082373545,0.520602157903955,0.565587942490351,0.612757363540479,0.662396009782754,0.714647121014863,0.769455359432995,0.826760652740462,0.886501042690012,0.948610466277519,1.01301944664372,1.0796569511725,1.14845011000172,1.21932184636074,1.29219271605466,1.36698049026018,1.44360036627344,1.52196558555918,1.60198703867935,1.68357327862814,1.76663084026363,1.851065018701,1.9367799189462,2.02367943120999,2.11167572662521,2.20067147031624,2.29056342944641,2.38124724188938,2.47261920526337,2.56457366738871,2.65700297746894,2.74979906295589,2.8428528142641,2.93605439615718,3.02929367925153
-3.03331394753694,-2.94107426872397,-2.84884721016873,-2.75674178478434,-2.66486615794356,-2.57332769967855,-2.48223396987879,-2.39169184818103,-2.30180617791464,-2.21267987691856,-2.12441648240522,-2.0371185232255,-1.95088712052408,-1.86582213830491,-1.78202188042412,-1.69958126796612,-1.6185939381256,-1.53915275228866,-1.46134884053743,-1.38527137851523,-1.31100700327554,-1.23864017414869,-1.16825235341987,-1.09992213766455,-1.03372611472894,-0.969736758152719,-0.908025186104905,-0.848659795192499,-0.791706936213154,-0.737228750327241,-0.68528508489165,-0.635930615061965,-0.589022844009042,-0.544276655308249,-0.501551285908621,-0.460748996250261,-0.421817366293611,-0.384667935554087,-0.349254532558027,-0.315505911395245,-0.283348447936934,-0.252675094874841,-0.223327913211545,-0.195006692155266,-0.166988575934706,-0.138931914669924,-0.110837968810514,-0.082713448654157,-0.0545710117941795,-0.0264199806882524,0.00173389967597035,0.0298909281694442,0.0580386235223007,0.0861640831278419,0.114254074272823,0.142306271521003,0.170326661191301,0.198668104650938,0.228059929448173,0.258800797528461,0.291043490937479,0.324894681218803,0.360434771022444,0.397732944269695,0.436839537379586,0.477844868855884,0.52079919560534,0.565802006428481,0.612989280178907,0.662646713674763,0.71491760092719,0.769746583188102,0.827073565424629,0.886836565939533,0.948969496725143,1.01340285462657,1.08006558014323,1.14888477583319,1.21978333575376,1.29268178564197,1.36749786555253,1.4441467406854,1.52254161966894,1.60259335933891,1.68421047807862,1.76729947537141,1.85176561048853,1.93751295214156,2.02444535416558,2.11247495445193,2.20150438128565,2.29143036275847,2.38214849724504,2.47355504311423,2.56554430819913,2.65800860095956,2.750839807944,2.84392877827116,2.93716563513416,3.0304402074676
-3.03442219875571,-2.94214881926479,-2.84988806464254,-2.75774898763101,-2.66583979312228,-2.57426789037717,-2.48314087858325,-2.39256567642681,-2.30264716554275,-2.21348830137206,-2.12519265895553,-2.03786280460395,-1.95159989640762,-1.86650383485678,-1.78267295972386,-1.70020222677362,-1.61918530741201,-1.53971509695298,-1.46188275877391,-1.38577750109934,-1.31148599263646,-1.23909272357363,-1.1686791859591,-1.10032400508438,-1.03410379677779,-0.970091061057957,-0.908356942077606,-0.848969861433123,-0.791996194164076,-0.737498104134724,-0.685535460567783,-0.636162958594941,-0.589238049324433,-0.544475512161522,-0.501734532626073,-0.460917335448073,-0.421971481435789,-0.384808477784721,-0.349382136152005,-0.315621184597056,-0.283451972091768,-0.252767412217091,-0.223409508271035,-0.19507793977684,-0.16704958686071,-0.138982674817545,-0.110878464557458,-0.0827436688298014,-0.0545909498524803,-0.0264296334892167,0.00173453317334728,0.0299018491153623,0.0580598285068052,0.0861955640268824,0.114295818127647,0.142358264523237,0.170388891719732,0.198740690005741,0.228143253396546,0.258895352956696,0.291149826552297,0.325013384700427,0.360566459427001,0.39787825993034,0.436999141020383,0.478019454199654,0.520989474736761,0.566008727781448,0.613213241868532,0.662888818198312,0.715178803135815,0.770027817707087,0.827375744922942,0.887160580440523,0.949316212106244,1.01377311137156,1.08046019277359,1.1493045322366,1.22022899564649,1.29315407970358,1.36799749440809,1.44467437396475,1.52309789529184,1.60317888265579,1.68482582101618,1.76794517569502,1.8524421713491,1.93822084164054,2.0251850052765,2.11324676804703,2.20230872266142,2.29226755948,2.38301883873326,2.47445878088706,2.56648165515878,2.65897973066208,2.75184485444513,2.84496783574728,2.93823875761709,3.03154740873705
-3.03549286044751,-2.94318692333404,-2.85089361554379,-2.75872202829683,-2.66678040466412,-2.57517619180463,-2.4840170268711,-2.39340986627485,-2.3034596286571,-2.21426930578552,-2.12594250924616,-2.0385818415392,-1.95228849644741,-1.86716240970981,-1.78330195579691,-1.70080212397753,-1.61975661870853,-1.54025836808093,-1.46239856763807,-1.38626645708061,-1.31194873569583,-1.23952992348347,-1.16909154124536,-1.10071224201505,-1.0344686686539,-0.970433346761329,-0.908677445592497,-0.84926941088557,-0.792275641099802,-0.737758322033274,-0.685777344032879,-0.636387421528869,-0.589445955332707,-0.544667624212782,-0.501911564004157,-0.461079964937916,-0.422120369319746,-0.38494425312146,-0.349505411703156,-0.31573254797675,-0.283551984927195,-0.252856598351212,-0.223488335799448,-0.195146770830449,-0.167108528425716,-0.139031713288794,-0.110917586774694,-0.0827728640012878,-0.0546102116541999,-0.0264389588876786,0.00173514518383896,0.0299123996459954,0.0580803142632829,0.0862259771607056,0.114336146119597,0.14240849403329,0.170449011520842,0.198810813419509,0.228223751173603,0.258986701265678,0.291252555488959,0.325128062012128,0.360693681240635,0.398018646792486,0.437153331244747,0.478188117979452,0.521173300004274,0.566208437585281,0.613429607253429,0.66312271105075,0.71543114592042,0.770299513348642,0.827667675134623,0.887473605057975,0.949651167638182,1.01413080979433,1.08084142098185,1.14971005139454,1.22065953970242,1.29361035455397,1.36848017691428,1.44518411104417,1.52363530322737,1.60374454626564,1.68542029282852,1.76856897523537,1.85309578470255,1.93890472103157,2.02589956899306,2.11399240336461,2.20308578248646,2.29307636026728,2.38385966008717,2.47533186579453,2.56738720930085,2.65991792170815,2.75281581190406,2.84597165060118,2.93927548206513,3.03261705609157
-3.03652760872905,-2.94419020607961,-2.8518654370585,-2.75966243007317,-2.66768946509279,-2.57605402590329,-2.48486378634906,-2.39422573930108,-2.30424483916556,-2.2150241128183,-2.12666720716483,-2.03927675968076,-1.95295399864413,-1.86779889386037,-1.78390985333416,-1.7013818987146,-1.62030876640078,-1.54078341616135,-1.46289707462668,-1.38673901191772,-1.31239595687609,-1.23995245831297,-1.16949006481925,-1.10108745623997,-1.03482130156276,-0.970764151109774,-0.908987198396581,-0.849558912493341,-0.792545714493423,-0.738009811392995,-0.686011113954562,-0.636604355259599,-0.589646887509912,-0.5448532922127,-0.502082657184808,-0.461237139315622,-0.422264263028885,-0.385075474120064,-0.349624552198876,-0.31584017587326,-0.283648643012923,-0.252942792897748,-0.223564519200973,-0.195213293070839,-0.167165492902513,-0.139079106853207,-0.110955396707903,-0.0828010798735436,-0.0546288273536139,-0.0264479714825133,0.00173573666554548,0.0299225962781582,0.0581001128621064,0.0862553701409539,0.114375121381985,0.142457038685263,0.170507114711945,0.198878584670174,0.228301548798303,0.259074985460831,0.291351838569217,0.325238892680792,0.3608166356286,0.398154324631217,0.437302349436873,0.47835112423777,0.521350959185618,0.5664014484849,0.613638715052765,0.663348758390426,0.715675024322655,0.770562095451235,0.827949813075282,0.88777612983071,0.949974887692536,1.01447650987038,1.08120986157927,1.15010196814567,1.2210756419366,1.29405132448962,1.36894666870869,1.44567674991508,1.52415468478555,1.60429123571265,1.68599482415897,1.76917185054822,1.85372747377807,1.93956566092515,2.02659016396197,2.11471302769389,2.20383677724491,2.29385803129479,2.3846722776093,2.47617566464768,2.56826238826684,2.66082464283222,2.75375420035091,2.84694179430112,2.94027743146639,3.03365082405994
-3.03752802760058,-2.94516020333407,-2.85280501685817,-2.76057163253396,-2.66856836600468,-2.57690273646801,-2.48568245324276,-2.39501454444991,-2.3050039990741,-2.21575387793455,-2.12736786208442,-2.03994862281442,-1.95359742175343,-1.86841426164306,-1.78449758290964,-1.70194243850823,-1.62084259572048,-1.54129104494168,-1.46337904285788,-1.38719588900109,-1.31282834078671,-1.24036097488155,-1.16987536674358,-1.10145022213983,-1.03516223531741,-0.971083980501012,-0.909286674661723,-0.849838809427621,-0.792806827775271,-0.738252957195647,-0.686237128189542,-0.636814091870876,-0.589841153444498,-0.54503280038321,-0.502248074078722,-0.46138909918488,-0.422403382836753,-0.385202341654602,-0.349739740020309,-0.315944233044163,-0.283742094313856,-0.253026127803944,-0.223638175097718,-0.195277608330743,-0.167220567492742,-0.139124928061198,-0.110991952236805,-0.0828283596396326,-0.0546468254477716,-0.0264566850702669,0.00173630852391134,0.0299324546209296,0.0581192546111154,0.0862837879626171,0.114412803578431,0.142503972791666,0.170563290237831,0.198944107502464,0.228376765363817,0.259160340688247,0.291447827776337,0.325346046366818,0.360935510810372,0.398285501143164,0.437446423714902,0.478508722505782,0.521522724242771,0.566588055942807,0.613840885370294,0.663567306252266,0.715910811673364,0.770815965977478,0.828222590643746,0.888068617865868,0.95028786782234,1.0148107407999,1.08156607857743,1.15048088243903,1.22147793932137,1.29447766455056,1.36939768390037,1.44615304471266,1.52465683503948,1.60481978787303,1.68655029450429,1.76975472451953,1.85433820556991,1.94020467309293,2.02725784735108,2.11540974417185,2.20456285656505,2.29461376915027,2.38545793526052,2.47699146913996,2.56910853178712,2.66170128204962,2.75466145627761,2.84787975195018,2.94124613961234,3.03465029514175
-3.03849561493601,-2.94609836742264,-2.8537137617256,-2.76145099697962,-2.6694184233313,-2.57772359422793,-2.48647425329852,-2.39577746275726,-2.30573824503244,-2.2164596937727,-2.12804552305823,-2.04059843688508,-1.95421972913846,-1.86900943441528,-1.78506602449952,-1.70248458262481,-1.62135890594185,-1.54178201446747,-1.46384519395704,-1.38763777238842,-1.3132465348131,-1.2407560848393,-1.17024802391039,-1.10180108286469,-1.03549198037981,-0.97139331379856,-0.909576322777783,-0.850109520763182,-0.793059371896352,-0.738488123490487,-0.686455725136896,-0.637016945390157,-0.590029044000504,-0.545206417492337,-0.502408062355802,-0.461536072067112,-0.422537937040026,-0.385325045677075,-0.349851147632046,-0.316044875288717,-0.283832478749651,-0.253106727842715,-0.223709413770737,-0.195339812905976,-0.167273834656653,-0.139169245518424,-0.11102730809405,-0.0828547441440958,-0.0546642328842609,-0.0264651126973303,0.00173686161514963,0.0299419894346816,0.0581377681702317,0.0863112731741861,0.114449249128479,0.142549366624437,0.170617622207125,0.199007480020224,0.228449513487905,0.259242894745763,0.291540666829848,0.325449683505714,0.361050484771433,0.398412372731932,0.437585769793578,0.478661148746983,0.521688852350406,0.56676853935641,0.614036420904866,0.663778681856341,0.716138861004392,0.771061505034188,0.828486416255341,0.888351507090207,0.950590576636073,1.01513400300909,1.08191060532107,1.15084736160281,1.22186703419518,1.29489001307306,1.36983389777035,1.44661370856775,1.52514250583199,1.60533099411978,1.68708753554065,1.77031846985543,1.85492889449426,1.94082271429378,2.02790361884715,2.11608359595497,2.20526510756678,2.29534470535977,2.38621780936419,2.47778050073201,2.56992690674732,2.66254915190557,2.75553893807013,2.84878692790239,2.9421830568981,3.03561696579181
-3.03943178802493,-2.94700607253676,-2.8545930027599,-2.76230181147381,-2.67024088220821,-2.57851780154807,-2.48724034631863,-2.3965156117204,-2.30644865253952,-2.21714259418822,-2.1287011827014,-2.04122715371867,-1.95482183233428,-1.86958528396623,-1.78561601073806,-1.70300912517893,-1.62185845333884,-1.54225704389448,-1.46429621072671,-1.38806530933574,-1.31365115151189,-1.24113836693009,-1.17060858217546,-1.10214055234362,-1.03581101974951,-0.971692604103493,-0.909856567011643,-0.850371443028943,-0.793303716774862,-0.738715654741247,-0.686667224990129,-0.6372132129505,-0.590210834393735,-0.545374397848619,-0.502562856361533,-0.461678273243282,-0.422668122729207,-0.385443765920236,-0.349958938220234,-0.31614225002432,-0.283919928712409,-0.253184711074307,-0.223778339568056,-0.195399997911719,-0.167325372418206,-0.139212124139613,-0.111061516067713,-0.0828802720340738,-0.0546810751609127,-0.0264732667082101,0.00173739674940991,0.0299512146856905,0.0581556806574976,0.0863378660350802,0.114484511416354,0.142593286674945,0.170670190203478,0.199068795049402,0.228519899729587,0.259322768555802,0.291630491717291,0.325549955901697,0.361161725921797,0.398535125234786,0.43772059178238,0.478808626230235,0.521849586847425,0.566943163091781,0.614225608070396,0.663983194818577,0.716359506354777,0.771299072278769,0.828741676353009,0.888625211870409,0.950883457531489,1.0154467700016,1.08224394646145,1.15120194244343,1.2222434964912,1.29528897405144,1.37025594927014,1.44705941624538,1.52561240855744,1.60582560325072,1.68760733420077,1.77086391231128,1.85550040577252,1.94142068981382,2.0285284243547,2.11673557007884,2.2059445588839,2.29605191057421,2.38695301295851,2.47854391517092,2.57071871187574,2.6633694943315,2.75638793103448,2.84966465095878,2.94308955568882,3.036552251957
-3.04033788870437,-2.94788461970968,-2.85544400019617,-2.76312529550727,-2.67103692148344,-2.57928649678286,-2.48798183036068,-2.39723004934411,-2.30713623983772,-2.21780355799695,-2.12933578078502,-2.04183567446856,-1.95540459434837,-1.87014263567347,-1.78614832993237,-1.70351681800873,-1.62234195392349,-1.5427168140926,-1.46473273961895,-1.38847911264097,-1.31404277082891,-1.24150836908707,-1.17095755833471,-1.10246911714552,-1.0361198107125,-0.971982280395047,-0.910127809043399,-0.850624951643725,-0.793540212635572,-0.738935877073365,-0.686871930896531,-0.637403175866425,-0.590386785188277,-0.545536982221919,-0.502712677965494,-0.461815906533399,-0.422794126502245,-0.385558672548364,-0.350063266283442,-0.316236496820276,-0.284004569546043,-0.253260189273763,-0.223845051282504,-0.195458249612438,-0.167375254647587,-0.139253625383618,-0.111094625188821,-0.0829049798992407,-0.0546973764181251,-0.0264811587902255,0.00173791469371163,0.0299601435967073,0.0581730177472672,0.0863636046614196,0.114518640984252,0.142635795894743,0.170721069573731,0.19912814047415,0.228588024974979,0.259400076603217,0.291717431186614,0.325647007277351,0.361269393705801,0.398653934595529,0.437851082924568,0.478951366338193,0.522005158118039,0.56711217744088,0.614408718032921,0.664181138271803,0.716573063980249,0.771529008221468,0.828988736806541,0.888890124513431,0.951166930301083,1.01574949007312,1.08256657978359,1.15154513318926,1.22260786580094,1.29567511932507,1.37066444333523,1.44749080658795,1.52606721673751,1.60630432419979,1.68811043552325,1.77139183368148,1.8560535585641,1.94199945674423,2.02913315942091,2.117366601032,2.20660218438861,2.29673639844606,2.38766459982661,2.47928280667506,2.5714850820837,2.66416348514186,2.75720965205054,2.85051417917869,2.94396693528871,3.0374574942031
-3.04121518811448,-2.94873524142759,-2.85626794787195,-2.76392260431982,-2.67180765789544,-2.58003075831068,-2.48869974562933,-2.39792177789047,-2.30780197152161,-2.21844351244426,-2.12995020756678,-2.04242485280937,-1.95596883271922,-1.87068227142816,-1.7866637288563,-1.70400837334049,-1.62281008598358,-1.54316197005898,-1.46515539302639,-1.38887976281574,-1.31442194215457,-1.24186661037462,-1.17129544195581,-1.10278723820362,-1.03641878646191,-0.972262749050981,-0.910390429389963,-0.85087040224679,-0.793769191251084,-0.739149099429827,-0.68707013003158,-0.637587100630928,-0.590557143219964,-0.545694398696738,-0.502857737347702,-0.461949165018875,-0.422916125125871,-0.385669926760354,-0.350164278180229,-0.316327747892451,-0.284086519990518,-0.253333268327075,-0.223909642501847,-0.195514649727611,-0.167423551323004,-0.139293807471227,-0.111126681905118,-0.0829289024014834,-0.0547131595244189,-0.0264888000149302,0.00173841617466258,0.0299687886938203,0.058189803761198,0.0863885251611135,0.11455168571147,0.14267695391868,0.170770331694954,0.199185599548295,0.228653984794844,0.259474927341036,0.291801607202461,0.325740973782999,0.361373639167191,0.398768967488076,0.437977426282059,0.479089569316461,0.522155784408293,0.56727581950862,0.614586007671649,0.664372789904662,0.716779833474081,0.771751635432183,0.829227944209275,0.889146616656882,0.951441392619884,1.0160425879001,1.08287895789965,1.15187741529179,1.22296065328665,1.296048990605,1.37105995302909,1.44790848477941,1.5265075684083,1.60676782854952,1.68859754529312,1.7719029745703,1.85658912886966,1.94255982701892,2.02971867240958,2.11797757406792,2.20723890664303,2.29739912922181,2.38835356823132,2.47999821181206,2.57222709248788,2.6649322382014,2.7580052538849,2.85133670433854,2.94481642654602,3.03833396246599
-3.04206489110919,-2.94955910590619,-2.85706597736966,-2.76469483290898,-2.67255414994805,-2.58075160827564,-2.4893950780856,-2.39859174735653,-2.30844676188504,-2.21906333642234,-2.13054530688005,-2.04299549789909,-1.95651532235311,-1.87120493234818,-1.78716291534165,-1.70448446626002,-1.62326349243613,-1.54359312315607,-1.46556475140722,-1.38926781009973,-1.3147891862302,-1.24221358278946,-1.17162269707692,-1.10309535241484,-1.03670835760113,-0.972534395257649,-0.910644788725412,-0.851108131931859,-0.793990967093039,-0.739355614643146,-0.687262094595398,-0.637765239840186,-0.59072214245287,-0.545846863463645,-0.502998233727901,-0.462078231712495,-0.42303428614895,-0.385777681349052,-0.350262112636986,-0.316416128562041,-0.284165892593856,-0.253404048598592,-0.223972201933525,-0.195569275715286,-0.167470328773512,-0.139332725587187,-0.111157730242235,-0.0829520723951734,-0.0547284461557889,-0.0264962008765289,0.00173890188098005,0.0299771618499194,0.0582060617526452,0.0864126617591498,0.114583690980541,0.142716817271821,0.170818044222109,0.199241251184227,0.228717869776214,0.259547423566779,0.291883135369382,0.325831984469123,0.361474605473229,0.39888038189479,0.438099795370633,0.47922342496843,0.522301672583339,0.567434314035593,0.614757720470291,0.664558412925154,0.716980098806647,0.771967259659749,0.829459627080729,0.889395040558571,0.951707221425342,1.01632646601338,1.08318150981937,1.15219924509625,1.22330234345497,1.29641110135366,1.37144302153163,1.44831302444513,1.52693406833418,1.60721675286144,1.68906933249078,1.77239803696172,1.85710785222371,1.94310257023185,2.03028576744485,2.11856932827671,2.20785560010042,2.29804101307395,2.38902086437902,2.48069111309563,2.57294576214075,2.66567680929007,2.75877582919071,2.85213335606712,2.94563919612388,3.03918286045812
-3.04288814035008,-2.95035732105998,-2.85783916186153,-2.76544301975047,-2.67327740150709,-2.58145001606064,-2.49006876279703,-2.39924085870225,-2.30907147802765,-2.21966386345664,-2.13112187900108,-2.0435483771285,-1.95704479815707,-1.87171132129623,-1.78764656068324,-1.70494573700644,-1.62370278301202,-1.54401085318892,-1.46596136525744,-1.38964377633023,-1.31514499691743,-1.24254975293233,-1.17193976378342,-1.10339387412427,-1.03698891353895,-0.972797584318796,-0.910891229106492,-0.851338460392496,-0.794205838400632,-0.739555700430363,-0.687448082737638,-0.637937833051822,-0.590882004774273,-0.545994581553848,-0.503134356042482,-0.462203280180266,-0.423148768471783,-0.385882081220419,-0.350356901219302,-0.316501757681395,-0.28424279409456,-0.253472625272041,-0.224032813706062,-0.19562220103527,-0.167515649904378,-0.139370432067712,-0.111187811953282,-0.0829745210388,-0.0547432568693555,-0.0265033713275346,0.00173937246583105,0.0299852743250375,0.0582218135849921,0.0864360469138863,0.114614699831435,0.142755439561511,0.170864271317937,0.19929517022102,0.228779765830181,0.259617662771752,0.291962125324634,0.325920161724861,0.361572428401144,0.398988327643272,0.438218354749503,0.479353113300186,0.522443018830333,0.567587874161694,0.61492408734438,0.664738256954966,0.717174129290284,0.772176170870804,0.829684096982846,0.889635730293407,0.951964774198092,1.01660150616591,1.0834746424078,1.15251105539216,1.22363339580318,1.29676193852949,1.3718141639848,1.44870496960101,1.52734729006272,1.60765170083892,1.68952643156512,1.77287768660455,1.8576104261938,1.94362841625196,2.03083520714344,2.1191426594362,2.20845309407633,2.29866291319353,2.38966738563464,2.48136244232391,2.5736420574932,2.66639819969043,2.75952241422045,2.85290520568386,2.94643635046442,3.04000532975854
-3.04368602010916,-2.95113093818948,-2.85858851968106,-2.76616815025431,-2.6739783651412,-2.58212690151351,-2.49072168704955,-2.39986996684886,-2.30967694274065,-2.22024588447974,-2.1316806833123,-2.04408421867495,-1.95755795748467,-1.87220210521901,-1.78811530187298,-1.70539279310286,-1.62412853628509,-1.54441571033474,-1.4663457569429,-1.39000815667887,-1.31548984284173,-1.24287556356085,-1.17224705967247,-1.10368319650414,-1.03726082378551,-0.97305266287128,-0.911130075110982,-0.851561690986047,-0.794414088173142,-0.739749620317283,-0.687628339416599,-0.63810510758216,-0.591036940733096,-0.546137747521539,-0.503266283573258,-0.46232447511903,-0.423259722874926,-0.385983263875777,-0.350448768769814,-0.316584748029551,-0.284317325776834,-0.253539088667295,-0.224091557649047,-0.195673495393601,-0.167559574406438,-0.139406976574651,-0.111216966657801,-0.0829962778986656,-0.0547576111717772,-0.0265103208118911,0.00173982854900599,0.0299931368038245,0.0582370800044114,0.0864587114250699,0.114644753104796,0.142792871655782,0.170909073866486,0.199347427673502,0.228839754477816,0.259685737465488,0.292038681103049,0.326005621685307,0.361667236790003,0.399092946904991,0.43833326056897,0.479478805119574,0.52258000931134,0.56773670213545,0.615085327409749,0.664912558860212,0.717362180475574,0.7723786442148,0.829901649556875,0.889869002865193,0.952214390151639,1.01686807060318,1.08375874173935,1.15281325685367,1.22395424634846,1.29710196420752,1.37217386920701,1.44908483646394,1.52774777783343,1.60807324533631,1.68996944454489,1.77334255522811,1.85809751270206,1.94413805765217,2.03136771515263,2.11969832266028,2.20903217550863,2.29926564866286,2.3902939835081,2.48201308368053,2.57431689561084,2.66709735951985,2.76024599227441,2.85365326976417,2.94720893947099,3.04080245361201
-3.04445955980382,-2.95188095540865,-2.8593150176431,-2.76687115997745,-2.67465794522746,-2.58278313794584,-2.49135469324025,-2.40047988346611,-2.31026393718924,-2.22081015041,-2.13222244077807,-2.04460371387647,-1.95805546240952,-1.87267791732159,-1.7885697436766,-1.70582621133711,-1.62454130155843,-1.54480821693664,-1.46671842240234,-1.39036142126595,-1.31582416892025,-1.243191435033,-1.17254498121451,-1.10396369283563,-1.037524439157,-0.973299960015187,-0.911361634895874,-0.851778111722638,-0.794615985092581,-0.739937624497624,-0.687803097197856,-0.638267279247311,-0.591187150226338,-0.54627654607818,-0.503394186531959,-0.462441972893424,-0.423367292510765,-0.386081359860091,-0.350537833815222,-0.31666520667992,-0.284389583800794,-0.253603524534837,-0.224148509553394,-0.195723224969805,-0.167602158950693,-0.139442406257405,-0.111245231970931,-0.0830173710452777,-0.054771527582848,-0.0265170582957612,0.00174027071893929,0.0300007594303805,0.0582518807075018,0.0864806845342522,0.11467388957509,0.142829161849189,0.170952509671605,0.199398090963774,0.228897913115939,0.259751735477352,0.292112901476214,0.326088474610145,0.361759152960746,0.399194374658789,0.438444661079502,0.479600662593064,0.522712820770264,0.567880989973392,0.615241648696903,0.665081543523662,0.717544494984488,0.77257494092105,0.830112565487216,0.890095159240132,0.952456391338272,1.01712650324428,1.08403417435646,1.15310623937842,1.22426530904932,1.29743161708587,1.37252260128673,1.44945311513478,1.52813604835206,1.6084819302266,1.69039894300153,1.77379324260179,1.85856974018319,1.94463215196727,2.03188397850953,2.1202370348607,2.20959359152305,2.29984999712589,2.39090146643043,2.48264387661719,2.57497114716379,2.66777519082817,2.7609474969066,2.85437851345369,2.94795795993107,3.04157526046066
-3.0452097372853,-2.95260832083336,-2.8600195741322,-2.76755293761239,-2.67531700084037,-2.58341955492283,-2.49196858156838,-2.40107137956515,-2.31083320340805,-2.22135737455035,-2.13274783624783,-2.04510751944017,-1.95853794184027,-1.87313935909016,-1.78901046056556,-1.70624653960422,-1.62494160061914,-1.54518886917221,-1.46707983273168,-1.39070401666223,-1.31614839778311,-1.24349776664996,-1.17283390501976,-1.10423571770128,-1.03778009289634,-0.973539788365139,-0.911586201181793,-0.851987996185242,-0.794811784381988,-0.740119950632259,-0.687972576997166,-0.638424553052612,-0.591332823137646,-0.546411152682562,-0.503518226603973,-0.462555922035377,-0.42347161336082,-0.386176493178992,-0.350624208944919,-0.316743235342332,-0.284459659509649,-0.253666014329689,-0.224203741413456,-0.195771452628308,-0.167643457369352,-0.139476765903536,-0.111272643623576,-0.0830378271430206,-0.0547850236946575,-0.02652359229617,0.00174069953458932,0.0300081518406621,0.0582662344042096,0.0865019940182002,0.114702146074473,0.142864356017091,0.170994633641603,0.199447224136592,0.228954315264367,0.259815740237114,0.292184880267993,0.326168825235869,0.361848293106949,0.399292739122077,0.438552697105323,0.479718839763794,0.522841621097454,0.568020920073453,0.615393248815561,0.665245424563135,0.717721303285443,0.772765309133222,0.83031711139807,0.890314485308262,0.952691083677859,1.01737713078048,1.08430128844051,1.15339037333308,1.22456697712806,1.29775131388715,1.37286080106507,1.44981027116397,1.52851259244128,1.60887827213875,1.69081546987496,1.77423031845096,1.85902770559197,1.94511132379448,2.03238464983583,2.12075947703728,2.21013805181986,2.30041669727241,2.39149060233627,2.48325561853531,2.57560563920815,2.6684325504792,2.76162781490691,2.85508185355144,2.94868435870052,3.04232472722932
-3.04593748190003,-2.95331393554969,-2.86070306197793,-2.76821432776943,-2.67595634844137,-2.58403694086038,-2.49256411254056,-2.4016451879123,-2.31138544662426,-2.22188823482147,-2.13325752060008,-2.04559625949824,-1.95900599348956,-1.87358700217515,-1.78943799851555,-1.70665429862174,-1.62532992937188,-1.54555813860693,-1.46743043565882,-1.39103636728703,-1.31646293109652,-1.24379493790619,-1.17311418901725,-1.10449960809514,-1.03802810171644,-0.973772445028995,-0.911804052169414,-0.852191604386166,-0.79500172860446,-0.740296824593268,-0.688136988772115,-0.638577123834424,-0.591474139931786,-0.546541734090119,-0.503638557454537,-0.462666463709127,-0.423572814661454,-0.386268781687007,-0.350708001163475,-0.316818930681458,-0.28452763971567,-0.253726635466424,-0.224257321652419,-0.19581823811524,-0.167683520824359,-0.139510098078994,-0.111299235574263,-0.0830576715336328,-0.0547981162266673,-0.0265299309076688,0.00174111552718797,0.0300153231926491,0.0582801588764027,0.086522666275858,0.114729557608097,0.142898497759269,0.171035497961147,0.199494888059873,0.22900903079608,0.259877831036137,0.292254706648265,0.32624677310368,0.361934767658582,0.399388162152235,0.43865750248529,0.479833483033829,0.52296656985532,0.568156665786,0.615540315573324,0.665404405000272,0.717892824414826,0.772949984686204,0.830515540688159,0.890527252778488,0.952918757915587,1.01762026369806,1.0845604149019,1.15366601071286,1.22485962430178,1.29806145066308,1.37318888751591,1.45015674700907,1.52887787657724,1.60926276207519,1.69121954117345,1.7746543242407,1.85947197627219,1.94557616674885,2.03287034938088,2.12126629640991,2.21066623089579,2.30096645115064,2.39206212106804,2.48384906728246,2.57622115777512,2.66907025283337,2.76228778907735,2.85576416138007,2.94938903566787,3.04305178238398
-3.04664367734163,-2.95399865637908,-2.86136631113328,-2.76885613356854,-2.67657676438438,-2.58463604544457,-2.49314200930457,-2.40220200527776,-2.31192133742171,-2.22240337584208,-2.13375211273985,-2.04607052752323,-1.95946018570817,-1.87402139014543,-1.78985287668199,-1.70704998352769,-1.62570675936068,-1.54591647364128,-1.46777065691769,-1.39135887671064,-1.31676815079537,-1.24408330965402,-1.17338617355326,-1.10475568445688,-1.03826876677212,-0.9739982125196,-0.912015452393186,-0.852389183564977,-0.795186048407521,-0.740468461157071,-0.688296532166406,-0.638725176858046,-0.59161127220844,-0.54666844886465,-0.503755325200297,-0.462773732144409,-0.423671019300477,-0.386358337449225,-0.350789312219012,-0.316892384613454,-0.284593606966597,-0.25378546155673,-0.224309315332275,-0.195863638241789,-0.167722397964399,-0.139542443258731,-0.111325040113352,-0.0830769283139754,-0.0548108210770187,-0.0265360818271752,0.00174151920187136,0.0300222821944482,0.0582936710324394,0.0865427264093575,0.114756157461535,0.142931628533727,0.171075152251403,0.199541140611478,0.229062126151646,0.259938083270708,0.29232246540656,0.326322412864959,0.362018681620898,0.399480759620573,0.438759204483614,0.479944731613439,0.523087818767989,0.568288391945802,0.615683027552004,0.665558677883553,0.718059266649168,0.773129191829821,0.830708094308348,0.890733720012389,0.953139690514187,1.0178561972311,1.08481186839551,1.15393348622171,1.22514360592924,1.2983624040099,1.3735072590316,1.45049296339251,1.52923234432111,1.60963586691849,1.69161164755706,1.77506577483731,1.85990309169765,1.9460272452849,2.03334166692519,2.12175810840468,2.21117877011382,2.30149992632166,2.3926167166157,2.484424943478,2.57681845028325,2.66968907224678,2.76292822081852,2.85642626545969,2.95007284651588,3.04375730878104
-3.04732916430951,-2.95466329845624,-2.86201011117173,-2.76947911905569,-2.67717898725151,-2.58521758188712,-2.49370295982502,-2.40274249453191,-2.31244151375849,-2.22290341086845,-2.13423220146071,-2.04653088811361,-1.95990105919507,-1.87444304012374,-1.7902555889619,-1.70743406537025,-1.62607253918765,-1.5462643008598,-1.46810090152904,-1.39167192886857,-1.31706442023239,-1.24436322518929,-1.17365018241529,-1.10500425163591,-1.03850237456619,-0.974217359604762,-0.912220653517219,-0.852580968932344,-0.795364963217045,-0.740635064650621,-0.688451397110523,-0.638868888375099,-0.591744383218489,-0.546791447855386,-0.503868668848912,-0.462877855040309,-0.423766344186862,-0.38644526707845,-0.350868238909318,-0.316963684582494,-0.284657639793989,-0.253842562630882,-0.224359784349567,-0.195907707055117,-0.167760135071262,-0.139573839948482,-0.111350087960189,-0.0830956204085299,-0.0548231533703639,-0.0265420523771304,0.00174191103919913,0.0300290371304925,0.0583067869580397,0.0865621982995427,0.114781977300923,0.142963787781422,0.171113643719332,0.199586036853353,0.229113664539111,0.259996568668873,0.292388237207163,0.326395834566029,0.362100134890352,0.399570641760934,0.438857924172741,0.480052717939924,0.523205512177785,0.568416255367957,0.615821554644906,0.665708426869113,0.718220828131764,0.773303143903515,0.830895001486562,0.890934132801537,0.953354144485708,1.01808521224968,1.08505594826737,1.15419311827927,1.22541926008004,1.29865453220137,1.3738162946216,1.45081932056739,1.52957641765358,1.60999803083612,1.69199225581385,1.77546516005746,1.86032156509523,1.94646509639486,2.03379916355477,2.12223549850551,2.21167627963285,2.30201775786783,2.39315504920463,2.48498393268113,2.57739822778706,2.67028974540095,2.76354987254059,2.8570689540006,2.95073660529594,3.04444214632343
-3.04799474298918,-2.95530863763393,-2.86263521361662,-2.77008401145689,-2.67776372003209,-2.5857822290296,-2.49424761891303,-2.40326728660093,-2.31294658284902,-2.22338892360352,-2.13469834718183,-2.04697787865942,-1.96032912859254,-1.87485244431229,-1.79064660545107,-1.70780699249745,-1.62642769583642,-1.54660202628961,-1.46842155499539,-1.39197588919416,-1.31735208525005,-1.24463501126417,-1.17390652378726,-1.1052455997907,-1.03872919779467,-0.974430142100172,-0.912419895077747,-0.852767184363962,-0.795538681884617,-0.740796829554203,-0.688601764382059,-0.639008426143511,-0.591873628345631,-0.546910874642023,-0.503978720709167,-0.462978953942001,-0.423858900595653,-0.38652967204974,-0.350944873367429,-0.317032913818757,-0.284719812944915,-0.253898005344343,-0.224408787617999,-0.195950495997817,-0.167796776196386,-0.139604324798362,-0.11137440835373,-0.08311376963703,-0.0548351275024868,-0.0265478495271015,0.00174229149657247,0.0300355958859821,0.0583195219637404,0.0865811046764212,0.114807047266386,0.14299501304262,0.171151017296953,0.199629629193965,0.229163706120482,0.260053355502052,0.292452098827087,0.326467123913818,0.362179222549313,0.399657913494915,0.438953776790553,0.480157568068331,0.523319787471072,0.568540405310532,0.615956058558055,0.665853826762565,0.718377697457237,0.773472043965751,0.831076480404073,0.891128725092627,0.953562370167454,1.01830757608857,1.08529293943783,1.15444520996032,1.22568690853191,1.29893817624581,1.37411635503063,1.45113619949833,1.52991049821974,1.61034967659077,1.69236181023706,1.77585294611315,1.86072788495905,1.94689023119292,2.0342433733165,2.12269902398139,2.21215934020776,2.30252055026643,2.39367774724347,2.48552668741346,2.57796116707486,2.67087297347618,2.76415346991264,2.85769297722868,2.95138108682974,3.04510709443859
-3.04864117536752,-2.95593541272787,-2.86324233411567,-2.77067150328241,-2.67833163215667,-2.58633063330754,-2.49477661012084,-2.40377698229231,-2.31343712292097,-2.22386046988593,-2.13515108356951,-2.0474120108972,-1.96074488397527,-1.87525007141693,-1.79102637380421,-1.7081691918544,-1.6267726359076,-1.54693003657523,-1.46873298441646,-1.39227110567598,-1.31763147518127,-1.24489897903261,-1.17415549114124,-1.10548000522837,-1.03894949613584,-0.974636803609591,-0.912613405176206,-0.852948043048325,-0.795707403291824,-0.740953941064155,-0.688747806128785,-0.639143949912916,-0.591999155555981,-0.54702686595016,-0.504085606773788,-0.46307714459243,-0.423948794489934,-0.386611648994018,-0.351019303328202,-0.317100151579244,-0.284780197598224,-0.253951853170633,-0.224456381238899,-0.195992054056753,-0.167832363288314,-0.139633932708912,-0.111398029137147,-0.0831313967775962,-0.054846757181957,-0.0265534799139482,0.00174266100955753,0.0300419659696997,0.0583318906291961,0.0865994671849341,0.114831396059239,0.143025340065521,0.171187315771359,0.19967196753995,0.229212308185796,0.260108508782575,0.292514123378222,0.326536362523841,0.362256035141184,0.399742674735445,0.439046872073794,0.480259402036195,0.523430775475768,0.568660983906421,0.61608669327808,0.665995044024784,0.71853005421723,0.773636085381541,0.831252738826777,0.891317719664384,0.953764605946327,1.01852354332074,1.08552311322591,1.15469004987169,1.22594685770183,1.29921366087272,1.37440778378244,1.45144396296377,1.53023496849132,1.61069120676361,1.69272073391057,1.77622957696076,1.86112251646387,1.94730313639409,2.03467480476335,2.12314921549885,2.21262850486982,2.30300887913869,2.3941854091424,2.48605382904705,2.57850791262694,2.67143942418036,2.76473970396235,2.8582990495561,2.95200702895111,3.0457529143915
-3.04926918739553,-2.95654432761369,-2.86383215447218,-2.77124225429233,-2.67888336139708,-2.58686341058525,-2.49529052751164,-2.4042721540002,-2.31391368485649,-2.22431857926758,-2.13559091905193,-2.04783377236245,-1.96114879224134,-1.87563636797747,-1.79139532050556,-1.70852107019516,-1.62710774677288,-1.54724870007597,-1.46903553953104,-1.39255790984555,-1.31790290378414,-1.24515542493342,-1.17439736407045,-1.10570773118891,-1.03916351698728,-0.97483757621627,-0.912801401126666,-0.853123748091814,-0.795871316914745,-0.74110657561851,-0.688889686357266,-0.639275611878061,-0.59212110581804,-0.547139552039372,-0.504189447077054,-0.463172537260826,-0.424036126821581,-0.386691289972332,-0.351091612377341,-0.317165473372732,-0.284838861566577,-0.254004166581478,-0.224502618660449,-0.196032427902103,-0.16786693631176,-0.139662696930155,-0.11142097683685,-0.0831485216257099,-0.0548580554690386,-0.0265589498606596,0.00174301999312162,0.0300481545353225,0.0583439068445605,0.0866173064463896,0.114855051023457,0.14305480290772,0.171222579906153,0.199713099437756,0.229259525315734,0.260162090448211,0.292574380514853,0.326603628151854,0.36233065892739,0.399825020670371,0.439137314569536,0.480358334204231,0.52353860083268,0.568778126566777,0.616213605509275,0.66613223724438,0.718678069510136,0.773795452371284,0.831423974694913,0.891501328759887,0.953961078935428,1.01873335647986,1.08574672811942,1.15492791297143,1.22619939951573,1.2994812954545,1.3746909081549,1.45174295658561,1.53055019285215,1.61102300489696,1.69306942990981,1.77659547556104,1.86150590278542,1.94770427569567,2.03509394239778,2.12358657862816,2.21308430049635,2.30348329288354,2.39467860501156,2.486565949568,2.57903907844486,2.67198973364414,2.76530923303728,2.85888785160905,2.95261513460026,3.04638033144538
-3.04987947100986,-2.95713605318704,-2.86440532454365,-2.77179689333375,-2.67941951564247,-2.58738114787079,-2.49578993731391,-2.40475334729925,-2.31437679372621,-2.22476375648826,-2.13601833823493,-2.04824362774725,-1.96154129841236,-1.87601175961117,-1.79175385205647,-1.70886301521536,-1.62743339765366,-1.54755836789174,-1.46932955369101,-1.3928366177005,-1.31816667011569,-1.24540463151587,-1.17463240906778,-1.10592902857825,-1.03937149615476,-0.97503268112923,-0.91298409006097,-0.853294493084289,-0.796030603351587,-0.741254901388319,-0.689027561389552,-0.639403557102637,-0.592239613495248,-0.547249057065935,-0.504290356029055,-0.463265237049769,-0.424120993812384,-0.386768682732228,-0.351161880184148,-0.317228951170045,-0.28489586948528,-0.254055003215212,-0.224547550826526,-0.19607166201732,-0.167900533358896,-0.13969064915419,-0.111443276736359,-0.0831651630493382,-0.0548690348120579,-0.0265642653939621,0.00174336884278882,0.0300541684013432,0.0583555838491655,0.0866346421158872,0.114878038221817,0.143083434031049,0.171256848554966,0.199753070206049,0.2293054095336,0.260214159534642,0.292632936627623,0.326668994910376,0.362403176127586,0.399905042027529,0.439225203926314,0.4804544735748,0.523643382342583,0.568891962358077,0.616336935082119,0.666265557579315,0.718821906417553,0.773950320523751,0.831590376674252,0.891679754677596,0.954152005606511,1.01893724673572,1.08596403049476,1.15515906133443,1.22644481222134,1.29974137486796,1.37496604009126,1.4520335097917,1.53085651861291,1.61134543656232,1.69340828242414,1.77695104505701,1.86187846633446,1.94809409106846,2.03550124802098,2.12401159525113,2.21352722927787,2.30394431420476,2.39515787824865,2.487063613225,2.57955524976119,2.67252450819237,2.76586268463823,2.85946003212308,2.9532060737812,3.04699003688135
-3.05047268602359,-2.9577112291968,-2.86496246401755,-2.77233602005918,-2.67994067456035,-2.58788440492005,-2.4962753794686,-2.40522108243551,-2.31482695022404,-2.22519648285496,-2.13643380322621,-2.04864202017007,-1.96192282684958,-1.87637665217571,-1.79210235608623,-1.70919539661163,-1.62774994063003,-1.5478593748224,-1.46961534477215,-1.39310753056809,-1.31842305934902,-1.24564686821164,-1.17486088025403,-1.10614413665387,-1.03957365849666,-0.975222329287731,-0.913161669494737,-0.853460462628084,-0.796185434816169,-0.741399078737189,-0.689161580290357,-0.639527923915657,-0.592354806713142,-0.547355499422096,-0.504388442728323,-0.463355344182385,-0.424203487216979,-0.386843910947512,-0.351230182719233,-0.317290653600719,-0.284951282988906,-0.254104418034275,-0.224591226315907,-0.196109798820686,-0.167933190753442,-0.139717819601791,-0.111464952945393,-0.083181339040491,-0.054879707081421,-0.0265694322607875,0.00174370793572079,0.0300600140697016,0.0583669342676996,0.0866514929360265,0.114900382507114,0.143111264390278,0.171290158767627,0.199791923059551,0.229350010447491,0.260264772336784,0.292689855024946,0.326732533471209,0.362473665144331,0.399982825322657,0.439310635166419,0.480547924089762,0.523745233290858,0.569002614354809,0.616456815335383,0.666395149169948,0.718961720449924,0.774100857275902,0.831752124671642,0.891853190324133,0.954337592381494,1.01913543452595,1.08617525529017,1.15538374486863,1.22668336114862,1.29999418030007,1.37523347705266,1.45231593671599,1.5311542769602,1.61165885035928,1.69373765780669,1.7772966698755,1.86224060991111,1.94847300396451,2.03589716199472,2.12442472487793,2.21395777009045,2.3043924415393,2.39562374702384,2.48754735807115,2.58005698463873,2.67304432600087,2.76640065713388,2.86001620971578,2.95378048539263,3.0475826898874
-3.05104946189575,-2.95827046596087,-2.86550416407323,-2.77286020653467,-2.68044739115119,-2.58837371573786,-2.4967473690772,-2.4056758557216,-2.31526463200995,-2.22561721753258,-2.13683775487469,-2.04902937236415,-1.96229378239189,-1.87673143285774,-1.79244120239165,-1.70951856707308,-1.62805771158499,-1.54815204026569,-1.4698932160267,-1.39337093591332,-1.31867234353812,-1.24588239205754,-1.17508302005944,-1.10635328366642,-1.03977021852695,-0.975406721926976,-0.91333432785708,-0.853621832833082,-0.796335975599789,-0.741539260651361,-0.689291885266813,-0.63964884428245,-0.592466807702967,-0.547458992053585,-0.504483811254419,-0.463442954271137,-0.42428369456892,-0.386917054442665,-0.351296592458253,-0.317350646137055,-0.285005160876593,-0.25415246347261,-0.224633691472546,-0.196146878779072,-0.16796494314808,-0.139744237103454,-0.111486028464523,-0.0831970667634738,-0.0548900836014471,-0.026574455943686,0.00174403763172825,0.0300656977432226,0.0583779701440644,0.0866678767871721,0.114922107588815,0.143138323516135,0.17132254588952,0.199829699224931,0.22939337538333,0.260313982559759,0.292745196102798,0.326794311254967,0.362542200773352,0.400058453091423,0.439393698940734,0.480638784909235,0.523844261751301,0.569110199969544,0.616573373473713,0.666521149525606,0.719097659963581,0.774247222361922,0.831909390317496,0.892021819731649,0.954518036186055,1.01932813014712,1.08638062663575,1.15560220198519,1.22691529942124,1.30023998000206,1.3754935028158,1.45259053704101,1.53144378384467,1.61196357885047,1.6940579055569,1.77763271675819,1.86259271778504,1.9488414164474,2.03628210442237,2.12482640587942,2.2143763797799,2.30482815039398,2.39607670566936,2.48801769740694,2.58054481546716,2.67354973864708,2.76692372136555,2.86055697454587,2.95433897894133,3.04815891932619
-3.05161039938839,-2.9588143459728,-2.86603098893826,-2.77336999874588,-2.68094019320423,-2.58884958998384,-2.49720639775781,-2.40611814084331,-2.31569029496747,-2.22602639875273,-2.13723061393102,-2.04940608779038,-1.96265455142165,-1.87707647119208,-1.7927707439105,-1.70983286320974,-1.62835703108866,-1.54843666905803,-1.47016345688163,-1.39362710809567,-1.3189147823341,-1.24611144837205,-1.17529905986186,-1.10655668746065,-1.03996138097993,-0.975586051107881,-0.913502244986648,-0.853778771780338,-0.796482382503719,-0.741675593142446,-0.689418612042844,-0.639766444152057,-0.592575733123461,-0.547559642756945,-0.504576560941928,-0.463528158569526,-0.424361699411113,-0.386988189402976,-0.351361178572706,-0.317408991266479,-0.285057559266828,-0.254199189573707,-0.224674990527587,-0.196182940514466,-0.167995823615683,-0.139769929175297,-0.111506525245729,-0.0832123626000731,-0.0549001751801811,-0.0265793416752585,0.00174435827421813,0.0300712253419447,0.0583887029730818,0.0866838107345252,0.114943236095477,0.143164639593044,0.171354043654641,0.199866438049338,0.229435549509453,0.260361841460278,0.292799017503708,0.326854392608565,0.362608854400446,0.400132004106701,0.439474481767379,0.480727150672636,0.523940570870636,0.56921483126202,0.616686730902515,0.666643689886579,0.719229866551308,0.774389568233735,0.832062337417613,0.892185818542285,0.954693524968059,1.01951553430842,1.08658035844356,1.15581466022612,1.22714086862303,1.30047902999561,1.37574638822007,1.4528575967868,1.53172534081284,1.61225993943703,1.69436935924056,1.77795953572701,1.86293515670711,1.94919971225065,2.03665647625482,2.12521705664116,2.21478349436449,2.30525189459734,2.39651722598089,2.48847512113155,2.58101925036457,2.67404127256208,2.76743242214998,2.86108288986678,2.95488213614673,3.04871932539065
-3.05215607211933,-2.95934342540732,-2.86654347734667,-2.77386591800918,-2.68141958466161,-2.58931251428965,-2.49765293491572,-2.40654839008389,-2.31610437438191,-2.22642444494644,-2.13761278213505,-2.04977255168005,-1.96300550286329,-1.87741212001685,-1.7930913176338,-1.7101386064226,-1.62864820522684,-1.5487135522624,-1.47042634368678,-1.39387630907825,-1.3191506236562,-1.24633427138944,-1.1755092205848,-1.1067545560384,-1.0401473413394,-0.97576050021347,-0.913665592596435,-0.853931439956493,-0.796624805244476,-0.741808215624812,-0.689541890209962,-0.639880843782762,-0.592681694362369,-0.547657554458149,-0.504666786637197,-0.463611044207943,-0.424437581511748,-0.387057388571453,-0.351424007108713,-0.317465748653045,-0.285108531742499,-0.254244644119938,-0.224715165713672,-0.196218020903803,-0.168025863734787,-0.139794922090176,-0.111526464249136,-0.0832272421918968,-0.054909992137328,-0.0265840944516816,0.00174467019108125,0.0300766025184212,0.0583991437302026,0.0866993110722293,0.114963789633227,0.143190239531974,0.171384684272781,0.1999021771021,0.22947657595336,0.260408397979121,0.292851374265741,0.326912838971531,0.362673694185985,0.400203553582172,0.439553066255324,0.480813111743288,0.524034259135106,0.569316615228784,0.616797003541727,0.666762895563324,0.719358475408301,0.774528040455022,0.832211122376551,0.892345354462141,0.954864238183311,1.0196978386504,1.08677465496047,1.15602133685241,1.22736029942231,1.3007115747346,1.37599239186749,1.45311738905015,1.53199923578644,1.61254823517895,1.69467233735194,1.77827746098888,1.86326827685729,1.94954825776954,2.03702066032681,2.12559707664482,2.21517953016186,2.30566410747257,2.39694575843697,2.48892009700904,2.58148077449072,2.67451943039118,2.76792727968743,2.86159449348245,2.95541051244442,3.04926448115512
-3.0526870280179,-2.95985823553186,-2.86704214390625,-2.77434846229466,-2.68188604689727,-2.58976295349401,-2.49808742893471,-2.40696703547184,-2.31650728604508,-2.22681175580599,-2.13798464323544,-2.05012913201255,-1.96334698911957,-1.87773871636894,-1.79340324546097,-1.71043610371927,-1.6289315263778,-1.54898296790706,-1.47068214041609,-1.3941187890926,-1.31938010432108,-1.2465510848542,-1.17571371325809,-1.10694708808653,-1.04032828633474,-0.975930244414267,-0.913824534709565,-0.854079990661078,-0.796763386833783,-0.741937261269393,-0.689661843556141,-0.639992158047288,-0.592784797819124,-0.547752825473805,-0.504754578939046,-0.463691694414796,-0.42451141706673,-0.387124721433433,-0.351485141154634,-0.317520975288858,-0.285158129486875,-0.254288872753823,-0.22475425737213,-0.196252155172544,-0.168055093669743,-0.139819240944363,-0.111545865496202,-0.0832417204800703,-0.0549195443304422,-0.0265887190453864,0.00174497369552438,0.0300818346720656,0.058409302899361,0.0867143933647228,0.114983788840602,0.143215149038729,0.171414498511269,0.199936952270067,0.229516495911156,0.260453698865339,0.292902318962177,0.32696970903193,0.362736785237894,0.400273173363199,0.439629531314039,0.480896754437748,0.524125420620417,0.569415654074722,0.616904302120013,0.666878886254488,0.719483615675272,0.774662778070652,0.832355894594562,0.892500587686889,0.955030347251004,1.01987522623131,1.0869637112865,1.15622243939539,1.22757381215732,1.30093784772544,1.37623176077903,1.45337017469767,1.53226574379311,1.61282875556419,1.6949671441221,1.77858681178383,1.86359241273332,1.949887402991,2.03737502232848,2.12596684748194,2.21556488484561,2.30606520293724,2.39736273334222,2.48935307185545,2.58192985127837,2.67498469226962,2.76840879088188,2.86209229911221,2.95592463839578,3.04979493402984
-3.05320379069062,-2.96035928403065,-2.86752748038113,-2.77481810746734,-2.6823400399168,-2.59020135180123,-2.49851030829463,-2.40737448985776,-2.31689942729163,-2.22718871328116,-2.13834656394606,-2.0504761804325,-1.96367934694999,-1.87805658232403,-1.79370683500221,-1.71072564847913,-1.62920727394102,-1.54924518167845,-1.47093109932561,-1.39435478726239,-1.31960345063296,-1.24676210257871,-1.17591273954386,-1.10713447347211,-1.04050439440636,-0.97609545110492,-0.913979228068112,-0.85422457038859,-0.796898263935014,-0.742062857335615,-0.689778590374364,-0.640100496719112,-0.592885145170051,-0.547845549756211,-0.504840024424576,-0.463770188723949,-0.424583278889599,-0.387190254389772,-0.351544640998312,-0.317574725636119,-0.285206401411179,-0.254331919091794,-0.224792304053522,-0.196285376982478,-0.16808354224589,-0.139842909720096,-0.111564748119627,-0.083255811742477,-0.0549288411794975,-0.026593220016954,0.00174526908685091,0.0300869269626093,0.0584191904991055,0.0867290724855325,0.115003253439985,0.143239392678025,0.171443515771663,0.199970797847056,0.229555348750236,0.260497788792774,0.292951901832547,0.32702505887264,0.362798189773935,0.400340932105903,0.439703952350169,0.48097816124095,0.52421414522622,0.569512045467809,0.617008732450751,0.666991776345243,0.719605410760323,0.774793913953229,0.832496796839961,0.892651671301049,0.95519201598096,1.02004787198337,1.0871477138611,1.15641816617398,1.22778161738541,1.30115807210909,1.37646473101032,1.45361620301601,1.53252512765193,1.61310177723026,1.69525407027717,1.77888789318067,1.86390788398445,1.95021748236587,2.03771991171681,2.12632673380508,2.21593993843642,2.30645557653492,2.39776856189988,2.4897744726525,2.58236692358826,2.67543751701922,2.76887743057957,2.86257679767118,2.95642502101033,3.05031120712528
-3.05370686070309,-2.96084705624766,-2.86799995689572,-2.77527530845216,-2.68278200348355,-2.59062813386876,-2.4989219826204,-2.40777114792505,-2.31728117797181,-2.22755568251433,-2.13869889484381,-2.05081403311067,-1.96400289829516,-1.87836602578508,-1.79400238033155,-1.71100752117167,-1.62947571502122,-1.54950044757169,-1.47117346157105,-1.39458453218881,-1.31982087893775,-1.24696752896669,-1.17610649223026,-1.10731689370724,-1.0406758361425,-0.976256280313983,-0.914129822516826,-0.854365319187146,-0.797029567197773,-0.742185125482943,-0.68989224375221,-0.640205964741212,-0.592982833617277,-0.547935817123359,-0.504923205861125,-0.463846603169437,-0.424653236589789,-0.387254050919405,-0.351602564274666,-0.31762705176046,-0.285253394274333,-0.254373824830973,-0.224829342612019,-0.196317718514134,-0.168111237020131,-0.139865951344292,-0.11158313041019,-0.0832695296287119,-0.0549378916899489,-0.0265976017262806,0.00174555665119365,0.0300918843227333,0.0584288161071252,0.0867433626536865,0.115022202285888,0.143262993933625,0.171471764161726,0.200003746617811,0.229593172105661,0.260540710469427,0.293000170905631,0.327078942108652,0.36285796727402,0.400406895445239,0.439776401452149,0.481057411008134,0.524300518896194,0.569605882778208,0.617110395691076,0.66710167518733,0.719723978641077,0.774921575128402,0.832633965598644,0.892798751652774,0.955349400974673,1.02021594314103,1.08732684091958,1.15660870678023,1.22798391639849,1.30137246120738,1.37669152822953,1.45385571232214,1.53277763861679,1.6133675646414,1.69553339375007,1.77918099682392,1.86421499619403,1.95053881562773,2.03805566257122,2.12667708422053,2.21630505423246,2.30683560640362,2.39816363721848,2.49018470759288,2.58279241479341,2.67587834327168,2.76933365273146,2.86304845847211,2.95691214498704,3.0508138005328
-3.05419671678389,-2.96132201635385,-2.86846002306536,-2.77572050032805,-2.68321235817633,-2.59104370582846,-2.49932284366715,-2.40815738713915,-2.31765290136496,-2.22791301271863,-2.13904197121179,-2.05114301155246,-1.96431795105115,-1.8786673412229,-1.79429016269412,-1.71128199003091,-1.62973710507073,-1.54974900850143,-1.47140945778776,-1.39480824250039,-1.3200325961433,-1.24716755950482,-1.17629515569508,-1.1074945223856,-1.04084277468956,-0.976412885088818,-0.914276461363522,-0.854502370995299,-0.797157421572106,-0.742304182063479,-0.69000291184385,-0.640308662478452,-0.593077956122516,-0.548023713474957,-0.50500420240533,-0.463921010468331,-0.424721356740041,-0.387316171732015,-0.351658966104309,-0.317678003456163,-0.285299152795412,-0.254414629849455,-0.22486540829404,-0.196349210544171,-0.168138204347206,-0.139888387743687,-0.111601029860739,-0.0832828871929099,-0.0549467044743903,-0.026601868343063,0.00174583666220289,0.0300967114699319,0.0584381888832854,0.0867572774679118,0.115040653410305,0.143285975264818,0.171499270563025,0.20003582993685,0.229630001970673,0.260582504740174,0.293047172114962,0.327131410016019,0.362916174623266,0.400471126152859,0.439846947563571,0.481134579154504,0.524384623824749,0.569697255302837,0.61720938858517,0.667208687362044,0.71983943214841,0.775045883080355,0.832767531402349,0.892941968705811,0.955502652001932,1.02037959964321,1.08750126292181,1.15679424253529,1.22818090170717,1.30158121903601,1.37691236826011,1.45408893053652,1.5330235169807,1.61362637072468,1.69580538034899,1.77946640163515,1.86451404161439,1.95085170856188,2.03838259439699,2.12701823212671,2.21666057968308,2.30720565418513,2.3985483352573,2.49058416706197,2.58320672979729,2.67630759052354,2.76977789148503,2.86350773035412,2.95738647387999,3.05130319252743
-3.05467381695582,-2.96178460844406,-2.86890810905886,-2.77615409935612,-2.68363150638325,-2.59144845624638,-2.49971326624598,-2.40853356863955,-2.31801494503806,-2.22826103800317,-2.13937611383155,-2.05146342335766,-1.96462479979702,-1.87896081037195,-1.79457045117077,-1.7115493116894,-1.62999168849319,-1.54999109687587,-1.47163930863575,-1.39502612736964,-1.32023880020838,-1.24736238122465,-1.1764789063415,-1.10766752559267,-1.0410053661376,-0.976565411857244,-0.914419281717728,-0.854635853958553,-0.797281946603775,-0.742420138396921,-0.690110698125613,-0.640408685954766,-0.593170601626743,-0.548109320995417,-0.505083089790175,-0.463993480192577,-0.424787703033719,-0.387376674911495,-0.351713899223799,-0.31772762836383,-0.285343719759322,-0.254454372300547,-0.224900534821538,-0.196379882518113,-0.168164469441973,-0.139910239896653,-0.111618463207531,-0.083295896924595,-0.0549552877729079,-0.0266060238566521,0.00174610938169313,0.0301014129176606,0.0584473175912727,0.0867708299387689,0.115058624065312,0.143308358159495,0.17152606069446,0.200067077802559,0.22966587278175,0.260623210683288,0.293092949407377,0.327182511653024,0.362972866246421,0.400533684285441,0.43991565664611,0.481209737833437,0.52446653865126,0.56978624847638,0.617305803692878,0.66731291292738,0.719951879233089,0.775166954038895,0.832897619137112,0.893081456370259,0.95565191235476,1.02053899451117,1.08767114295496,1.15697494691788,1.22837275749568,1.30178454078669,1.37712745759081,1.45431607572168,1.53326299264365,1.61387843746769,1.69607028438548,1.77974437447216,1.86480529985749,1.95115645372791,2.03870101288028,2.12735049650204,2.21700684720994,2.30756606587972,2.3989230157148,2.49097322456039,2.58361025599065,2.67672566012743,2.77021056221019,2.86395504274332,2.95784845119382,3.05177984069805
-3.05513859959955,-2.9622352575683,-2.86934462659737,-2.77657650394626,-2.68403983323615,-2.59184275702504,-2.50009360909437,-2.40890003807839,-2.31836764165278,-2.22860007814893,-2.13970162972808,-2.05177556293476,-1.96492372647891,-1.87924670288461,-1.79484350330288,-1.71180973177403,-1.63023969921107,-1.5502269351365,-1.47186322531211,-1.39523838699878,-1.32043968060239,-1.24755217313696,-1.17665791300773,-1.10783606229143,-1.04116375988279,-0.97671400076758,-0.914558414809081,-0.854765890726936,-0.797403256711873,-0.742533101029056,-0.690215701636283,-0.64050612707613,-0.593260855256729,-0.548192718344701,-0.50515994050087,-0.464064078930549,-0.424852336432723,-0.387435616050834,-0.351767414108107,-0.317775972081013,-0.285387136116153,-0.254493088701364,-0.224934754470317,-0.196409762618719,-0.168190056437957,-0.139931527881911,-0.111635446469093,-0.0833085707776814,-0.0549636494722147,-0.0266100720853167,0.00174637506025106,0.0301059929858164,0.0584562106189465,0.0867840325188653,0.115076130763139,0.143330163184045,0.171552159171984,0.200097518926854,0.229700817498574,0.260662865701184,0.293137544845072,0.327232293974102,0.363028094234246,0.400594627324154,0.4399825918327,0.48128295610404,0.524546338642678,0.569872944069688,0.61739972960465,0.66741444765038,0.720061423216452,0.775284899249354,0.833024348333278,0.893217342813535,0.955797319180141,1.02069427420397,1.08783663711232,1.15715098596714,1.22855966004957,1.30198261328041,1.37733699385518,1.45453735658864,1.53349628564642,1.61412399648045,1.69632834926506,1.78001517074865,1.86508903854425,1.95145333113913,2.03901121059804,2.12767418264568,2.21734417497891,2.30791717264952,2.39928802286389,2.49135223757131,2.58400336415116,2.67713293622412,2.77063206246387,2.86439080665005,2.95829850141367,3.05224418301
-3.05559148445409,-2.9626743707018,-2.86976996989408,-2.77698809556646,-2.68443770748958,-2.59222696425222,-2.50046421569488,-2.40925712640934,-2.31871130972477,-2.22893043933855,-2.14001881287043,-2.05207971217286,-1.96521500105354,-1.87952527694662,-1.79510956568023,-1.71206348546674,-1.63048136119954,-1.55045673626569,-1.47208141003303,-1.39544521307666,-1.32063541873773,-1.24773710664032,-1.17683233735229,-1.10800028468514,-1.04131809896842,-0.976858786008493,-0.914693986286825,-0.854892598734927,-0.797521461449942,-0.742643171974935,-0.690318017203139,-0.640601073840322,-0.593348798519327,-0.548273980837847,-0.505234823940268,-0.46413287043903,-0.424915315306615,-0.387493048378992,-0.351819559085816,-0.317823078266281,-0.28542944107464,-0.254530814016175,-0.224968098143685,-0.196438877830313,-0.168214988442434,-0.139952270924357,-0.111651994982781,-0.0833209201977581,-0.0549717971236501,-0.0266140166849585,0.00174663393780746,0.0301104558105982,0.0584648759974818,0.0867968971312759,0.115093189313854,0.143351410030298,0.171577589564786,0.20012718080071,0.229734867679255,0.26070150560578,0.293180998701593,0.327280801937007,0.363081908462403,0.400654010305846,0.440047813571619,0.481354300088761,0.524624095865315,0.569957420376399,0.61749125114373,0.667513383225703,0.720168163026213,0.775399825226484,0.8331478334383,0.893349750752876,0.955939003793052,1.02084557895262,1.08799789484944,1.15732251866161,1.22874177815806,1.30217561539381,1.37754116628264,1.4547529729732,1.53372360667282,1.61436326952406,1.69657980804268,1.78027903501713,1.8653655139153,1.95174260890156,2.03931346768571,2.12798958287428,2.2176728676262,2.30825929157439,2.39964368633768,2.49172154837636,2.58438640928956,2.67752978661924,2.77104277289736,2.86481541560691,2.95873703097389,3.05269663880465
-3.05603287355854,-2.96310233765809,-2.87018451653863,-2.77738923959858,-2.68482548234813,-2.59260141899989,-2.50082541504581,-2.40960515063013,-2.31904625433818,-2.2292524148433,-2.14032794483134,-2.05237614107412,-1.96549888209386,-1.87979677985629,-1.79536887449413,-1.71231079803207,-1.63071688898901,-1.55068070426462,-1.47229405648743,-1.39564678920883,-1.32082618837685,-1.24791734590558,-1.17700233421677,-1.1081603385588,-1.04146852040581,-0.976999896110066,-0.914826116501715,-0.855016090464917,-0.797636665751773,-0.74275044894775,-0.69041773565469,-0.640693610534358,-0.593434509484337,-0.548353180613939,-0.505307806584582,-0.464199915786248,-0.424976695563579,-0.387549022880321,-0.35187038044754,-0.317868988737169,-0.285470672190129,-0.254567581734839,-0.225000595441794,-0.196467253999315,-0.168239287588273,-0.139972487438196,-0.111668123439195,-0.0833329561477652,-0.0549797379601219,-0.0266178611573137,0.00174688624417548,0.0301148053537858,0.0584733214193878,0.0868094351962917,0.115109814860829,0.143372117559696,0.171602374448168,0.200156089755837,0.229768053551131,0.260739164698848,0.293223349552195,0.327328078603671,0.363134356703353,0.400711885946522,0.440111379762106,0.481423833121734,0.524699879346526,0.570039752388593,0.617580449556456,0.667609807481344,0.720272193418415,0.775511833993425,0.833268184073504,0.893478797730674,0.956077091971051,1.02099304307476,1.08815505931952,1.15748969727586,1.22891927349271,1.30236371846048,1.37774015612302,1.45496311628431,1.53394515752237,1.61459646900816,1.69682488394563,1.78053620151761,1.86563497140589,1.95202454381552,2.0396080524657,2.12829697717782,2.21799321694188,2.30859272636328,2.399990321869,2.49208148482348,2.58475973144619,2.67791656360847,2.77144305811027,2.86522924655164,2.95916442916997,3.05313760974021
-3.05646315213876,-2.96351953194875,-2.87058862832991,-2.77778028614427,-2.68520349624539,-2.59296644807641,-2.50117752238676,-2.40994441448167,-2.31937276781858,-2.22956628566986,-2.14062929540819,-2.05266510834921,-1.96577561735928,-1.88006144856995,-1.79562165605841,-1.71255188531403,-1.63094648813822,-1.55089903460313,-1.47250135026419,-1.39584329132245,-1.32101215601547,-1.248093048238,-1.17716805196727,-1.10831636360069,-1.04161515547645,-0.97713745422726,-0.914954920771448,-0.855136473695299,-0.797748970162843,-0.742855025574328,-0.69051494402101,-0.640783817920372,-0.593518062956685,-0.548430386795212,-0.505378952129995,-0.464265273486563,-0.425036530773722,-0.387603588407012,-0.351919922548029,-0.317913743562404,-0.285510865447402,-0.254603423946678,-0.22503227472692,-0.196494915891254,-0.168262975082746,-0.139992195067549,-0.111683845914573,-0.0833446891321735,-0.0549874789120583,-0.026621608857676,0.00174713219955754,0.0301190454114773,0.0584815542554736,0.0868216576566092,0.115126021914142,0.143392303844903,0.171626535453332,0.200184271022756,0.229800404077434,0.26077587584766,0.293264634358921,0.327374165235182,0.363185484731714,0.400768304757607,0.440173345882059,0.481491615888469,0.524773755226947,0.570120011962189,0.617667402691452,0.667703804572342,0.720373605186409,0.775621023306722,0.833385505275866,0.893604596373701,0.956211704231695,1.02113679527088,1.08830826768912,1.15765266771635,1.22909230096397,1.30254708664888,1.37793413704626,1.45516796992622,1.53416113155531,1.61482379845946,1.69706379086586,1.78078689469419,1.86589764618719,1.95229938194195,2.03989522203924,2.12859663383713,2.21830550251334,2.30891776802406,2.40032823198678,2.4924323610501,2.58512365644094,2.6782936047545,2.77183326745472,2.8656326606585,2.95958106901709,3.05356748067756
-3.0568826894428,-2.96392631159339,-2.87098265206066,-2.77816157078421,-2.68557207357793,-2.59332236473528,-2.50152083988232,-2.41027520910676,-2.31969113036694,-2.22987232116975,-2.14092312320811,-2.05294686197842,-1.96604544433307,-1.88031951021581,-1.79586812730022,-1.71278695420419,-1.63117035568009,-1.5511119146437,-1.47270346925465,-1.39603488804787,-1.32119348124366,-1.24826436441836,-1.17732963281623,-1.10846849370534,-1.04175813001677,-0.977271578407011,-0.915080509630749,-0.855253851734195,-0.797858471058348,-0.742956991598196,-0.69060972572247,-0.640871773410774,-0.593599530638654,-0.548505665636957,-0.5054483216308,-0.464328999627368,-0.425094872285254,-0.387656791785041,-0.351968227902354,-0.317957381148808,-0.285550055338725,-0.254638371410058,-0.225063163184971,-0.196521887244471,-0.168286071253523,-0.140011410724726,-0.111699175901322,-0.0833561292197663,-0.054995026622438,-0.0266252630021734,0.00174737201502277,0.0301231796223227,0.0584895815708335,0.08683357500106,0.115141824382045,0.143411986208989,0.171650093314298,0.200211748785515,0.229831947020109,0.26081167055627,0.293304888550758,0.327419101381262,0.363235336423538,0.400823315155492,0.44023376510835,0.481557706557451,0.524845786903933,0.570198267972777,0.617752185168458,0.667795455163277,0.720472485357762,0.775727486868321,0.833499897725801,0.893727254637378,0.956342956093902,1.02127695890343,1.08845765143558,1.15781156983787,1.22926100905718,1.30272587731832,1.37812327551914,1.45536770969622,1.53437171411203,1.61504545296311,1.69729673382383,1.78103132968185,1.8661537636763,1.95256735913605,2.04017522284389,2.12888881000569,2.21860999233171,2.30923469549461,2.4006577066721,2.49277447816429,2.58547849657983,2.67866123361911,2.77221373579293,2.8660260041215,2.95998730805907,3.05398662051494
-3.05729183952837,-2.96432301988324,-2.8713669202571,-2.77853341529376,-2.68593152539709,-2.59366946934323,-2.50185565726646,-2.41059781367103,-2.32000161065713,-2.23017077961376,-2.14120967619952,-2.05322163974046,-1.96630859072877,-1.88057118257836,-1.79610849622262,-1.7130162030829,-1.63138868054185,-1.55131952404095,-1.47290058403192,-1.3962217410782,-1.3213703170862,-1.24843143902456,-1.17748721312563,-1.10861685725905,-1.04189756468644,-0.97740238183997,-0.915202989067109,-0.855368323639784,-0.797965260848758,-0.743056433070953,-0.690702160747652,-0.640957551233337,-0.593678981282801,-0.548579080668815,-0.505515973629603,-0.464391147988699,-0.425151769333994,-0.387708677914031,-0.352015337276574,-0.317999938323198,-0.285588274937396,-0.254672453617992,-0.225093286883468,-0.196548190820745,-0.168308595592024,-0.140030150626285,-0.111714126336789,-0.0833672860651109,-0.055002387460957,-0.0266288266746275,0.00174760589295729,0.0301272114752828,0.0584974101399139,0.0868451972869804,0.115157235600624,0.143431181262378,0.171673067912116,0.200238546233265,0.229862708999008,0.260846579032704,0.293344146099196,0.327462924964617,0.363283953849876,0.400876963564789,0.440292688430232,0.481622160904203,0.524916035166768,0.570274586462505,0.617834868537465,0.667884836600309,0.720568917379853,0.775831314525406,0.833611457961873,0.893846876035994,0.956470958324302,1.02141365225989,1.08860333662748,1.15796653774178,1.22942554014919,1.30290024135461,1.37830773116019,1.45556250415955,1.53457708290825,1.61526161957871,1.69752390940577,1.7812697127652,1.86640354001699,1.95282870155028,2.04044829117912,2.12917375225807,2.21890694336334,2.30954377623772,2.40097902397665,2.493108124887,2.58582455132108,2.67901976045324,2.77258478421135,2.86640960889276,2.96038348913091,3.05439538297463
-3.05769094200548,-2.96470998610115,-2.87174175187628,-2.7788961283179,-2.68628215006147,-2.59400805001015,-2.50218225245023,-2.41091249594843,-2.3203044663995,-2.23046190873366,-2.14148919223222,-2.05348966971126,-1.96656527496779,-1.88081667455516,-1.79634296234088,-1.71323982223535,-1.63160164394139,-1.5515220351185,-1.4730928582087,-1.39640400550852,-1.32154281032348,-1.2485944107348,-1.17764092369308,-1.10876157740914,-1.04203357522151,-0.977529973097919,-0.915322460743076,-0.855479984428063,-0.798069428173619,-0.743153432532776,-0.690792325821109,-0.641041222586889,-0.593756480836154,-0.548650692828031,-0.505581964280114,-0.46445177015604,-0.425207269146635,-0.387759289861425,-0.352061289773247,-0.318041450409634,-0.285625555967125,-0.254705698859998,-0.225122670826215,-0.196573848453036,-0.168330566794298,-0.140048430327052,-0.111728709630399,-0.08337816892881,-0.0550095675373888,-0.0266323028330207,0.00174783402748859,0.0301311443169476,0.0585050464607221,0.0868565341613063,0.115172268361773,0.14344990493769,0.171695478316569,0.200264685608898,0.229892715547735,0.260880630252314,0.29338243958948,0.327505672360474,0.363331377365028,0.400929294515699,0.440350164756284,0.481685032428263,0.524984558324158,0.570349030778596,0.617915521428787,0.667972023073404,0.720662981294895,0.77593259245885,0.833720278583285,0.893963559859818,0.956595817169574,1.02154698880091,1.08874544418902,1.15811770005727,1.22958603080701,1.30307032348645,1.37848765707456,1.45575251500296,1.53477740840782,1.61547247773272,1.69774550617597,1.78150224181119,1.86664718253305,1.95308362610869,2.04071465370195,2.12945169710708,2.21919660208879,2.30984526680207,2.40129245060592,2.49343357815759,2.58616210790317,2.67936948284768,2.77294672069417,2.86678379337868,2.96076994107782,3.05479410734488
-3.05808032273711,-2.96508752620097,-2.87210745296433,-2.77925000600798,-2.6866242338524,-2.59433838318362,-2.50250089209518,-2.41121951287374,-2.32059994487258,-2.23074594623331,-2.1417618995281,-2.05375117073447,-1.96681570663014,-1.88105618658783,-1.79657171709412,-1.71345799424426,-1.63180941976108,-1.55171961322454,-1.47328044877484,-1.39658183015582,-1.32171110179444,-1.2487534126138,-1.17779089002165,-1.10890277231811,-1.04216627267315,-0.977654456357781,-0.915439022206022,-0.855588925268897,-0.798171058084465,-0.743248069182705,-0.690880294561683,-0.641122855788212,-0.593832092576288,-0.548720560585182,-0.505646347463007,-0.464510915626756,-0.425261417038196,-0.387808668951347,-0.352106122912106,-0.318081951302301,-0.285661928867482,-0.254738134280469,-0.225151339004895,-0.196598881090534,-0.168352002799603,-0.140066264752211,-0.11174293768926,-0.0833887866966077,-0.0550165727141907,-0.0266356943155997,0.00174805660488616,0.0301349813584412,0.0585124967682342,0.0868675948804764,0.115186934939582,0.143468172522608,0.171717342825518,0.200290188254941,0.229921991166322,0.260913852017561,0.293419800287843,0.327547378471633,0.363377645689794,0.400980350735896,0.440406241015322,0.48174637246357,0.525051412324542,0.570421661704057,0.617994209694666,0.6680570857694,0.720754753905088,0.776031403361023,0.833826448440934,0.894077401379967,0.956717634575659,1.02167707739437,1.08888409014954,1.15826518020681,1.22974261206959,1.30323626258414,1.37866320016987,1.45593789736832,1.53497285417442,1.6156781995886,1.69796170506587,1.78172910667735,1.86688489015603,1.95333234095454,2.0409745278946,2.12972287149177,2.21947920501137,2.31013941335154,2.40159824246946,2.49375110370525,2.5864914419375,2.67971068634709,2.77329984075874,2.867148863097,2.9611469794338,3.05518311917997
-3.05846029450062,-2.96545594344884,-2.87246431727746,-2.7795953326229,-2.68695805155511,-2.59466073420993,-2.50281183215456,-2.41151911106405,-2.32088828342501,-2.23102312027117,-2.14202801714441,-2.05400635286567,-1.96706008687974,-1.88128991106889,-1.79679494423388,-1.71367089436037,-1.63201217490074,-1.55191241706737,-1.47346350641597,-1.39675535786107,-1.32187532668234,-1.24890857238277,-1.17793723257459,-1.1090405554034,-1.04229576363307,-0.977775931613065,-0.915552767086125,-0.855695233671052,-0.798270232217423,-0.743340419039402,-0.690966137631907,-0.641202516410704,-0.593905877239747,-0.548788740062853,-0.505709174895278,-0.464568631910553,-0.425314256503982,-0.387856854848478,-0.352149872706207,-0.318121473534296,-0.285697422855678,-0.254769785933761,-0.225179314447758,-0.196623308841171,-0.168372920826811,-0.140083668227598,-0.111756821942324,-0.0833991478974246,-0.0550234086184019,-0.0266390038466366,0.00174827380393942,0.0301387256819389,0.058519767047049,0.0868783883292203,0.115201247115255,0.143485998690912,0.171738679002038,0.20031507465687,0.229950559370958,0.260946271014452,0.293456258204967,0.327588076799307,0.363422795990074,0.401030173237244,0.440460962251653,0.481806230282656,0.525116650869649,0.570492537581034,0.618070996542922,0.6681400930165,0.7208443089285,0.776127826603631,0.833930052817744,0.894188492041775,0.956836508394663,1.02180402253638,1.08901938587899,1.15840909665657,1.22989540971375,1.30339819194135,1.37883450145439,1.45611880016748,1.53516357720351,1.61587895039629,1.69817267974127,1.78195048959712,1.86711685382902,1.95357504587265,2.04122812250586,2.12998749323805,2.21975497913716,2.31042645216485,2.4018966452003,2.49406095658831,2.58681281796781,2.68004364502957,2.77364442805535,2.86750511129677,2.96151490706193,3.05556273096093
-3.05883115761241,-2.9658155290289,-2.87281262686878,-2.77993238109675,-2.68728386700743,-2.59497535786409,-2.50311531838453,-2.4118115273113,-2.32116970994948,-2.23129364991589,-2.14228775541122,-2.05425541779191,-1.96729860886618,-1.88151803272601,-1.7970128201911,-1.71387869085248,-1.63221006961096,-1.55210059903241,-1.47364217581445,-1.39692472577452,-1.3220356147848,-1.24906001267458,-1.17808006701594,-1.10917503556397,-1.04242215044639,-0.977894494873567,-0.91566378528336,-0.855798993656975,-0.798367028956261,-0.743430555092965,-0.691049922879146,-0.641280267415338,-0.593977893143351,-0.54885528514772,-0.505770496233535,-0.464624964624364,-0.425365829306461,-0.387903885637263,-0.35219257373386,-0.318160048342613,-0.285732065984922,-0.254800678836236,-0.225206619265616,-0.196647151011788,-0.168393337408799,-0.14010065450831,-0.111770373363222,-0.0834092607203917,-0.0550300806528823,-0.026642234041869,0.0017484857963149,0.030142380246823,0.0585268630433408,0.086888923038303,0.115215216200636,0.143503397531783,0.171759503709498,0.200339364484029,0.229978442740953,0.260977912865829,0.293491842155914,0.327627799510034,0.363466863951087,0.401078801397706,0.440514371715028,0.481864653195049,0.525180325521743,0.570561714427345,0.618145942663197,0.668221110420735,0.720931717146292,0.776221938396236,0.834031173598997,0.894296919647418,0.956952532580304,1.02192792455993,1.08915143831039,1.15854956315309,1.23004454450542,1.30355623954139,1.37900169631867,1.45629536637968,1.5353497282359,1.6160748888222,1.69837859694918,1.78216656554384,1.86734325688802,1.95381193268852,2.04147563796805,2.1302457714937,2.22002414242839,2.31070661010745,2.40218789464553,2.49436338170366,2.58712648999848,2.68036862205403,2.77398075493376,2.86785281954415,2.96187401475936,3.05593324271965
-3.05919320051808,-2.96616656261542,-2.87315265264245,-2.78026141357517,-2.68760193361832,-2.5952824988504,-2.50341158682709,-2.4120969890476,-2.32144444333065,-2.23155774557688,-2.14254131634472,-2.05449855922802,-1.96753145810434,-1.88174072898499,-1.7972255144228,-1.71408154533814,-1.63240325780796,-1.55228430548165,-1.4738165959337,-1.39709006562516,-1.32219209076883,-1.2492078512747,-1.17821950443782,-1.10930631739421,-1.0425455314128,-0.978010238354043,-0.915772163144174,-0.855900285927903,-0.798461523586421,-0.743518547448366,-0.691131715468917,-0.641356169274382,-0.594048196298792,-0.548920247596443,-0.505830359171574,-0.464679957581991,-0.425416175557327,-0.387949797896764,-0.352234259206572,-0.318197705729515,-0.285765885199545,-0.254830837015416,-0.225233274695293,-0.196670426146072,-0.168413268424939,-0.140117236805741,-0.111783602491819,-0.0834191330309428,-0.0550365940069291,-0.0266453874136405,0.0017486927468936,0.0301459478954987,0.0585337902761512,0.0868992072012877,0.115228853060437,0.143520382577488,0.171779833144696,0.200363076628277,0.230005662963111,0.261008802181722,0.293526579816756,0.327666577498882,0.363509883847499,0.40112627303873,0.44056651094564,0.481921686640243,0.525242485804955,0.570629246046553,0.618219106346213,0.668300200994873,0.721017046541809,0.776313811936011,0.834129889433233,0.89440276852846,0.95706579737252,1.0220488798321,1.08928035014996,1.15868668894677,1.2301901324369,1.30371052830869,1.3791649148016,1.45646773333254,1.53553145205398,1.61626616726106,1.69857961684551,1.78237750257454,1.86756427542215,1.95404318564522,2.04171726679087,2.13049790713937,2.22028690423177,2.31098010507731,2.40247221732977,2.49465861426799,2.58743270199369,2.68068587017732,2.77430908297838,2.86819225827559,2.96222458182871,3.05629494262846
-3.05954670035033,-2.96650931291381,-2.87348465487773,-2.78058268192237,-2.68791249485797,-2.59558239227584,-2.5037008642666,-2.4123757147851,-2.32171269386846,-2.23181560941123,-2.14278889403802,-2.05473596329126,-1.96775881283311,-1.88195817031295,-1.79743318973986,-1.71427961309622,-1.63259188737137,-1.5524636770367,-1.47398690028692,-1.39725150397555,-1.32234487441199,-1.24935220134903,-1.17835565157528,-1.10943450138633,-1.0426660009766,-0.97812325065256,-0.915877983628474,-0.855999188019946,-0.79855378844063,-0.743604463461044,-0.691211578010922,-0.641430280088375,-0.594116840520969,-0.548983677135777,-0.505888809532632,-0.464733652878852,-0.425465333795084,-0.387994626771402,-0.352274961033289,-0.318234474520574,-0.285798906387113,-0.254860283556459,-0.2252593011407,-0.19669315206042,-0.16843272913181,-0.140133427813127,-0.111796519454606,-0.0834287723860277,-0.0550429536663144,-0.0266484663757601,0.00174889481408982,0.0301494313588909,0.0585405540480633,0.0869092486903846,0.115242168133255,0.143536966829557,0.171799682869189,0.200386229240529,0.230032240873672,0.261038962606951,0.293560497778102,0.327704440449204,0.363551888609715,0.40117262449839,0.440617419854461,0.481977374275582,0.525303179301068,0.570695184132033,0.618290543596514,0.668377425280317,0.721100362432077,0.776403517549322,0.834226275884385,0.894506119708955,0.957176389472021,1.02216698094043,1.08940622007573,1.15882057900318,1.23033228495129,1.30386117634654,1.37932428184188,1.45663603296766,1.53570888776174,1.6164529321306,1.69877589330478,1.78258346215501,1.8677800786143,1.95426898175977,2.04195319393375,2.13074409317713,2.22054346568335,2.31124714642643,2.40274983089326,2.49494688027274,2.5877316883493,2.6809956322431,2.77462966351422,2.86852368732099,2.96256687661826,3.05664810755747
-3.05989192345648,-2.96684403817206,-2.87380888372441,-2.78089642820061,-2.68821578472127,-2.59587526409755,-2.50398336866149,-2.412647914532,-2.32197466367845,-2.23206743570855,-2.14303067503052,-2.05496780885566,-1.96798084435479,-1.88217052054285,-1.79763600261693,-1.71447304336246,-1.63277610042566,-1.55263884884653,-1.47415321719135,-1.39740916246275,-1.32249408083034,-1.2494931716593,-1.17848861100948,-1.1095596841216,-1.04278364990659,-0.978233616919152,-0.91598132646757,-0.856095774451693,-0.798643893036594,-0.743688367865115,-0.691289570678247,-0.64150265569671,-0.59418387753043,-0.549045621557224,-0.505945891356606,-0.464786090972103,-0.425513341058406,-0.388038406037855,-0.352314709881134,-0.318270382419533,-0.285831154427708,-0.2548890406461,-0.225284718211672,-0.196715345877859,-0.168451734192239,-0.140149239729715,-0.111809133983974,-0.0834381860484966,-0.0550491644227751,-0.0266514732480968,0.00174909215015267,0.0301528332616438,0.0585471594552962,0.0869190550714353,0.115255171451438,0.14355316278353,0.171819067838913,0.200408839765311,0.230058196497981,0.261068416866134,0.293593621595717,0.327741416889151,0.363592909886566,0.401217890700575,0.440667136799226,0.48203175805937,0.525362451740088,0.57075957836537,0.618360308239079,0.668452841462332,0.72118172759213,0.776491122825596,0.83432040557561,0.894607051059693,0.957284392205322,1.02228231686915,1.08952914292541,1.15895133420286,1.23047110915455,1.30400829716193,1.37947991751592,1.45680039209177,1.53588216904956,1.61663532415034,1.69896757421309,1.78278459946718,1.86799082906314,1.95448949116009,2.04218359715791,2.13098451509785,2.22079402009145,2.31150793535927,2.4030209445062,2.49522839691427,2.58802367433899,2.68129814164412,2.77494273808527,2.86884735639827,2.9629011570328,3.0569930036017
-3.06022912589762,-2.96717098666475,-2.87412557967159,-2.7812028851238,-2.68851202816633,-2.59616133154628,-2.50425930955273,-2.41291379018602,-2.32223054707055,-2.23231341125505,-2.14326683865758,-2.0551942678872,-1.968197717356,-1.88237793718045,-1.7978341034857,-1.71466197960921,-1.63295603360653,-1.5528099508407,-1.4743156700086,-1.39756315802619,-1.32263982069423,-1.2496308667669,-1.17861848135994,-1.10968195845136,-1.04289856546607,-0.978341419015397,-0.916082268313571,-0.856190116863848,-0.798731904207273,-0.743770322894691,-0.691365751320111,-0.641573349782288,-0.594249357050296,-0.549106126806598,-0.506001646982594,-0.464837310756462,-0.425560232955548,-0.388081168168363,-0.352353535232876,-0.318305456060229,-0.285862653240555,-0.254917129614232,-0.225309544760725,-0.196737024060128,-0.168470297702783,-0.140164684283622,-0.111821455436451,-0.0834473810007116,-0.0550552308829935,-0.0266544102609273,0.00174928490145161,0.0301561561270382,0.0585536113972549,0.0869286336180913,0.115267872659892,0.143568982452372,0.171838002432211,0.200430924973444,0.230083549088008,0.261097186806274,0.293625975838409,0.327777534245124,0.363632978104614,0.401262105220419,0.440715698656302,0.482084878329494,0.52542034708595,0.570822476509469,0.618428452020185,0.668526505479089,0.721261202372655,0.776576692743974,0.834412348325383,0.894705637444123,0.957389885680904,1.02239497316598,1.08964920987414,1.15907905153041,1.23060670801625,1.30415199987826,1.3796319372628,1.45696093261436,1.53605142444474,1.61681347860526,1.69915480174523,1.7829810636999,1.86819668308784,1.95470487740381,2.04240864735949,2.13121935122883,2.22103875329888,2.31176266530988,2.40328575926074,2.4955033730009,2.5883088765365,2.6815936227596,2.77524853890723,2.86916350558132,2.96322767101695,3.05732988657965
-3.06055855392104,-2.96749039715105,-2.87443497399137,-2.78150227648683,-2.6888014415295,-2.59644080352722,-2.50452888845044,-2.41317353590698,-2.32248053090758,-2.23255371567818,-2.14349755738133,-2.05541550576109,-1.96840959021161,-1.88258057169494,-1.79802763701237,-1.71484655981009,-1.63313181831295,-1.55297710796908,-1.47447437737236,-1.39771360312355,-1.32278220043245,-1.24976538722584,-1.1787453574665,-1.10980141366833,-1.0430108315739,-0.978446735665439,-0.916180882880824,-0.856282284151418,-0.798817886224183,-0.743850388398703,-0.691440175568608,-0.641642413970558,-0.594313326897997,-0.549165237068792,-0.506056117127005,-0.46488734963597,-0.425606043730044,-0.388122944390632,-0.352391465441328,-0.318339721055732,-0.285893425828146,-0.254944570973258,-0.225333798917828,-0.196758202438055,-0.168488433219731,-0.140179772753471,-0.11183349280997,-0.083456363957429,-0.0550611574770957,-0.0266572795590506,0.00174947320874618,0.030159402381648,0.0585599145855697,0.0869379913252347,0.115280281033871,0.143584437388643,0.171856500476365,0.200452500992994,0.230108317157875,0.261125293437063,0.293657584133366,0.32781281889238,0.363672122524297,0.401305300346262,0.440763140888739,0.482136773877852,0.525476907617625,0.570883924496671,0.618495024702882,0.668598471124877,0.721338844811341,0.776660289793216,0.83450217127632,0.894801950856472,0.957492946937012,1.0225050320999,1.08976650860265,1.15920382425338,1.23073918055957,1.30429238943665,1.3797804520973,1.45711777177264,1.53621677754864,1.6169875255954,1.699337712627,1.78317299832423,1.86839779101648,1.95491529778008,2.04262850888491,2.13144877306278,2.22127784402587,2.31201152229872,2.40354446854191,2.49577200933818,2.58858750321514,2.68188229136919,2.77554728929587,2.86947236574298,2.9635466570126,3.0576590025053
-3.06088044440755,-2.96780249930849,-2.87473728915898,-2.78179481757214,-2.68908423291836,-2.59671388099943,-2.50479229919988,-2.41342733846943,-2.32272479494463,-2.2327885217729,-2.143722997104,-2.05563168156217,-1.9686166152724,-1.88277856979413,-1.79821674236051,-1.71502691669061,-1.63330358094591,-1.55314044042883,-1.47462945340385,-1.39786060593489,-1.32292132242556,-1.2498968297653,-1.17886933056158,-1.1099181356688,-1.04312052895695,-0.978549642599001,-0.916277241079803,-0.856372342588849,-0.798901900914149,-0.743928621949604,-0.691512896939752,-0.641709897923295,-0.594375833072137,-0.549222994848041,-0.506109340957516,-0.46493624359193,-0.425650806322906,-0.388163764744563,-0.352428527780851,-0.318373202044866,-0.285923494318035,-0.254971384455353,-0.225357498123343,-0.196778896240311,-0.168506153783735,-0.140194515988883,-0.111845254760207,-0.0834651413779958,-0.0550669484666997,-0.0266600832056842,0.00174965720744197,0.0301625743597476,0.058566073552655,0.0869471349216833,0.115292405495826,0.143599538705475,0.171874575272705,0.200473583338562,0.230132518517482,0.261152756969051,0.293688469209067,0.327847296202942,0.363710371293072,0.401347507138287,0.440809497610677,0.482187482020819,0.525532174005922,0.570943966512192,0.618560074157385,0.668668790147813,0.721414710738296,0.776741974085194,0.834589939017134,0.894896060552537,0.957593650081583,1.02261257281067,1.08988112345659,1.1593257420917,1.23086862204112,1.3044295667866,1.37992556881151,1.45727102234445,1.53637834726123,1.6171575902722,1.69951643838356,1.78336054135399,1.86859429745913,1.95512090359523,2.04284333982929,2.13167294556935,2.22151146419464,2.31225468527065,2.40379725837903,2.49603449909362,2.58885975472613,2.68216435504493,2.77583920407272,2.86977415897437,2.96385834439201,3.05798058803506
-3.06119502529524,-2.96810751414383,-2.87503273925079,-2.78208071553483,-2.68936060258403,-2.59698075733537,-2.50504972832829,-2.41367537759683,-2.32296351215071,-2.23301799581083,-2.14394331746464,-2.05584294836951,-1.96881893913757,-1.88297207168503,-1.79840155343998,-1.71520317796565,-1.63347144313448,-1.55330006387945,-1.47478100791599,-1.39800427055632,-1.32305728518906,-1.25002528746281,-1.17899048843338,-1.11003220710633,-1.04322773529444,-0.978650212686859,-0.916371411143973,-0.856460355948606,-0.798984007769915,-0.744005078946381,-0.691583966929228,-0.641775849427444,-0.594436919834781,-0.549279441043963,-0.506161356163154,-0.464984027247282,-0.42569455243156,-0.388203658135991,-0.352464748496142,-0.318405922736293,-0.285952880002412,-0.254997589047761,-0.225380659159226,-0.196799120120656,-0.168523471943134,-0.140208924429882,-0.111856749616071,-0.0834737194779061,-0.0550726079525391,-0.0266628231861548,0.00174983702783271,0.030165674307488,0.0585720926598176,0.0869560708822288,0.115304254631368,0.143614297096461,0.171892239620412,0.200494186939046,0.23015617030437,0.261179596849798,0.293718652935948,0.327880990590992,0.363747751495775,0.401388755484102,0.440854801648381,0.482237038666,0.525586185386245,0.571002645073171,0.618623646446716,0.668737512342423,0.721488853875938,0.776821803462444,0.834675713698191,0.894988033173562,0.957692066424841,1.02271767145035,1.08999313559739,1.15944489137822,1.23099512412141,1.30456362906656,1.38006739016594,1.45742079285007,1.53653624799375,1.61732379306239,1.69969110557476,1.78354382559275,1.86878634156654,1.95532184044349,2.04305329231941,2.13189202749028,2.22173977923703,2.31249232641498,2.40404430777841,2.49629102814227,2.58912582385707,2.68244001352263,2.77612448994937,2.87006909898225,2.96416295386825,3.05829487089105
-3.06150251598106,-2.96840565438238,-2.87532153032141,-2.78236016976761,-2.68963074327394,-2.59724161866159,-2.50530135537348,-2.41391782627816,-2.32319684901346,-2.23324229783318,-2.14415867212044,-2.05604945352612,-1.9690167029131,-1.88316121232093,-1.79858219914287,-1.71537546656443,-1.63363552195016,-1.5534560896465,-1.47492914660686,-1.3981446971833,-1.32319018354693,-1.25015084990811,-1.17910891558058,-1.11014370753731,-1.04333252535491,-0.978748516069226,-0.916463458750005,-0.856546385613507,-0.799064264054952,-0.744079812712144,-0.691653435103104,-0.641840314479309,-0.594496629789436,-0.549334615023613,-0.506212199020682,-0.465030733927597,-0.425737312565688,-0.388242652387611,-0.352500152848477,-0.318437905950279,-0.285981603375622,-0.255023203026253,-0.22540329817859,-0.196818888183753,-0.168540399776067,-0.140223008125293,-0.111867985394376,-0.0834821042397517,-0.0550781398816873,-0.0266655014113968,0.0017500127953298,0.0301687043868538,0.0585779761049403,0.0869648054390441,0.115315836704396,0.143628722854487,0.171909505839066,0.200514326163935,0.230179289013915,0.261205831798141,0.293748156364929,0.327913925555876,0.36378428920234,0.40142907415138,0.440899084598073,0.482285478375499,0.525638979427547,0.571060001103572,0.618685785907853,0.668804685637362,0.721561325933632,0.776899833600063,0.834759555141,0.895077932863664,0.95778826460492,1.02282040131747,1.09010262314524,1.15956135521076,1.23111877502631,1.30469466977506,1.38020601507052,1.45756718774338,1.53669058987029,1.61748624988013,1.69986183601807,1.78372297886772,1.86897405727529,1.95551824846347,2.04325851278162,2.13210617161902,2.22196294838593,2.31272461146886,2.40428578903878,2.4965417753942,2.58938589617153,2.68270945905374,2.77640334589166,2.87035739146551,2.9644606978839,3.05860207026238
