-1.04563243932273,-1.01924725420667,-0.992654103375593,-0.96588515165484,-0.938972642273305,-0.911948869812931,-0.88484607881082,-0.857696523701987,-0.830532468260269,-0.803386091893802,-0.776289451019324,-0.749274460756597,-0.722372860462698,-0.695616179115837,-0.669035698280063,-0.642662415715637,-0.61652694588848,-0.590659607103884,-0.565090387456862,-0.539848871675724,-0.514964222218376,-0.490465140373871,-0.466379837265661,-0.442736003443421,-0.419560765876221,-0.396880634751371,-0.374721465866743,-0.35310857012693,-0.332066628869393,-0.311619603192283,-0.291790766198266,-0.272602683989539,-0.254077119176118,-0.236235014013053,-0.219096593137514,-0.202681138867201,-0.187007054030566,-0.172091886222022,-0.157952327318451,-0.144604136964078,-0.132062068407598,-0.120339864024123,-0.109450233351324,-0.0994047516004319,-0.0902138188632297,-0.081886574380734,-0.0744307495886902,-0.067852782163478,-0.062157726857137,-0.0573492220140734,-0.0531685484610889,-0.0480536809095266,-0.0417474517128628,-0.0342546520004333,-0.0255818290747197,-0.0157372371111031,-0.0047306367466192,0.0074264359449886,0.0207209107823954,0.0351382899750594,0.0506627142262737,0.0672770042853866,0.0849627177293479,0.103700162445589,0.123468445804656,0.144245590975298,0.166008608761872,0.188733229365454,0.212394098105822,0.236968308494124,0.262434444957205,0.288763940630466,0.315927118786798,0.343893326048577,0.372631150300286,0.402125885679266,0.432399451446815,0.463446239158076,0.495246771807864,0.527775761590313,0.561003243011147,0.594896230432644,0.629419409334022,0.664536021527107,0.700207940841661,0.736395678379148,0.773059331160288,0.810157610914656,0.847648420457355,0.885489504973237,0.923637435463508,0.962048343512728,1.00067825741121,1.03948262756845,1.07841632827905,1.11743413170444,1.15649080949074,1.19554083505161,1.23453831103933,1.2734372134387
-1.05189713212402,-1.0253538655703,-0.998601387317558,-0.971672054900075,-0.944598304725459,-0.917412624862034,-0.890147453033449,-0.862835236920565,-0.835508433599019,-0.808199415273286,-0.780940430419566,-0.753763585370528,-0.726700809643115,-0.699783821114957,-0.673044088767194,-0.646512796076825,-0.620220740930079,-0.59419842327817,-0.568476010883646,-0.543083265725663,-0.518049524983026,-0.49340366190269,-0.469174056629279,-0.44538856561473,-0.4220744783538,-0.399258463864158,-0.376966532853401,-0.355224147871227,-0.334056138128279,-0.313486608280727,-0.293538970867268,-0.274235927190282,-0.255599370246011,-0.23765036776074,-0.220409265543415,-0.203895461437798,-0.188127468529119,-0.173122939544615,-0.158898666367132,-0.145470503061577,-0.132853291267719,-0.121060855695295,-0.110105982028573,-0.100000314829293,-0.0907543164992585,-0.0823771810353795,-0.0748766861947166,-0.0682593082236698,-0.0625301321587918,-0.0576928181428847,-0.0534870969397634,-0.048341584705878,-0.0419975730273727,-0.0344598817386543,-0.0257350973690277,-0.0158315235470766,-0.00475897938869641,0.00747092991634427,0.0208450558794035,0.035348813849394,0.0509662495118778,0.0676800806902384,0.0854717544674212,0.104321460749595,0.124208181733392,0.145109808917872,0.167003215372332,0.189863985890314,0.213666613884216,0.238388055625647,0.264006767234426,0.290494010693432,0.317819931473516,0.345953692543616,0.374863693588951,0.404535140639696,0.434990084281919,0.466222882468908,0.498213941502995,0.530937822071593,0.564364379148302,0.5984604294687,0.633190446932279,0.668517453121703,0.704403093441588,0.74080764240374,0.777690957958346,0.815011504464756,0.852726932521402,0.89079473415206,0.929171220161976,0.967812259307072,1.00667361643016,1.04571047503099,1.08487743904273,1.12412900965345,1.16341968753288,1.20270367333141,1.2419347947168,1.28106675193033
-1.05767707484435,-1.03098795889567,-1.00408848167581,-0.977011178516596,-0.949788664056523,-0.922453604878691,-0.895038616944883,-0.867576326228812,-0.840099368150583,-0.812640292792797,-0.785231525829917,-0.757905350011828,-0.730693870301126,-0.703628978858181,-0.676742317579245,-0.650065241287644,-0.623628717097198,-0.597463412549628,-0.571599661172679,-0.546067388481021,-0.520896092854785,-0.496114806193048,-0.471752064583069,-0.447835877541846,-0.424393684513887,-0.401452301057234,-0.379037880802584,-0.357176026210728,-0.335891702923346,-0.315209148046375,-0.29515190276525,-0.275742793121,-0.257003832407052,-0.2389562041122,-0.221620365841122,-0.205015822024452,-0.189161187472743,-0.174074211911071,-0.159771779489976,-0.146269831388955,-0.133583290799313,-0.121726058394518,-0.110710990113353,-0.100549794501855,-0.09125299145042,-0.0828298254749415,-0.0752881170695398,-0.068634378066161,-0.0628737214425111,-0.05800982745307,-0.0537809967396085,-0.0486072110509618,-0.0422283404276042,-0.0346492311878697,-0.0258765060525887,-0.0159185142769524,-0.00478512893073233,0.00751198102834506,0.0209595948635928,0.0355430477844831,0.0512462978111389,0.0680519678051957,0.0859414029054113,0.104894684165859,0.124890678294977,0.14590715531049,0.167920861204311,0.190907246613808,0.214840664798306,0.23969794540921,0.265457426187469,0.292090211206897,0.319566281894292,0.347854631775908,0.376923486900206,0.406757972007758,0.43738025884774,0.468784674371639,0.500951517218736,0.533855208293036,0.567465436927866,0.601748837524089,0.636669688773107,0.672190809069338,0.708273633067358,0.744878216996176,0.781964198234271,0.819489812911807,0.857412478926599,0.895689454730469,0.934276811066169,0.973130174198179,1.01220506590687,1.05145642343521,1.090838601275,1.13030585060837,1.16981242209626,1.20931226473175,1.2487589524758,1.28810593116275
-1.06301919791829,-1.03619528038837,-1.00915993909303,-0.98194587369378,-0.954585863559379,-0.927112740265538,-0.899559284510978,-0.871958287056918,-0.844342548158679,-0.81674478230306,-0.789197578940353,-0.761733383874393,-0.734384464223754,-0.707182873229964,-0.680160412606393,-0.653348595543537,-0.626778545564142,-0.600481085105768,-0.57448670090497,-0.548825469624418,-0.523527038634881,-0.498620586469961,-0.474134793347196,-0.450097810254255,-0.426537215226993,-0.403479959263668,-0.380952328091924,-0.35898005348565,-0.337588227183169,-0.31680120870737,-0.296642658145679,-0.277135516829057,-0.258301909235838,-0.240163125848532,-0.222739727599237,-0.206051317431707,-0.190116604176316,-0.174953427208581,-0.160578755957631,-0.147008612118791,-0.134257994257528,-0.122340873256933,-0.111270169988657,-0.101057652136349,-0.0917138927243416,-0.0832481829607984,-0.0756683828396475,-0.0689810370828431,-0.063191284492757,-0.0583028239121245,-0.0540526341896918,-0.0488527167066021,-0.0424416276370352,-0.0348242377771449,-0.0260072032978484,-0.0159989156248159,-0.00480929769479144,0.00754992259684166,0.0210654577380035,0.0357225688691351,0.0515051329854111,0.0683956851798894,0.0863754763692193,0.105424487000717,0.125521477042636,0.146644104233347,0.168768997113249,0.191871482325609,0.215925783593009,0.240908613537887,0.266798200489298,0.293565502573301,0.321180349598665,0.34961157848392,0.378827254793423,0.408812428135676,0.439589382245088,0.471152415419671,0.503481726790929,0.536551608067784,0.570331595490227,0.604788154935906,0.639885384674783,0.67558591530415,0.711850986692452,0.748640453320413,0.785913748702687,0.82362889802818,0.861743104120716,0.900213409552792,0.938995663188952,0.978045267170482,1.01731751862684,1.0567671271977,1.09634821682819,1.13601480763199,1.17572091919892,1.21542026792732,1.25506619328916,1.29461190598267
-1.06796518426669,-1.04101646115454,-1.01385533057032,-0.986514644319616,-0.959027334286134,-0.931426384803429,-0.903744729091351,-0.876015310479068,-0.848271081834024,-0.820544909856073,-0.792869535626805,-0.765277555912994,-0.737801387964769,-0.710473234160098,-0.683325044178481,-0.656388477834118,-0.62969480346042,-0.603274986904736,-0.577159656751461,-0.551379029603135,-0.525962890772992,-0.500940554555709,-0.476340834611347,-0.452192012907714,-0.428521795794988,-0.405357259668285,-0.382724812556758,-0.360650305958382,-0.339158948357627,-0.318275212616697,-0.298022868908017,-0.278424965303342,-0.259503729221164,-0.241280550203765,-0.223776084848577,-0.207010027307391,-0.191001173458507,-0.17576744568,-0.161325892355886,-0.147692609726793,-0.134882666143097,-0.122910097491231,-0.111787884760718,-0.101527850387562,-0.0921406165899697,-0.0836355178059815,-0.0760204506002888,-0.0693019901459465,-0.0634852991550044,-0.058574093680071,-0.0543041287923485,-0.0490800172768889,-0.0426390988692645,-0.0349862670283346,-0.0261282088946645,-0.0160733549373178,-0.00483167426220471,0.0075850506680642,0.0211634705176398,0.0358887778504049,0.0517447746448626,0.0687139147338346,0.086777361798753,0.105915003140512,0.126105499902335,0.147326405869132,0.169554240839221,0.192764216656359,0.216930437111975,0.24202950647764,0.26803955178378,0.294931396031227,0.322674728653716,0.351238241575055,0.380589851775939,0.410714539304103,0.441634691575098,0.473344580358217,0.505824312656028,0.53904806056263,0.572985218577067,0.607602096550357,0.642862625709879,0.678729262781602,0.715163067291904,0.752123706933544,0.789570426474554,0.827461055804603,0.86575259862199,0.904401897628082,0.943364596262244,0.982595889162076,1.02205086546476,1.06168402408422,1.10144927551475,1.14130042593608,1.18119128100166,1.22107534176276,1.26090573059055,1.30063544048326
-1.07255209883071,-1.0454876308494,-1.01820984310511,-0.990751728502059,-0.963146360366518,-0.935426864699886,-0.907626316170316,-0.879777799598699,-0.851914409385174,-0.824069153392198,-0.796274913324429,-0.768564425951881,-0.740970247756897,-0.713524719426781,-0.686259927865031,-0.659207668864867,-0.632399345057316,-0.605866055288157,-0.579638559691673,-0.553747204650829,-0.528221903406892,-0.50309209615955,-0.478386720323642,-0.454134179338137,-0.430362298552094,-0.407098270653848,-0.384368617095141,-0.362199300406228,-0.340615637342119,-0.319642205876054,-0.299302878273441,-0.27962080159759,-0.260618298733841,-0.242316851092643,-0.224737203991593,-0.207899136168939,-0.191821524231351,-0.176522367533585,-0.162018787682535,-0.148326950052241,-0.135461987711704,-0.123437996831541,-0.112268014154677,-0.101963912894522,-0.0925363608917517,-0.0839947326758537,-0.0763469587272947,-0.0695996424595234,-0.0637579687584574,-0.0588256696371659,-0.0545373652338674,-0.0492908161394049,-0.042822233962507,-0.0351365331794576,-0.0262404296521166,-0.0161423900584444,-0.00485242632169918,0.00761762848978612,0.0212543677047137,0.0360429202889716,0.0519670186504982,0.0690090412612601,0.0871500709006288,0.106369908485379,0.126647123508261,0.147959173347606,0.170282476954177,0.193592139706502,0.217862154171697,0.243069024136588,0.269190782687114,0.296198127508783,0.324060617851333,0.352746811170262,0.382224486649576,0.412478559826257,0.443531514269891,0.475377597146999,0.507996830019648,0.541363274050982,0.575446192289304,0.610211749886307,0.64562372315386,0.681644407569419,0.718234695409883,0.755354081140595,0.792961634485712,0.831015004214113,0.869471009354819,0.908286307248434,0.947416350822724,0.986816142276082,1.02644057785337,1.06624396104116,1.10618000437916,1.14620231564445,1.1862645020856,1.22631986504069,1.26632132554132,1.30622167469046
-1.07681294583993,-1.04964096088338,-1.02225480872448,-0.994687613335876,-0.966972579431757,-0.939142964610691,-0.91123197493408,-0.88327282665639,-0.855298745649395,-0.827342870903401,-0.799438214749742,-0.771617644009334,-0.743913844499207,-0.716359285384078,-0.688986181036674,-0.661826453562971,-0.634911630344862,-0.608272933772172,-0.581941246177656,-0.555947034499068,-0.530320330811761,-0.505090692270284,-0.480287171246972,-0.455938284016993,-0.432071966469079,-0.408715519317913,-0.385895569375009,-0.363638182310016,-0.341968775451908,-0.320912024412992,-0.300491896294227,-0.28073163011352,-0.261653637436659,-0.243279485011673,-0.225630000569523,-0.208725041421961,-0.192583559165333,-0.177223624659077,-0.162662427527804,-0.148916197364521,-0.136000127356233,-0.123928369672354,-0.112714012845895,-0.102368977258088,-0.0929039731289375,-0.0843284122294177,-0.0766502565448186,-0.0698761357214729,-0.0640112552429038,-0.0590593619480682,-0.0547540217205786,-0.0494866300553522,-0.0429923506288266,-0.035276117440656,-0.026344673032299,-0.0162065177166506,-0.00487170319058304,0.00764789046923067,0.0213388033318187,0.0361861052860307,0.0521734641147665,0.0692831882862741,0.0874962854289067,0.106792476216061,0.127150245005123,0.148546959621049,0.17095894533594,0.194361208631336,0.218727638756582,0.244034646156866,0.27026017665182,0.297374811519852,0.325347989081022,0.354148141881399,0.383742921103777,0.414117182360228,0.445293498539123,0.477266093953132,0.510014910797488,0.543513907190067,0.577732224072799,0.612635892184223,0.648188543933082,0.684352325010921,0.721087972334324,0.758354819455348,0.796111773497521,0.834316314984175,0.872925091402533,0.911894587909085,0.951180080462792,0.990736392502668,1.03051824109327,1.0704797481861,1.11057444243812,1.15075574732753,1.19097708580192,1.2311915736831,1.27135194497558,1.31141080323913
-1.08077715904836,-1.05350514228769,-1.02601816988277,-0.998349487749881,-0.970532422844093,-0.942600355199549,-0.914586613123495,-0.886524535153766,-0.858447469480912,-0.830388677094161,-0.802381291857491,-0.774458301588768,-0.746652512435626,-0.718996513095787,-0.69152263653699,-0.664262922384259,-0.637249014085388,-0.610512248973296,-0.58408362307193,-0.557993715480997,-0.532272668836875,-0.506950149106762,-0.482055315617309,-0.457616789624404,-0.433662609860843,-0.41022017754702,-0.387316217519237,-0.364976891406122,-0.343227710108806,-0.322093440081177,-0.301598136657436,-0.281765124408344,-0.262616897406337,-0.244175101795951,-0.226460641984013,-0.209493448385613,-0.1932925423661,-0.177876061311545,-0.163261258128988,-0.149464422159572,-0.136500802522979,-0.124384603488869,-0.113128961774791,-0.102745841646046,-0.09324599275158,-0.0846388615111586,-0.076932439221576,-0.0701333799357542,-0.0642469083008485,-0.0592767849495468,-0.0549555949064857,-0.0496688116991221,-0.0431506240270824,-0.0354059840542033,-0.0264416591441485,-0.0162661809031335,-0.00488963803266513,0.00767604565489391,0.0214173606767566,0.0363193219575895,0.0523655371543525,0.0695382496051292,0.0878183970191556,0.107185625412874,0.127618339935307,0.149093825092601,0.17158831899997,0.195076736127025,0.219532869598165,0.244933043015248,0.271255121006949,0.298469576548665,0.326545735449722,0.355451914042765,0.385155644420632,0.415641726442364,0.446932816096878,0.479023116434048,0.511892495807668,0.545514816464207,0.579859105740083,0.614891269318323,0.650574805722872,0.686871721287223,0.723742608383609,0.761146650853335,0.799042604539321,0.837387793432347,0.876138705420337,0.915251665462847,0.954681784870345,0.994383720767431,1.03431202351263,1.07442064616054,1.11466294628705,1.1549921759021,1.19536158648303,1.23572412125076,1.27603234020327,1.31623867241358
-1.08447103130164,-1.05710580444196,-1.02952488726421,-1.00176163931231,-0.973849501445951,-0.945821967785323,-0.917712480546911,-0.889554492212763,-0.861381464950624,-0.833226773428896,-0.805123664756227,-0.777105239496009,-0.749204415920484,-0.721453894108789,-0.693886117536043,-0.666533235332065,-0.639426999095393,-0.612598853263452,-0.586079899798173,-0.559900822312286,-0.534091866463451,-0.50868279961099,-0.483702880742089,-0.459180828934154,-0.435144778750554,-0.411622225063376,-0.388639984048871,-0.366224306750689,-0.344400791260934,-0.323194288680095,-0.30262893655852,-0.282728139185518,-0.263514467513598,-0.245009641669333,-0.227234637506478,-0.210209453558148,-0.193953176200776,-0.178484004810259,-0.163819251260495,-0.149975260566218,-0.136967333965441,-0.124809724275071,-0.113515613111234,-0.10309700563061,-0.0935646882222154,-0.0849281395917213,-0.077195378348517,-0.0703730812876979,-0.0644664909131799,-0.0594793807107136,-0.0551434217359929,-0.0498385693997294,-0.0432981039136354,-0.0355269943670167,-0.026532031252983,-0.016321775337011,-0.00490634980169753,0.00770228078747621,0.0214905607751118,0.0364434538699954,0.0525445117034567,0.0697759169249906,0.0881185420928752,0.107551963657858,0.128054512962235,0.149603396875309,0.172174772299094,0.195743467966061,0.220283187430943,0.245770173374575,0.272182214771524,0.299489683679938,0.32766180107112,0.356666774989508,0.386472026559364,0.4170623036888,0.448460339800207,0.480660318130681,0.513642038228228,0.547379273005892,0.581840943941951,0.616992840192121,0.652798335525871,0.689219306422222,0.726216210566302,0.763748092298252,0.801773566497008,0.840249811295608,0.879133165866585,0.918379805897275,0.957944689277906,0.997782318160526,1.03784708756622,1.07809279317066,1.11847263313562,1.15893969969608,1.19944708455262,1.23994757009587,1.2803935541837,1.32073730330157
-1.08791809005061,-1.06046588111217,-1.03279729627053,-1.00494580110502,-0.976944942769187,-0.948828321846356,-0.920629486851188,-0.892381996596527,-0.864119419611707,-0.835875236648591,-0.807682800493834,-0.779575316923031,-0.751585808841205,-0.723747080266731,-0.696091677798333,-0.668651852753847,-0.641459457656242,-0.614546036891048,-0.587942791279721,-0.561680501964764,-0.535789510741546,-0.510299679586795,-0.48524036048921,-0.460640363811576,-0.436527913544723,-0.412930591954905,-0.389875300455257,-0.367388373530008,-0.345495490636393,-0.324221581865673,-0.303590861490903,-0.283626808193385,-0.264352064668806,-0.245788420082515,-0.227956916961326,-0.210877617404936,-0.194569668457016,-0.179051327341313,-0.164339960958596,-0.150451966277245,-0.137402693171212,-0.125206439760871,-0.113876429560937,-0.103424705887227,-0.0938620894139692,-0.0851980889754891,-0.0774407486688263,-0.0705967665116857,-0.0646714016716084,-0.0596684396286048,-0.0553186985380991,-0.0499969843981268,-0.0434357296349333,-0.0356399191323842,-0.0266163649675949,-0.0163736551169685,-0.00492194494026861,0.00772676296690673,0.0215588698616637,0.0365592916589999,0.0527115277080802,0.0699977040248407,0.0883986323697944,0.107893824276164,0.128461542211068,0.150078920594422,0.172722040541469,0.196365650776234,0.220983371268563,0.246551369185173,0.2730473629015,0.300441630301433,0.328703294523214,0.357800462558571,0.387700451977778,0.418387962209224,0.449885798934897,0.482188126902953,0.515274681453,0.549119152133652,0.583690361638171,0.61895399038097,0.654873295712765,0.691410032934587,0.728524534043855,0.766175713200591,0.804322053738546,0.842920597678784,0.881927545415182,0.921298933336759,0.960989576164598,1.000953831433,1.04114594920478,1.08151957829229,1.12202776809474,1.16262346174786,1.20325960185129,1.24388882071152,1.28446336488006,1.32493534911841
-1.09113942520005,-1.06360593002656,-1.03585541825889,-1.00792145456826,-0.979837685441627,-0.951637810953946,-0.923355478957325,-0.895024347632559,-0.866678084905689,-0.838350270665386,-0.810074356456201,-0.781883646376328,-0.753811261111906,-0.725890101814298,-0.698152811453,-0.670631736842283,-0.643358824820724,-0.616365713177057,-0.589683695118649,-0.563343642931239,-0.537375988252525,-0.51181068148081,-0.486677161516296,-0.462004324029506,-0.437820476582762,-0.414153283113649,-0.391029724690629,-0.368476213774573,-0.346518505859816,-0.325181604855843,-0.304489796734386,-0.284466629697331,-0.26513481348559,-0.246516201782422,-0.228631899421752,-0.211502027907334,-0.195145790977404,-0.17958149991551,-0.164826573045971,-0.150897455888736,-0.13780954376887,-0.125577177143608,-0.114213618682611,-0.103730947362061,-0.0941400158962973,-0.0854503612753906,-0.0776700514150231,-0.070805804165789,-0.0648628942676719,-0.059845118409522,-0.0554824976969252,-0.0501450259140098,-0.0435643432170531,-0.0357454492502067,-0.0266951762612065,-0.0164221376555304,-0.00493651886305259,0.00774964198083647,0.0216227058672442,0.036667544047058,0.0528676070108692,0.0702049678495876,0.0886603815071783,0.108213298850332,0.128841917981138,0.150523305614326,0.173233472041107,0.196947091216257,0.221637704998114,0.247281409984165,0.273855858573757,0.301331240643328,0.32967658790446,0.358859912913397,0.388848436467448,0.419626812689874,0.451217914790489,0.483615890239219,0.51680041437183,0.550745098831456,0.585418673995074,0.620786718656502,0.656812381371144,0.693457304197135,0.730681701674586,0.768444366307981,0.806703658499854,0.845416493072308,0.884538940728196,0.924026907679901,0.963835074854485,1.0039176646385,1.0442287916288,1.08472196739145,1.12535010230452,1.16606600016793,1.20682246424395,1.24757198658292,1.28826667233794,1.32885849448191
-1.09415397521306,-1.06654441176056,-1.03871723215038,-1.01070609378467,-0.982544736107359,-0.954266952298429,-0.925906483170735,-0.897497079894343,-0.869072503411507,-0.840666426383868,-0.812312392774378,-0.784043798692264,-0.755893856327978,-0.727895557730682,-0.700081636054366,-0.672484527479603,-0.645136267106229,-0.618068580130412,-0.591312846214958,-0.564900022938144,-0.538860626012799,-0.513224688582819,-0.488021730880848,-0.463280728409045,-0.439030066936566,-0.415297486829658,-0.39211004369884,-0.369494222976122,-0.347475851311939,-0.32608000169543,-0.305331027194497,-0.285252541068921,-0.265867315801043,-0.247197265450481,-0.229263553158625,-0.212086356019997,-0.195684930828044,-0.180077639455888,-0.165281948350395,-0.151314348466446,-0.138190277662602,-0.125924116015258,-0.11452916283557,-0.104017530470963,-0.0944001016191578,-0.0856864396185841,-0.0778846346745919,-0.0710014231975457,-0.0650420945002385,-0.0600104557608387,-0.0556357821996122,-0.0502835642941931,-0.0436847007885776,-0.0358442051397049,-0.0267689284711321,-0.0164675079850591,-0.00495015725119906,0.00777105233664855,0.0216824440883624,0.0367688474578149,0.0530136672133708,0.0703989269182973,0.0889053283471998,0.108512265594565,0.129197876529199,0.150939164506799,0.173712073540911,0.197491207616669,0.222250035495074,0.247964587734385,0.274612454993023,0.302163744789382,0.330587403277274,0.359851354639501,0.389922729112493,0.420786138422623,0.452464518972766,0.48495200206374,0.518228206879264,0.552266672157927,0.587036041886425,0.622501799761246,0.658626992526306,0.695373156266182,0.732700395603535,0.770567389196669,0.808932382408147,0.847752171026315,0.886982704388181,0.926579766885823,0.966497914240852,1.00669124236753,1.04711373909261,1.08771878754604,1.12845916800885,1.16928755388948,1.21015661805717,1.2510187213095,1.29182583647789,1.33252980384835
-1.09697877681984,-1.06929793314447,-1.04139891148697,-1.01331545614352,-0.985081393663943,-0.956730604472819,-0.928296916492407,-0.899814168028922,-0.871316207185986,-0.842836793558702,-0.814409557711215,-0.786067981972228,-0.757845364276844,-0.729774781850528,-0.701889052355184,-0.674220695712589,-0.646801829728309,-0.619664261504154,-0.592839451716505,-0.566358437867502,-0.54025181445307,-0.514549692154338,-0.489281667416991,-0.464476790549884,-0.440163520606344,-0.416369669570538,-0.393122362903055,-0.370448154413932,-0.34837293743084,-0.326921849674412,-0.306119307085407,-0.28598898388648,-0.266553711352199,-0.247835460118192,-0.229855447963204,-0.212633904073409,-0.196190134957945,-0.18054254989519,-0.165708660425523,-0.151705000078888,-0.138547046570111,-0.126249217100947,-0.11482484531768,-0.104286074838451,-0.0946438164570828,-0.0859076582018889,-0.0780857111648816,-0.0711847291479656,-0.0652100151194703,-0.0601653860866404,-0.055779418333568,-0.0504133824883693,-0.0437974825503542,-0.0359367449198146,-0.0268380384080058,-0.0165100225159841,-0.00496293718206237,0.00779111503497462,0.0217384221355909,0.0368637744075234,0.0531505337748587,0.0705806773906984,0.0891348572069911,0.1087924141195,0.12953142955508,0.151328847498484,0.174160549857382,0.198001075051454,0.22282382334541,0.24860476341507,0.275321428064162,0.302943847636996,0.331440888114979,0.360780390870065,0.390929401278084,0.421872491337163,0.453632656665596,0.486204013412851,0.51956612814504,0.553692471285129,0.588551605867297,0.624108926476521,0.660327384453682,0.697168416580207,0.73459202447998,0.772556780131078,0.811020821097188,0.849940831625388,0.889272647326107,0.928971938439011,0.968993143361202,1.00929023949535,1.04981709587756,1.09052697528597,1.13137253609341,1.17230632952421,1.21328090626211,1.2542485041135,1.29516097191699,1.33597002562359
-1.0996291830844,-1.07188145982755,-1.04391503144957,-1.01576372377611,-0.987461445085203,-0.959042157659778,-0.930539771153615,-0.901988205629531,-0.873421390971425,-0.844873168340829,-0.816377249556565,-0.787967197843865,-0.759676391588844,-0.731537987934731,-0.703584883834054,-0.675849677779853,-0.648364565177398,-0.621161429977523,-0.594271808868626,-0.56772681434244,-0.541557114814133,-0.515792893715141,-0.490463818999004,-0.465599011162922,-0.441226998020032,-0.417375658750929,-0.394072184353926,-0.371343192795619,-0.349214639964452,-0.327711724316206,-0.306858920782904,-0.286679960786401,-0.267197730763819,-0.248434254433959,-0.230410800839756,-0.213147648043048,-0.196664149199354,-0.180978758065641,-0.166109028491855,-0.152071533954538,-0.138881789564163,-0.126554247355834,-0.115102273191206,-0.104538040028569,-0.0948724850232755,-0.0861152193692357,-0.0782743737556414,-0.0713567183022328,-0.0653675687898204,-0.0603107514479062,-0.0559141867747707,-0.0505351860707065,-0.0439033014819288,-0.0360235715529965,-0.0269028816908733,-0.0165499123188033,-0.00497492811577584,0.00780993911847823,0.0217909442549127,0.0369528408331365,0.0532789505780439,0.0707512070978044,0.0893502155976213,0.109055267058874,0.129844389951037,0.15169447255331,0.174581338501733,0.198479464698359,0.223362187140376,0.249205416441616,0.275986631122896,0.303675789118957,0.33224168118842,0.3616520710049,0.391873924322686,0.422891775864366,0.454728676807861,0.487378729086691,0.520821449897825,0.55503024556622,0.589973603171315,0.625616833688084,0.661922798944275,0.698852842548875,0.736366869485839,0.77442335163916,0.81298032542885,0.851994370446959,0.891421215598504,0.931216424018185,0.971334324021887,1.01172878181726,1.05235355498355,1.09316179337729,1.13410604098938,1.17513873440332,1.21621230966076,1.25727888917003,1.2982902054319,1.33919785773848
-1.10211905400777,-1.07430850207159,-1.04627874980414,-1.0180636996223,-0.989697336581987,-0.961213699866355,-0.932646775910205,-0.904030561580951,-0.875399063589331,-0.84678619972282,-0.818225758133316,-0.78975137804267,-0.761396513415085,-0.733194396470922,-0.705177998650699,-0.677379992259647,-0.649832645602525,-0.622567914824431,-0.595617408021729,-0.569012308133618,-0.542783353017218,-0.516960794447771,-0.491574367555446,-0.466653258774464,-0.442226060512988,-0.418320715077949,-0.394964475035757,-0.372184018623598,-0.350005360501375,-0.32845375618129,-0.30755373601352,-0.287329085154559,-0.267802741862884,-0.248996779725213,-0.230932515943601,-0.21363027449514,-0.19710945235636,-0.181388545068741,-0.166485146229102,-0.152415866841016,-0.139196257145546,-0.126840801901283,-0.115362897233967,-0.104774743664902,-0.0950873031142481,-0.0863102085383722,-0.0784516090366416,-0.0715182900582587,-0.0655155794204635,-0.0604473120164208,-0.0560407922796049,-0.05064961199932,-0.0440027109514861,-0.0361051390893495,-0.0269637974103791,-0.0165873859927481,-0.00498619275757682,0.00782762302558398,0.0218402851048355,0.0370365124974957,0.0533995891641356,0.0709114078055127,0.0895525297115393,0.10930219897253,0.130138394308211,0.152037951666322,0.174976639940787,0.198928878242162,0.223867942192805,0.249769687861374,0.276611542773701,0.304363396840807,0.332993970154783,0.362470953397098,0.392761237523182,0.423849322237869,0.455758310913455,0.488482292128571,0.522000736701341,0.556286990741128,0.591309469973228,0.627033406826862,0.66342157903848,0.700435242688077,0.738034211973176,0.77617686474639,0.81482114241034,0.853923526241013,0.893439644901168,0.933324960907895,0.973533699163496,1.01401962141568,1.05473638053782,1.09563702030447,1.13667397725273,1.17779958026912,1.21896615769705,1.26012572353645,1.30122990099686,1.34223017977751
-1.1044609233141,-1.07659127732838,-1.04850196523728,-1.02022696149619,-0.991800323375168,-0.963256162386487,-0.934628537182004,-0.905951516868355,-0.87725918041641,-0.84858551768483,-0.819964388621237,-0.791429503926746,-0.76301438865118,-0.734752345629336,-0.706676416362043,-0.678819342579217,-0.651213461151852,-0.623890796127977,-0.596883022767328,-0.570221390269066,-0.543936701804531,-0.518059273430316,-0.492618903460135,-0.467644840345843,-0.443165737251001,-0.419209595856553,-0.395803726637306,-0.372974864518467,-0.350749079437933,-0.329151680572807,-0.308207250397285,-0.287939624608432,-0.268371790205745,-0.249525867679632,-0.231423219528621,-0.214084212915787,-0.197528286033884,-0.181773973725173,-0.166838906970734,-0.152739732070506,-0.139492032307929,-0.127110323219948,-0.115608029397447,-0.104997377286356,-0.0952893520995866,-0.0864936072623696,-0.0786183091899204,-0.0716702577496975,-0.065654792079906,-0.060575755222394,-0.0561598721656339,-0.050757236281186,-0.0440962113748728,-0.0361818581304788,-0.0270210922092555,-0.0166226321759869,-0.00499678781237778,0.00784425577504822,0.021886693061528,0.0371152105941448,0.0535130568139136,0.0710620859457772,0.0897428179747468,0.109534452887347,0.130414922610753,0.152361013871905,0.175348444076566,0.199351577979003,0.224343634415514,0.250300418151832,0.277199308750018,0.305010132140808,0.333701541950281,0.363241160206524,0.393595807512263,0.424749950636086,0.456726742042151,0.489520257748038,0.523109924949846,0.557469033120657,0.592565930873012,0.628365776759265,0.664831269423065,0.701923582618281,0.739602445152479,0.777826146436256,0.816552538502817,0.855738010156139,0.89533809577527,0.935308163240552,0.975602340187756,1.01617429011392,1.05697756741038,1.09796511607542,1.13908927157955,1.18030226151395,1.22155631292554,1.26280333784983,1.30399485670154,1.3450822561014
-1.10666614458517,-1.07874085268673,-1.0505954560867,-1.02226399707556,-0.993780600923783,-0.965179447252385,-0.936494662716404,-0.907760384446542,-0.879010759457424,-0.850279845473546,-0.82160157004897,-0.79300971119327,-0.764537860894036,-0.736219388480149,-0.708087401424737,-0.680174706831469,-0.652513706136737,-0.625136487329363,-0.598074788913474,-0.571359922481929,-0.545022752709199,-0.519093656182416,-0.493602490712079,-0.468578563148948,-0.444050583866908,-0.420046610456441,-0.3965940079218,-0.373719564568462,-0.351449402386856,-0.329808881087633,-0.308822632227576,-0.28851453909528,-0.26890763458722,-0.250024083360671,-0.231885290567578,-0.214511664037105,-0.197922680773258,-0.182136912625884,-0.167172025778948,-0.153044699769217,-0.139770548994484,-0.127364117974131,-0.115838858103245,-0.105207020239683,-0.0954796115299755,-0.0866663046738583,-0.0787752823920153,-0.0718133581288567,-0.0657858816829749,-0.0606967037694253,-0.0562720037422846,-0.0508585806879869,-0.0441842560501029,-0.0362541006168284,-0.0270750438575661,-0.0166558217450173,-0.00500676464590649,0.00785991800385662,0.0219303931147158,0.0371893166581574,0.0536199036282055,0.0712039720190518,0.0899220029209465,0.109753154790079,0.130675315491421,0.152665225403142,0.175698553447178,0.199749613193198,0.224791570004903,0.250800180338628,0.277752778591348,0.30561913044676,0.334367826943225,0.363966425461371,0.394381680356298,0.425598027382176,0.457638665230521,0.490497658090793,0.524154392082414,0.55858210334691,0.593749077300098,0.629620402928169,0.666158704397048,0.703325077938198,0.741079171951732,0.779379192566824,0.818182907661964,0.857446618964858,0.897125772072301,0.937175645749936,0.977550276042503,1.01820323392929,1.05908798106603,1.10015736749668,1.14136363352239,1.18265891134958,1.22399533263933,1.26532471341235,1.30659847728663,1.34776791381901
-1.10874501948353,-1.08076726986002,-1.05256900206773,-1.02418432234567,-0.995647420068699,-0.966992539064334,-0.938253870094618,-0.909465614416925,-0.88066198319113,-0.851877098119241,-0.82314495048831,-0.794499381759976,-0.765974047024458,-0.737602378295,-0.709417545237189,-0.681452416582918,-0.653739454634749,-0.626310807658867,-0.599198273780253,-0.57243322341066,-0.546046579203927,-0.520068774809672,-0.494529724126358,-0.469458789057736,-0.44488473391019,-0.420835668980453,-0.397339010678001,-0.374421597630205,-0.352109600897709,-0.330428427829445,-0.309402756252627,-0.289056514320666,-0.269412778197384,-0.250493754176416,-0.232320887619336,-0.214914624691459,-0.19829447898439,-0.182479057235238,-0.167486058813935,-0.153332194589796,-0.140033108292296,-0.127603371762733,-0.116056461664666,-0.105404651869221,-0.0956589701998746,-0.0868291075265543,-0.0789232619412023,-0.0719482596873004,-0.0659094606130494,-0.0608107226670821,-0.0563777108307619,-0.0509541186488037,-0.044267256276734,-0.0363222040282356,-0.0271259043897356,-0.0166871097444802,-0.00501616986481131,0.00787468287790772,0.0219715894086302,0.0372591768750496,0.0537206287405176,0.0713377288442863,0.090090921610289,0.109959326343827,0.130920789372175,0.152952007380251,0.176028603584004,0.200124843301083,0.225213841486265,0.251271309054332,0.278274537824871,0.306193236686347,0.334995937675314,0.364650137228864,0.395122527250078,0.426397514255655,0.458498340515903,0.491419059069852,0.525139017313699,0.559631401113002,0.594864436307658,0.63080314630344,0.667410085055681,0.704646275715025,0.742471290881012,0.780843258172934,0.819719866136144,0.859057334411043,0.898811024898873,0.938936132356343,0.979386606484792,1.02011593104649,1.06107748027478,1.10222401564231,1.14350768773354,1.18488053883512,1.22629461068736,1.26770162879723,1.30905292553189,1.35029969894551
-1.1107069104303,-1.08267965502076,-1.05443149124218,-1.02599658568352,-0.997409188216724,-0.968703603262728,-0.939914082083094,-0.911074886453299,-0.882220288068831,-0.853384469009023,-0.824601480707489,-0.795905224507316,-0.767329415050389,-0.738907543506895,-0.710672838235149,-0.682658226127272,-0.654896226926896,-0.627419045785594,-0.600258537094172,-0.573446126773385,-0.547012792193775,-0.520989020856388,-0.495404779591432,-0.47028948225766,-0.445671944059031,-0.421580325032604,-0.398042090100365,-0.375084125379829,-0.352732648240545,-0.331013110988983,-0.309950235119031,-0.289567991124246,-0.269889496001028,-0.250936995336381,-0.2327319724388,-0.215294909652474,-0.198645355097723,-0.182801948435716,-0.167782420354887,-0.153603511293932,-0.140280892663436,-0.127829162089128,-0.116261820081122,-0.105591162228785,-0.0958282358690001,-0.0869827490193943,-0.0790629142781879,-0.0720755699676947,-0.066026085420206,-0.0609183254108786,-0.0564774694935156,-0.0510442804284023,-0.0443455858545914,-0.036386475075228,-0.0271739028612597,-0.0167166370830117,-0.0050250458264367,0.00788861689228915,0.0220104674749029,0.0373251058672982,0.0538156857764716,0.0714639588087265,0.0902503347849933,0.110153896062812,0.1311524497692,0.153222651354561,0.176340080900858,0.200478958188994,0.225612350601467,0.251715926074255,0.278766936245501,0.306735036404461,0.335588702906076,0.365295374673359,0.395821684671716,0.427152011825648,0.459309639531962,0.492288610306715,0.52606823500195,0.560621652036414,0.595917031026587,0.631919333488213,0.66859104711697,0.705893126095146,0.74378507148721,0.782224936820538,0.821170335771633,0.860577410512871,0.900401443959722,0.94059755158736,0.981119601612514,1.02192099548837,1.06295502494537,1.10417436786902,1.14553109017567,1.18697714929225,1.22846450209837,1.26994478868074,1.3113692552906,1.35268901362854
-1.11256033977911,-1.08448631547198,-1.05619101416746,-1.02770865946808,-0.999073558398317,-0.970320072622665,-0.941482510557545,-0.912595191150834,-0.883692443286974,-0.854808506084712,-0.825977487799063,-0.797233346344063,-0.768609852621004,-0.740140553686565,-0.711858733347005,-0.683797373439337,-0.655989047972673,-0.628466015839115,-0.601260184584679,-0.574403032570351,-0.547925588858406,-0.521858391824186,-0.49623145830335,-0.471074251237366,-0.446415633913935,-0.422283813360584,-0.398706300329836,-0.375710025803894,-0.35332125090106,-0.3315654703999,-0.310467447046898,-0.290051191335016,-0.270339858835837,-0.251355732257427,-0.233120330757338,-0.215654170858514,-0.198976833301095,-0.183106988850129,-0.168062397781136,-0.153859828467471,-0.140514978470499,-0.128042469774913,-0.116455825419038,-0.105767361509812,-0.0959881438187355,-0.0871278965631418,-0.0791948460455597,-0.0721958419993671,-0.0661362627166246,-0.0610199794216138,-0.0565717130770592,-0.0511294576849281,-0.0444195850433432,-0.0364471929479365,-0.0272192477750364,-0.0167445320258558,-0.00503343108750449,0.00790178057564464,0.0220471961978592,0.0373873900270635,0.0539054876589551,0.0715832102488626,0.0904009349277125,0.110337709147912,0.131371303003377,0.153478332989613,0.176634338439227,0.200813496113838,0.225988828453663,0.252135962791922,0.279232112806718,0.307246883151285,0.336148697577264,0.365904940673213,0.396482189725187,0.427864797590899,0.460076086520005,0.493110089087352,0.526946081621135,0.561557157716358,0.596911433874347,0.632973813142355,0.669706720619528,0.70707104533265,0.745026220765884,0.783530230450797,0.822540617334117,0.862013450402949,0.901903937953656,0.942167120562897,0.9827567894676,1.02362626836225,1.06472877103553,1.10601689640683,1.1474426304052,1.18895785028925,1.23051443276934,1.27206393723433,1.31355752858038,1.35494623692851
-1.1143130772464,-1.08619482487137,-1.05785494689719,-1.02932772084256,-1.00064750777956,-0.97184872350635,-0.942965730489137,-0.914032901742174,-0.885084620231934,-0.856155179017773,-0.82727874008916,-0.798489314857729,-0.769820727427749,-0.741306577706233,-0.712980201935044,-0.684874633911073,-0.65702249896082,-0.62945610679733,-0.602207415234053,-0.575307952223262,-0.548788795710696,-0.522680532182124,-0.497013225761997,-0.471816385807961,-0.447118921079198,-0.422949083040841,-0.399334425786092,-0.376301922724466,-0.353877876346265,-0.332087821594755,-0.310956560227872,-0.290508140564923,-0.270765754656983,-0.251751720316497,-0.233487590602488,-0.215993914359813,-0.199290303176284,-0.18339545723104,-0.168327164779296,-0.154102220611452,-0.140736347018951,-0.128244189022091,-0.116639290963512,-0.105933988353056,-0.0961393643953389,-0.0872651586273129,-0.0793196103112971,-0.0723095799717997,-0.066240454373891,-0.0611161108406137,-0.0566608366576454,-0.0512100074879031,-0.0444895640532032,-0.0365046121802905,-0.0272621292203848,-0.0167709115107293,-0.00504136079966545,0.00791422911113359,0.0220819295470927,0.0374462904542691,0.0539904108442734,0.0716959830757797,0.0905433533656714,0.110511536157526,0.131578266524068,0.15372012412222,0.176912609749037,0.201129859483979,0.226344853266574,0.252533180033124,0.279672017563961,0.307730922627218,0.336678269229031,0.36648139057535,0.397106811297789,0.428538859603413,0.460800894483958,0.493886939113138,0.527776237170888,0.562441839863624,0.597851813463121,0.633971005724587,0.670761782551327,0.708184971354354,0.746199941708978,0.784764610953651,0.823836455147878,0.863371474069455,0.903324805449496,0.943651419035191,0.984305033265759,1.02523889830143,1.06640615422346,1.10775932527516,1.1492503217438,1.19083094507497,1.23245299616519,1.27406795808953,1.31562691880892,1.35708083129677
-1.115972217116,-1.08781209848763,-1.05943002427399,-1.03086032303076,-1.00213740699143,-0.973295743197052,-0.944369745277316,-0.915393837425661,-0.886402453802567,-0.857429938527531,-0.828510504455008,-0.799678213637414,-0.770966940540917,-0.742410335100611,-0.714041783193863,-0.68589436780274,-0.658000762830737,-0.630393326097966,-0.603104063000987,-0.576164548435151,-0.549605906619239,-0.523458769580313,-0.497753246206354,-0.472518889792528,-0.447784652141285,-0.423578826782352,-0.399929008835193,-0.376862211870977,-0.354404777542707,-0.332582278813525,-0.311419554369573,-0.290940688336546,-0.271168907296977,-0.252126562293088,-0.233835238475006,-0.216315515283487,-0.199587033506722,-0.183668521167206,-0.16857779300571,-0.154331668818989,-0.140945894307956,-0.128435136298395,-0.116812959299592,-0.106091717188166,-0.0962825096709017,-0.0873950907862918,-0.0794377120643819,-0.0724172442445562,-0.0663390821124286,-0.0612071087641243,-0.056745200966979,-0.051286255866281,-0.0445558061273642,-0.0365589651792179,-0.0273027207618853,-0.0167958823097848,-0.00504886705878645,0.00792601288476373,0.0221148081073979,0.0375020455510454,0.0540707990628419,0.0718027337425713,0.0906781665439094,0.110676080664302,0.13177417802544,0.153949003412877,0.177176021145943,0.201429328794399,0.226681866066657,0.252909185552528,0.280088431051539,0.308189114003828,0.337179561326477,0.367027057586699,0.397698077573457,0.429176926159532,0.461486997116687,0.494622304719525,0.52856206174317,0.56327927926903,0.598741976021635,0.634914947416776,0.671760503323034,0.709239412825977,0.747310985004851,0.785933074539752,0.8250630941748,0.864656978174315,0.9046697974724,0.945056454769122,0.985770599593464,1.02676541249817,1.06799396379312,1.10940870703332,1.15096148090354,1.19260401508488,1.23428803870852,1.27596496261098,1.31758580192631,1.35910143660011
-1.11754424652713,-1.08934445976543,-1.0609224047577,-1.03231245841703,-1.00354908145216,-0.974666789456596,-0.945700044537268,-0.916683319379717,-0.887651096650572,-0.85863776884864,-0.829677597022776,-0.800804691207372,-0.77205297358632,-0.743456141496152,-0.715047627843702,-0.686860562213834,-0.658927664536577,-0.631281338213327,-0.60395363372548,-0.576976170446791,-0.550380116439595,-0.524196146881175,-0.498454413072805,-0.473184509940302,-0.448415430069465,-0.424175506846086,-0.400492374261868,-0.377393083941015,-0.354904014643055,-0.333050775354834,-0.311858239751844,-0.291350525886213,-0.271550893058913,-0.252481723797265,-0.234164633657613,-0.216620231070219,-0.199868184490538,-0.183927248322546,-0.168815262401994,-0.154549070219069,-0.141144439655082,-0.128616058196437,-0.116977509460254,-0.106241164725603,-0.0964181393350264,-0.0875182010671725,-0.0795496130757177,-0.0725192557786064,-0.0664325315608903,-0.0612933289886708,-0.0568251358645439,-0.0513585009467337,-0.0446185702684374,-0.0366104644617455,-0.0273411811100761,-0.016819542057377,-0.00505597921389889,0.0079371779703964,0.0221459604320105,0.0375548733165395,0.0541469666278641,0.0719038796380619,0.0908059015740186,0.110831986027575,0.131959803509933,0.15416586576614,0.177425602553004,0.201713074952478,0.227001184554126,0.253265449509583,0.280482981421679,0.30862324878243,0.337654533892197,0.367544075233157,0.398258300368529,0.429781492061938,0.462137077039103,0.495319061142753,0.529306627865805,0.564072750271362,0.599585402033096,0.635809328975381,0.672706787874084,0.710238492551614,0.748363694767397,0.787040189832953,0.826225330501286,0.865874988962916,0.905944172862016,0.946387721371723,0.987159218728797,1.02821177953314,1.06949840798648,1.11097149066688,1.15258279841602,1.19428399291837,1.23602673530768,1.27776236797468,1.31944183705025,1.36101595328634
-1.11903510597651,-1.09079769930071,-1.06233772786201,-1.03368961443401,-1.00488786569775,-0.975967043292253,-0.946961655298599,-0.917906220390606,-0.88883526723649,-0.859783234216356,-0.830784428084998,-0.801873004381287,-0.773082930542989,-0.744447948860555,-0.716001536841976,-0.687776868268622,-0.659806706720534,-0.632123498826851,-0.604759337825902,-0.577745885273255,-0.551114350810984,-0.52489545053858,-0.49911937598065,-0.47381576154411,-0.449013638492305,-0.424741378009169,-0.401026650951521,-0.377896545031771,-0.355377474200025,-0.333495081606784,-0.312274274110258,-0.291739201937251,-0.271913155417798,-0.252818546938622,-0.234477020892288,-0.216909213201729,-0.200134818561094,-0.184172616393666,-0.169040470334418,-0.15475524634359,-0.141332733337629,-0.128787638396775,-0.117133563259364,-0.106382895708369,-0.0965467659147493,-0.0876349546878543,-0.0796557362048173,-0.0726160000624017,-0.0665211558527086,-0.0613750973293794,-0.0569009434140253,-0.0514270157341174,-0.0446780936540299,-0.0366593046370305,-0.0273776556016606,-0.0168419801606454,-0.00506272414092111,0.00794776655945262,0.022175504241554,0.0376049733800747,0.05421920136676,0.0719998029795662,0.0909270411502298,0.110979841393639,0.132135844432352,0.154371530676915,0.177662297106218,0.201982170198408,0.227304015392426,0.253603318179908,0.280857159629427,0.309034967502451,0.338104981786359,0.368034397257837,0.398789596692808,0.430354841887328,0.462753590819525,0.495979841335626,0.530012749158298,0.564825251295367,0.600385278695798,0.636657530153147,0.673604212091948,0.7111859859249,0.749362049051253,0.788090140479386,0.827327556068752,0.867030109141193,0.907152747318843,0.947650249528055,0.988476138084664,1.02958346504112,1.07092517190443,1.11245358173397,1.15412040103136,1.19587722699534,1.23767565627323,1.27946696634409,1.32120203789849,1.3628316160675
-1.12045024301103,-1.09217712717854,-1.0636811651267,-1.03499682316033,-1.00615865159776,-0.977201255784836,-0.948159187441717,-0.919067008894698,-0.889959292477106,-0.86087052011999,-0.831835041962622,-0.802887056737127,-0.774060574836653,-0.74538938122231,-0.7169069957379,-0.688646634116517,-0.660641101371174,-0.632922885163172,-0.605524119316098,-0.57847650542487,-0.551811292599425,-0.525559235782976,-0.499750564680473,-0.474414951174641,-0.449581463241897,-0.425278507944507,-0.401533791131986,-0.378374434771991,-0.355826886217834,-0.333916821048461,-0.312669177619416,-0.292108136697991,-0.272257018067282,-0.253138262456818,-0.234773541630768,-0.217183517608348,-0.200387909989711,-0.184405521946683,-0.169254239704678,-0.154950950552706,-0.14151146337395,-0.128950503847296,-0.1172816909119,-0.106517428016384,-0.0966688594069727,-0.0877457782618736,-0.0797564692217832,-0.0727078305960804,-0.0666052788178627,-0.0614527125648303,-0.0569729006134861,-0.0514920505790043,-0.0447345937804548,-0.0367056641653193,-0.027412277513121,-0.0168632786076134,-0.00506912648557423,0.00795781734225644,0.0222035474880471,0.0376525288054838,0.0542877672226716,0.0720908542675289,0.0910420279122035,0.111120187020692,0.132302944039902,0.154566749637402,0.177886969678982,0.202237597796554,0.227591465114566,0.253924026123491,0.281212332908513,0.309425774569306,0.338532550929388,0.368499815279806,0.399293907883983,0.430899070635371,0.463338791177162,0.496607059765238,0.530683005762488,0.565539531952759,0.601144528730337,0.637462650246713,0.674456055132484,0.712085355052588,0.750309695807118,0.789086762961001,0.828373798369839,0.868126559476789,0.908299936930538,0.948848652470658,0.98972616963709,1.03088548111168,1.07227946889106,1.11386039574212,1.15557990709428,1.19738953893589,1.23924082670315,1.2810849862604,1.3228728361817,1.36455505931018
-1.12179465995595,-1.09348761949695,-1.06495746542768,-1.03623870540871,-1.00736593121497,-0.978373789714894,-0.94929687408691,-0.920169788128296,-0.891027145655377,-0.86190346997372,-0.832833152438984,-0.803850432818006,-0.774989362312665,-0.746283766422302,-0.717767205210845,-0.689472934266606,-0.661433797965006,-0.633682322948962,-0.606250681599111,-0.579170613548798,-0.552473405403448,-0.526189849008823,-0.500350210342188,-0.474984196889263,-0.450120911504837,-0.425788795336523,-0.402015587477805,-0.378828442439717,-0.356253839309479,-0.334317484473911,-0.313044346211835,-0.292458634304801,-0.27258369651708,-0.253442000504604,-0.235055244035275,-0.217444113920456,-0.20062835342165,-0.18462678827242,-0.169457326159679,-0.155136874635327,-0.141681261551466,-0.129105230256174,-0.117422416029837,-0.106645237203849,-0.0967848513963031,-0.0878510635361427,-0.0798521682047209,-0.072795071988629,-0.0666851978200873,-0.0615264490547803,-0.0570412618222623,-0.051553835371108,-0.0447882703683065,-0.0367497069215114,-0.027445169228409,-0.0168835126855195,-0.00507520887931339,0.00796736584701715,0.0222301893007171,0.0376977076950068,0.0543529065669765,0.072177355356404,0.0911512683231795,0.111253519012259,0.132461693007953,0.15475221272122,0.178100414459604,0.202480260650236,0.227864549817904,0.254228707001175,0.281549756750259,0.30979705143512,0.338938752722565,0.368941974491205,0.399773016616487,0.431416102083866,0.463894746719126,0.497202933567113,0.53131976694825,0.566218117132708,0.601865835986783,0.638227535250835,0.675265328149986,0.712939779087507,0.751209984842951,0.790033580208578,0.829367755734925,0.869168215778954,0.909389796863091,0.949987166397987,0.990913732084944,1.03212243020221,1.07356608621,1.11519690559577,1.15696647576879,1.19882627456593,1.24072777927123,1.28262214721346,1.32446013795438,1.36619237516196
-1.12307295641042,-1.09473365979016,-1.06617099531939,-1.03741950998053,-1.00851383496616,-0.979488656625199,-0.950378607555346,-0.92121833098526,-0.892042480174064,-0.862885617766978,-0.833782174308968,-0.804766428583433,-0.775872470593941,-0.747134164384338,-0.718585108260583,-0.690258595706074,-0.66218750852273,-0.63440441041791,-0.606941510433009,-0.579830584369004,-0.553102954482729,-0.526789447707567,-0.500920364509173,-0.47552544622525,-0.450633828873586,-0.426273986010773,-0.402473688339272,-0.379260121312963,-0.356659794192256,-0.334698442656657,-0.313401063436599,-0.292791893900926,-0.272894308418921,-0.253730800248643,-0.235323091882819,-0.217691893705646,-0.200856971476273,-0.18483717238038,-0.169650424510872,-0.155313654685975,-0.141842708793792,-0.129252346982596,-0.117556220070313,-0.106766760539153,-0.0968951387214285,-0.0879511707188996,-0.0799431605646793,-0.0728780227154847,-0.0667611862830228,-0.0615965590708916,-0.0571062609217846,-0.0516125814922314,-0.0448393070591177,-0.036791583587302,-0.0274764432786157,-0.0169027516203935,-0.00508099213158559,0.00797644474164665,0.0222555208281165,0.0377406646173461,0.054414842258271,0.0722596021888581,0.091255136122945,0.111380293531677,0.132612634457908,0.154928554445695,0.178303361698052,0.20271098897203,0.228124203796061,0.254518403205289,0.281870585569168,0.310150068334372,0.339324976887605,0.369362387633408,0.400228562045589,0.431907705131538,0.464423359513559,0.497769501380117,0.531925211240799,0.566863328451166,0.602551668244392,0.638954802035551,0.676034799877402,0.713752181235951,0.752065996281111,0.79093383152956,0.830312828750028,0.870158641824138,0.91042605581008,0.951069686461549,0.992042888387454,1.03329854423645,1.07478942571288,1.11646768384187,1.15828485086605,1.20019234933077,1.24214160122798,1.28408370822969,1.32596937378771,1.36774916530515
-1.12428936714494,-1.09591937596969,-1.06732577501214,-1.03854314867286,-1.00960616565381,-0.980549549873011,-0.951407971439043,-0.92221611110297,-0.893008659657181,-0.863820217182022,-0.834685251514495,-0.805638078565671,-0.776712825262317,-0.747943392326738,-0.71936341445553,-0.691006221192571,-0.662904729954367,-0.635091539718328,-0.607598894411761,-0.580458604252308,-0.553702025422231,-0.527360018243847,-0.501462916001531,-0.476040492246101,-0.451121914552837,-0.426735687318305,-0.402909611323671,-0.379670901467632,-0.357046095723024,-0.335060957643907,-0.313740511034903,-0.293109019516575,-0.273189882775204,-0.254005618431503,-0.235577972506034,-0.217927677814603,-0.201074521524835,-0.185037371235973,-0.169834174459005,-0.155481876345751,-0.141996339947142,-0.129392341398305,-0.117683546302493,-0.106882400607653,-0.0970000867447876,-0.0880464314475683,-0.0800297477432831,-0.0729569575777618,-0.0668334959430322,-0.0616632748752706,-0.057168113242595,-0.0516684835579031,-0.0448878729284351,-0.0368314328926922,-0.0275062032691485,-0.0169210591474305,-0.00508649540128465,0.00798508410292023,0.0222796259891243,0.0377815418812018,0.0544737794785665,0.0723378672341277,0.091353975407184,0.111500930560547,0.132756268432144,0.155096358999829,0.1784964837227,0.202930547124136,0.228371287236827,0.254794074448216,0.282175882214478,0.310485994749731,0.339692502916987,0.369762447460937,0.400662053312878,0.432375508372497,0.464926380761331,0.498308640143399,0.532501344370192,0.567477303379327,0.603204297544358,0.639646859907331,0.676767019438726,0.714525252842817,0.752880565936376,0.791790499297645,0.831212148275207,0.871101118718989,0.91141214671446,0.952099798859219,0.993117379240117,1.03441771947257,1.07595354010751,1.11767694034441,1.15953939993,1.20149228879497,1.24348697631594,1.28547451120273,1.32740554351356,1.36923058711065
-1.12544779595184,-1.09704857332071,-1.06842551050752,-1.03961322754738,-1.01064642886371,-0.981559874152825,-0.952388269246204,-0.923166330628749,-0.893928784837038,-0.864710267602142,-0.835545282275528,-0.806468180126192,-0.777513123244104,-0.748714047281698,-0.720104621591598,-0.691718210059288,-0.663587764018238,-0.635745916034718,-0.608224943259055,-0.581056688685042,-0.554272540803263,-0.527903391733442,-0.501979606014318,-0.476530987874346,-0.451586734942064,-0.427175380983981,-0.403324755426224,-0.380062101208779,-0.357413983648289,-0.335406192844687,-0.314063778386258,-0.293411028893957,-0.273471368164293,-0.254267337019354,-0.235820703886048,-0.218152222942555,-0.201281701744514,-0.185228027331687,-0.170009165707556,-0.155642079483638,-0.142142648055602,-0.129525662783393,-0.117804803350828,-0.106992528529727,-0.0971000322730834,-0.0881371514396932,-0.0801122076222999,-0.0730321298988665,-0.0669023588614484,-0.0617268105770486,-0.0572270172855856,-0.0517217209730306,-0.0449341238373206,-0.0368693827249232,-0.0275345447078978,-0.0169384940204555,-0.00509173634989733,0.00799331165689403,0.0223025821437468,0.0378204706728129,0.0545299073734062,0.0724124016659939,0.0914481033779973,0.111615817255851,0.132893055891087,0.155256164914001,0.178680400314564,0.203139639728281,0.228606593098052,0.255056605433826,0.282466626466022,0.310805908760276,0.340042510301532,0.370143437874406,0.401074881609536,0.432821013114365,0.46540542479421,0.498822080099639,0.533050015304079,0.568062012329448,0.603825818351313,0.640305929867798,0.677464336725349,0.715261474904804,0.75365630798395,0.792606332792313,0.832068600471004,0.871998671127766,0.912351234209694,0.953080809501381,0.994140652975833,1.03548354764779,1.07706216535308,1.11882855593585,1.16073414914926,1.20273026481723,1.24476822220909,1.28679901959694,1.32877325619054,1.37064139486331
-1.1265518459283,-1.0981247640209,-1.06947362234706,-1.04063307490372,-1.01163786015889,-0.982522771907702,-0.953322550027618,-0.92407194505997,-0.894805717607627,-0.865558537378871,-0.836364941572517,-0.807259315155722,-0.77827585373103,-0.749448526241318,-0.720811035068418,-0.69239677682736,-0.664238735176455,-0.636369574694104,-0.608821604194109,-0.581626697907836,-0.554816275117576,-0.528421258247831,-0.502472041624568,-0.476998458713809,-0.452029735786596,-0.427594434600698,-0.403720411882558,-0.380434937297137,-0.357764602221316,-0.335735222054791,-0.314371870959171,-0.293698861382243,-0.273739640098958,-0.254516770043667,-0.236052040997827,-0.218366227499204,-0.201479156534396,-0.185409733671111,-0.170175942537252,-0.155794762384443,-0.142282088185837,-0.129652725811515,-0.117920368364892,-0.107097486839682,-0.0971952861700044,-0.0882236128644899,-0.0801907966792582,-0.0731037734896096,-0.0669679892247508,-0.061787363793297,-0.0572831562618352,-0.0517724593236038,-0.0449782036414157,-0.0369055511205396,-0.0275615557461227,-0.0169551104676971,-0.00509673127850929,0.00800115299398526,0.0223244606932267,0.0378575720736119,0.0545834005191289,0.0724834373112211,0.091537812804543,0.111725310953255,0.133023422289027,0.15540846923752,0.178855683515145,0.2033389171317,0.228830853258885,0.255306812720417,0.282743722634696,0.311110805404514,0.340376087680105,0.37050654388016,0.401468330968265,0.433245605024412,0.465861981597766,0.499311418217117,0.533572930590746,0.568619273939979,0.604418163800774,0.64093406184277,0.678128920624935,0.715963137316309,0.754395635238472,0.793383869525876,0.832884849187355,0.872854090735673,0.913246239168854,0.95401576965598,0.995115892314756,1.03649934384067,1.07811874964121,1.11992611252203,1.1618728145895,1.20391012791291,1.24598932400641,1.28806135307203,1.33007676585798,1.37198597664238
-1.12760484660935,-1.09915119358876,-1.07047327137055,-1.04160576634314,-1.01258344944497,-0.983441146993329,-0.954213631337431,-0.924935685500329,-0.89564210257602,-0.866367584678951,-0.837146701290249,-0.808013869517082,-0.779003316925011,-0.750149044208066,-0.721484785250072,-0.693043967882253,-0.664859606593114,-0.636964396493007,-0.609390676595147,-0.582170350924098,-0.555334868130111,-0.528915179541225,-0.502941707893326,-0.477444314538111,-0.452452253064748,-0.427994111928,-0.404097773892307,-0.380790534111892,-0.358099008818897,-0.336049037542959,-0.31466571788279,-0.293973385011295,-0.273995507619389,-0.254754669731252,-0.236272681495495,-0.218570336868077,-0.201667481368105,-0.185583038234532,-0.170335007904761,-0.155940385501113,-0.142415080853953,-0.129773913672574,-0.118030589859487,-0.107197592065188,-0.0972861356971716,-0.0883060764677114,-0.0802657519188438,-0.0731721044089101,-0.067030584957488,-0.0618451171371754,-0.0573366994722738,-0.0518208516236337,-0.0450202452742425,-0.0369400471542596,-0.0275873178422716,-0.0169709586001504,-0.00510149525055974,0.00800863176168003,0.0223453276177265,0.0378929579720245,0.0546344202375098,0.0725511883953186,0.0916233742277242,0.111829741858011,0.133147760777995,0.155553731281642,0.179022861934169,0.203528980304555,0.229044744031155,0.255545450869778,0.283008006372345,0.31140160417348,0.34069424103757,0.370852860513922,0.401843587932654,0.433650564564269,0.466297428031654,0.499778130215629,0.534071667210221,0.569150768770758,0.604983120256548,0.641533150119149,0.67876277535416,0.716632356113409,0.755100777323641,0.794125454352145,0.833663356023592,0.873669957271531,0.914099860700156,0.954907498925975,0.996046038331665,1.03746817143517,1.07912647936242,1.12097292005554,1.16295883017722,1.2050354362502,1.24715396424157,1.28926531850596,1.33132000357079,1.37326838736588
-1.12860987831522,-1.10013086461662,-1.07142738182977,-1.04253414725897,-1.01348596283393,-0.984317685912572,-0.955064119836613,-0.925760078631139,-0.896440386401159,-0.867139776191036,-0.837892848293597,-0.808734050491902,-0.779697640858469,-0.750817650392067,-0.722127843043461,-0.693661676438024,-0.665452194490005,-0.63753212145083,-0.60993382515741,-0.582689238070293,-0.555829836869843,-0.529386600470952,-0.503389978725218,-0.477869859599699,-0.452855522757218,-0.428375582133369,-0.404457945344437,-0.381129931872753,-0.358418181673451,-0.336348557306883,-0.314946178741195,-0.294235402839176,-0.274239719209336,-0.254981732004944,-0.236483270813949,-0.218765148125917,-0.201847227148221,-0.185748447986057,-0.170486827120577,-0.156079374821818,-0.14254201510054,-0.12988958087481,-0.118135790263182,-0.107293137041907,-0.0973728466147512,-0.0883847834783609,-0.0803372926060059,-0.0732373225437352,-0.0670903291696093,-0.0619002395532972,-0.0573878035457021,-0.051867039434074,-0.0450603717192844,-0.0369729717365881,-0.0276119063576496,-0.0169860847780161,-0.00510604220199358,0.0080157698374566,0.0223652439588112,0.0379267318816573,0.0546831157754329,0.0726158531090742,0.0917050379385303,0.111929415459595,0.133266435082694,0.155692375978296,0.179182424615068,0.203710385234557,0.229248891104932,0.25577321796495,0.283260250782497,0.311679155734555,0.340997901061095,0.371183400848284,0.402201750233823,0.434037076353364,0.466713037897951,0.500223581357734,0.534547684106002,0.569658051592177,0.605522340373596,0.642104947196975,0.679367755114617,0.717271088947441,0.755773796976417,0.794833256613246,0.834406398329007,0.874448657372158,0.914914595884289,0.955758605867804,0.996933811962681,1.0383928645218,1.08008830240677,1.12197204073994,1.16399537281045,1.20610948166936,1.24826554981158,1.29041443783288,1.3325066061455,1.37449237844229
-1.12956979403125,-1.10106655809843,-1.07233866215982,-1.04342085304782,-1.0143479622922,-0.985154876898079,-0.955876429808435,-0.926547464658705,-0.897202835172812,-0.867877303936591,-0.838605500671433,-0.809421902459245,-0.780360796510034,-0.751456242766932,-0.72274203389793,-0.694251655985092,-0.666018181047481,-0.638074361169458,-0.610452591717724,-0.58318483231232,-0.556302586405449,-0.529836859260472,-0.50381812662748,-0.47827630189412,-0.453240689626426,-0.42873992809698,-0.404801948658311,-0.381454094028771,-0.358723026821551,-0.33663463159387,-0.315214049679141,-0.294485658656377,-0.274472968112689,-0.255198601426838,-0.236684406753476,-0.2189512142838,-0.202018904119423,-0.185906432474654,-0.17063183115419,-0.156212124895798,-0.142663251254076,-0.130000055762924,-0.118236268208554,-0.107384392993541,-0.0974556650691849,-0.088459957322175,-0.0804056218234246,-0.073299613028925,-0.0671473914571202,-0.0619528875177668,-0.0574366135513478,-0.0519111538683472,-0.0450986968835549,-0.0370044183305976,-0.0276353910917209,-0.0170005319400033,-0.00511038504025032,0.00802258748418373,0.0223842662530348,0.0379589896765699,0.0547296253650113,0.0726776150163302,0.0917830357558881,0.112024614701646,0.133379782084093,0.155824796898438,0.179334824508716,0.203883646876213,0.229443873992894,0.255990760568805,0.283501171911825,0.311944247973865,0.341287929750949,0.371499103188705,0.402543834587757,0.434406237583421,0.467109990989151,0.50064903614641,0.535002332548129,0.570142562428912,0.606037354837055,0.642651076237665,0.679945577263468,0.717881148990479,0.756416604698931,0.795509285548764,0.835116085379162,0.87519240153496,0.915692757511522,0.95657150652031,0.997781733332446,1.03927604802855,1.08100694910313,1.12292631078095,1.16498538492466,1.2071353130651,1.24932723617644,1.29151197305995,1.33363994199302,1.37566142441733
-1.13048723909905,-1.10196085262399,-1.0732096236726,-1.04426832729893,-1.01517182332314,-0.985955027085877,-0.956652799821676,-0.927300013466242,-0.897931550051955,-0.868582200399081,-0.839286622355531,-0.810079321005758,-0.780994611408097,-0.752066581169422,-0.723329050404384,-0.694815532392692,-0.666559126014753,-0.638592609956417,-0.610948405896143,-0.583658499411818,-0.556754419542981,-0.530267196735706,-0.504227331492715,-0.478664761497533,-0.453608815117582,-0.429088153885664,-0.405130731840362,-0.38176391390799,-0.359014384357314,-0.336908048769184,-0.315470068896993,-0.294724842119408,-0.274695897118199,-0.25540587564701,-0.236876643605725,-0.21912904810398,-0.202182985390156,-0.18605742707494,-0.170770419608598,-0.156339001556516,-0.142779123417895,-0.130105642784286,-0.118332300593339,-0.107471611403799,-0.0975348192920749,-0.0885318051636907,-0.0804709278731744,-0.0733591475249784,-0.0672019290726205,-0.062003206118166,-0.0574832640001222,-0.0519533164972805,-0.0451353263837757,-0.0370344735970038,-0.0276578367638588,-0.017014339899689,-0.00511453573334999,0.0080291034899739,0.022402446922152,0.0379898202529905,0.054774077177656,0.0727366443209276,0.0918575826266581,0.112115601934814,0.133488114144549,0.155951358968449,0.179480481599671,0.204049242705014,0.22963023003007,0.25619867818658,0.283731433692247,0.312197611434222,0.341565126369965,0.37180083754962,0.402870783712605,0.434759065591213,0.467489381231008,0.501055667052562,0.53543686545955,0.570605636498885,0.606529582926929,0.643173042266966,0.680497834166517,0.718464217449715,0.757030971944626,0.796155404163362,0.835794372933959,0.875903239374642,0.916436490044414,0.957348441080078,0.998592139147844,1.04012015583789,1.08188495106365,1.12383835996176,1.16593159480129,1.20811575742984,1.25034194913791,1.29256094878146,1.3347231343672,1.37677874695504
-1.13136466896279,-1.10281614167753,-1.07404259740401,-1.04507883818701,-1.01595975090322,-0.986720277992876,-0.95739530774814,-0.928019739170631,-0.89862848136649,-0.869256352158947,-0.839938036295665,-0.810708065642288,-0.781600781890849,-0.752650299105386,-0.723890463650094,-0.695354814816082,-0.667076477173517,-0.639088254849487,-0.611422594686603,-0.584111507088419,-0.557186545565799,-0.530678764649157,-0.504618688514241,-0.479036278080765,-0.453960884479424,-0.429421191488722,-0.405445174843823,-0.382060220710382,-0.359293034068212,-0.337169540604829,-0.315714921602971,-0.294953593377377,-0.27490910287165,-0.255604109412874,-0.237060495872193,-0.21929912553977,-0.202339910106496,-0.186201835907911,-0.170902963401067,-0.156460344375868,-0.142889941711523,-0.130206624531335,-0.118424144438006,-0.107555025703482,-0.0976105211312833,-0.0886005192960178,-0.0805333855399547,-0.0734160853696446,-0.0672540879802401,-0.0620513300268792,-0.0575278797469918,-0.0519936401646679,-0.0451703582549097,-0.0370632179755321,-0.0276793034475185,-0.0170275456126095,-0.0051185053901815,0.00803533529422394,0.0224198346247908,0.0380193061256791,0.0548165901839177,0.0727930990085244,0.0919288780676151,0.112202620676758,0.133591721203306,0.156072400918254,0.179619785723652,0.204207615920589,0.229808457978585,0.256397527287673,0.283951652394939,0.312439924215992,0.341830232805424,0.372089411490967,0.403183472652942,0.435096504683392,0.467852224021167,0.50144456238058,0.53585244582141,0.571048513170613,0.607000342039366,0.643672242271459,0.681026003880653,0.719021854845889,0.757618543002121,0.796773341724822,0.83644307635793,0.876583073373112,0.917147784004024,0.958091488929852,0.999367198373884,1.04092744711465,1.08272465816725,1.12471062928506,1.16683653487047,1.20905343881868,1.25131240446736,1.29356417246939,1.33575908231726,1.3778473364504
-1.1322043651852,-1.10363464924947,-1.07483974931841,-1.04585449326678,-1.01671379386422,-0.98745261948518,-0.958105884315823,-0.92870851325973,-0.899295441332499,-0.869901512199064,-0.84056143635003,-0.811309771280509,-0.782180884170858,-0.753208914404496,-0.72442773346631,-0.695870905540192,-0.667571579781286,-0.639562584663831,-0.611876391112406,-0.584545033288613,-0.557600088122257,-0.531072633192356,-0.504993215329624,-0.479391817690705,-0.454297813190632,-0.429739906896944,-0.40574609530833,-0.382343784916394,-0.359559700521321,-0.337419787052615,-0.315949244482501,-0.295172507247449,-0.275113139767552,-0.255793818187591,-0.237236441620128,-0.219461888840009,-0.202490086316537,-0.186340034476867,-0.171029807182479,-0.156576468879075,-0.142995994293478,-0.130303263584817,-0.118512038562204,-0.107634852793069,-0.0976829674327369,-0.0886662783950931,-0.0805931572311441,-0.0734705746172235,-0.0673040038077077,-0.0620973843795106,-0.0575705768053605,-0.0520322297233074,-0.045203883589607,-0.0370907262095951,-0.0276998469620735,-0.0170401834173069,-0.00512230433296137,0.0080412991013654,0.0224364745738346,0.0380475239661406,0.054857274929487,0.072847125877077,0.0919971074668191,0.11228589720051,0.133690872667654,0.156188237490731,0.17975309911029,0.204359178337536,0.229979021280884,0.256587824935289,0.284162400650037,0.312671816400089,0.342083938408107,0.372365575385598,0.403482714487351,0.43541943229585,0.46819946285223,0.501816733366939,0.536250154258725,0.571472344047144,0.607450856279555,0.644149974310592,0.681531459794658,0.719555511191989,0.75818084572028,0.797364705043406,0.837063882461169,0.877233671288651,0.917828488953322,0.958802582201588,1.00010892638104,1.04170002104163,1.08352825388693,1.12554538689472,1.16770255822915,1.20995079546514,1.25224112561971,1.29452425278555,1.33675047959724,1.37886997153458
-1.13300844992145,-1.10441844394516,-1.0756030940492,-1.0465972528429,-1.01743585789075,-0.988153902401509,-0.958786325357193,-0.929368076464838,-0.899934115550679,-0.870519311025415,-0.84115839803083,-0.811885958604563,-0.782736384334335,-0.753743838849149,-0.724942217689219,-0.696365108875518,-0.668045685105522,-0.640016798168052,-0.612310942048345,-0.58496017365847,-0.557996092353983,-0.531449797785004,-0.505351858476429,-0.479732278878757,-0.454620452767489,-0.43004510559633,-0.406034253746915,-0.382615323174772,-0.359815057659882,-0.337659420557679,-0.316173629737256,-0.295382136988277,-0.275308523466141,-0.255975481420092,-0.23740492551531,-0.219617749354622,-0.202633893558989,-0.186472372049555,-0.171151271523748,-0.156687668546338,-0.143097549189301,-0.130395804179566,-0.118596205099801,-0.107711294418698,-0.0977523412891884,-0.0887292486531754,-0.0806503940070907,-0.0735227529778003,-0.0673518027067531,-0.062141485568727,-0.0576114630830412,-0.0520691827001729,-0.0452359871160827,-0.037117067820455,-0.0277195192269256,-0.0170522852531681,-0.0051259421627165,0.00804700998366353,0.0224524088232465,0.0380745450890173,0.0548962342364809,0.0728988614681052,0.0920624432596916,0.112365641969927,0.133785819122017,0.156299161438394,0.179880758681064,0.204504312997909,0.230142350999754,0.256770052066611,0.284364211079324,0.312893874045116,0.342326884365434,0.372630027179532,0.403769265486478,0.435728664560045,0.468531975297136,0.502173120595342,0.536630995895722,0.571878200271663,0.607882264227252,0.644607445751373,0.682015479341787,0.720066535191919,0.758719301200674,0.797930988665218,0.837658360200216,0.877856677370324,0.918480325230548,0.959483518033609,1.00081919773047,1.04243983013655,1.08429776914145,1.12634474246461,1.16853185356877,1.21081009524897,1.25313045974187,1.29544361613052,1.33769983175474,1.37984923670214
-1.13377889901692,-1.10516945175204,-1.07633450733297,-1.0473089420689,-1.01812771728197,-0.988825849976427,-0.959438302892901,-0.930000049504331,-0.900546073409734,-0.871111266730433,-0.841730388228212,-0.812438043456596,-0.78326864738969,-0.754256386887863,-0.725435180540398,-0.696838639208222,-0.66849995814634,-0.640452011482892,-0.612727315299116,-0.585357948305879,-0.558375531346391,-0.531811185218626,-0.505695499234168,-0.48005849824663,-0.454929596019367,-0.43033753753948,-0.406310358239824,-0.38287550272566,-0.360059732962814,-0.337889029961882,-0.316388628740184,-0.295582997714669,-0.275495734075995,-0.256149545504199,-0.237566361566502,-0.21976709007344,-0.202771685205657,-0.186599173813818,-0.171267654894359,-0.156794216624166,-0.14319485594579,-0.130484473711899,-0.118676850869876,-0.10778453841733,-0.097818813170251,-0.0887895848045703,-0.0807052365134427,-0.0735727486671809,-0.0673976021317062,-0.0621837419626229,-0.0576506390482548,-0.0521045898983415,-0.0452667477210531,-0.0371423075363022,-0.0277383685819474,-0.017063880857552,-0.00512942781854099,0.00805248197424185,0.0224676765276225,0.0381004358922378,0.0549335638380518,0.0729484329094148,0.092125045993273,0.112442050938654,0.133876793874532,0.156405445330241,0.18000307812875,0.204643376535325,0.230298848478806,0.256944656461107,0.284557579583526,0.313106642804477,0.342559667658826,0.372883416699622,0.404043829780674,0.436024961340092,0.468850578425461,0.502514599801925,0.536995906559376,0.572267079138494,0.608295625964011,0.645045780720141,0.682479251883985,0.720556182564586,0.759235232568497,0.798473584096439,0.838227970361527,0.878453622506148,0.919104894567011,0.960135969662399,1.00149975774366,1.04314869230281,1.08503509482998,1.1271106602193,1.16932645868374,1.21163344969326,1.25398259215913,1.29632452161922,1.33860947159499,1.38078753826235
-1.13451755387508,-1.10588946760816,-1.07703573727608,-1.04799126190986,-1.01879102560889,-0.98947006819093,-0.96006337517477,-0.930605942818501,-0.901132777512892,-0.871678794111418,-0.842278774021131,-0.81296734534101,-0.783778945466454,-0.754747783530508,-0.725907800220352,-0.697292628294326,-0.668935484634087,-0.640869264785202,-0.613126506013081,-0.58573930792781,-0.55873931197352,-0.532157659223328,-0.506024958917698,-0.480371255471377,-0.455225981810737,-0.430617901650182,-0.4065750686876,-0.383124945408361,-0.360294311213665,-0.338109164040686,-0.316594755347312,-0.29577556949162,-0.275675219037795,-0.256316426459885,-0.237721135612183,-0.219910267926626,-0.202903790583968,-0.186720742830834,-0.171379235455124,-0.156896367766635,-0.1432881471299,-0.130569484105465,-0.118754168618974,-0.107854759844988,-0.0978825419463209,-0.0888474310550406,-0.0807578158259362,-0.0736206811770194,-0.0674415115449846,-0.0622242545556334,-0.057688198333091,-0.0521385359424022,-0.0452962389235676,-0.0371665056810455,-0.0277564400778347,-0.0170749979444069,-0.00513276963128864,0.00805772815137194,0.0224823141773734,0.0381252582558348,0.0549693529534081,0.0729959586786904,0.092185065290546,0.112515306727115,0.133964014358417,0.15650734318893,0.180120349801613,0.204776701317079,0.230448887753136,0.257112055430112,0.284742968320933,0.31331063120383,0.34278284464946,0.373126349556737,0.404307063589346,0.436309030796892,0.469156033711151,0.502841987135351,0.537345758400453,0.572639910083348,0.608691929440562,0.645466026854622,0.682923885855776,0.721025623586372,0.759729872919905,0.798993788161377,0.838774074335675,0.879025933418357,0.919703689707869,0.960761496472879,1.00215223298566,1.04382830174874,1.08574199318977,1.12784497073221,1.17008827271136,1.21242282664736,1.25479955950132,1.29716907465022,1.33948157319278,1.38168711879266
-1.13522613222477,-1.10658016589769,-1.07770841457637,-1.04864579908852,-1.01942732538331,-0.990088055163096,-0.960662995797349,-0.931187165401548,-0.90169559223018,-0.872223212943266,-0.842804830671058,-0.813475095139986,-0.784268465253791,-0.755219171511294,-0.726361175797796,-0.697728131877432,-0.669353277377912,-0.641269528390167,-0.613509442501194,-0.586105139369328,-0.559088280200793,-0.532490025518288,-0.506341003679691,-0.480671277864402,-0.45551029938152,-0.430886849910221,-0.406829000669712,-0.38336423129743,-0.360519337920013,-0.338320334712002,-0.316792488902424,-0.295960300141396,-0.275847395740649,-0.256476512365862,-0.237869607576661,-0.220047615871746,-0.203030516902646,-0.186837361807206,-0.171486272684662,-0.156994359524422,-0.143377639688633,-0.130651033050434,-0.118828338148155,-0.107922122000361,-0.0979436758175413,-0.08890292192502,-0.080808254216834,-0.0736666619735204,-0.0674836330571535,-0.0622631175590776,-0.0577242282810031,-0.0521710997732809,-0.0453245293048967,-0.0371897185270427,-0.027773775739532,-0.0170856623663218,-0.00513597537228603,0.00806276071494595,0.0224963558120953,0.0381490699037765,0.0550036848095052,0.0730415492962688,0.0922426407253258,0.112585579690352,0.134047683403367,0.156605091976132,0.180232846412858,0.204904597387598,0.230592817736427,0.257272638256971,0.284920808409779,0.313506313614597,0.342996934331488,0.373359390686945,0.404559579058065,0.43658153352895,0.469449051485076,0.50315604392908,0.53768136499323,0.572997560117998,0.609072096253636,0.64586916142978,0.683350415245605,0.721475949934078,0.760204372532297,0.799492810585399,0.839297942077807,0.879574941005863,0.920278103140638,0.961361553116596,1.00277814077612,1.04448023889408,1.08642010810046,1.12854938162946,1.1708190672367,1.21318006179344,1.25558326161155,1.29797923921669,1.34031816460499,1.38255007025171
-1.13590623790097,-1.10724310998489,-1.07835406180844,-1.04927403512012,-1.02003805684093,-0.990681209678428,-0.961238521974741,-0.931745032824448,-0.902235791467206,-0.872745755493332,-0.843309748883383,-0.813962442122183,-0.784738314757551,-0.755671617795553,-0.726796333467803,-0.698146135700162,-0.66975428203276,-0.641653708276316,-0.61387699152284,-0.58645627067332,-0.559423225901977,-0.532809036399551,-0.506644348873146,-0.480959244512791,-0.455783192271652,-0.431144991071796,-0.407072728949694,-0.383593902005631,-0.360735322419611,-0.338523019951075,-0.316982276966461,-0.296137607793451,-0.276012653898722,-0.256630165569326,-0.2380121135195,-0.220179444789651,-0.20315215100097,-0.1869492947047,-0.171589008856895,-0.15708841369743,-0.143463536184339,-0.130729305129147,-0.118899527336788,-0.107986777354634,-0.0980023531576592,-0.0889561830155775,-0.0808566658511476,-0.0737107951321331,-0.0675240620083464,-0.0623004189376028,-0.0577588104441454,-0.0522023550977332,-0.0453516828990364,-0.0372119986155189,-0.027790414805524,-0.0170958982617325,-0.00513905229758255,0.00806759105594363,0.0225098332143919,0.0381719247326488,0.0550366371149436,0.0730853079544468,0.092297902617,0.112653028888034,0.134127990390474,0.156698912941799,0.180340822593465,0.205027354233839,0.230730964207673,0.257426768413635,0.285091502383047,0.313694132955044,0.343202421287203,0.373583067568282,0.404801947744151,0.436843086333847,0.469730294979687,0.503457481036434,0.538003485968018,0.57334083876709,0.609436986893587,0.646256096922456,0.683759805483416,0.721908180900987,0.76065980541404,0.799971780883143,0.839800759338812,0.880101887922465,0.920829435024093,0.961937497794573,1.00337889782897,1.04510597936902,1.08707097444443,1.12922548731319,1.17152049638004,1.21390686909892,1.25633547236403,1.2987568490894,1.34112113941837,1.38337834589099
-1.13655936974042,-1.1078797608853,-1.07897410186849,-1.04987735452958,-1.02062456592958,-0.991250838948167,-0.96179122206834,-0.932280774531714,-0.902754565730817,-0.873247573356144,-0.843794641411601,-0.814430460317109,-0.785189529445791,-0.756106119497616,-0.727214232243551,-0.698547560971546,-0.670139382344395,-0.642022651110498,-0.614229963093284,-0.586793475673206,-0.559744887240188,-0.533115394912612,-0.506935663019055,-0.481235790045854,-0.456045261890452,-0.431392894033936,-0.407306790663045,-0.383814463687977,-0.360942740705404,-0.33871766644155,-0.317164537799901,-0.296307883203564,-0.276171357712767,-0.25677772469569,-0.238148967499456,-0.220306045208758,-0.203268960939717,-0.187056788204304,-0.171687670384797,-0.157178737564992,-0.143546025918224,-0.130804472839897,-0.118967893073684,-0.108048868397167,-0.0980587032815098,-0.0890073317050599,-0.0809031574198503,-0.0737531779148009,-0.0675628874970665,-0.0623362408970758,-0.0577920210356988,-0.0522323707971554,-0.0453777595478703,-0.0372333950479835,-0.0278063939454701,-0.0171057281888041,-0.00514200718819604,0.00807222981961132,0.0225227760861558,0.0381938731105906,0.0550682824909762,0.0731273310898327,0.0923509727533391,0.11271780296667,0.13420511230262,0.156789012851311,0.180444516304493,0.205145242390925,0.2308636316181,0.257574785576644,0.285255426421097,0.313874503146919,0.343399758374754,0.373797873146389,0.405034703786791,0.437094265629293,0.470000384007609,0.503746962773309,0.538312831224428,0.573670502558133,0.60978740551706,0.646627686072383,0.684152958795368,0.72232326905032,0.761097175261419,0.800431754623339,0.840283634242056,0.880607935469157,0.921358900399536,0.962490599790502,1.00395582811013,1.0457069021987,1.08769602661991,1.12987477780485,1.17219410597142,1.21460485032297,1.25705784950279,1.2995036179877,1.34189226725224,1.38417377108857
-1.1371869296818,-1.10849148516149,-1.07956986566416,-1.05045705233385,-1.02118811158308,-0.991798165673849,-0.962322282441439,-0.932795540485691,-0.903253028562971,-0.87372974367697,-0.844260549070981,-0.814880154319502,-0.78562307784475,-0.756523609269521,-0.727615769139123,-0.698933269345509,-0.67050940492544,-0.642377148823528,-0.61456911486124,-0.587117478174968,-0.560053954657145,-0.533409758651883,-0.507215571419301,-0.481501508064843,-0.45629707076682,-0.431631090917003,-0.407531688220073,-0.384026389777143,-0.361142037997943,-0.338904691989494,-0.31733966262316,-0.296471491865606,-0.276323847838379,-0.25691950647863,-0.238280463271752,-0.220427688875158,-0.203381197449844,-0.187160073039365,-0.171782469044005,-0.15726552500607,-0.143625285953387,-0.130876697529159,-0.119033582104976,-0.108108528405542,-0.0981128471438734,-0.0890564777834387,-0.080947828716467,-0.073793901295595,-0.0676001928617013,-0.0623706603288493,-0.0578239313417498,-0.0522612112998413,-0.0454028152245733,-0.0372539537515901,-0.0278217474583784,-0.0171151732473425,-0.00514484638675925,0.0080766869629927,0.0225352122090868,0.0382149621494992,0.0550986888639753,0.0731677089045196,0.0924019650486739,0.112780040962947,0.134279214680949,0.15687558510291,0.180544150123095,0.205258514904193,0.230991104736516,0.25771700746284,0.285412932384665,0.314047811352404,0.343589369175539,0.374004268498542,0.405258346793687,0.437335610568254,0.470259898311297,0.504025110508346,0.538610064767878,0.573987259110005,0.610124104292899,0.646984726490658,0.684530719079739,0.722722105363188,0.761517420882904,0.800873719133406,0.840747603271996,0.88109416987017,0.921867635757248,0.963022046330353,1.00451016999266,1.04628429725585,1.08829660629299,1.13049864679771,1.17284134190472,1.21527550367287,1.2577519436006,1.30022114884094,1.3426332033221,1.38493805321388
-1.13779023015018,-1.10907956212116,-1.08014259912477,-1.05101434086324,-1.02172987235252,-0.99232433448767,-0.962832813708171,-0.933290407223764,-0.903732222406101,-0.874193274825486,-0.84470844622086,-0.815312464580847,-0.78603986664038,-0.756924960213588,-0.728001783894358,-0.699304067459479,-0.670865123609397,-0.642717942781533,-0.614895156099638,-0.587428955769661,-0.56035107450995,-0.533692743224454,-0.507484659450315,-0.481756954269646,-0.456539145512252,-0.431860079865537,-0.40774789195225,-0.384230123477182,-0.3613336310905,-0.339084487724105,-0.317508017677282,-0.296628775936705,-0.276470443180334,-0.25705580742841,-0.238406875835372,-0.220544630183988,-0.203489095253167,-0.187259365210932,-0.17187360308831,-0.157348957520478,-0.143701482047472,-0.130946130241458,-0.119096731807071,-0.108165882147587,-0.0981648979765821,-0.0891037240306088,-0.0809907731627174,-0.0738330504399023,-0.0676360561194921,-0.0624037492147721,-0.0578546080967767,-0.0522889369203457,-0.0454269023284395,-0.0372737177210488,-0.0278365074532698,-0.0171242531899331,-0.00514757583092876,0.00808097180737532,0.022547167591026,0.0382352359531826,0.0551279198232229,0.0732065258412077,0.09245098614392,0.112839873036074,0.134350452496822,0.15695881074638,0.180639932414896,0.205367408662068,0.231113650149271,0.257853731502882,0.285564349668221,0.31421442001342,0.34377165022533,0.374202685262285,0.405473344472654,0.437567625878847,0.470509380616714,0.504292505935874,0.538895808207117,0.574291770860204,0.610447787364063,0.647327964861004,0.684893876352002,0.723105523931666,0.761921421144164,0.801298598700037,0.841193636733689,0.881561607994449,0.922356705022743,0.963532948835861,1.00504308277967,1.046839372055,1.08887396946449,1.1310983989979,1.1734635577537,1.21592023169553,1.25841920622635,1.30091094223164,1.34334549715812,1.38567279062104
-1.13837050079665,-1.10964519038677,-1.08069346959955,-1.051550355987,-1.02225095245836,-0.992830417830475,-0.963323856436833,-0.933766383386679,-0.904193123956351,-0.874639111574023,-0.845139245768248,-0.815728272238853,-0.786440745334434,-0.757310990366033,-0.72837306328715,-0.699660711076689,-0.671207263424504,-0.643045727593071,-0.615208751347944,-0.587728543313032,-0.560636852390304,-0.533964925411402,-0.50774347556915,-0.482002649312449,-0.456771979525136,-0.432080327606368,-0.40795584252749,-0.384426080039505,-0.361517910489417,-0.339257420106267,-0.317669946104682,-0.296780055994324,-0.276611442530253,-0.257186905354551,-0.238528462845261,-0.220657107485816,-0.20359287426772,-0.187354867096982,-0.171961258267739,-0.157429205160933,-0.143774769503874,-0.131012912495018,-0.119157470892122,-0.108221046522089,-0.0982149618699963,-0.0891491667441921,-0.0810320782882635,-0.0738707051417751,-0.0676705503671746,-0.0624355749968361,-0.0578841138263499,-0.0523156041692166,-0.0454500699539674,-0.0372927272394164,-0.0278507040140658,-0.0171329865233769,-0.00515020108387609,0.00808509308615823,0.0225586665995141,0.038254735843845,0.0551560349474584,0.0732438610168405,0.0924981359542061,0.112897421136189,0.134418970947639,0.157038859412794,0.180732058404014,0.205472145612546,0.231231517629258,0.257985236368639,0.285709986891499,0.314374668712874,0.343946973050602,0.374393527852014,0.405680135033419,0.437790784456251,0.470749339420393,0.504549694063068,0.539170643946363,0.574584658466647,0.610759114463581,0.647658100774196,0.685243170801775,0.723474306242079,0.762309999481273,0.801707259315645,0.841622643735564,0.882011202577547,0.922827105020319,0.96402434863198,1.0055556526576,1.04737325795336,1.08942929291994,1.13167525682444,1.17406202172292,1.21654034847998,1.25906099739926,1.30157440410137,1.34403060056244,1.38637948085682
-1.13892889465643,-1.11018949389816,-1.08122357170366,-1.05206616280175,-1.02275238732039,-0.993317421322509,-0.963796386360997,-0.93422441476977,-0.904636649054829,-0.875068139828956,-0.845553803739632,-0.816128403530156,-0.786826510498734,-0.757682466793669,-0.7287303450736,-0.700003908871009,-0.67153650422464,-0.643361154587702,-0.615510523740143,-0.588016836104853,-0.560911856157285,-0.534226846056287,-0.507992534060126,-0.48223908140515,-0.456996035461676,-0.432292271785963,-0.408155953156998,-0.384614648842441,-0.361695242369746,-0.33942383276378,-0.317825769667587,-0.296925632641695,-0.276747126062938,-0.257313060757088,-0.23864546590265,-0.220765344280295,-0.203692740709099,-0.187446768465925,-0.172045608758786,-0.157506427384673,-0.143845293949496,-0.131077176990486,-0.119215920052607,-0.108274131144217,-0.0982631383043014,-0.0891928962217914,-0.0810718261690541,-0.0739069402235343,-0.0677037441470436,-0.0624662009149229,-0.0579125071602571,-0.0523412660359974,-0.0454723641367233,-0.0373110200798319,-0.0278643653502486,-0.0171413906013705,-0.0051527273621483,0.00808905898858791,0.0225697320838227,0.0382735005690268,0.0551830901032471,0.0732797886188204,0.0925435081692464,0.112952799615079,0.134484906183981,0.157115890164013,0.180820711150732,0.205572933874702,0.231344941386761,0.258111783368759,0.285850133445056,0.314528875875266,0.344115686029114,0.374577175484263,0.405879129382164,0.438005529730955,0.470980251535949,0.504797185939325,0.539435118101957,0.574866503915897,0.611058704218481,0.647975790231586,0.685579296499659,0.723829185088667,0.762683928024449,0.802100513015234,0.8420354767422,0.882443846992902,0.923279770465109,0.964497222161798,1.00604889813587,1.04788701581667,1.08996368012288,1.13223036653101,1.17463792299888,1.21713708623829,1.25967859239978,1.30221285279165,1.3446898748797,1.38705952816031
-1.13946649378156,-1.11071352740319,-1.08173393266556,-1.05256276083466,-1.02323514861587,-0.993786288676024,-0.964251319146126,-0.934665388943322,-0.905063657161634,-0.875481190958494,-0.845952923462798,-0.816513633826612,-0.787197909666547,-0.758040109341142,-0.729074321592069,-0.700334325888931,-0.671853484010524,-0.643664834997842,-0.615801058048846,-0.588294392797053,-0.561176618711435,-0.534479012707258,-0.508232317547193,-0.482466708704346,-0.457211747496031,-0.432496323108396,-0.408348611613872,-0.384796195293408,-0.361865970364069,-0.339584048170025,-0.317975790319902,-0.297065787976313,-0.276877756705072,-0.257434518099155,-0.238758111735316,-0.220869550307995,-0.203788888097855,-0.187535247403643,-0.172126818015295,-0.157580773832429,-0.143913192046159,-0.131139048259189,-0.119272192550937,-0.108325238881013,-0.0983095206354836,-0.0892349972021087,-0.0811100938282783,-0.0739418259012897,-0.0677357017817934,-0.0624956863157409,-0.0579398431189193,-0.0523659722480895,-0.045493828078232,-0.0373286316900446,-0.0278775179346679,-0.0171494817092825,-0.00515515956115122,0.00809287719976488,0.0225803854865765,0.0382915664908927,0.0552091377178967,0.0733143782674245,0.0925871907110291,0.113006115784806,0.134548385974727,0.157190052269736,0.180906062445774,0.205669968755387,0.231454141213613,0.258233617725211,0.285985060903986,0.31467734032225,0.3442781160918,0.374753984030238,0.406070713128865,0.438212277834977,0.471202564423406,0.505035461152818,0.539689743170227,0.575137853366264,0.611347137171875,0.648281648849774,0.68590290478788,0.724170848153388,0.763043931370031,0.802479121843306,0.842432935738761,0.882860379616093,0.923715578529319,0.964952485756615,1.0065237750224,1.04838164120161,1.0904781666054,1.13276480380567,1.1751923775594,1.21771160132504,1.26027318799956,1.30282752548429,1.34532459764747,1.3877142503228
-1.13998431439871,-1.11121828148536,-1.08222551722348,-1.05304108880778,-1.02370014891122,-0.994237906193633,-0.964689514754242,-0.93509013948331,-0.905474955452607,-0.875879045755525,-0.846337359396017,-0.816884691331234,-0.787555644895823,-0.758384594062182,-0.729405643063316,-0.700652586719612,-0.672158801970837,-0.643957342872287,-0.616080903472702,-0.588561738056618,-0.56143164053491,-0.534721902036366,-0.508463279294437,-0.482685961495209,-0.457419523389882,-0.432692867293039,-0.408534182081484,-0.384971062570693,-0.362030417200482,-0.339738369181093,-0.318120291646516,-0.297200786934602,-0.277003581388497,-0.257551506972251,-0.238866613278313,-0.220969922550158,-0.203881498181943,-0.187620471162374,-0.172205039547582,-0.157652385041712,-0.143978592142019,-0.131198643256736,-0.119326394759332,-0.108374466341721,-0.0983541965403261,-0.0892755492688651,-0.0811469536035087,-0.0739754281196353,-0.0677664836811221,-0.06252408693571,-0.0579661733756537,-0.0523897695077853,-0.0455145023519037,-0.0373455953613808,-0.0278901866297286,-0.0171572751417801,-0.00515750227848433,0.00809655493727537,0.022590646945963,0.0383089677595568,0.055234227029361,0.0733476953476613,0.0926292661529102,0.113057470429227,0.134609530316085,0.15726148591901,0.180988273629177,0.205763433680184,0.231559323530864,0.258350969742169,0.28611502432243,0.314820342697009,0.344434570281124,0.374924287712137,0.406255248425363,0.438411419585428,0.471416698322073,0.505264970116535,0.539935000470379,0.575399219751149,0.611624958550205,0.648576254795037,0.686214607385019,0.724499941283867,0.763390690034382,0.802843801486273,0.842815772044239,0.883261587821099,0.924135353023398,0.965391000003786,1.00698118097966,1.04885806910135,1.09097372490423,1.13327957889822,1.17572643349307,1.21826497974938,1.26084590816602,1.30341958409853,1.34593596868578,1.38834488496933
-1.14048331163698,-1.11170468717233,-1.08269923211364,-1.05350202900534,-1.02414824590753,-0.994673106891666,-0.96511178144473,-0.935499449849463,-0.905871302574568,-0.876262438070112,-0.846707820638025,-0.81724226046601,-0.787900376035384,-0.758716556364823,-0.729724920615533,-0.700959278400667,-0.672453021269843,-0.644239217746878,-0.61635057619144,-0.588819365006508,-0.561677392019878,-0.534955962057182,-0.508685845314798,-0.482897244193309,-0.45761974638946,-0.432882266869042,-0.408713006847774,-0.385139573220015,-0.36218888620402,-0.33988708044476,-0.318259540182626,-0.297330878524476,-0.277124832199019,-0.257664243164379,-0.238971170664617,-0.221066646145123,-0.203970741782264,-0.187702596938817,-0.172280417636618,-0.157721393100637,-0.144041614868683,-0.131256071907133,-0.119378626654706,-0.108421904327244,-0.0983972484243089,-0.0893146272210505,-0.0811824734832392,-0.0740078088584446,-0.0677961466227756,-0.0625514551602654,-0.0579915464970749,-0.0524127017095425,-0.0455344250917939,-0.0373619423836263,-0.0279023948030581,-0.0171647852739844,-0.00515975983533028,0.00810009898476992,0.0226005353894217,0.0383257364719605,0.0552584043153093,0.0733798013134624,0.0926698121037703,0.113106958272873,0.134668451989852,0.157330322872438,0.181067496340893,0.205853501046767,0.231660682349119,0.258464055877457,0.286240263420162,0.314958146769901,0.344585337179548,0.375088400658048,0.406433075650208,0.438603322302715,0.471623048205633,0.505486136163733,0.540171342383751,0.575651085165376,0.611892680799818,0.648860151473142,0.686514979231911,0.724817071498081,0.763724843619862,0.803195224602048,0.843184691806824,0.883648211643395,0.92453986822867,0.96581357375043,1.00742195970087,1.0493171782954,1.09145126908521,1.13377564132023,1.1762410758753,1.21879824222738,1.26139780929142,1.30399012069676,1.3465251156791,1.38895259531641
-1.14096438386595,-1.11217362016447,-1.08315593018855,-1.05394641128094,-1.02458024633614,-0.995092674283614,-0.965518879445344,-0.935894056943616,-0.90625341209098,-0.876632058142532,-0.847064974148648,-0.817586984980464,-0.788232723721875,-0.759036593897332,-0.730032729059997,-0.701254953084403,-0.672736671605202,-0.644510967094988,-0.616610561710287,-0.589067737465353,-0.561914315604977,-0.535181614159619,-0.508900416304966,-0.483100937181409,-0.457812776966206,-0.433064862821896,-0.408885407859876,-0.385302030619489,-0.362341662674324,-0.340030449693322,-0.318393786624308,-0.297456296956304,-0.277241727430512,-0.257772929640121,-0.239071972134096,-0.221159895229196,-0.204056779568518,-0.187781772588097,-0.17235308798933,-0.157787922247851,-0.144102373689108,-0.13131143760204,-0.11942898227274,-0.108467638242551,-0.098438753795883,-0.0893523014126481,-0.0812167174156782,-0.0740390264143748,-0.0678247440104256,-0.0625778402617851,-0.0580160081636769,-0.0524348101393462,-0.0455536321658038,-0.0373777021871389,-0.0279141644336388,-0.0171720256267605,-0.00516193629608127,0.00810351572277355,0.0226100686196099,0.038341902817652,0.0552817131033131,0.0734107539667969,0.0927089015605047,0.113154668411173,0.134725257075652,0.157396687060617,0.181143873209515,0.2059403330079,0.231758400149708,0.258573079725679,0.286361003671368,0.31509100063646,0.344730688220229,0.375246618328681,0.40660451495461,0.43878833147886,0.471821985576059,0.50569935747066,0.540399194408461,0.575893903054793,0.61215078591441,0.649133849997417,0.686804561102954,0.72512280974135,0.764046993719813,0.803534023875174,0.84354035921114,0.884020947141109,0.924929852414002,0.966220967777111,1.00784690474191,1.04975979534091,1.09191165889492,1.13425388415759,1.17673723124242,1.21931234881804,1.26192988499085,1.30454016244442,1.34709309929811,1.38953847545524
-1.14142837668017,-1.11262590471885,-1.08359641419962,-1.05437501673816,-1.02499690953669,-0.99549734585521,-0.965911524324005,-0.936274654378064,-0.906621955646783,-0.876988555664669,-0.847409447706931,-0.817919470806838,-0.788553272132423,-0.759345269198928,-0.730329609440507,-0.701540130486757,-0.673010251557305,-0.644773068578302,-0.616861317013304,-0.589307292004599,-0.56214282773764,-0.535399254978899,-0.509107369422573,-0.483297398496561,-0.457998954415542,-0.433240976105784,-0.409051688152031,-0.385458720325181,-0.362489015151012,-0.340168728931049,-0.318523266940413,-0.297577262681689,-0.277354472553103,-0.257877757440835,-0.239169194868409,-0.221249833708987,-0.204139762771808,-0.187858137279541,-0.172423178340499,-0.157852089423557,-0.144160975400826,-0.131364837659336,-0.119477550124961,-0.108511748475466,-0.0984787856102396,-0.0893886380646733,-0.0812497455923755,-0.0740691356594258,-0.0678523261105264,-0.0626032886181244,-0.0580396013724383,-0.0524561336578222,-0.0455721573347622,-0.0373929024733812,-0.0279255162092904,-0.0171790089266856,-0.00516403548636513,0.00810681115698559,0.0226192633933617,0.0383574952126843,0.0553041943639034,0.0734406077140383,0.0927466032317812,0.113200684705618,0.134780045421424,0.157460695133798,0.181217538484871,0.206024082190631,0.231852648694032,0.258678232921205,0.286477457304677,0.315219137817769,0.344870878890892,0.37539921882781,0.406769867682388,0.438966772309836,0.472013860111316,0.505905008822571,0.540618957046597,0.576128100227422,0.612399727572801,0.64939783145567,0.687083862004572,0.725417693418621,0.764357706586778,0.803860794822922,0.843883399424067,0.884380449482194,0.925305991065876,0.96661389817208,1.00825676304095,1.05018669823866,1.09235570357384,1.13471514803155,1.17721577170104,1.21980820318137,1.26244307050914,1.3050706761658,1.34764091790402,1.39010355520428
-1.14187608656245,-1.11306231722007,-1.0840214402748,-1.05478858111439,-1.0253989507467,-0.995887816259336,-0.966290390088764,-0.936641895480405,-0.906977565878076,-0.877332542594589,-0.847741832630793,-0.818240288685096,-0.788862571515418,-0.759643112136802,-0.730616071377278,-0.701815300138794,-0.673274230749214,-0.645025972116123,-0.617103272543118,-0.589538439839821,-0.562363320678216,-0.535609258113846,-0.509307059920102,-0.483486965381185,-0.458178598326764,-0.433410909034012,-0.409212133158385,-0.385609911308187,-0.362631196577036,-0.340302155525916,-0.318648203394823,-0.297693983348502,-0.277463261103303,-0.257978906512284,-0.239263005758577,-0.221336615971482,-0.204219833839802,-0.187931822099584,-0.172490809006123,-0.157914004776126,-0.144217520598619,-0.131416363744727,-0.119524413582182,-0.108554310744925,-0.0985174125853643,-0.0894236995520543,-0.0812816147089821,-0.0740981882786565,-0.0678789402700795,-0.0626278439135334,-0.0580623666230918,-0.0524767088685885,-0.0455900323986843,-0.0374075693349264,-0.0279364696162936,-0.0171857471611832,-0.00516606100961913,0.00810999094429675,0.022628135494282,0.0383725404227186,0.0553258866880598,0.0734694138016616,0.092782981835698,0.113245086147056,0.134832911075987,0.157522456967236,0.181288618619622,0.206104892357496,0.231943589767668,0.258779695968363,0.286589824222572,0.315342778272105,0.345006149840647,0.375546464107061,0.406929417675445,0.43913895110438,0.472199001180229,0.506103443237354,0.540831007539262,0.576354078702463,0.612639933104345,0.649652548994339,0.687353361380319,0.725702228722597,0.764657515585596,0.804176098375183,0.844214401303057,0.884727335782744,0.925668929858003,0.966993039433508,1.00865223815433,1.05059861980347,1.09278416536211,1.13516022474046,1.17767751870622,1.22028665649321,1.26293824677253,1.30558257253243,1.34816951187368,1.39064880457057
-1.14230826425505,-1.11348358946636,-1.08443172111901,-1.05518779789503,-1.02578704412894,-0.996264740256241,-0.96665611204063,-0.936996396058831,-0.907320839089829,-0.877664595746732,-0.848062686279849,-0.818549976578656,-0.789161140519486,-0.759930622148847,-0.730892595223971,-0.702080923458707,-0.673529051834404,-0.645270101789715,-0.617336834022826,-0.589761568571236,-0.562576164160265,-0.535811975708188,-0.509499822648537,-0.483669955710483,-0.45835200993574,-0.433574946558588,-0.409367011921127,-0.385755857093087,-0.362768445369304,-0.340430953214292,-0.318768805487216,-0.297806654679776,-0.27756827550318,-0.258076546466275,-0.23935356211138,-0.221420387537508,-0.20429712703966,-0.188002950606605,-0.172556093392676,-0.157973772128307,-0.144272104100295,-0.131466102259721,-0.119569651227386,-0.108595396421463,-0.0985546994928955,-0.0894575446676415,-0.0813123782052221,-0.0741262329889475,-0.0679046311170348,-0.0626515473235561,-0.0580843420895449,-0.0524965702731846,-0.0456072873313686,-0.0374217273658994,-0.0279470430218672,-0.0171922516292609,-0.00516801626234154,0.00811306041673299,0.0226366997995519,0.0383870636763134,0.0553468264505535,0.073497220533151,0.092818098373713,0.113287947190041,0.134883942687105,0.157582076126255,0.18135723280448,0.206182899015014,0.232031375865142,0.258877639005449,0.286698292847506,0.315462129325949,0.345136727898568,0.375688601074663,0.407083432475168,0.439305156580483,0.472377719236573,0.506294993459736,0.541035701463301,0.576572217411895,0.612871805297657,0.649898429736494,0.687613511140189,0.725976892776265,0.764946923450953,0.804480463248682,0.844533919888573,0.885062187719006,0.926019277384256,0.967359027324363,1.00903399323446,1.05099625076597,1.09319776272583,1.13558986061114,1.17812324653838,1.22074851104793,1.26341624411725,1.30607670991768,1.34867976757981,1.39117513785546
-1.14272561786498,-1.11389041169658,-1.08482792896211,-1.05557332118186,-1.02616182555991,-0.996628735421826,-0.967009289401375,-0.937338736949314,-0.907652337722391,-0.877985259177795,-0.848372534360832,-0.818849041899575,-0.789449468338799,-0.760208270309486,-0.731159634054589,-0.702337435660397,-0.673775132327714,-0.645505857596437,-0.6175623841342,-0.589977043786943,-0.562781706919888,-0.53600773990714,-0.509685973442414,-0.483846669307286,-0.458519473370921,-0.433733357448876,-0.409516578203329,-0.385896796806603,-0.36290098640484,-0.340555333026383,-0.318885270819621,-0.297915461283285,-0.277669687814909,-0.258170837282229,-0.239441012300024,-0.221501285663647,-0.204371769013405,-0.18807163934201,-0.172619138466188,-0.158031489406677,-0.144324815338884,-0.131514134699019,-0.119613337180767,-0.108635072822429,-0.0985907074260399,-0.0894902288653937,-0.0813420864859361,-0.0741533157405103,-0.0679294407448865,-0.0626744376853452,-0.0581055637777795,-0.052515750413781,-0.0456239504043785,-0.0374353997637056,-0.0279572537501419,-0.0171985329882468,-0.00516990444814115,0.00811602460351035,0.022644970341466,0.0384010887692777,0.0553670479604037,0.0735240734687985,0.0928520103829628,0.113329338060791,0.13493322386817,0.157639650294621,0.181423493461229,0.206258229974181,0.2321161508207,0.258972222508477,0.286803040901273,0.315577386531549,0.345262827011931,0.375825862616733,0.407232164429059,0.439465661059615,0.472550307103216,0.506479973337607,0.541233374202066,0.57678287376785,0.613095724066672,0.65013587654856,0.687864737529855,0.726242135606429,0.765226404366833,0.804774388133905,0.844842478699892,0.885385553933381,0.926357607675982,0.967712461502151,1.00940265377277,1.05138024262965,1.09359717332883,1.13600475958593,1.17855368550594,1.22119452357699,1.26387784572413,1.30655389794721,1.34917252105737,1.39168341743638
-1.1431288157271,-1.11428343538101,-1.08521069827688,-1.05594576833781,-1.02652389520093,-0.996980384644667,-0.967350487736333,-0.937669466364062,-0.907972592625571,-0.878295046386494,-0.848671873053151,-0.819137963560142,-0.789728016691005,-0.760476501234354,-0.731417615495369,-0.70258524751314,-0.674012866293464,-0.645733617067035,-0.617780284064954,-0.590185210541088,-0.562980278105761,-0.536196864200346,-0.509865810396822,-0.484017389154294,-0.45868125680214,-0.433886395378294,-0.409661071514978,-0.386032956144449,-0.363029031930021,-0.34067549413948,-0.318997785895369,-0.298020577397951,-0.277767660436464,-0.258261929954017,-0.239525496364048,-0.221579439897208,-0.20444387928997,-0.188137998301432,-0.17268004518474,-0.15808724903758,-0.14437573872424,-0.131560537980016,-0.119655541399415,-0.108673403484162,-0.0986254940465871,-0.0895218044845926,-0.0813707871248805,-0.0741794799026746,-0.067953408882867,-0.0626965516546908,-0.0581260656714326,-0.0525342800047545,-0.045640048301351,-0.0374486084228238,-0.0279671181522052,-0.0172046012968801,-0.00517172859068963,0.00811888825136927,0.0226529603641683,0.0384146381608836,0.0553865835995982,0.0735500156099154,0.0928847721689016,0.113369325041135,0.134980833536267,0.157695271669507,0.181487506697265,0.206331005867247,0.232198050389861,0.259063597940015,0.286904236123582,0.315688734457588,0.345384649111253,0.375958468538893,0.407375851711041,0.43962072156779,0.472717041156069,0.506658679090992,0.541424342301468,0.576986385107729,0.613312047986737,0.65036526966919,0.688107442854089,0.726498381963274,0.765496405883775,0.805058343711435,0.845140571851834,0.885697952252725,0.926684462522962,0.968053907943465,1.00975881012881,1.05175121030506,1.0939830367727,1.13640558606891,1.17896952489813,1.22162540830858,1.26432379078513,1.30701490077252,1.34964856138376,1.3921744572537
-1.14351848904607,-1.11466327579669,-1.08558062828719,-1.05630572242745,-1.02687381987062,-0.997320238430252,-0.96768024119017,-0.937989102058685,-0.908282105157177,-0.878594442343497,-0.84896117097036,-0.819417193866094,-0.789997221642465,-0.760735734837917,-0.731666943415254,-0.702824746965427,-0.674242625903253,-0.645953736758074,-0.617990874936583,-0.590386394717917,-0.563172188580301,-0.536379644661149,-0.510039615045813,-0.484182382512767,-0.458837613500729,-0.434034299927123,-0.40980071805979,-0.386164548263539,-0.363152782399618,-0.340791624665339,-0.319106526856375,-0.298122167582644,-0.277862346743603,-0.258349967086862,-0.239607146562926,-0.221654972588339,-0.204513570757713,-0.188202131369564,-0.172738908897563,-0.1581411383125,-0.144424953976724,-0.131605384746868,-0.119696329953871,-0.108710448413165,-0.0986591138128565,-0.089552320956747,-0.0813985250527939,-0.0742047664353345,-0.067976573053003,-0.0627179238509257,-0.0581458798661388,-0.0525521880541079,-0.0456556062234811,-0.0374613740213585,-0.02797665167074,-0.0172104660550742,-0.00517349154567514,0.00812165584333951,0.0226606823760083,0.038427733062651,0.0554054639511047,0.0735750875688224,0.0929164350199778,0.113407970730537,0.135026846224144,0.157749027325958,0.18154937272506,0.206401340624587,0.232277202786082,0.259151908347945,0.287002036935162,0.31579634741881,0.345502384908558,0.3760866264352,0.407514719262993,0.439770580851632,0.472878182416641,0.506831390483052,0.541608904721325,0.577183070027744,0.613521115712104,0.650586968212425,0.688342007067132,0.726746032999477,0.765757350688105,0.805332774512622,0.845428666008066,0.885999871735389,0.927000353615187,0.968383901181379,1.01010301986397,1.05210973454067,1.09435595712513,1.13679296755237,1.17937141570993,1.22204183979106,1.26475477742551,1.30746044009173,1.35010863379829,1.39264902602835
-1.14389523433668,-1.11503051440612,-1.08593828528461,-1.05665373447114,-1.02721213523621,-0.997648817029248,-0.967999054551891,-0.938298133333848,-0.908581349121257,-0.878883905366333,-0.849240870971835,-0.81968716026523,-0.790257495294093,-0.760986367956876,-0.731907999487251,-0.703056300644776,-0.674464762874775,-0.64616655363039,-0.618194479123137,-0.59058090429164,-0.563357732121469,-0.536556361091221,-0.510207653450818,-0.484341901955744,-0.458988782818669,-0.434177297508734,-0.409935731609721,-0.386291774606053,-0.363272427251757,-0.340903902377419,-0.319211660164097,-0.298220387352362,-0.27795389168282,-0.258435083448654,-0.23968608788738,-0.221727999363037,-0.204580950100843,-0.188264136721778,-0.172795819713658,-0.158193239725535,-0.144472536435406,-0.131648743651334,-0.119735765283554,-0.108746264318086,-0.0986916181902327,-0.0895818249966963,-0.0814253427310999,-0.0742292140472997,-0.0679989687151762,-0.0627385869907645,-0.0581650366936127,-0.0525695019756145,-0.04567064798695,-0.0374737161009816,-0.0279858688997267,-0.0172161362406441,-0.00517519601184206,0.00812433161607096,0.0226681481978983,0.0384403935203513,0.0554237179171029,0.073599327725858,0.0929470474059157,0.1134453342881,0.135071332368363,0.157800999553528,0.181609186249583,0.206469341915166,0.232353729176433,0.25923728891849,0.28709659305021,0.315900390149926,0.345616214634667,0.376210532490702,0.407648979664383,0.439915468316829,0.473033977561157,0.506998371901653,0.541787343991139,0.57737322961461,0.613723247285181,0.650801311556021,0.6885687892416,0.726985467821059,0.76600963823604,0.805598100638153,0.845707202185237,0.886291774561931,0.927305764521055,0.96870294637196,1.01043580989702,1.05245636416799,1.09471650525535,1.13716749704273,1.17975997315871,1.2224444555008,1.26517146540278,1.30789119793971,1.35055344258316,1.39310785023369
-1.14425961567958,-1.1153857010561,-1.08628420476991,-1.05699032552877,-1.02753934783929,-0.997966612404892,-0.968307405163764,-0.938597022885622,-0.908870772559863,-0.879163868852568,-0.84951139183749,-0.819948266963861,-0.790509227339764,-0.761228775850853,-0.732141144631778,-0.703280255244179,-0.674679609801888,-0.646372386323352,-0.61839140147032,-0.590769030491085,-0.563537186533729,-0.536727278078658,-0.510370177206789,-0.484496186323193,-0.459134991093728,-0.434315602225787,-0.410066314313366,-0.386414825661217,-0.363388145624303,-0.341012495383159,-0.31931334322904,-0.298315383766336,-0.278042432319476,-0.258517406479587,-0.239762438532053,-0.221798629560403,-0.204646118202861,-0.188324107195384,-0.172850862842561,-0.158243631285355,-0.144518557342967,-0.131690679612394,-0.119773906432881,-0.108780904824173,-0.0987230558457889,-0.089610360779268,-0.0814512803124797,-0.0742528593426775,-0.0680206294012187,-0.0627585720120264,-0.0581835648363517,-0.0525862476924866,-0.0456851961129891,-0.0374856531408316,-0.027994783639631,-0.0172216203432564,-0.00517684454119683,0.0081269195758557,0.0226753690080157,0.0384526384898137,0.0554413728282846,0.0736227723745184,0.0929766551610107,0.11348147165629,0.135114358575657,0.157851266167465,0.181667036826438,0.206535111553693,0.2324277441398,0.259319867487427,0.287188046042563,0.316001018428575,0.345726308720766,0.376330372223334,0.407778833936158,0.440055600895666,0.473184659853387,0.507159873359179,0.541959927278529,0.577557148584152,0.613918745346807,0.651008620624849,0.688788128926365,0.727217044921027,0.766253646264291,0.8058547193467,0.845976597420731,0.886574097782907,0.927601152516051,0.969011521204581,1.01075767849676,1.0527916181771,1.09506522099287,1.13752973530305,1.18013577901087,1.22283385825286,1.26557447860166,1.30830781926723,1.35098365372689,1.39355161684277
-1.14461216680839,-1.11572935601218,-1.0866188934344,-1.05731598862769,-1.02785593696996,-0.99827409005323,-0.96860574468746,-0.938886208517433,-0.90915079941078,-0.879434742883362,-0.849773129817251,-0.820200896422354,-0.790752786508169,-0.761463313590832,-0.732366720352054,-0.703496938804849,-0.674887481385191,-0.646571536333811,-0.618581930423407,-0.59095104887722,-0.563710814675907,-0.536892645976954,-0.510527424373097,-0.484645461605701,-0.459276452486902,-0.434449416662412,-0.410192657443909,-0.386533881670107,-0.363500107017663,-0.341117562745966,-0.319411724993158,-0.298407295972139,-0.278128098344938,-0.258597056763685,-0.239836310332816,-0.221866966637189,-0.204709170519827,-0.188382130633129,-0.172904118909607,-0.158292386803834,-0.144563084109294,-0.13173125405644,-0.119810809269734,-0.108814420671681,-0.0987534728283522,-0.0896379701027231,-0.081476375789436,-0.0742757369563063,-0.0680415868389794,-0.0627779081881024,-0.0582014914337604,-0.0526024497332908,-0.0456992719112073,-0.0374972026258854,-0.0280034089484663,-0.0172269263958417,-0.00517843954845011,0.00812942351345076,0.0226823553831621,0.0384644859070603,0.0554584545449734,0.0736454558557417,0.093005301653713,0.113516435767915,0.135155987869379,0.157899900796625,0.181723009193219,0.206598745877338,0.23249935609083,0.259399765013088,0.287276529869507,0.316098379651697,0.345832828428993,0.376446321170335,0.407904472284519,0.440191183849666,0.47333045000772,0.507316131417569,0.542126907377724,0.577735096334729,0.61410789625601,0.651209199078306,0.68900034740287,0.727441103505779,0.766489732187664,0.806103006524776,0.846237246315686,0.886847254935939,0.92788695027464,0.969310077669346,1.01106909712556,1.05311598763689,1.09540261512484,1.13788021292783,1.18049938373426,1.22321061843138,1.2659644073424,1.30871091432729,1.35139989738838,1.39398097587007
-1.14495339304223,-1.11606197184239,-1.08694283099454,-1.05763119054782,-1.02816235640221,-0.998571690688597,-0.96889450073944,-0.939166104725274,-0.909421831042518,-0.879696915708293,-0.850026460065798,-0.82044541073995,-0.790988521897906,-0.761690317344801,-0.732585049970611,-0.703706661903999,-0.675088675571499,-0.646764289107763,-0.618766339071647,-0.591127220340918,-0.563878865412956,-0.537052701811477,-0.510679620335487,-0.484789941762743,-0.45941336975785,-0.434578932617721,-0.410314942091677,-0.386649113278261,-0.36360847190851,-0.341219255061152,-0.319506946469152,-0.298496255709514,-0.278211012546163,-0.258674148465417,-0.239907809171712,-0.221933108542399,-0.204770197425983,-0.188438290201254,-0.172955664247864,-0.158339576163305,-0.144606180555561,-0.131770525139698,-0.119846526687743,-0.108846859899596,-0.0987829127352386,-0.089664692540099,-0.0815006651318559,-0.0742978796791624,-0.0680618710672053,-0.0627966232339498,-0.0582188421804165,-0.0526181313207611,-0.0457128955567492,-0.0375083811102687,-0.0280117571890733,-0.0172320620036791,-0.00517998331976021,0.00813184701780379,0.0226891173370593,0.0384759527532492,0.0554749875507615,0.0736674106822497,0.093033027943657,0.113550276737791,0.135196279917689,0.157946973150069,0.181777183576322,0.206660336094545,0.232568667672473,0.259477096014313,0.287362171356817,0.31619261336923,0.345935926436341,0.376558545523824,0.408026074789612,0.440322411512792,0.473471556988322,0.507467370044861,0.542288523624898,0.577907327922682,0.614290971126859,0.651403334409809,0.689205748848422,0.727657964723306,0.766718234393194,0.806343318047737,0.846489522463773,0.887111637543052,0.928163567436901,0.969599043693664,1.01137051214645,1.05342993747307,1.09572917124554,1.1382194322642,1.18085130849135,1.22357527605483,1.26634181051827,1.30910106088473,1.35180277017863,1.39439654272515
-1.14528377307665,-1.11638401516303,-1.08725647189215,-1.05793637347601,-1.02845903600224,-0.99885983180556,-0.969174078406488,-0.939437104166728,-0.909684247676827,-0.879950755121371,-0.850271737972166,-0.820682152938094,-0.791216764214737,-0.761910105569188,-0.732796439775207,-0.703909718755566,-0.675283474609808,-0.646950915052014,-0.618944886116133,-0.591297792027583,-0.564041574497968,-0.537207670119522,-0.51082697860489,-0.484929829480985,-0.459545934983506,-0.434704331785573,-0.410433339805956,-0.386760682140479,-0.363713392318541,-0.341317714989667,-0.319599141240236,-0.298582387777278,-0.278291291240877,-0.258748789734305,-0.239977035352213,-0.221997148064431,-0.204829284534057,-0.188492664684252,-0.173005571168665,-0.158385265564237,-0.144647907140416,-0.131808547954335,-0.119881108793751,-0.108878268015891,-0.0988114168667675,-0.0896905655794627,-0.081524182414494,-0.074319318574575,-0.068081510542002,-0.0628147434043181,-0.0582356414171369,-0.0526333144541031,-0.0457260861617985,-0.0375192042759256,-0.0280198400729361,-0.0172370343713515,-0.00518147802083529,0.00813419348877283,0.0226956643558396,0.0384870551148581,0.0554909950392827,0.0736886676537777,0.0930598729271832,0.113583042040349,0.135235291245036,0.157992549264122,0.181829635975286,0.206719968608294,0.232635776119767,0.259551968976334,0.287445090648241,0.316283851778692,0.346035747375759,0.376667202719818,0.408143812043768,0.440449467980203,0.473608178749737,0.50761380140897,0.542445002746398,0.57807408496629,0.614468226789334,0.651591298965704,0.68940462141425,0.72786793280139,0.766939473439437,0.806575991041057,0.846733779775266,0.88736761649829,0.928431392060351,0.969878824658876,1.01166234640507,1.05373390811599,1.09604534747028,1.13854786919228,1.18119204698631,1.22392834268992,1.26670721757631,1.30947880626388,1.35219283727521,1.39479890039366
-1.14560376064464,-1.11669592825772,-1.08756024687125,-1.0582319565404,-1.02874638321997,-0.99913890912758,-0.969444861651302,-0.939699579023447,-0.909938409708015,-0.880196609737232,-0.850509300392903,-0.820911448150672,-0.791437826919093,-0.762122980113853,-0.733001180081589,-0.704106388231099,-0.675472146030658,-0.647131670472444,-0.619117816767456,-0.591462998194714,-0.564199165390209,-0.537357763729427,-0.510969701558265,-0.485065316877583,-0.459674330224556,-0.434825786385029,-0.410548013190241,-0.386868741481736,-0.36381501234197,-0.341413077753114,-0.31968843592365,-0.298665810466357,-0.278369044681177,-0.258821083080193,-0.240044083947261,-0.222059173153042,-0.204886512992324,-0.188545328758234,-0.173053908212521,-0.158429517754938,-0.144688321169767,-0.131845374719624,-0.119914603081676,-0.10890868815543,-0.098839024369568,-0.0897156247539887,-0.0815469599352065,-0.0743400830860127,-0.068100532235573,-0.0628322935848482,-0.0582519122154363,-0.0526480199853288,-0.0457388618418951,-0.0375296869870329,-0.0280276687008196,-0.0172418503277437,-0.00518292570444822,0.00813646614892328,0.0227020054309616,0.0384978082395027,0.0555064989946912,0.0737092559639461,0.0930858734723017,0.113614776674368,0.135273075428283,0.158036691731507,0.181880438426497,0.206777725315902,0.232700773597229,0.259624486727194,0.287525401622384,0.316372220183889,0.346132428338018,0.376772441984507,0.408257845743429,0.440572527747043,0.473740502923762,0.507755626613874,0.542596559645462,0.578235596484146,0.614639906680482,0.651773350890284,0.689597238225343,0.728071296103228,0.767153753168767,0.806801345050114,0.846970353705059,0.887615543354663,0.928690791966446,0.970149804806892,1.01194500069692,1.05402831702887,1.096351578025,1.13886597477647,1.1815220671781,1.22427030322667,1.26706113035447,1.3098446692477,1.35257063438334,1.3951886014603
-1.14591378605832,-1.1169981305802,-1.08785456444162,-1.05851833723446,-1.02902478447351,-0.999409297951593,-0.969707214617136,-0.939953882265747,-0.910184658927497,-0.880434810175664,-0.85073946679664,-0.82113360472876,-0.791652007291159,-0.762329227247726,-0.733199546219944,-0.704296934807312,-0.675654943555158,-0.647306798444904,-0.619285363578888,-0.591623061007872,-0.564351850014386,-0.537503184483721,-0.511107981126251,-0.485196586152959,-0.459798728144048,-0.434943459745517,-0.410659116454736,-0.38697343661782,-0.363913468635132,-0.341505471593203,-0.319774950600889,-0.298746635961719,-0.278444377428151,-0.258891125721556,-0.240109045122306,-0.222119267218184,-0.204941959760334,-0.18859635324467,-0.173100740382008,-0.158472392244765,-0.144727476991497,-0.131881054959375,-0.119947054593886,-0.108938161226538,-0.0988657723695928,-0.0897399037626944,-0.0815690283246941,-0.0743602011371256,-0.0681189617278666,-0.0628492973766307,-0.0582676764559205,-0.0526622676901079,-0.0457512397774876,-0.0375398433405063,-0.0280352536004873,-0.0172465163492461,-0.0051843283174117,0.00813866805447771,0.0227081490897614,0.0385082265877443,0.0555215202663595,0.0737292032994539,0.0931110645439641,0.113645523315876,0.135309683278755,0.158079459914027,0.181929659247954,0.206833683887298,0.232763747512012,0.259694746787142,0.287603212279651,0.316457837420676,0.346226099337512,0.376874404841302,0.408368329238564,0.440691756301335,0.47386870745699,0.507893036382939,0.54274339813242,0.578392079673329,0.614806241671584,0.651949735002904,0.689783858308481,0.728268328107241,0.767361361739771,0.80701968312594,0.847199562392482,0.887855751518666,0.928942115990382,0.970412348545748,1.01221885512918,1.05431356012622,1.0966482747217,1.13917417679805,1.18184181287048,1.22460161752595,1.26740402478673,1.31019914184058,1.35293666955611,1.39556616998634
-1.14621425764104,-1.11729102015031,-1.08813981223837,-1.05879589273994,-1.02929460643517,-0.999671354397015,-0.969961482839657,-0.940200348827296,-0.910423319661276,-0.880665670161911,-0.85096254032728,-0.821348915266806,-0.791859587420207,-0.762529118611496,-0.733391799451188,-0.704481609446256,-0.675832107939362,-0.647476529624157,-0.619447747220318,-0.591778191280038,-0.564499829465932,-0.537644123910858,-0.511241999431898,-0.48532381019716,-0.459919292582015,-0.435057506850396,-0.410766795929561,-0.387074905438933,-0.364008890871273,-0.341595018198544,-0.319858799217328,-0.29882497071572,-0.278517388699855,-0.258959009909042,-0.240172004435379,-0.222177509407591,-0.204995697865035,-0.188645805346078,-0.173146129358093,-0.158513945502168,-0.144765426176334,-0.13191563566675,-0.119978506071104,-0.108966726047138,-0.0988916960956719,-0.0897634345825905,-0.0815904166484401,-0.0743796992246767,-0.068136823291705,-0.0628657771747489,-0.0582829549011044,-0.0526760763335806,-0.0457632362711107,-0.0375496867129139,-0.0280426047617383,-0.0172510385813083,-0.00518568770705667,0.00814080210548684,0.0227141034238312,0.0385183238812152,0.055536078638265,0.0737485359322199,0.0931354793204263,0.11367532246017,0.135345163011337,0.158120910140119,0.181977363266635,0.206887918023506,0.232824780804799,0.259762841693179,0.287678625101661,0.316540816252442,0.346316883744952,0.376973225581819,0.408475408043016,0.440807310674722,0.473992961203005,0.508026211693636,0.54288571160297,0.578543740632226,0.614967450836484,0.652120683612746,0.689964727454272,0.728459288317204,0.767562572586241,0.807231292833772,0.847421707720064,0.888088557359842,0.929185695142004,0.970666801662376,1.01248427038568,1.05459001309147,1.09693582832896,1.13947288117883,1.18215170518904,1.22492272194994,1.26773635248703,1.31054269090562,1.35329142488532,1.39593210325372
-1.14650556305855,-1.11757497485157,-1.08841635828567,-1.05906498115647,-1.02955619722683,-0.999925416566742,-0.970207994373471,-0.940439296697065,-0.910654699827315,-0.880889487549477,-0.851178808792312,-0.821557657556558,-0.79206083512428,-0.762722912103231,-0.733578187818735,-0.704660650413512,-0.676003867759186,-0.647641082995864,-0.61960517719768,-0.591928589158913,-0.564643294666625,-0.537780763849635,-0.511371929384438,-0.48544715315352,-0.460036179089625,-0.435168074842227,-0.410871190541816,-0.387173278859248,-0.364101402163318,-0.341681833101372,-0.319940089953707,-0.298900915795165,-0.278588172694784,-0.259024823226228,-0.240233043116028,-0.22223397486482,-0.205047796638852,-0.188693748865121,-0.173190133701232,-0.158554231138792,-0.144802217685978,-0.131949161457473,-0.120008998091746,-0.108994419471308,-0.0989168289943666,-0.0897862475729316,-0.0816111525014697,-0.0743986025049253,-0.0681541399719196,-0.0628817542412922,-0.0582977672631022,-0.0526894637315361,-0.0457748668005339,-0.0375592298040878,-0.0280497316689757,-0.0172554228584737,-0.00518700562725573,0.00814287105528429,0.0227198761154002,0.038528113147354,0.05555019289349,0.0737672788050359,0.0931591493014162,0.113704212553841,0.135379560401664,0.158161095888498,0.18202361202984,0.206940497696928,0.232883952220202,0.259828859300751,0.287751737385369,0.316621263737739,0.346404898689574,0.3770690317037,0.408579220308908,0.440919339954434,0.474113424472888,0.50815532436757,0.543023683668686,0.578690775032463,0.615123742165814,0.652286417276189,0.690140079018486,0.728644423108286,0.767757645308626,0.80743644719058,0.847637076297738,0.888314261242224,0.929421843684973,0.970913492449934,1.01274158890283,1.05485803260181,1.09721460984588,1.13976247330455,1.18245214395409,1.22523403078471,1.26805854222162,1.31087575968678,1.35363535807312,1.39628687338631
-1.14678807055747,-1.11785035363836,-1.08868455217244,-1.05932594264559,-1.02980988753209,-1.00017180562724,-0.97044706084009,-0.940671027935144,-0.910879091919175,-0.881106545271625,-0.851388545582216,-0.821760095474462,-0.792256004805727,-0.762910852702219,-0.733758946940869,-0.704834284039329,-0.676170440140596,-0.647800666576133,-0.619757852522219,-0.59207444476629,-0.564782426974479,-0.537913277030081,-0.511497935231632,-0.485566770943012,-0.46014953542609,-0.435275303492827,-0.410972432259395,-0.387268681235112,-0.364191119457146,-0.341766026046617,-0.320018925571717,-0.298974567204165,-0.278656818892789,-0.259088648869403,-0.240292238324804,-0.222288734969294,-0.205098321941174,-0.188740244408423,-0.173232809038435,-0.158593300080736,-0.144837898029514,-0.131981674712348,-0.120038569201551,-0.10902127650701,-0.0989412028368148,-0.0898083715722005,-0.0816312620965034,-0.0744169348739898,-0.0681709336589672,-0.0628972487732775,-0.0583121322665985,-0.0527024468073254,-0.0457861460682057,-0.0375684846776924,-0.0280566433315043,-0.017259674723019,-0.00518828374402535,0.0081448775192823,0.0227254744618749,0.0385376067610214,0.055563880874224,0.0737854556112447,0.09318210440876,0.113732230117593,0.135412918932356,0.158200067958992,0.182068464001811,0.206991489374869,0.232941336558315,0.259892883064397,0.287822641553876,0.316699281572283,0.346490255433313,0.377161944317906,0.408679897267972,0.441027985759538,0.474230249547328,0.508280537619362,0.543157488743575,0.57883336874397,0.615275313231426,0.65244714550138,0.690310134667501,0.728823966514097,0.767946826503327,0.807635405537211,0.847845940378409,0.888533148483841,0.929650860140677,0.971152732756525,1.01299113596352,1.05511795746751,1.09748497168727,1.14004331925599,1.18274350895792,1.22553593756368,1.26837100127876,1.3111987692248,1.35396890389425,1.39663092885807
-1.14706213011808,-1.11811749765967,-1.08894472614676,-1.05957910049563,-1.03005599163148,-1.00041082681401,-0.970678978403523,-0.940895829618404,-0.911096773921733,-0.881317112227157,-0.851592010526358,-0.821956479807786,-0.792445338247668,-0.763093173235935,-0.733934300748396,-0.705002725427195,-0.67633203143936,-0.647955478062762,-0.619905962333537,-0.592215938793262,-0.564917398751528,-0.53804182761422,-0.51162017307399,-0.485682811752393,-0.460259502021258,-0.435379325640848,-0.411070646504122,-0.38736123075437,-0.364278153897722,-0.341847701335485,-0.320095403735716,-0.299046016184694,-0.278723412335213,-0.259150565908038,-0.240349663394829,-0.222341857559771,-0.205147336364534,-0.18878534957631,-0.173274208237423,-0.15863120072799,-0.144872511409016,-0.132013215709948,-0.12006725603426,-0.109047330425694,-0.0989648478181961,-0.0898298339883915,-0.0816507703460198,-0.0744347190426587,-0.0681872251574622,-0.0629122799658802,-0.0583260677074687,-0.0527150416448428,-0.0457970880472829,-0.0375774627989935,-0.0280633483117367,-0.0172637994423045,-0.00518952364074191,0.00814682398315966,0.022730905398685,0.0385468164832425,0.0555771595376227,0.0738030888689181,0.0932043730800582,0.113759409860576,0.135445279929142,0.158237874631583,0.182111974746758,0.207040956227626,0.232997004908891,0.259954992299023,0.287891425445779,0.316774966407331,0.346573059719127,0.377252078527875,0.408777563642392,0.441133382684306,0.474343581153367,0.508402006567625,0.543287292590104,0.57897169841689,0.615422351804928,0.652603067404139,0.690475105072282,0.728998140959367,0.768130350534709,0.807828414350316,0.848048558710304,0.888745490249962,0.929873028222821,0.971384818961525,1.0132332207155,1.05537010969271,1.09774724878698,1.14031576695507,1.18302616115384,1.22582881629969,1.26867411674381,1.31151211967534,1.35429247555707,1.39696469589711
-1.14732807452841,-1.11837673130603,-1.0891971961355,-1.05982476211384,-1.03029480836695,-1.00064277036827,-0.970904028679136,-0.94111397472146,-0.911308010164242,-0.881521444105585,-0.851789450690348,-0.822147049024218,-0.792629065355958,-0.763270095094526,-0.734104462171832,-0.705166179113939,-0.676488837874306,-0.648105705441913,-0.620049686480017,-0.592353243054725,-0.56504837389276,-0.538166571699845,-0.5117387913438,-0.48579541648895,-0.460366212406552,-0.435480267599426,-0.411165952536651,-0.387451039799052,-0.364362611170166,-0.341926958145527,-0.320169617312434,-0.299115349496593,-0.278788033885861,-0.259210649527422,-0.240405388056837,-0.222393407142524,-0.205194899426697,-0.188829119139574,-0.173314381568862,-0.158667979102962,-0.144906099855193,-0.132043822750217,-0.120095093424029,-0.109072612864392,-0.0989877926503938,-0.0898506608831188,-0.0816697009387071,-0.0744519766060842,-0.0682030342500215,-0.0629268660713391,-0.0583395905073902,-0.0527272635378837,-0.0458077060245096,-0.0375861750700407,-0.0280698547514688,-0.0172678020249389,-0.00519072682300052,0.00814871281048931,0.0227361755205674,0.0385557534972981,0.0555900450078451,0.0738201999899587,0.0932259823559533,0.113785784786903,0.135476682687681,0.158274561814566,0.182154197099381,0.207088958322344,0.233051024869493,0.260015262423302,0.287958172584724,0.316848410146284,0.346653412095499,0.37733954378275,0.408872338027549,0.441235658711256,0.474453556908533,0.508519878710987,0.54341325282789,0.579105932023675,0.615565036433908,0.652754372319,0.690635190554875,0.729167157942524,0.768308440254318,0.808015707998724,0.848245177330999,0.888951544385242,0.930088617708059,0.971610032885074,1.01346813712005,1.05561479546353,1.09800175962567,1.14058014723254,1.18330044376379,1.22611302263268,1.26896825668707,1.31181619153696,1.35460646597168,1.39728857979366
-1.14758622038538,-1.11862836318546,-1.08944226269479,-1.06006321995125,-1.03052662204095,-1.00086791241021,-0.971122479580916,-0.941325722937951,-0.911513052115598,-0.88171978415642,-0.851981101119365,-0.822332029989331,-0.792807404850893,-0.76344182889689,-0.734269633782028,-0.7053248396851,-0.676641046117669,-0.648251527553698,-0.620189196059913,-0.592486521006299,-0.565175508319212,-0.538287657790151,-0.511853931251703,-0.485904719204438,-0.460469793616722,-0.435578249536213,-0.411258463815274,-0.387538215283486,-0.364444591817721,-0.34200389082903,-0.320241654650378,-0.299182649678592,-0.278850760474287,-0.259268971254872,-0.240459478648968,-0.222443445085416,-0.20524106774972,-0.188871605204251,-0.17335337685761,-0.158703678988939,-0.144938703353842,-0.132073532269698,-0.120122114510237,-0.109097153920909,-0.0990100646483782,-0.089870877050027,-0.0816880764107324,-0.0744687281087544,-0.0682183797567822,-0.0629410244538706,-0.0583527167647538,-0.0527391270361575,-0.0458180126401936,-0.0375946318624691,-0.0280761703963752,-0.0172716872358483,-0.00519189472314501,0.00815054624985019,0.0227412911014063,0.0385644284423715,0.0556025526245644,0.0738368093445201,0.0932469579614855,0.113811386294944,0.135507164591792,0.158310173182669,0.182195181323819,0.207135552803732,0.23310346074888,0.260073765186577,0.288022962430701,0.316919700221184,0.346731408218948,0.377424444206667,0.408964333248823,0.441334935596197,0.474560307734875,0.508634294371852,0.543535519407916,0.579236229364442,0.615703536979112,0.652901240368841,0.690790581691095,0.729331218672005,0.768481307671346,0.808197509448559,0.848436030307652,0.889151556189472,0.930297885247664,0.971828642635979,1.01369616483643,1.05585230606931,1.09824880718904,1.14083677482327,1.18356668331104,1.22638889489973,1.26925377127123,1.31211134679592,1.354911248932,1.39760296611949
-1.14783686902889,-1.11887268703394,-1.08968021189676,-1.06029475236546,-1.03075170325518,-1.00108651575358,-0.971334586111884,-0.941531321446687,-0.911712139126229,-0.881912363906797,-0.852167185531587,-0.822511638635873,-0.792980564912475,-0.763608575112046,-0.734430008387798,-0.705478892348998,-0.676788833845808,-0.648393114619794,-0.62032465392613,-0.592615928226561,-0.565298950437976,-0.538405227231862,-0.511965727203299,-0.486010847490559,-0.460570366564618,-0.435673385827893,-0.411348288330642,-0.387622858969725,-0.36452419153838,-0.342078589191375,-0.320311599840472,-0.299247995291822,-0.278911665322754,-0.259325599170749,-0.240511998312478,-0.222492029798947,-0.205285895227003,-0.188912857365354,-0.173391239623811,-0.158738342059262,-0.144970359963814,-0.132102378949032,-0.120148350835249,-0.109120982242612,-0.0990316898107908,-0.0898905060879359,-0.0817059182122283,-0.0744849931051035,-0.0682332795909253,-0.0629547716408971,-0.0583654618021572,-0.0527506459882126,-0.0458280199254962,-0.0376028430480971,-0.0280823026188608,-0.017275459610333,-0.00519302870449344,0.00815232644146029,0.0227462581127428,0.0385728514449357,0.0556146969882242,0.0738529363211034,0.0932673243819857,0.113836244269956,0.135536761223739,0.158344750305901,0.182234975261949,0.207180794062656,0.23315437375672,0.260130568880539,0.288085870614462,0.316988919850656,0.346807139136233,0.377506878905942,0.409053656694464,0.441431329227436,0.474663958245212,0.508745387110386,0.543654235054915,0.579362742538428,0.615838015115577,0.653043842996285,0.690941459872774,0.729490514659866,0.768649154578106,0.808374030921052,0.84862134042756,0.889345759141266,0.930501075124694,0.972040903402688,1.01391757004689,1.05608291876191,1.09848867986167,1.14108594929487,1.18382519058344,1.22665675513321,1.26953099378435,1.31239792999409,1.35520718021855,1.39790822186534
-1.14808030741372,-1.11910998256531,-1.08991131615724,-1.06051962442605,-1.03097030969358,-1.00129883066613,-0.971540591101922,-0.941731005626854,-0.911905499120637,-0.88209940383139,-0.85234791696551,-0.822686080588571,-0.793148743782776,-0.76377052463918,-0.734585769593798,-0.705628513472624,-0.676932370253311,-0.648530628735968,-0.62045621515743,-0.592741612867195,-0.565418841571596,-0.538519414624196,-0.512074307188034,-0.486113922848142,-0.460668046391048,-0.435765785391124,-0.411435528918233,-0.387705067761981,-0.364601501461779,-0.342151138750885,-0.320379532959377,-0.29931146114712,-0.278970818158098,-0.25938059810545,-0.240563007174435,-0.222539216905262,-0.205329433179225,-0.188952922850364,-0.173428013214603,-0.158772007997902,-0.145001105927138,-0.132130395813301,-0.120173832435689,-0.109144125109325,-0.0990526928951705,-0.0899095704691245,-0.0817232467693579,-0.0745007902160907,-0.0682477508105066,-0.0629681233708677,-0.0583778402107396,-0.0527618335815061,-0.045837739337245,-0.0376108180274897,-0.0280882584393927,-0.0172791234671912,-0.00519413006528289,0.00815405542336973,0.0227510822410534,0.0385810321480543,0.0556264920022832,0.0738685993826567,0.0932871049339242,0.113860387170561,0.135565506467185,0.158378332769839,0.18227362447181,0.207224733893511,0.233203822180702,0.260185738536822,0.28814696915636,0.317056148280705,0.346880691547796,0.377586942255832,0.409140410626298,0.441524949961095,0.474764627103696,0.50885328411097,0.543769535680342,0.579485616384075,0.61596862480042,0.653182343459767,0.691087997832604,0.729645228275909,0.768812173133913,0.808545474506576,0.848801319842769,0.889534375573618,0.930698419960812,0.972247058191662,1.01413260622691,1.05630689755796,1.09872165226149,1.1413279559144,1.18407626153271,1.22691690999255,1.26980024160428,1.31267626922587,1.35549459862788,1.39820469650285
-1.14831680892397,-1.11934051626517,-1.09013583500896,-1.06073808866693,-1.03118268685369,-1.00150509557995,-0.971740725897005,-0.941924999726082,-0.91209334924432,-0.882281113978187,-0.852523498384612,-0.822855551747742,-0.793312130328599,-0.763927859349473,-0.734737092321653,-0.70577387108222,-0.677071816533216,-0.648664224332154,-0.620584027498588,-0.592863716073499,-0.565535316359196,-0.538630348200911,-0.512179793142481,-0.486214061031998,-0.460762942791579,-0.435855551991677,-0.411520283550231,-0.387784933981674,-0.36467660840785,-0.342221620981548,-0.320445530296765,-0.299373118517375,-0.279028285409634,-0.25943402982341,-0.240612562518376,-0.222585059396025,-0.205371730500006,-0.188991846653283,-0.173463738927151,-0.158804714612094,-0.145030975771885,-0.132157614325767,-0.120198587927688,-0.109166608510752,-0.0990730974882225,-0.0899280916031116,-0.0817400815422901,-0.0745161371820538,-0.0682618096668718,-0.0629810946379285,-0.0583898658915964,-0.0527727023798339,-0.0458471817904511,-0.0376185657566405,-0.0280940445464256,-0.0172826829209763,-0.00519520004235408,0.00815573513724503,0.0227557689038896,0.0385889797387507,0.0556379509126776,0.0738838161189783,0.0933063218310882,0.113883842109514,0.135593432603371,0.158410958287974,0.182311172356908,0.207267421641231,0.233251861551977,0.260239336111583,0.288206326670759,0.31712146100963,0.346952148053841,0.377664724168401,0.409224692469991,0.441615902934335,0.474862427362613,0.508958106543172,0.543881550768123,0.579604988890124,0.61609551270982,0.653316897296895,0.691230360134391,0.729795533265306,0.768970546410475,0.808712032738252,0.848976170672234,0.889717617304951,0.930890141376538,0.972447338517099,1.01434151486459,1.05652449398823,1.09894798601918,1.14156306645808,1.18432017811441,1.22716965163465,1.2700618170994,1.31294667706941,1.35577382693415,1.39849272297645
-1.14854663413437,-1.11956454213299,-1.0903540158243,-1.06095038578956,-1.03138906873029,-1.00170553775541,-0.971935211003418,-0.942113517484907,-0.912275896468449,-0.882457694553402,-0.852694123242544,-0.823020238834821,-0.793470904567419,-0.764080752592555,-0.73488414329706,-0.705915125331181,-0.677207326325878,-0.64879404860249,-0.620708231771816,-0.592982372377424,-0.565648503131399,-0.538738150187382,-0.512282301289888,-0.486311372373264,-0.460855160322008,-0.435942784533395,-0.411602645608344,-0.387862545624513,-0.36474959512859,-0.342290113539902,-0.320509664567768,-0.299433035335988,-0.279084130394139,-0.2594859531951,-0.240660718943829,-0.22262960777998,-0.205412833792063,-0.189029671659921,-0.173498456123647,-0.158836497937622,-0.145060002408316,-0.132184064475484,-0.120222644586569,-0.109188457218856,-0.0990929260715002,-0.0899460898962765,-0.0817564410793902,-0.0745310509121086,-0.0682754716499123,-0.0629936997336771,-0.0584015520944885,-0.052783264358317,-0.0458563576887043,-0.0376260947719111,-0.028099667315028,-0.0172861418934546,-0.00519623981459593,0.00815736743377609,0.0227603232649645,0.0385967029735918,0.0556490863447074,0.0738986032956985,0.0933249962464407,0.113906634929205,0.135620570401001,0.15844266280674,0.182347660287084,0.207308904338704,0.233298544799788,0.260291420658034,0.288264008557107,0.317184929998266,0.34702158738435,0.377740310342893,0.409306595086339,0.441704288358129,0.474957466777197,0.509059969899182,0.543990403735235,0.579720991579872,0.616218818647461,0.653447652757593,0.691368703631338,0.729941595232418,0.769124448901708,0.808873889128082,0.849146085564649,0.889895686228964,0.931076450608394,0.972641965045628,1.01454452613313,1.05673594779804,1.09916793050674,1.14179153996808,1.18455720907311,1.22741525852744,1.27031600847069,1.31320945145706,1.35604517278802,1.3987726186305
-1.1487700315223,-1.11978230237616,-1.09056609449122,-1.0611567453207,-1.03158967845483,-1.00190037390221,-0.972124256690312,-0.942296762720834,-0.912453338155438,-0.882629336468555,-0.852859976011755,-0.823180319902588,-0.793625238159295,-0.764229369670196,-0.735027081505373,-0.706052428937683,-0.677339046138809,-0.648920241907541,-0.620828962261573,-0.593097710065198,-0.565758524261001,-0.538842937134604,-0.51238194245777,-0.486405962080884,-0.460944798684068,-0.436027577328445,-0.41168270413898,-0.387937986600957,-0.364820540534183,-0.342356690477232,-0.320572005111673,-0.299491276382513,-0.27913841348887,-0.259536424357896,-0.240707528515502,-0.222672910220976,-0.205452787494554,-0.189066438765092,-0.173532202338869,-0.158867392337287,-0.145088217218816,-0.132209774859244,-0.120246028421385,-0.109209694855545,-0.099112200082837,-0.0899635848076199,-0.0817723430679044,-0.0745455475303554,-0.068288751530392,-0.0630059522862148,-0.0584129114540491,-0.052793530936124,-0.0458652769526012,-0.0376334132133573,-0.0281051328243016,-0.0172895041243225,-0.00519725050616666,0.00815895407773373,0.0227647502482621,0.0386042102026158,0.0556599103375353,0.0739129769000935,0.0933431483699774,0.113928790272275,0.135646949200327,0.158473480603733,0.182383127711561,0.207349226835282,0.233343922396107,0.260342048487805,0.288320077178645,0.317246623866629,0.347089084614218,0.377813782499913,0.409386207025018,0.441790201791093,0.475049848100084,0.509158984309391,0.544096212268946,0.579833749870568,0.616338675926556,0.653574751209184,0.691503177894639,0.730083572093325,0.769274047000535,0.809031218668415,0.849311248224877,0.890068774866316,0.931257549086115,0.972831148199303,1.01474185951982,1.0569414876024,1.09938172351895,1.1420136234604,1.18478761067676,1.2276539962108,1.2705630905392,1.31346487648949,1.35630892955724,1.39904468607647
-1.14898723813421,-1.11999402805954,-1.09077229604588,-1.06135738622795,-1.03178472889381,-1.00208981076051,-0.972308063553611,-0.94247492987494,-0.912625862588236,-0.882796221852472,-0.85302123267822,-0.823335964812681,-0.793775294867229,-0.764373868279622,-0.735166058617982,-0.706185927594254,-0.677467115739588,-0.649042938150717,-0.62094634707469,-0.593209851521361,-0.56586549649116,-0.538944820231754,-0.512478822375134,-0.486497930523771,-0.461031952992807,-0.436110020350259,-0.411760544092054,-0.388011336961244,-0.36488951990463,-0.342421422438165,-0.320632618077882,-0.299547903456386,-0.279191192293489,-0.259585496866626,-0.24075304090292,-0.222715012667127,-0.205491634002257,-0.189102186982282,-0.173565013380846,-0.15889743059306,-0.145115650142051,-0.132234772758275,-0.120268764244667,-0.109230343956023,-0.0991309399738401,-0.0899805949009498,-0.0817878043813944,-0.0745596424191212,-0.0683016633995599,-0.063017865296696,-0.0584239560236673,-0.052803513007096,-0.0458739490463516,-0.03764052884656,-0.0281104468736852,-0.017292773181235,-0.00519823318950854,0.00816049675270201,0.0227690545512441,0.0386115093917253,0.0556704343764741,0.0739269521839604,0.0933607974628729,0.113950331647707,0.135672596991828,0.158503444379646,0.182417612264737,0.207388431917071,0.233388042490992,0.260391273321964,0.28837459202965,0.317306608077931,0.347154711364594,0.377885218600591,0.409463612762066,0.441873734395767,0.475139669356872,0.509255254837755,0.544199088642436,0.579943383409764,0.616455211727378,0.65369832751553,0.691633925614608,0.730221614499334,0.769419499445141,0.809184188301249,0.849471833906623,0.890237066880946,0.931433628972861,0.973015088719908,1.01493372441463,1.05714133149909,1.09958959191106,1.14222955258728,1.18501162740394,1.22788611800872,1.27080332548312,1.31371322319757,1.3565653771135,1.39930921400445
-1.14919848020959,-1.12019993971378,-1.09097283526506,-1.06155251749621,-1.03197442320916,-1.00227404564522,-0.972486823044094,-0.942648204523759,-0.912793649465989,-0.882958524530742,-0.853178061204735,-0.82348733568276,-0.793921230988286,-0.764514398928656,-0.735301219391593,-0.706315760351313,-0.677591668523801,-0.64916226513079,-0.621060508477625,-0.59331891355096,-0.565969531242723,-0.539043905598906,-0.512573041950806,-0.486587373495028,-0.461116714026991,-0.436190199470391,-0.411836246544621,-0.388082673106131,-0.364956605087923,-0.342484376846649,-0.320691566600051,-0.299602975539612,-0.279242521781696,-0.259633221834561,-0.240797303511179,-0.22275595897178,-0.205529413777176,-0.189136953546359,-0.173596923425122,-0.15892664399239,-0.145142329751788,-0.132259084210055,-0.120290875737745,-0.109250426028118,-0.0991491652637302,-0.089997137893753,-0.0818028411241583,-0.0745733502594539,-0.0683142207062471,-0.0630294511735532,-0.0584346973072195,-0.052813220968425,-0.0458823830026925,-0.0376474490830676,-0.0281156149982218,-0.0172959524691981,-0.00519918888817151,0.00816199706551054,0.022773240657215,0.0386186081436583,0.0556806694232221,0.0739405437037686,0.0933779619081872,0.113971281492709,0.135697540489902,0.158532585344345,0.182451149865263,0.20742656041956,0.233430951039347,0.260439146432442,0.288427609892066,0.317364945110928,0.347218535991426,0.377954693051817,0.409538892922266,0.441954973178595,0.475227024104184,0.509348881758371,0.544299140010365,0.580050006390291,0.616568547432063,0.653818510392065,0.691761082976331,0.730355866233573,0.769560957736853,0.809332957357713,0.849628009873788,0.890400737563572,0.931604873671094,0.973193978197443,1.01512032066149,1.05733568764286,1.09979175219601,1.14243955225764,1.18522949258748,1.22811186569616,1.27103696352798,1.31395475025594,1.35681478256914,1.39956647794321
-1.14940397376578,-1.12040024790529,-1.0911679172213,-1.06174233866781,-1.03215895538335,-1.00245326695596,-0.972660717962213,-0.942816763858916,-0.912956870368495,-0.883116410474991,-0.853330621965022,-0.823634587305525,-0.79406319575756,-0.764651105324724,-0.735432702042369,-0.706442059976565,-0.677712831859821,-0.649278344872197,-0.621171563212465,-0.593425007681436,-0.566070734902208,-0.539140294561312,-0.512664697534252,-0.486674382459537,-0.461199168463729,-0.436268196680454,-0.411909888910435,-0.388152067984358,-0.365021864685745,-0.342545618080213,-0.320748910959269,-0.29965654894921,-0.279292454443312,-0.259679648065521,-0.240840361603469,-0.222795791006855,-0.205566165453119,-0.189170774009805,-0.173627965103085,-0.15895506240906,-0.145168283330747,-0.132282734075611,-0.120312385511956,-0.109269961607869,-0.0991668945897905,-0.0900132307029861,-0.0818174686728531,-0.0745866850690677,-0.0683264362916253,-0.0630407217645692,-0.0584451462888024,-0.0528226647475264,-0.0458905874462349,-0.0376541809995528,-0.0281206424828644,-0.0172990452393695,-0.00520011857945844,0.00816345655038766,0.02277731284691,0.0386255137176381,0.0556906259441957,0.0739537653582818,0.0933946592583777,0.11399166123071,0.13572180520191,0.158560933297545,0.182483774808876,0.207463651333169,0.233472691919692,0.260485716774549,0.288479184982254,0.317421694621395,0.347280623762134,0.378022276898552,0.409612124487531,0.442034001214814,0.475312001671475,0.509439960814651,0.54439646868582,0.580153727845406,0.616678798938335,0.653935422738468,0.691884780011635,0.730486464582617,0.76969856653171,0.809477677969875,0.84977993583279,0.890559954284747,0.931771458296601,0.973367999565283,1.01530183907476,1.05752475478338,1.09998841110405,1.14264383721831,1.18544142901755,1.22833147012396,1.27126424359334,1.31418970465151,1.35705740096759,1.3998167409723
-1.14960392514615,-1.12059515377063,-1.09135773780331,-1.0619270403489,-1.03233851071167,-1.00262765465519,-0.972829922922019,-0.942980777136811,-0.913115689191649,-0.88327003822409,-0.853479068150752,-0.823777867541548,-0.794201331726908,-0.764784124739565,-0.7355606385967,-0.706564953291938,-0.677830727412049,-0.649391293934721,-0.621279622793206,-0.593528240445666,-0.566169209091797,-0.539234083906544,-0.512753881160092,-0.486759044786083,-0.461279399098442,-0.436344090300213,-0.411981545136403,-0.388219591277783,-0.365085364227571,-0.342605207633352,-0.320804708737039,-0.29970867748014,-0.279341040417491,-0.259724822177728,-0.240882258415946,-0.222834548769111,-0.205601925933748,-0.189203682332945,-0.173658169584786,-0.158982714379011,-0.145193536939834,-0.132305746102609,-0.120333315166026,-0.109288970311644,-0.0991841457546656,-0.0900288894880092,-0.081831701715519,-0.0745996602379175,-0.0683383224217969,-0.0630516883869435,-0.0584553134606085,-0.0528318538272337,-0.0458985706153512,-0.0376607313557714,-0.0281255343758885,-0.0173020545973094,-0.00520102319690516,0.00816487667285369,0.0227812752093593,0.0386322330477966,0.0557003139370903,0.0739666304238322,0.0934109062798459,0.114011491325727,0.135745415492908,0.158588516704431,0.182515519855439,0.2074997419022,0.233513307045523,0.260531031111217,0.288529369088591,0.317476913593528,0.347341037021249,0.378088038004133,0.409683380992271,0.442110897859272,0.47539468738773,0.509528583462303,0.544491172399974,0.580254651925498,0.61678607695364,0.654049181950572,0.692005140929096,0.730613540684896,0.769832464007579,0.809618495456831,0.849927764337871,0.890714876919625,0.931933550122904,0.973537327564453,1.01547846192351,1.05770872276967,1.10017976610734,1.14284261259906,1.18564764950703,1.22854515180473,1.27148539389916,1.31441832231032,1.35729347593057,1.40006025438969
-1.14979853153438,-1.12078484951781,-1.0915424842042,-1.06210680468457,-1.03251326626409,-1.00279738071679,-0.972994604786375,-0.94314040610049,-0.913270262555941,-0.88341955927931,-0.853623546153352,-0.823917317687814,-0.794335775120251,-0.764913588351369,-0.735685155220271,-0.706684561489687,-0.677945471444154,-0.649501223704007,-0.621384793783691,-0.593628713647489,-0.566265050922623,-0.539325366125738,-0.512840680777493,-0.486841443965116,-0.461357485051231,-0.436417955172786,-0.412051285886903,-0.388285309575057,-0.365147166333996,-0.342663204270793,-0.320859014958799,-0.299759412539381,-0.279388327617692,-0.259768788720007,-0.240923035265498,-0.222872270479833,-0.205636730484554,-0.189235710968595,-0.173687566656622,-0.159009627171461,-0.145218115483105,-0.132328142984551,-0.120353685339907,-0.109307470885034,-0.0992009357707338,-0.0900441296908624,-0.0818455542881881,-0.074612288561573,-0.0683498908183667,-0.0630623618555014,-0.0584652088490782,-0.0528407972694332,-0.0459063403827094,-0.0376671066114113,-0.0281302955014746,-0.0173049835107208,-0.0052019036326077,0.00816625883337438,0.0227851316520792,0.0386387727604561,0.0557097429557999,0.0739791515874102,0.0934267189947254,0.114030791333372,0.135768394646381,0.158615362766606,0.182546416310591,0.207534867717664,0.233552836469784,0.260575134129551,0.288578211700546,0.31753065648197,0.347399835345804,0.378152041219415,0.409752732706675,0.442185738944231,0.475475162794151,0.509614837097281,0.544583344545674,0.580352878157678,0.616890487271074,0.65415990021296,0.692122284423624,0.730737219857555,0.76996278220856,0.809755548686906,0.850071641171324,0.890865658246439,0.932091308998197,0.973702129179151,1.01565036338581,1.05788777302327,1.1003660059122,1.14303607442386,1.18584835742194,1.22875312146241,1.27170063253465,1.31464082868555,1.35752324026535,1.40029725833814
-1.14998798143726,-1.12096951889689,-1.09172233537982,-1.06228180580474,-1.03268339131874,-1.00296260954704,-0.973154923075467,-0.94329580537561,-0.913420740189888,-0.883565118475217,-0.853764195922399,-0.824053072823633,-0.794466656167077,-0.765039621565925,-0.73580637252694,-0.706801000429089,-0.678057175103707,-0.64960824066426,-0.621487178058503,-0.593726524610941,-0.566358353232512,-0.539414229640022,-0.512925180465482,-0.48692165981315,-0.461433501960574,-0.436489862847873,-0.412119178716778,-0.388349286534646,-0.365207330870043,-0.342719664171365,-0.320911882228633,-0.299808803271787,-0.279434361848977,-0.25981159028084,-0.240962731650891,-0.222908992678408,-0.205670612819197,-0.189266890941503,-0.173716184794262,-0.159035826855665,-0.145242042768729,-0.132349946416325,-0.120373515765301,-0.109325481248741,-0.099217280901756,-0.0900589660740692,-0.0818590398092472,-0.0746245822725438,-0.0683611526871394,-0.063072752509169,-0.0584748420394454,-0.0528495037372501,-0.0459139042745465,-0.0376733129419061,-0.028134930471519,-0.0173078348167153,-0.00520276073940592,0.00816760437078842,0.0227888859106385,0.0386451391903532,0.055718922133806,0.0739913409777239,0.0934421127201079,0.114049579948725,0.135790764921237,0.158641497488687,0.182576494102388,0.207569062804415,0.233591318482913,0.260618068550232,0.28862576012984,0.317582975345128,0.347457075691186,0.378214348541539,0.409820246808742,0.442258596965005,0.475553505843772,0.509698805269744,0.544673074406082,0.580448501689442,0.616992131028388,0.654267684773613,0.692236323967045,0.730857621903245,0.770089647368244,0.809888970417623,0.850211705700406,0.891012444320523,0.932244887736661,0.97386256404556,1.01581770997517,1.05806207898241,1.10054731092106,1.1432244100908,1.18604374717934,1.22895558054818,1.27191016799213,1.31485743930948,1.35774691653469,1.40052798239311
-1.15017245513799,-1.12114933764187,-1.09189746247908,-1.06245221024296,-1.03284904776903,-1.00312349838002,-0.973311030350453,-0.943447122842327,-0.913567265290142,-0.883706854328005,-0.853901151302212,-0.824185262135522,-0.79459409941565,-0.76516234431823,-0.735924405868814,-0.706914380915092,-0.678165944689494,-0.649712446654339,-0.62158687304797,-0.593821766414323,-0.566449204809267,-0.539500759013179,-0.51300746063516,-0.486999768664724,-0.46150752216524,-0.436559881753838,-0.412185288233807,-0.388411583037932,-0.365265915089138,-0.342774641063111,-0.320963360855784,-0.299856896678279,-0.279479186918174,-0.259853267590801,-0.241001385347768,-0.222944750310201,-0.205703605180589,-0.189297251922976,-0.173744051231132,-0.159061338363614,-0.145265341566251,-0.132371177146386,-0.120392825313125,-0.109343018541683,-0.0992331967019907,-0.0900734127561426,-0.0818721711117096,-0.0746365530696999,-0.0683721187450689,-0.0630828702358398,-0.0584842221987906,-0.0528579815158823,-0.0459212694887691,-0.0376793562532881,-0.0281394436967246,-0.017310611228636,-0.00520359533293483,0.00816891456552848,0.022792541557643,0.0386513383958727,0.055727860206145,0.0740032101943703,0.0934571021048807,0.1140678750513,0.135812547605347,0.158666945740846,0.182605781853285,0.207602359702984,0.233628789704939,0.260659875230267,0.288672059624233,0.317633919970375,0.347512812528122,0.378275019263036,0.40988598754585,0.442329541254321,0.475629791088954,0.509780567884994,0.544760447369406,0.580541613517496,0.617091104951222,0.654372638201849,0.692347368081007,0.730974861398266,0.770213180213318,0.810018887614992,0.850348091212507,0.891155374825585,0.932394432486007,0.974018784835773,1.01598066094096,1.05823180651911,1.10072385366634,1.14340779882277,1.1862340047149,1.229152721725,1.27211419966853,1.31506836031186,1.35796471759209,1.40075264611487
-1.15035212512227,-1.12132447388598,-1.09206802924848,-1.06261817732995,-1.03301039050624,-1.00328019764923,-0.973463072573983,-0.943594499984748,-0.913709974859877,-0.883844899362831,-0.854034540348129,-0.824314009222474,-0.794718224027324,-0.765281871355903,-0.736039365608846,-0.707024808960156,-0.678271881902716,-0.64981393910841,-0.621683971968406,-0.593914528110154,-0.56653769060048,-0.539585035151473,-0.513087598219725,-0.48707584355279,-0.461579614875235,-0.436628077359412,-0.412249676251383,-0.388472257333084,-0.365322973768408,-0.342828186350252,-0.321013498973543,-0.299903737726917,-0.279522844737396,-0.2598938596188,-0.241039032497918,-0.222979576809136,-0.205735738417082,-0.189326822300988,-0.173771192022771,-0.159086185548952,-0.145288033660396,-0.132391855025787,-0.120411632038094,-0.109360099161494,-0.0992486980529506,-0.0900874832449477,-0.0818849604735405,-0.0746482121459165,-0.0683827992455845,-0.0630927244957406,-0.0584933580977039,-0.0528662385321807,-0.0459284429119635,-0.0376852421961443,-0.0281438393970251,-0.0173133153424699,-0.00520440819355198,0.00817019064264633,0.0227961020111777,0.0386573761733651,0.0557365655300488,0.0740147703352457,0.0934717011643444,0.114085693747293,0.13583376306585,0.158691731317583,0.182634306947768,0.207634789546472,0.23366528517202,0.26070059325953,0.288717153474449,0.317683537991701,0.347567097971392,0.378334110111944,0.409950016386577,0.442398638146156,0.475704089857549,0.509860201392307,0.544845545130684,0.580632300702803,0.617187501581685,0.654474858630702,0.692455520593427,0.731089047963306,0.770333496248851,0.810145421753551,0.850480925230135,0.891294583403805,0.932540083072821,0.974170937618582,1.01613936864481,1.05839711433116,1.10089579921816,1.143586412091,1.18641930792228,1.22934472932282,1.27231291833653,1.31527378890699,1.35817684708482,1.4009714595674
-1.1505271564788,-1.12149508855212,-1.09223419241226,-1.06277985956358,-1.03316756777919,-1.00343285133686,-0.973611189449155,-0.943738072219489,-0.913849000026935,-0.883979380421558,-0.854164485623886,-0.824439432382988,-0.794839144053261,-0.765398312505655,-0.73615135737711,-0.707132386030434,-0.678375084083153,-0.649912811282215,-0.62177856403858,-0.594004894931969,-0.566623891910794,-0.539667135491535,-0.513165666853121,-0.487149954378307,-0.461649846332519,-0.436694512325722,-0.412312401932056,-0.388531365170318,-0.365378559335881,-0.342880349232556,-0.321062342651024,-0.299949369457319,-0.279565375421371,-0.259933403662583,-0.241075707693202,-0.223013504175335,-0.205767042054112,-0.189355629246106,-0.173797632107334,-0.159110391242368,-0.145310139901662,-0.132411999054273,-0.120429953220658,-0.109376738802598,-0.0992637991979604,-0.0901011904690698,-0.0818974196461691,-0.074659570214067,-0.0683932040024007,-0.0631023243433997,-0.0585022581306522,-0.0528742823730558,-0.0459354311353869,-0.0376909761787385,-0.0281481216113836,-0.017315949642876,-0.00520520006814942,0.00817143377465784,0.0227995705427441,0.0386632580706064,0.0557450461043528,0.0740260320223168,0.0934859233127584,0.114103052409307,0.135854430796445,0.158715876992977,0.182662095595953,0.207666382132849,0.233700838417799,0.26074026005154,0.288761083114706,0.317731875000332,0.347619981900854,0.378391675383539,0.410012392163445,0.442465951129779,0.475776470418539,0.509937778962461,0.544928445881488,0.580720646572746,0.617281409493248,0.654574439984808,0.692560880879601,0.731200286518017,0.77045070602652,0.810268689098441,0.85061032980704,0.891430197966156,0.932681973327283,0.974319162198672,1.01629397891433,1.05855815431067,1.10106330556767,1.14376041401323,1.18659982706624,1.22953177976669,1.27250650658761,1.31547391385174,1.35838349992681,1.40118462380613
-1.15069770727606,-1.12166133572013,-1.09239610203019,-1.06293740295692,-1.03332072153258,-1.00358159730242,-0.97375551473835,-0.943877969204726,-0.913984466343098,-0.88411041895224,-0.854291104481334,-0.824561644885055,-0.794956968694731,-0.765511772923939,-0.736260482311885,-0.707237209277351,-0.678475644431323,-0.650009152465899,-0.621870734683333,-0.594092948488844,-0.566707886587469,-0.539747134177091,-0.513241737038095,-0.487222168069776,-0.461718279962186,-0.436759246649304,-0.412373521922554,-0.388588959929137,-0.365432721990145,-0.342931176817632,-0.321109935998301,-0.299993833078896,-0.279606817378997,-0.25997193543385,-0.2411114440545,-0.223046563048151,-0.205797544361576,-0.189383698773498,-0.173823395362509,-0.159133977303702,-0.145331680253901,-0.132431627423651,-0.120447805406433,-0.109392952492036,-0.099278513774663,-0.0901145468073208,-0.081909559881309,-0.0746706375314714,-0.0684033424119153,-0.0631116784483117,-0.0585109303351366,-0.0528821203027932,-0.0459422404700111,-0.037696563379354,-0.0281522942070109,-0.017318516508856,-0.00520597167185863,0.00817264508421907,0.0228029502847271,0.03866898939946,0.0557533095877508,0.0740370054258636,0.0934997813939553,0.114119966713718,0.135874569461885,0.158739404572667,0.182689172893397,0.207697165992958,0.233735481549939,0.26077891142885,0.288803888217277,0.317778974648778,0.347671512075282,0.378447767064253,0.410073171207188,0.442531540994652,0.475846998137848,0.510013370654727,0.545009224488383,0.580806730911306,0.617372913492899,0.654671472194763,0.692663544089002,0.731308677520456,0.770564915396915,0.810388800970765,0.850736421806774,0.891562340984347,0.932820231388596,0.974463592435684,1.01644463137602,1.05871507189071,1.10122652398763,1.14392996172829,1.18677572517121,1.22971404197937,1.27269513924873,1.31566891587626,1.3585848627435,1.40139233133685
-1.15086392891698,-1.12182336297246,-1.09255390183413,-1.06309094736584,-1.03346998772546,-1.00372656759205,-0.973896176563334,-0.944014315131092,-0.914116494065762,-0.884238131281603,-0.854414509323726,-0.824680755220274,-0.795071802548105,-0.765622353332878,-0.736366837286555,-0.707339371755558,-0.678573652217577,-0.65010304818434,-0.621960565725232,-0.594178766948488,-0.566789749195026,-0.539825102225306,-0.513315876304365,-0.487292548733399,-0.461784976514765,-0.436822337796704,-0.412433090480873,-0.388645092738086,-0.365485509812967,-0.342980714226607,-0.321156321265377,-0.300037168063301,-0.279647207399505,-0.260009489138378,-0.241146273306024,-0.22307878277491,-0.205827272417262,-0.189411055801302,-0.173848504659089,-0.159156964670988,-0.145352673839111,-0.132450757558594,-0.120465204443324,-0.109408754623172,-0.0992928548456175,-0.0901275641165114,-0.0819213919562007,-0.0746814239229106,-0.0684132234742898,-0.0631207951143886,-0.0585193824097259,-0.0528897592793516,-0.0459488769606811,-0.0377020087579118,-0.028156360888042,-0.0173210182190915,-0.00520672368965482,0.00817382564664471,0.0228062442374221,0.0386745752477935,0.055761363315978,0.0740477002872965,0.0935132877101583,0.114136451675849,0.13589419693985,0.158762334942771,0.182715562877407,0.207727168454532,0.23376924532216,0.260816581703414,0.2888456067815,0.317824878748769,0.347721734239515,0.378502434948307,0.410132407473136,0.442595465966812,0.475915735624987,0.510087043574056,0.545087952660898,0.580890630138059,0.617462094811405,0.654766041398891,0.692763601358755,0.731414317192479,0.770676225747026,0.810505863997331,0.850859313164882,0.891691129765587,0.932954979992474,0.974604356544558,1.01659145976844,1.05886800637159,1.10138559937179,1.14409520574861,1.18694715838706,1.22989167776037,1.27287898377462,1.31585896808956,1.35878111429052,1.4015947665476
-1.1510259664728,-1.12198131171969,-1.09270772954514,-1.06324062679745,-1.0336154966311,-1.00386788872971,-0.974033297687835,-0.944147228995578,-0.914245198423175,-0.884362628871598,-0.854534807853618,-0.824796867343137,-0.795183745835539,-0.765730150242403,-0.736470515123273,-0.707438962628172,-0.678669192978993,-0.650194580385773,-0.622048135565036,-0.594262425209644,-0.56686955117971,-0.539901107683415,-0.513388149357568,-0.487361157794458,-0.461849994200203,-0.436883840831224,-0.412491159595949,-0.388699812587523,-0.365536968875339,-0.343029004693649,-0.321201538935363,-0.300079412231485,-0.279686580733608,-0.260046097551461,-0.241180225845278,-0.223110191475634,-0.205856252166568,-0.189437724205583,-0.173872981911414,-0.159179373406635,-0.145373138979611,-0.132469406155082,-0.120482165516479,-0.109424158987441,-0.0993068349271078,-0.0901402537576022,-0.0819329261973817,-0.074691938802293,-0.0684228558133002,-0.0631296822982729,-0.0585276217310358,-0.0528972059697089,-0.0459553463994468,-0.0377073170669095,-0.0281603252037049,-0.0173234569569702,-0.00520745677786736,0.00817497649228011,0.0228094552756526,0.0386800204907005,0.0557692143179899,0.0740581259406408,0.0935264540491122,0.114152521683081,0.135913330360379,0.158784688115953,0.182741288580053,0.207756415702455,0.233802159202062,0.260853303752265,0.288886275217584,0.317869627363474,0.347770692225345,0.378555726747531,0.41019015266021,0.442657781837285,0.475982742871145,0.510158862019071,0.545164699109666,0.580972417476723,0.617549031282473,0.654858230133217,0.692861140014637,0.731517297731947,0.770784734223847,0.810619980345829,0.850979111135776,0.891816676711312,0.933086336741831,0.974741577378286,1.01673459223726,1.0590170912281,1.10154067055446,1.14425629029225,1.18711427633351,1.2300648421427,1.27305820061704,1.3160442363612,1.35897242584798,1.40179210611532
-1.15118395899776,-1.12213531750719,-1.09285771717206,-1.0633865697007,-1.03375737311947,-1.00400568199162,-0.974166995783776,-0.944276824859604,-0.914370689864321,-0.884484018561131,-0.85465210330645,-0.824910080896476,-0.795292894622334,-0.765835256159556,-0.736571604794255,-0.707536067360137,-0.67876234870487,-0.650283827619512,-0.622133519351715,-0.594343995064523,-0.566947361024424,-0.539975215776296,-0.513458618219577,-0.487428054130536,-0.461913388814105,-0.436943808532334,-0.412547779100396,-0.388753166435855,-0.365587143337394,-0.343076089659727,-0.321245627812274,-0.300120601835723,-0.279724971169944,-0.26008179208899,-0.24121333080899,-0.223140816104028,-0.205884508478768,-0.18946372687211,-0.173896848124892,-0.159201222740931,-0.145393093237775,-0.132487589216601,-0.120498703181221,-0.10943917880426,-0.0993204660162862,-0.0901526266203407,-0.0819441725030812,-0.0747021911930723,-0.0684322476950385,-0.0631383476265945,-0.0585356553697255,-0.0529044667643198,-0.0459616543381245,-0.0377124928617276,-0.0281641905560185,-0.0173258348153204,-0.0052081715656036,0.00817609860873551,0.0228125861550045,0.0386853298010729,0.0557768693312057,0.0740682913327793,0.0935392917096482,0.114168190526058,0.135931986143015,0.158806483274821,0.182766372078112,0.20778493283556,0.233834251435034,0.260889109088812,0.288925928425571,0.317913258894385,0.347818428046579,0.378607688194838,0.410246456323047,0.442718542083084,0.476048077379292,0.510228887621524,0.545239529695456,0.581052163113956,0.617633797511542,0.654948117510463,0.692956243760466,0.731617707512688,0.770890533945059,0.810731247946394,0.851095918525332,0.891939089560943,0.933214414361834,0.974875372694358,1.01687415161308,1.05916245439895,1.10169187061159,1.14441335359557,1.18727722242456,1.23023368372919,1.27323294357279,1.31622487968108,1.35915896159188,1.40198451938901
-1.15133803982558,-1.12228551030417,-1.09300399129309,-1.06352889924036,-1.0338957369236,-1.00414006366486,-0.974297383682226,-0.944403212092268,-0.914493074294478,-0.884602402793908,-0.854766494670701,-0.825020491423956,-0.795399341021804,-0.765937759785775,-0.736670191611528,-0.707630767900497,-0.678853198011588,-0.650370865203464,-0.622216789142721,-0.594423545351906,-0.567023244394786,-0.540047489045566,-0.513527342360778,-0.487493294197073,-0.461975213856725,-0.437002291508232,-0.41260299677679,-0.388805199309691,-0.365636075542577,-0.343122008860986,-0.321288625103784,-0.300160771636921,-0.279762411107135,-0.260116602874454,-0.241245616135242,-0.223170682504959,-0.205912065200049,-0.189489085745164,-0.1739201234408,-0.159222531113063,-0.145412553453486,-0.132505322088278,-0.120514831394086,-0.109453826749216,-0.0993337596167603,-0.0901646931464863,-0.0819551403643301,-0.0747121897474901,-0.0684414070455418,-0.0631467984122343,-0.0585434901055778,-0.0529115477907453,-0.0459678061001369,-0.0377175405103452,-0.0281679602070476,-0.0173281538008744,-0.00520886865609032,0.00817719294299206,0.022815639517703,0.0386905076595669,0.0557843348158769,0.074078205042534,0.0935518115257797,0.114183471428097,0.135950180031827,0.158827738812839,0.18279083454016,0.207812743920147,0.233865549104491,0.260924027930048,0.288964599869767,0.317955810163208,0.347864981988636,0.378658363141756,0.410301365977673,0.442777797981259,0.476111794286804,0.510297179477718,0.545312507569615,0.581129934349038,0.617716465034892,0.655035779388771,0.693048992856599,0.731715631272952,0.770993714197614,0.810839760700455,0.851209833910144,0.892058471621653,0.933339320940293,0.975005855405892,1.01701025567347,1.05930421855965,1.10183932714457,1.14456652820811,1.18743613417437,1.23039834500936,1.27340336011171,1.3164010504985,1.35934087894427,1.40217216875091
-1.15148833684916,-1.12243201477633,-1.09314667332127,-1.06366773355531,-1.03403070289065,-1.00427114529128,-0.974424569610058,-0.944526495599736,-0.914612453297335,-0.884717879833307,-0.854878076895518,-0.825128190570479,-0.79550317338847,-0.766037746202931,-0.736766357405869,-0.707723142854268,-0.678941816307498,-0.650455765382108,-0.622298014055121,-0.59450114210153,-0.567097264276856,-0.540117987480765,-0.513594378824797,-0.487556932145787,-0.46203552064518,-0.437059338301995,-0.412656858457885,-0.38885595439828,-0.365683806106464,-0.343166800412095,-0.321330566499265,-0.300199954977531,-0.279798931621739,-0.260150558802115,-0.241277108622071,-0.223199815468667,-0.205938945203529,-0.189513821873566,-0.173942827178528,-0.15924331620978,-0.145431535779457,-0.132522619489066,-0.120530563542098,-0.109468114980656,-0.0993467267627195,-0.0901764633517105,-0.0819658388848665,-0.0747219427647233,-0.0684503414674165,-0.0631550416696628,-0.0585511324417191,-0.0529184549265045,-0.0459738067916785,-0.037722464202501,-0.0281716372857447,-0.0173304158384778,-0.00520954862793882,0.00817826040338861,0.0228186178981541,0.038695558364,0.0557916169686373,0.0740878752986573,0.0935640238894261,0.114198377072924,0.135967927128428,0.158848472372904,0.182814696270962,0.207839872040466,0.23389607818868,0.260958089259927,0.289002321648929,0.317997316489103,0.347910392693043,0.378707793650402,0.410354927201172,0.442835598716438,0.476173946481115,0.510363794272471,0.545383693306532,0.581205795735027,0.617797102469681,0.655121288530805,0.693139464288285,0.731811150293151,0.771094360625014,0.810945608677689,0.851320951844277,0.892174921985057,0.933461160154382,0.975133133818459,1.01714301738991,1.05944250137982,1.1019831625479,1.14471594127059,1.18759114348569,1.23055896265827,1.27356959168594,1.31657289504187,1.35951832890342,1.40235520995707
-1.15163497278443,-1.12257495054303,-1.09328587975498,-1.06380318600233,-1.03416238121892,-1.00439903389766,-0.974548657413248,-0.944646776041701,-0.914728924344596,-0.88483054396512,-0.854986941086617,-0.825233266271269,-0.795604476500373,-0.76613529704889,-0.736860180695642,-0.707813267644635,-0.679028275948508,-0.650538597475546,-0.622377260408202,-0.594576848670328,-0.56716948110709,-0.540186768643125,-0.513659782346206,-0.487619019936394,-0.46209435841933,-0.43711499549173,-0.412709408121178,-0.388905473142618,-0.36573037400056,-0.343210500884885,-0.321371486243429,-0.300238183850337,-0.279834562532374,-0.260183687596634,-0.241307833982764,-0.223228238781911,-0.20596517043645,-0.189537955454106,-0.173964977875441,-0.159263595001898,-0.145450055714557,-0.132539495542112,-0.120545912470393,-0.109482055164772,-0.0993593780417028,-0.0901879468462631,-0.0819762767999204,-0.0747314582080087,-0.0684590582555244,-0.0631630841294135,-0.0585585886180365,-0.052925193811201,-0.045979661312251,-0.0377272679583378,-0.0281752247944058,-0.0173326227750606,-0.00521021203633905,0.00817930186149529,0.0228215237281743,0.0387004860382196,0.0557987217352884,0.074097309996812,0.0935759387718543,0.114212919630841,0.135985241923137,0.158868700883752,0.18283797675337,0.207866339346342,0.233925863614276,0.260991320889168,0.289039124562494,0.318037811761549,0.347954697237163,0.378756020080268,0.410407183725723,0.442891991482316,0.476234584708843,0.510428786396064,0.545453145028614,0.581279809211949,0.617875775655532,0.655204714753885,0.693227731924499,0.731904342563566,0.771192555404013,0.811048878301861,0.851429363054358,0.892288535731657,0.933580031484539,0.975257311853544,1.01727254516096,1.05957741576591,1.10212349426167,1.14486171477719,1.187742376922,1.23071566781857,1.27373177402183,1.31674055362046,1.35969145635535,1.4025337924587
-1.15177806541947,-1.12271443242009,-1.0934217224144,-1.06393536538611,-1.03429087768149,-1.00452383221291,-0.974669746767648,-0.944764150035678,-0.914842580993813,-0.88494048568892,-0.855093174691197,-0.825335802930348,-0.795703331731135,-0.76623049068319,-0.736951736846157,-0.70790121466602,-0.679112646384943,-0.65061942802021,-0.62245459185808,-0.594650725871018,-0.567239952895009,-0.540253887782403,-0.513723605461607,-0.487679607442075,-0.462151774441719,-0.437169307785118,-0.41276068797817,-0.388953795319563,-0.365775816631397,-0.343253145382581,-0.321411417205824,-0.300275488963398,-0.279869332460235,-0.260216015869334,-0.241337816898041,-0.223255975276248,-0.20599076196472,-0.189561505872533,-0.173986593324499,-0.159283383778734,-0.145468128135272,-0.13255596380342,-0.120560890508283,-0.109495658499277,-0.0993717236160863,-0.0901991528544753,-0.0819864624939421,-0.0747407437208036,-0.0684675644117885,-0.0631709322517427,-0.0585658646238433,-0.0529317698579702,-0.0459853743646075,-0.0377319556365626,-0.0281787256147644,-0.0173347763833857,-0.00521085941418618,0.00818031815388287,0.022824359341926,0.0387052946404723,0.0558056548228668,0.0741065167155962,0.0935875657439168,0.114227110783429,0.136002138324386,0.158888440594312,0.182860694687869,0.207892167098134,0.233954929306981,0.2610237495117,0.28907503817309,0.31807732850913,0.347997931209452,0.378803081170135,0.410458177527356,0.442947021577436,0.476293757678778,0.510492208054635,0.545520918524257,0.581352034232513,0.617952547788154,0.655286125071681,0.693313866667871,0.731995282942632,0.771288377411401,0.811149652526229,0.851535154623723,0.892399404123816,0.933696030416386,0.975378489259483,1.01739894303223,1.05970907009044,1.10226043500996,1.14500396582321,1.18788995596438,1.23086858636658,1.27389003739536,1.31690416090917,1.35986040036792,1.40270805970556
-1.15191772784968,-1.12285057064912,-1.09355430866481,-1.06406437617662,-1.03441629383749,-1.00464563887326,-0.974787933378051,-0.944878710349973,-0.914953513075226,-0.8850477918988,-0.855196861672588,-0.825435881589111,-0.795799817212474,-0.766323402343557,-0.737041098220199,-0.707987053428677,-0.679194994300249,-0.650698320901738,-0.622530069524834,-0.594722832093559,-0.567308735339053,-0.540319397947222,-0.513785898614558,-0.487738742549075,-0.462207814091963,-0.437222318108697,-0.412810738558668,-0.389000959121276,-0.365820169915244,-0.343294767609902,-0.321450390946489,-0.300311899801372,-0.279903268886259,-0.260247569171352,-0.24136708106535,-0.223283046873635,-0.20601574001499,-0.189584491742277,-0.174007690609798,-0.159302698180648,-0.145485767325411,-0.132572037288929,-0.120575509493886,-0.109508935735771,-0.0993837732433812,-0.0902100902331848,-0.0819964040173486,-0.0747498066420532,-0.0684758666591776,-0.063178592239532,-0.0585729662098401,-0.0529381882642898,-0.0459909504641451,-0.0377365309421523,-0.0281821425137468,-0.01733687836559,-0.00521149127314506,0.0081813100837933,0.0228271269805792,0.038709987971309,0.0558124217110427,0.0741155027316786,0.0935989139951658,0.11424096174688,0.1360186296865,0.158907707106162,0.182882868029919,0.207917375709195,0.233983298239302,0.261055400757973,0.289110090865581,0.318115897964504,0.34804012878053,0.378849014115444,0.410507948909791,0.443000732495664,0.476351512159168,0.510554109374448,0.545587067359263,0.581422527880853,0.618027479545557,0.655365583828068,0.693397936596295,0.732084043306446,0.771381902381547,0.811248010999219,0.851638410166328,0.892507614788043,0.933809248631425,0.975496761810661,1.01752231090417,1.05983756840838,1.10239409302595,1.14514280683892,1.18803399725416,1.23101783916381,1.27404450689238,1.31706384621747,1.36002529446859,1.40287814943237
-1.15205406870009,-1.12298347111413,-1.09368374162761,-1.06419031871439,-1.03453872723162,-1.00476454861608,-0.974903309166264,-0.944990546085971,-0.915061806868301,-0.885152546054139,-0.855298082675243,-0.82553358008557,-0.795894007987746,-0.766414104293739,-0.737128334320217,-0.708070850695279,-0.679275383742028,-0.650775337480515,-0.622603752112603,-0.594793223419889,-0.567375881936028,-0.540383350089313,-0.513846710254706,-0.487796471250813,-0.462262520955931,-0.437274067692221,-0.41285959879043,-0.389047001230269,-0.36586346834868,-0.3433353999393,-0.321488437777966,-0.300347444683457,-0.279936398205124,-0.260278372043849,-0.241395649245437,-0.223309474629505,-0.206040124014395,-0.189606930941018,-0.17402828614014,-0.15932155322977,-0.145502987004178,-0.132587728500087,-0.120589780797388,-0.10952189720087,-0.099395536295406,-0.0902207674891386,-0.082006109102342,-0.0747586540206108,-0.0684839714549171,-0.0631860700504776,-0.058579898899416,-0.0529444540221931,-0.0459963939477776,-0.037740997433635,-0.0281854781489088,-0.0173389303565289,-0.0052121081046556,0.0081822784227183,0.0228298287967156,0.0387145696810542,0.0558190276628876,0.074124275034098,0.0936099923519121,0.114254483294036,0.13603472883594,0.158926515404186,0.182904514025245,0.207941984785984,0.234010992475698,0.261086299245324,0.289144309902841,0.318153550125773,0.348081322770333,0.378893854641389,0.410556536583634,0.443053166011653,0.47640789306962,0.510614538500391,0.545651642982104,0.581491344984699,0.618100629207291,0.655443152823551,0.693480007096698,0.732170692690012,0.771473203055215,0.811344030220938,0.851739209991068,0.892613251887166,0.9339197741872,0.975612221495724,1.01764274472841,1.05996301066166,1.10252457226461,1.14527834581045,1.18817461282208,1.23116354229434,1.27419530265438,1.31721973374355,1.36018626690676,1.40304419392955
-1.15218719233542,-1.12311323554633,-1.09381012037974,-1.06431328940453,-1.03465827158288,-1.00488065246311,-0.975015962448897,-0.945099742850484,-0.915167545268598,-0.885254828341016,-0.85539691518072,-0.825628973204915,-0.795985976157086,-0.766502665963284,-0.737213511922757,-0.708152670610052,-0.679353876245922,-0.650850536710362,-0.622675696023139,-0.594861953732399,-0.567441444084588,-0.540445793162072,-0.513906086931487,-0.48785283773683,-0.462315936910041,-0.4373245961484,-0.412907306074458,-0.389091956890359,-0.365905745075323,-0.343375073473572,-0.321525586823931,-0.300382150818164,-0.279968745776304,-0.260308448065475,-0.241423543306361,-0.223335278773488,-0.206063932628138,-0.189628840645272,-0.174048395680769,-0.159339963359058,-0.145519800352707,-0.132603049448033,-0.120603715343031,-0.109534552816174,-0.0994070217764147,-0.0902311927954472,-0.0820155851778661,-0.0747672926288723,-0.0684918850029784,-0.0631933714086133,-0.0585866679993311,-0.0529505719279245,-0.0460017089823239,-0.0377453585299722,-0.0281887350735763,-0.017340933926938,-0.00521271038088331,0.00818322391189151,0.0228324668584923,0.0387190432768656,0.0558254777350543,0.0741328403377818,0.0936208092942967,0.114267685775223,0.136050448096108,0.158944879885555,0.182925649243189,0.207966013165991,0.234038033215253,0.261116468625594,0.289177721478491,0.318190313814506,0.348121544711591,0.37893763707201,0.410603977741252,0.443104362261643,0.476462943567985,0.510673541689098,0.545714694823428,0.581558538221423,0.61817205276717,0.655518891434808,0.693560140991523,0.732255297420761,0.771562349320256,0.811437783691145,0.851837631257109,0.892716396283129,0.934027691687623,0.975724956695508,1.01776033669334,1.06008549287246,1.10265197260378,1.14541068648872,1.18831191030504,1.23130580728944,1.27434254011087,1.3173719428145,1.36034344090188,1.40320632029905
-1.15231719905875,-1.12323996171779,-1.09393354014229,-1.06443338090032,-1.03477501696293,-1.00499403789374,-0.975125978105484,-0.945206382918704,-0.915270807945578,-0.88535471582485,-0.855493433655178,-0.825722132821867,-0.796075791014662,-0.766589154079704,-0.737296695205578,-0.708232574820877,-0.679430530952746,-0.650923975250749,-0.622745955463166,-0.594929074816504,-0.567505471183067,-0.540506774213742,-0.51396407338274,-0.487907884476913,-0.462368102200979,-0.437373941548311,-0.412953896356194,-0.389135859973753,-0.365947031948917,-0.343413818105063,-0.321561866074638,-0.300416044355113,-0.280000335972339,-0.260337819897253,-0.24145078426513,-0.22336047874793,-0.206087183795012,-0.189650237363085,-0.174068034383382,-0.159357942439776,-0.145536220039152,-0.132618011676461,-0.120617323629912,-0.109546912117161,-0.0994182383402364,-0.0902413740071427,-0.0820248393837471,-0.0747757289756673,-0.0684996132658886,-0.0632005018152068,-0.058593278609819,-0.0529565465910702,-0.0460068995724401,-0.0377496175170676,-0.0281919157417058,-0.0173428905864239,-0.00521329855561815,0.00818414726369941,0.0228350431535785,0.0387234121294102,0.0558317767874021,0.0741412050963279,0.0936313729724327,0.114280579137959,0.136065799310809,0.158962814387138,0.182946289608253,0.207989478953597,0.234064440832033,0.261145931630148,0.289210350766753,0.318226216730604,0.348160824909853,0.378980394395535,0.410650308127573,0.443154359819866,0.476516705132507,0.510731163397004,0.54577627039016,0.581624158218316,0.618241804039855,0.65559285672771,0.693638398658301,0.732337921244821,0.771649408344648,0.811529342049152,0.851933748120747,0.89281712569092,0.93413308244401,0.975835052351265,1.01787517539958,1.06020510732599,1.10277639003429,1.14553992858689,1.18844599315094,1.23144474133982,1.2744863301991,1.31752058811349,1.36049693487798,1.40336465069629
-1.15244418529951,-1.12336374362465,-1.09405409245898,-1.06455068227679,-1.0348890499649,-1.00510478900893,-0.975233437737542,-0.945310545388383,-0.915371671491893,-0.885452282594826,-0.855587709688914,-0.825813128035375,-0.796163519178524,-0.766673632793519,-0.737377945867917,-0.708310622594817,-0.679505404719321,-0.650995707572981,-0.622814582545966,-0.594994636457683,-0.567568010722054,-0.540566338475578,-0.514020712618549,-0.487961652300683,-0.462419055521118,-0.437422140492741,-0.41299940419288,-0.389178743044528,-0.365987359593026,-0.343451662571692,-0.321597302439362,-0.300449150434036,-0.28003119222451,-0.260366509325045,-0.241477392327083,-0.223385093244314,-0.20610989476102,-0.189671136964967,-0.174087216814522,-0.159375503807481,-0.145552258242428,-0.132632626283249,-0.120630615751656,-0.109558984271051,-0.0994291943064931,-0.0902513186758983,-0.0820338785840738,-0.0747839693184569,-0.0685071619759046,-0.0632074665590692,-0.0585997356341439,-0.0529623824431955,-0.046011969568124,-0.0377537775539242,-0.0281950225124827,-0.0173448017862925,-0.00521387306512477,0.00818504916301646,0.0228375595928801,0.0387276794791813,0.0558379294921044,0.0741493755140984,0.0936416912216791,0.114293172945591,0.136080793866444,0.158980332211428,0.182966450429941,0.208012399553993,0.234090234913264,0.261174710112474,0.289242221969633,0.318261285504208,0.348199192500279,0.379022158326199,0.410695562107066,0.443203195770831,0.476569217639561,0.510787446363648,0.545836415354523,0.581688253647463,0.618309934761707,0.655665103564268,0.693714838142815,0.732418625446458,0.771734444702372,0.811618773206212,0.852027631874403,0.892915514824197,0.934236024627469,0.975942590123851,1.01798734602603,1.06032194274347,1.10289791683983,1.14566616796724,1.18857696081256,1.23158044749654,1.27462677957198,1.31766577989466,1.36064686268559,1.40351930255912
-1.15256824379136,-1.12348467166057,-1.09417186536498,-1.06466527919508,-1.03500045386316,-1.00521298668641,-0.975338419819131,-0.945412306325776,-0.915470209564709,-0.885547599900587,-0.855679812128463,-0.825902025296102,-0.79624922471352,-0.766756163796615,-0.737457323244326,-0.708386870927465,-0.679578552223372,-0.651065786060697,-0.622881627387528,-0.595058686533339,-0.567629108372014,-0.540624529445302,-0.514076046000591,-0.488014180472925,-0.462468834079907,-0.437469228179713,-0.413043862817317,-0.38922063741871,-0.366026757457535,-0.343488634509965,-0.321631921796058,-0.300481493231158,-0.280061337066075,-0.26039453729975,-0.241503386923169,-0.223409140237759,-0.206132082111198,-0.189691554713175,-0.174105956982457,-0.159392660286633,-0.145567926674681,-0.132646903940941,-0.120643601415042,-0.10957077809372,-0.0994398976759479,-0.0902610340639623,-0.082042709379862,-0.0747920196748788,-0.0685145366455884,-0.0632142707263121,-0.0586060437876478,-0.0529680837460217,-0.0460169226718182,-0.0377578416784733,-0.0281980576546746,-0.0173466689222272,-0.0052144343289477,0.00818593026846852,0.0228400180140659,0.0387318484424771,0.0558439403422689,0.0741573575576673,0.093651771577097,0.114305476394943,0.136095442713019,0.158997446151087,0.182986146431004,0.208034791705304,0.234115434295473,0.261202825088504,0.289273358361568,0.318295545744832,0.348236675501396,0.379062959362761,0.41073977272715,0.443250905777746,0.476620519437215,0.510842431690538,0.545895173638307,0.58175087131554,0.618376494686241,0.655735684703854,0.693789515266177,0.732497468961167,0.771817520492539,0.811706142470812,0.852119351078137,0.893011635533149,0.93433659341312,0.976047648544386,1.01809693048702,1.06043608444574,1.10301664176722,1.14578949681802,1.18870490893108,1.23171302486111,1.27476399079484,1.31780762418656,1.36079333381181,1.40367038882445
-1.15268946374066,-1.12360283278089,-1.09428694354691,-1.06477725405805,-1.03510930876457,-1.00531870872755,-0.975440999839391,-0.94551173890381,-0.915566493019494,-0.885640736281657,-0.85576980720164,-0.825988888527128,-0.796332969247667,-0.766836806434308,-0.737534884412453,-0.708461374646479,-0.679650026062851,-0.651134261105018,-0.62294713819758,-0.595121271099762,-0.567688808066247,-0.540681388966118,-0.51413011331727,-0.488065506764911,-0.462517473671465,-0.437515238468428,-0.413087304198232,-0.389261573221156,-0.366065253872147,-0.34352476050518,-0.321665749038361,-0.300513096003116,-0.280090792173192,-0.260421923975358,-0.241528786745241,-0.223432637019662,-0.206153761799734,-0.189711505289437,-0.174124268362622,-0.159409424213891,-0.145583236602563,-0.132660854916128,-0.12065628995763,-0.109582302065716,-0.0994503561450404,-0.0902705271573491,-0.082051338121045,-0.0747998858336785,-0.0685217425778211,-0.0632209192095872,-0.0586122076063153,-0.0529736545991671,-0.0460217624451359,-0.0377618128130925,-0.0282010233507517,-0.0173484933368235,-0.00521498275067319,0.00818679121362944,0.0228424201849053,0.0387359220170613,0.0558498136600991,0.0741651569666584,0.0936616212871368,0.114317498333017,0.136109756384036,0.159014168512184,0.183005391774187,0.208056671508985,0.234140057098703,0.261230296774788,0.289303782331708,0.318329022087881,0.34827330086599,0.379102826843895,0.41078297177822,0.4432975241473,0.476670647414897,0.510896158915805,0.545952587492651,0.581812056248845,0.618441531674495,0.655804650899028,0.693862483726238,0.732574508482712,0.771898695452205,0.811791512667297,0.852208971684198,0.893105556934997,0.934434861116653,0.976150303156907,1.01820400758112,1.06054761450835,1.10313265018765,1.14591000382093,1.18882992950975,1.23184256876554,1.27489806253173,1.31794622298472,1.36093645357918,1.40381801813342
-1.15280793098605,-1.12371831065825,-1.09439940849428,-1.06488668615769,-1.03521569175179,-1.00542202999656,-0.975541250437607,-0.945608913532989,-0.915660590036789,-0.885731757690057,-0.855857758636038,-0.826073779238312,-0.796414812082405,-0.766915617811512,-0.737610684295152,-0.708534186509659,-0.679719876850035,-0.651201181194706,-0.623011161365841,-0.595182434474531,-0.567747152079487,-0.540736957301564,-0.514182952854904,-0.488115667521973,-0.462565008738608,-0.437560203939833,-0.413129759097471,-0.389301579439455,-0.366102876097061,-0.343560066138989,-0.321698808120122,-0.300543981128564,-0.280119578403701,-0.260448688745008,-0.241553609779501,-0.223455600228637,-0.206174949178518,-0.189731002821217,-0.174142163921728,-0.159425807460178,-0.145598198867387,-0.132674489087818,-0.12066869036447,-0.10959356434743,-0.099460577119654,-0.0902798046783372,-0.0820597709178336,-0.0748075733650643,-0.0685287848752901,-0.0632274167168394,-0.0586182314548887,-0.0529790989474815,-0.0460264923152325,-0.0377656937698339,-0.028203921700792,-0.0173502763219918,-0.00521551871865128,0.00818763260815431,0.022844767806431,0.0387399030875261,0.0558555536046274,0.074172779264013,0.0936712473266056,0.114329247272826,0.136123745015334,0.159030511136208,0.18302420008756,0.20807805445863,0.234164120758929,0.261257144624661,0.289333515423971,0.318361738238729,0.348309094529329,0.379141789000686,0.410825189850521,0.443343083891037,0.476719637069385,0.510948666084937,0.546008697573633,0.581871851773842,0.618505091780665,0.655872050986348,0.693933795193649,0.732649798564558,0.771978027063234,0.811874944248281,0.852296557155004,0.893197345537658,0.934530897323698,0.976250626653516,1.01830865313209,1.06065661190831,1.10324602424934,1.14602777430977,1.18895211107853,1.23196917094286,1.27502908972195,1.31808167443416,1.36107632333412,1.40396229502574
-1.1529237281497,-1.12383118582992,-1.09450933864309,-1.06499365181481,-1.03531967701911,-1.0055230225524,-0.97563924153117,-0.945703897985444,-0.915752566242315,-0.8858207276065,-0.85594372777129,-0.826156756634659,-0.796494810297068,-0.766992652893346,-0.737684775757244,-0.708605357297907,-0.679788153300691,-0.651266593001582,-0.623073741543744,-0.595242219314585,-0.567804181102375,-0.540791273206455,-0.51423460146517,-0.488164697727537,-0.462611472433535,-0.437604155954024,-0.41317125712419,-0.389340683974992,-0.366139650371003,-0.343594576034465,-0.32173112209761,-0.300574170147594,-0.280147715833875,-0.260474850275148,-0.241577873338182,-0.223478045879827,-0.206195659024182,-0.189750060906603,-0.174159656140607,-0.159441821451599,-0.145612823904228,-0.132687815964839,-0.120680811283931,-0.109604572793473,-0.0994705677281637,-0.0902888730973129,-0.0820680136514815,-0.074815087630522,-0.0685356684494776,-0.0632337677796002,-0.0586241195345575,-0.0529844205879959,-0.046031115580843,-0.0377694872553785,-0.0282067547261807,-0.0173520191212323,-0.00521604260668011,0.00818845503885382,0.0228470625159356,0.0387437944303744,0.0558611641790412,0.0741802297657209,0.0936806564089552,0.114340731408388,0.136137418362953,0.159046485420933,0.183042584488534,0.208098955467269,0.234187642058778,0.261283387362517,0.289362578374992,0.318393717014474,0.348344081454848,0.379179873006362,0.410866456388045,0.443387616783516,0.476767522567346,0.510999989817809,0.54606354301389,0.581930299593494,0.618567219333231,0.6559379319724,0.694003499402898,0.732723391715977,0.772055570653568,0.811956495401125,0.852382168574961,0.893287065356903,0.934624769012419,0.976348689002443,1.01841094012247,1.06076315266325,1.10335684302234,1.14614289042076,1.18907153885004,1.23209291968874,1.27515716374729,1.31821407300226,1.36121304062545,1.40410332012391
